{
  "validation_fit_only": true,
  "methods": {
    "raw": {
      "fit": {},
      "val_metrics": {
        "ece": 0.06939118242429625,
        "brier": 0.1514270357339559,
        "nll": 0.4676652215462011
      },
      "test_metrics": {
        "ece": 0.059848468252627955,
        "brier": 0.1694828228147215,
        "nll": 0.5207308796385559
      }
    },
    "temperature_scaling": {
      "fit": {
        "temperature": 0.8829464727710729
      },
      "val_metrics": {
        "ece": 0.06696942617815052,
        "brier": 0.1514575948779535,
        "nll": 0.46553052821165036
      },
      "test_metrics": {
        "ece": 0.07047710948174653,
        "brier": 0.1703858972665858,
        "nll": 0.5255283003407385
      }
    },
    "platt_scaling": {
      "fit": {
        "coef": 1.4563942491817634,
        "intercept": 0.5817444014971648
      },
      "val_metrics": {
        "ece": 0.04107970581193595,
        "brier": 0.1472023964704726,
        "nll": 0.45289611201410085
      },
      "test_metrics": {
        "ece": 0.07343065161080854,
        "brier": 0.16521549690300666,
        "nll": 0.5247509297325935
      }
    },
    "isotonic_regression": {
      "fit": {
        "num_thresholds": 22
      },
      "val_metrics": {
        "ece": 1.7520130787274066e-17,
        "brier": 0.13752841405840183,
        "nll": 0.4152675151833711
      },
      "test_metrics": {
        "ece": 0.0937164366430295,
        "brier": 0.17149783505890015,
        "nll": 1.0993305047473823
      }
    }
  }
}