example_id,dataset_name,question,context,served_answer,ground_truth_answer,ground_truth_label,judge_binary_label,judge_label,mean_token_nll,mean_token_logprob,sum_token_logprob,num_scored_tokens,mean_next_token_entropy,self_consistency_score,self_consistency_disagreement,semantic_entropy,normalized_semantic_entropy,num_semantic_clusters,groundedness_score,discrete_groundedness_score,entailed_fraction,contradicted_fraction,neutral_fraction,mean_entailment,mean_contradiction,mean_neutral,raw_logit,raw_risk,calibrated_risk,frozen_risk_threshold,classification_threshold_for_metrics,keep_decision
Q2490_1175,wikiqa,where was kirk warner's parents born,"Kurtis Eugene Warner (born June 22, 1971) is an American former professional football quarterback who played in the National Football League (NFL) for 12 seasons, primarily with the St. Louis Rams and Arizona Cardinals. His career, which saw him ascend from an undrafted free agent to a two-time Most Valuable Player and Super Bowl MVP, is widely regarded as one of the greatest Cinderella stories in NFL history.
After playing college football for the Northern Iowa Panthers from 1990 to 1993, Warner spent four years without being named to an NFL roster. He was signed by the Green Bay Packers in 1994, but released before the regular season and instead played three seasons for the Iowa Barnstormers of the Arena Football League (AFL). Warner landed his first NFL roster spot in 1998 with the Rams, holding a backup position until he was thrust into becoming St. Louis's starter the following season. During his first season as an NFL starting quarterback, Warner led The Greatest Show on Turf offense to the Rams' first Super Bowl title in Super Bowl XXXIV, earning him league and Super Bowl MVP honors. He won his second league MVP award two years later en route to an appearance in Super Bowl XXXVI. Released from St. Louis in 2004 amid a performance decline, Warner spent one season with the New York Giants before revitalizing his career in Arizona. His most successful season with the Cardinals was in 2008 when he led them to the franchise's first Super Bowl appearance in Super Bowl XLIII.
Considered the NFL's greatest undrafted player, Warner is the only undrafted player to be named NFL MVP and Super Bowl MVP and the only undrafted quarterback to lead his team to a Super Bowl victory. He was also the first quarterback to win a Super Bowl during his first season as the primary starter. Warner was inducted to the Pro Football Hall of Fame in 2017. He is the only player inducted to both the Pro Football Hall of Fame and the Arena Football Hall of Fame.


== Early life ==
Kurtis Eugene Warner was born on June 22, 1971, in Burlington, Iowa. Warner played high school football at Regis High School in Cedar Rapids, Iowa, graduating in 1989.


== College career ==
After high school, he attended the University of Northern Iowa, graduating in 1993. At UNI, Warner was third on the Panthers' depth chart until his senior year. When Warner was finally given the chance to start, he was named the Gateway Conference's Offensive Player of the Year and first-team all-conference.


== Professional career ==


=== Green Bay Packers ===
Following his college career, Warner went undrafted in the 1994 NFL draft. He was invited to try out for the Green Bay Packers' training camp in 1994, but was released before the regular season began. Warner was competing for a spot against Brett Favre, Mark Brunell, and former Heisman Trophy winner Ty Detmer. While Warner was with the Packers, the head coach was Mike Holmgren, the quarterback coach was Steve Mariucci, and Andy Reid was the offensive assistant.
In 1994, after his release, Warner stocked shelves and faced products at a Hy-Vee grocery store in Cedar Falls for $5.50 an hour. He worked the night shift from 9:30 -10 p.m. to 4:00 - 5 a.m. so he could work out and train for football during the day. Warner often cites this starting point when telling of his rise to NFL stardom in 1999. He also mentions that his deepened dedication to Christianity occurred around 1997. Warner returned to Northern Iowa and worked as a graduate assistant coach with the football team, while still hoping to get another tryout with an NFL team.


=== Iowa Barnstormers ===
With no NFL teams willing to give him a chance, Warner turned to the Arena Football League (AFL) in 1995 and signed with the Iowa Barnstormers. He was named to the AFL's First-team All-Arena in both 1996 and 1997 after he led the Barnstormers to ArenaBowl appearances in both seasons. Warner's performance was so impressive that he was later named twelfth out of the 20 Best Arena Football Players of all time.
Before the 1997 NFL season, Warner requested and got a tryout with the Chicago Bears, but an injury to his throwing elbow caused by an unknown insect bite sustained during his honeymoon prevented him from attending.
In 2000, after Warner's breakout NFL season, the AFL used his new fame for the name of its first widely available video game, Kurt Warner's Arena Football Unleashed. Years later, on August 12, 2011, he would be inducted into the Arena Football Hall of Fame.


=== St. Louis Rams ===


==== Amsterdam Admirals ====
In December 1997 after the St. Louis Rams' season ended, Warner signed a future contract with the team. In February 1998, he was allocated to NFL Europe to play for the Amsterdam Admirals, where he led the league in touchdowns and passing yards. His backup at the time was future Carolina Panthers quarterback Jake Delhomme. Returning to the United States, Warner spent the 1998 season as St. Louis's third-string quarterback behind Tony Banks and Steve Bono, beating out former Virginia Tech quarterback Will Furrer. He ended his season completing only 4 of 11 pass attempts for 39 yards and a 47.2 quarterback rating.


==== 1999 season ====

Prior to the 1999 free-agency period, the Rams chose Warner to be one of the team's five unprotected players in the 1999 NFL expansion draft. Warner went unselected by the Cleveland Browns, who chose no Rams and whose only quarterback selection was Scott Milanovich. Warner and the Rams had feared his being selected by the Browns upon learning the Browns hired John Hufnagel for their coaching staff, as Hufnagel had been a rival coach from Warner's Arena League days.
The Rams let Bono leave in free agency and signed Trent Green to be the starter. Banks was traded to the Ravens, and Warner now found himself second on the depth chart. After Green suffered a torn ACL via a low hit by Rodney Harrison in a preseason game, Rams coach Dick Vermeil named Warner as the Rams' starter. In an emotional press conference, Vermeil—who had not seen Warner work with the first-string offense—said, ""We will rally around Kurt Warner, and we'll play good football."" With the support of running back Marshall Faulk and wide receivers Isaac Bruce, Torry Holt, Az-Zahir Hakim, and Ricky Proehl, Warner put together one of the top seasons by a quarterback in NFL history, throwing for 4,353 yards with 41 touchdown passes and a completion rate of 65.1%. The Rams' high-powered offense, run by offensive coordinator Mike Martz, was nicknamed ""The Greatest Show on Turf"" and registered the first in a string of three consecutive 500-point seasons, an NFL record.
Warner threw three touchdown passes in each of his first three NFL starts, an NFL record until it was surpassed by Patrick Mahomes in 2018. Warner drew more attention in the Rams' fourth game of the season, a home game against the San Francisco 49ers (who had been NFC West division champions for 12 of the previous 13 seasons). The Rams lost their last 17 meetings with the 49ers, but Warner proceeded to throw a touchdown pass on each of the Rams' first three possessions of the game, and four touchdowns in the first half alone, to propel the Rams to a 28–10 halftime lead on the way to a 42–20 victory. Warner finished the game with five touchdown passes, giving him 14 in four games and the Rams a 4–0 record. Warner's breakout season from a career in anonymity was so unexpected that Sports Illustrated featured him on their October 18 cover with the caption ""Who Is This Guy?"" He was named the 1999 NFL MVP at the season's end for leading the Rams to their first playoff berth since 1989 (when they were still in Los Angeles) and their first division title since 1985.

In the playoffs, Warner and the Rams defeated the Minnesota Vikings 49–37 in the Divisional Round and the Tampa Bay Buccaneers 11–6 in the NFC Championship Game before ultimately winning Super Bowl XXXIV against the Tennessee Titans 23–16. In the game, he threw for two touchdowns and a then Super Bowl-record 414 passing yards, including a 73-yard touchdown to Isaac Bruce when the game was tied with just over two minutes to play, which proved to be the game-winning score. Warner also set a Super Bowl record by attempting 45 passes without a single interception. For his performance, Warner was awarded the Super Bowl MVP award. Warner was the last player to win both the NFL MVP and Super Bowl MVP in the same year until Patrick Mahomes did so in Super Bowl LVII in the 2022 NFL season.


==== 2000 season ====

On July 21, Warner signed a seven-year contract worth $47 million. He started the 2000 season where he had left off in his record-setting 1999 season, racking up 300 or more passing yards in each of his first six games (tying Steve Young's record) and posting 19 touchdown passes in that stretch. Warner broke his hand and missed the middle of the season, but Trent Green filled in ably and the Warner/Green duo led the Rams to the highest team passing yard total in NFL history, with 5,232 net yards. Warner and Green's combined gross passing yards total was 5,492. In contrast to his previous season, however, Warner's turnover rate drastically increased in 2000, as he threw an interception in 5.2% of his attempts (compared to just 2.6% in 1999). Despite one of the most productive offensive years by an NFL team, the Rams won only ten games and lost in the wild card round to the New Orleans Saints 31–28. In response to the disappointing season, the Rams cut nine of their eleven defensive starters during the offseason, and Trent Green was traded to the Kansas City Chiefs.


==== 2001 season ====

Warner returned to MVP form in 2001. Although his performance lagged behind his 1999 performance, he amassed a league-high 36 touchdown passes and 4,830 passing yards, and another league high mark in passer rating (101.4). Warner's tendency for turnovers carried over from 2000, as he tossed a career-high 22 interceptions (despite completing a career-high 68.7% of his passes), but he still led ""The Greatest Show on Turf"" to its third consecutive 6–0 start (becoming the first NFL team to do so, later equaled by the 2005–2007 Indianapolis Colts), an NFL-best 14–2 record, and an appearance in Super Bowl XXXVI. Warner was also named the NFL MVP for the second time in three seasons, giving the Rams their third winner in as many years (running back Marshall Faulk won in 2000).
In Super Bowl XXXVI, Warner threw for 365 yards (then the second-highest, now the sixth-highest total in Super Bowl history) and a passing touchdown along with a rushing touchdown, but his rhythm was disrupted by New England Patriots head coach Bill Belichick's defensive game plan and he tossed two costly interceptions which helped stake the heavy-underdog Patriots to a two-touchdown lead. After falling behind to the Patriots 17–3, though, the Rams rallied to tie the game late in the fourth quarter on a one-yard Warner quarterback sneak touchdown run and a 26-yard touchdown pass from Warner to Ricky Proehl. The game ended in a 20–17 loss for Warner and the Rams when Patriots kicker Adam Vinatieri kicked a game-winning field goal as time expired, giving the Patriots the first of three Super Bowl wins in four years.


==== 2002–2003 seasons ====

Warner began the 2002 season as the Rams' starter, but he played poorly, throwing seven interceptions against only one touchdown as the team went 0–3. In the Rams' week 4 game against the Dallas Cowboys, Warner broke a finger on his throwing hand. Warner attempted to come back later in the season, but his injury allowed him to play only two more games (both losses). In contrast to his 103.0 career passer rating entering the season, Warner posted a minuscule 67.4 rating in 2002.
The following season, Warner was replaced as the Rams' starting quarterback for good after fumbling six times in the team's opening-day game against the New York Giants. Warner later revealed that he had previously broken his hand and that it had not fully healed, making it more difficult to grip the football. His successor as the Rams' starting quarterback, Marc Bulger (another relatively unheralded quarterback coming out of college), stepped into the breach and played reasonably well upon replacing Warner.
The Rams signed veteran Chris Chandler as Bulger's backup. The Rams released Warner on June 1, 2004, with three years left on his contract.


=== New York Giants ===
Two days after his release from the Rams, he signed a one-year, $3 million deal with the New York Giants, with a second year player option worth $6 million. Warner started the 2004 season as the Giants' starting quarterback, winning five of his first seven games, but following a two-game losing streak, highly touted rookie quarterback Eli Manning was given the starting job in a decision made by Tom Coughlin not based on Warner's play. The Giants had a 5–4 win–loss record at the time of Warner's benching. Warner made a spot appearance at the end of a Giants blowout loss against the Baltimore Ravens, and it was Warner who advised Coughlin to go to the media and say that Manning was still the starter for the team. It was the last appearance for Warner as a Giant. Ultimately, New York finished at 6–10 (going only 1–6 under Manning). Following the season, Warner chose to void the second year of his contract, and thus became a free agent.


=== Arizona Cardinals ===


==== 2005 season ====

In early 2005, Warner signed a one-year, $4-million contract with the Arizona Cardinals, and was quickly named the starter by coach Dennis Green. Warner posted three relatively mediocre performances before injuring his groin and being replaced by former starter Josh McCown. McCown performed well enough in the two games Warner missed that McCown remained the starter.
After McCown struggled in two straight games, Green re-inserted Warner into the starting line-up. After playing fairly well in two consecutive losses (passing for a total of nearly 700 yards), Warner defeated his former team, the St. Louis Rams, by a score of 38–28. He passed for 285 yards and three touchdowns while posting a quarterback rating of 115.9. Warner's season ended in week 15 when he partially tore his MCL.
Warner signed a new three-year extension with the Cardinals on February 14, 2006. The deal had a base salary of $18 million and, with performance incentives, could have been worth as much as $24 million.


==== 2006 season ====

In week 1 of the 2006 NFL season, Warner won the NFC Offensive Player of the Week award, throwing for 301 yards and three touchdowns in a win over the San Francisco 49ers. Two weeks later, Warner passed the 20,000-yard passing milestone in his 76th game, the second-quickest of any player in NFL history (Warner accomplished the feat in one game more than it took record-holder Dan Marino).
After three subpar games in Weeks 2–4, Warner was replaced as quarterback by rookie Matt Leinart in the fourth quarter of week 4. Head coach Dennis Green stated that Warner would be the backup quarterback for the remainder of the season. In week 16, Leinart went down with a shoulder injury against the 49ers, forcing Warner to see his first action since week 4. Warner filled in nicely, as he was able to hang on for the Cardinals win. In week 17 against the San Diego Chargers, Warner started again in place of the injured Leinart, throwing for 365 yards (which led the NFL for that week) and a touchdown, though the Chargers were able to hold on for a 27–20 win.


==== 2007 season ====

Leinart was given the starting quarterback job at the start of the 2007 season. However, in the third game of the season, against the Baltimore Ravens, Warner came off the bench to relieve an ineffective Leinart during the 4th quarter with the Ravens leading 23–6 at the beginning of the quarter. Warner led a furious comeback, as he completed 15 of 20 passes for 258 yards and 2 touchdowns. This brought Arizona to a tie game (23–23), though Arizona would go on to lose the game 26–23 after Baltimore kicked a last-second field goal.
On September 30, 2007, during the week four game against the Pittsburgh Steelers, Warner relieved Leinart again, following another ineffective start. Warner finished with 14 completed of 21 attempts for 132 yards with one touchdown pass and no interceptions, while Leinart re-entered the game in the 4th quarter and led the Cardinals to their final touchdown. After Leinart was placed on injured reserve, Warner was named starter for the remainder of the 2007 season.
Warner passed for a career-high 484 yards against the San Francisco 49ers in a 37–31 loss on November 25, but had a fumble in the end zone in overtime that was recovered by Tully Banta-Cain, and the Cardinals lost. However, the following week Warner improved; and the Cardinals earned a victory over the Cleveland Browns that brought the Cardinals to 6–6 and kept them in the chase for the NFC Wild Card playoff spot. Warner finished the 2007 season with 27 passing touchdowns, just one shy of the Cardinals franchise record.


==== 2008 season ====

Leinart was named the Cardinals' starting quarterback going into the 2008 off-season, but Ken Whisenhunt stated that it would be very possible for Warner to be the starter before week one of the regular season. Indeed, Warner was named the starter on August 30, 2008. That season, Warner had 4,583 passing yards, 30 touchdowns, and a completion percentage of 67.1%. He was the top ranked passer in the National Football Conference for the third time, and only trailed Philip Rivers and Chad Pennington of the AFC in NFL passer rating for the season. Warner also received FedEx Air Player of the Week honors for his performance during weeks 9 and 11 of the season. He had his struggles during the season, as in week 3 of the season versus the New York Jets, his team turned the ball over 7 times. This included an interception for a touchdown, and two interceptions resulting in a touchdown and a field goal in just the second quarter. Warner still managed to get his team to score 35 points in a 56–35 loss.
On December 7, 2008, Warner led the Cardinals to a 34–10 win over his former team, the St. Louis Rams, securing for the Cardinals the NFC West Division title and their first playoff berth since 1998. It was the Cardinals' first division title since 1975 (when they were in St. Louis) and third of the post-merger era. As a result, the Cardinals earned a home playoff game, only their second ever, and their first in Arizona. (Despite winning division titles in the 1974 and 1975 seasons in St. Louis, the Cardinals played on the road in the playoffs as a result of the playoff structure in those days.) On December 16, 2008, Warner was named the starting quarterback for the NFC team in the 2009 Pro Bowl.


===== 2008 postseason =====

On January 3, 2009, Warner led the Cardinals in their victory over the Atlanta Falcons 30–24 at home in the first round of the playoffs. During the game Warner went 19 for 32 passing, a completion percentage of 59.4%, for 271 yards. He threw two touchdowns and one interception.
On January 10, Warner helped the Cardinals defeat the Carolina Panthers 33–13 in Charlotte, North Carolina in the second round of the playoffs. During the game Warner went 21 for 32 passing, for 220 yards, a completion percentage of 65.6%, with two touchdowns and one interception. This win was the first time the Cardinals had won a game on the East Coast the entire 2008 season, after having lost away games to the Panthers, Washington Redskins, Philadelphia Eagles, New York Jets, and the New England Patriots.
On January 18, Warner threw for 279 yards, four touchdowns, and no interceptions against the Philadelphia Eagles to lead the Cardinals to their first Super Bowl appearance in history. Warner became the second quarterback to start a Super Bowl with multiple teams and first since Craig Morton (Warner has since been joined by Peyton Manning and Tom Brady).
In Warner's third career Super Bowl appearance on February 1, the Cardinals lost Super Bowl XLIII 27–23 to the Pittsburgh Steelers, leaving him with a career 1–2 record in Super Bowls. Despite losing, Warner still managed to throw for 377 yards (the fourth-highest total in Super Bowl history as of 2023). He completed 72.1% of his passes, and had a quarterback rating of 112.3. Warner had thus recorded the three highest single-game passing yardage totals in Super Bowl history up to that point, and joined Roger Staubach, Terry Bradshaw, Joe Montana, John Elway, Tom Brady, and Patrick Mahomes as the only quarterbacks to throw a touchdown pass in three Super Bowls. Warner took his team to the Super Bowl every year that he played as the starting quarterback during all regular and post season games.


==== 2009 season ====

Warner announced his desire to return to the Cardinals for the 2009 season. The Cardinals offered him a two-year contract worth around $20 million but Warner was looking for a contract that would pay him about $14 million a year and the two sides could not come to an agreement. On February 27, 2009, Warner became a free agent and went on to have talks with the San Francisco 49ers. The 49ers offered Warner a contract worth more than that offered by the Cardinals. On March 4, Warner re-signed with the Cardinals to a two-year deal worth $23 million total, $4 million for each of the next two years, with a $15 million signing bonus, and $19 million guaranteed. Warner underwent arthroscopic hip surgery to repair a torn labrum on March 17, 2009. On September 20, 2009, Warner broke the NFL's single-game record for completion percentage in the regular season, completing 24 of 26 passing for 243 yards and two touchdowns in a 31–17 win against the Jacksonville Jaguars. Warner's 92.3% completion rate broke the previous NFL record set by Vinny Testaverde in 1993.
On November 1, 2009, Warner threw a career-high-equaling five interceptions during a loss to the Carolina Panthers. During the same game Warner became the first quarterback in the NFL to throw for over 14,000 yards with two teams. On November 8, Warner equaled his career-high of five touchdown passes in a single game during a 41–21 victory over the Chicago Bears. This performance led to Warner being named both the NFC Offensive Player of the Week and the FedEx Air NFL Player of the Week. On November 15, 2009, Warner reached a career milestone with his 200th touchdown pass during a 31–20 win against the Seattle Seahawks.
On November 22, 2009, during a 21–13 victory over the St. Louis Rams, Warner left the game after suffering a concussion. Warner continued to suffer from post-concussion symptoms and on November 29, 2009, he was deactivated against the Tennessee Titans, breaking his consecutive starts streak at 41 games. On December 6, 2009, Warner returned to action as the Cardinals defeated the Minnesota Vikings 30–17. Warner registered his fourth consecutive game with a passer rating of 120 or better, making him only the second quarterback in NFL history to accomplish the feat. After his three-touchdown performance, Warner was named both the NFC Offensive Player of the Week and the FedEx Air NFL Player of the Week.
On December 27, 2009, Warner became only the second quarterback in NFL history to throw 100 touchdown passes with two teams (Hall of Famer Fran Tarkenton is the other), in the Cardinals' 31–10 win over the St. Louis Rams. On December 29, 2009, Warner was named an alternate quarterback for the NFC team in the 2010 Pro Bowl.


===== 2009 postseason =====
On January 10, 2010, Warner threw five touchdowns and completed 29 of 33 passes for 379 yards in a 51–45 victory over the Green Bay Packers. The game had the highest combined total score in NFL playoff history. Warner became one of the very few quarterbacks in NFL history to throw more touchdowns (5) than incompletions (4) in a playoff game. Warner finished the game with the second highest quarterback rating in NFL playoff history with a rating of 154.1. He also became the second quarterback to throw for five touchdown passes in a playoff game twice, and the first to do so since the merger of the leagues. He is also the oldest player to have thrown that many touchdown passes in a playoff game (38 years, 202 days). Warner also tied the NFL record for consecutive playoff games with at least three touchdown passes (three games). Since the playoff game was his last at home in the playoffs during his career, he finished a perfect 7–0 in home contests (4–0 with St. Louis; 3–0 with Arizona).

On January 16, Warner was injured in the first half trying to tackle the ball carrier after an interception on the way to a 45–14 loss to the New Orleans Saints in the NFC Divisional Round. He returned for the second half, but yielded to understudy Matt Leinart midway through the fourth quarter. In 2012, the NFL discovered the Saints had placed a bounty on Warner. Warner never accused the Saints of making an illegal hit or ending his career, saying ""It was a violent hit, no question. But I also believe it was a legal hit.""


=== Retirement ===
Warner officially announced his retirement from the NFL in January 2010. He said he was looking forward to finally being a true father to his seven kids, and that he wanted to spend time with his wife. He spoke on the impact and influence of his family, former teammates, and God. He became eligible for induction into the Hall of Fame following the 2014 season. In December 2014, Warner admitted he briefly considered coming out of retirement and returning to the Cardinals following the team losing Carson Palmer and Drew Stanton due to injuries.


== Career statistics ==


=== College ===


=== AFL ===


=== NFL Europe ===


=== NFL ===


==== Regular season ====


==== Postseason ====


==== Super Bowl ====


== Career highlights ==


=== Awards and honors ===
NFL

Super Bowl champion (XXXIV)
3× NFC champion (1999, 2001, 2008)
Super Bowl MVP (XXXIV)
2× NFL Most Valuable Player (1999, 2001)
Walter Payton NFL Man of the Year (2008)
2× First-team All-Pro (1999, 2001)
4× Pro Bowl (1999–2001, 2008)
2× NFL passing touchdowns leader (1999, 2001)
3× NFL completion percentage leader (1999–2001)
2× NFL passer rating leader (1999, 2001)
NFL passing yards leader (2001)
The Sporting News Athlete of the Year (2000)
2× NFC Offensive Player of the Month (October 1999, September 2000)
9× NFC Offensive Player of the Week (Week 3, 1999; Week 5, 2000; Week 3, 2001; Week 12, 2001; Week 11, 2005; Week 1, 2006; Week 2, 2008; Week 9, 2009; Week 13, 2009)
2× Pro Football Weekly NFL Offensive Player of the Week (Week 5, 2000; Week 9, 2009)
AFL

2× First-team All-Arena (1996, 1997)
Arena Football Hall of Fame
Iowa Barnstormers No. 13 retired
Iowa Barnstormers Hall of Fame
College

Gateway Conference Offensive Player of the Year (1993)
First-team All-Gateway (1993)


=== NFL records ===
First quarterback to throw 400+ yards in a Super Bowl game – 414 yards against Tennessee in Super Bowl XXXIV
Was the most passing yards in a Super Bowl game until surpassed by Tom Brady in Super Bowl LI
Most touchdown passes in a single postseason – 11 touchdowns (in 2009, tied with Joe Montana in 1990, Joe Flacco in 2013, and Patrick Mahomes in 2021)
Career passing yards per game, playoffs: 304.0
Highest rate of games with 300+ yards passing (min. 100 games played) – 41.9% (52/124)
First quarterback to throw 40 touchdowns and win a Super Bowl in the same season (in 1999; Tom Brady accomplished the same feat in 2020 when he threw 40 touchdowns and won Super Bowl LV.)
Most yards passing in the first five games of a season – 1947 yards (2000)
Most yards passing in the first six games of a season – 2260 yards (2000)
Highest average passing yards per game on Monday Night Football – 329.4 yards (min 7 games)
Most wins in the NFC Championship Game without a loss (3–0; 1999, 2001, 2008).
Warner shares several records:

One of four quarterbacks to throw 100 touchdown passes with two teams (Fran Tarkenton, Peyton Manning, and Tom Brady)
One of two quarterbacks tied to throw five touchdown passes in two playoff games – (following Daryle Lamonica)
One of two quarterbacks to complete 80% of his passes in two playoff games (tied with Peyton Manning)
One of two quarterbacks with four consecutive games with a passer rating over 120 (in 2009, tied with Johnny Unitas)
One of four quarterbacks to make Super Bowl starts with two teams (with Craig Morton – Dallas Cowboys (in 1970) and Denver Broncos (in 1977), Peyton Manning – Indianapolis Colts (in 2006 and 2009) and Denver Broncos (in 2013 and 2015), and Tom Brady – New England Patriots (in 2002, 2004–2005, 2008, 2012, 2015, and 2017–2019) and Tampa Bay Buccaneers (in 2021))
One of five quarterbacks to win a Conference championship with two teams (with Craig Morton and Earl Morrall and Peyton Manning and Tom Brady)


==== Rams franchise records ====
Most touchdown passes in a single season (41, 1999) (tied with Matthew Stafford, 2021)
Single season leader in passer rating (109.2, 1999)


==== Cardinals franchise records ====
Most pass completions in a single game – 40 (September 28, 2008)
Highest pass completion percentage with at least 11 passes – 92.3% (September 20, 2009)
Fourth Cardinal to post a perfect passer rating
Most passes completed in a single season – 401 (2008)
Most passes attempted in a single season – 598 (2008)


== Post-retirement career ==
Warner became an Iowa Barnstormers broadcaster for the 2011 Arena Football League season. In May 2010, he was inducted into the Arena Football Hall of Fame. He is also a member of the Iowa Barnstormers Hall of Fame.
Warner was inducted into the St. Louis Sports Hall of Fame in 2014.
Warner was selected for induction in the Pro Football Hall of Fame class of 2017. He was inducted on August 5, 2017, alongside Morten Andersen, Terrell Davis, Kenny Easley, Jerry Jones, Jason Taylor, and LaDainian Tomlinson. Warner is the only person inducted into both the Pro Football Hall of Fame and the Arena Football Hall of Fame.
From 2015 to 2018, Warner was a coach at Desert Mountain High School in Scottsdale, Arizona. Notably, Kedon Slovis played under Warner before being recruited by the USC Trojans for the 2019 college football season.
Since 2019, Warner has been the quarterbacks coach at Brophy College Preparatory.


== Broadcasting ==
In 2010, Warner joined NFL Network as an analyst. He can be seen regularly on NFL Total Access, as well as in-studio on NFL Network's Thursday Night Football pregame show, Thursday Night Kickoff Presented by Sears. Warner also served as an analyst for the NFL Network's coverage of the 2010 Arena Football League playoffs. Warner tested positive for COVID-19 in January 2021, and was unable to serve on the studio panel for NFL GameDay Morning for the wild card playoff round.
In August 2010, Fox Sports announced that Warner would be serving as a color analyst on the network's NFL coverage in the 2010 season. He teamed with play-by-play announcers Chris Rose or Chris Myers to call regional games.
In 2014, Westwood One radio hired Warner as a substitute analyst on Monday Night Football games when regular analyst Boomer Esiason is unavailable. In 2018, Warner became the full-time radio analyst.


== Personal life ==


=== Childhood ===
Kurt Warner was born to Gene and Sue Warner. Warner's parents divorced when he was six. Kurt and his brother, Matt, lived with their mother, including through another short marriage and divorce.
Kurt's father, Gene Warner, remarried a year after divorcing Kurt's mother. Warner's stepmother, Mimi Warner, also had a son named Matt (Post). The three boys formed a close relationship soon thereafter. Kurt graduated in 1989 from Regis High School, Cedar Rapids, Iowa, where he was quarterback of the school's Class 3A football team.


=== College ===
Warner graduated from University of Northern Iowa with a degree in communications.


=== Marriage ===
During college, Warner met his future wife, Brenda Carney Meoni; they married on October 11, 1997. Brenda is a former United States Marine Corps corporal. She was divorced with two children, one of whom was left brain damaged and blind after being accidentally dropped by Brenda's ex-husband, leading to her hardship discharge from the Marines in 1990.
After Warner was cut from the Packers' training camp in 1994, he got a job working the night shift as a night stock clerk at a local Hy-Vee grocery store, in addition to his work as an assistant coach at Northern Iowa. While Warner was working as an assistant coach, the couple were living in Warner's parents' basement in Cedar Falls. Brenda's parents were killed in 1996 when their Mountain View, Arkansas, home was destroyed by a tornado. Warner and Brenda married on October 11, 1997, at the St. John American Lutheran Church, the same place where the service for Brenda's parents was held. Warner was still hoping to get an NFL tryout, but with that possibility appearing dim and the long hours at Hy-Vee for minimum wage taking their toll, Warner began his Arena League career.
After marrying Brenda, Warner officially adopted her two children from her first marriage; they have since had five children together. His son E. J. is the starting quarterback for the Fresno State Bulldogs. Another son, Kade, played wide receiver for the Kansas State Wildcats and signed with the Tampa Bay Buccaneers in April 2023.


=== Christian faith and testimony ===
Kurt and Brenda Warner are devout evangelical Christians. His faith first emerged on the national stage following the Rams' Super Bowl victory, where he was named the game's MVP:

Mike Tirico from ABC: ""Kurt, first things first — tell me about the final touchdown pass to Isaac.""
Kurt Warner: ""Well, first things first, I've got to thank my Lord and Savior up above — thank you, Jesus!""
Nine years later, upon leading the Cardinals to the franchise's first-ever Super Bowl, Warner's response was similar:

Terry Bradshaw from Fox: ""You're not going to like this, but you're the third oldest quarterback to ever play in the Super Bowl. How does that make you feel?""
Kurt Warner: ""Everybody's going to be tired of hearing this, but I never get tired of saying it. There's one reason that I'm standing up on this stage today.  That's because of my Lord up above. I've got to say thanks to Jesus; you knew I was going to do it, but I've got to do it. And secondly, I've gotta say thanks to you guys (motioning to the Arizona fans); when nobody else believed in us, when nobody else believed in me, you guys did.  And we're going to the Super Bowl!""
Warner has usually attended charismatic churches, and believes that God healed him from a concussion he suffered in 2000. However, he eschews the term ""charismatic"". In 2001, he told Charisma, ""I'm just a Christian.""


== Media appearances ==


=== Television ===
On January 27, 2009, Warner made a special appearance on the NBC reality show The Biggest Loser.
Warner made a guest appearance on Disney's The Suite Life on Deck as himself, in the episode ""Any Given Fantasy"" which aired on January 18, 2010.
On February 9, 2010, Warner was a surprise guest on the final episode of The Jay Leno Show.
On August 30, 2010, it was announced on live television that Warner would be appearing as a contestant on Dancing with the Stars. His professional dance partner was Anna Trebunskaya; the couple was eliminated in week 8, the Instant Choreography Week.
Warner appeared as the host of The Moment, a reality series on USA Network, in 2013.


=== Film ===
In 2003, GoodTimes Entertainment released the direct-to-home video Kurt Warner's Good Sports Gang, a film featuring Warner as the ""coach"" of a group of animated sports balls. The series was sponsored by Warner, and focused on religious faith and moral values. A portion of the proceeds went to Warner's First Things First Foundation. Although it was originally planned as a series, Episode 1: Elliot the Invincible, was the only release along with Together, We're Better (Episode 2) and a few shorts featuring Warner and his adopted daughter, Jesse Warner.
In February 2020, it was announced that the Erwin Brothers were creating and releasing a theatrical film about Warner's life titled American Underdog, with Zachary Levi as Warner. The film was produced by Kingdom Story Company, and distributed by Lionsgate on December 25, 2021, to generally favorable reviews.


== Endorsements ==
On December 3, 2010, Warner's first multi-year post-retirement endorsement agreement was announced. Amway North America announced that it had signed Warner to a multi-year endorsement agreement to represent the Nutrilite brand. Amway reportedly agreed to make a $50,000 donation to Kurt Warner's First Things First Foundation.
In addition to his post-retirement endorsements and charity work, Warner has invested in the Elite Football League of India, a South Asian professional football league. Other prominent American backers include former Chicago Bears head coach Mike Ditka, former Dallas Cowboys wide receiver Michael Irvin, sports analyst and former NFL quarterback Ron Jaworski, and actor Mark Wahlberg. Warner's total investment amount remains undisclosed, although $50,000 of it will go towards a donation of footballs to schools and underprivileged children throughout India.
Warner was one of three Iowa college athletes, each from one of the state's three public four-year universities, to be the subjects of butter sculptures at the 2023 Iowa State Fair. Warner was joined by Caitlin Clark (Iowa basketball) and Jack Trice (Iowa State football).


== Public service ==
Warner has also appeared in several public service announcements for Civitan International, promoting his and Brenda's volunteer efforts and their work with the developmentally disabled. This issue is personally close to Warner, as Zachary, his adopted son from Brenda's first marriage, suffered major brain damage as an infant when his biological father accidentally dropped him.
Warner has devoted time and money to his First Things First Foundation, the name of which was derived from his interview after winning the Super Bowl in 1999. The foundation is dedicated to impacting lives by promoting Christian values, sharing experiences and providing opportunities to encourage everyone that all things are possible when people seek to put ""first things first"". The foundation has been involved with numerous projects for causes such as children's hospitals, people with developmental disabilities and assisting single parents. Warner's work both on and off the field resulted in him being awarded the NFL Walter Payton Man of the Year Award 2008, which was presented to him at the start of Super Bowl XLIII. In March 2009, Warner was honored with the Muhammad Ali Sports Leadership Award. Warner was selected by USA Weekend as the winner of its annual Most Caring Athlete Award for 2009. In December 2009, Warner topped a Sports Illustrated poll of NFL players to name the best role model on and off the field in the NFL.
In February 2010, Warner received the annual Bart Starr Award, given for outstanding character and leadership in the home, on the field and in the community. At the award presentation, Bart Starr said of Warner: ""We have never given this award to anyone who is more deserving"".


== See also ==
Kurt Warner's Arena Football Unleashed, a 2000 video game
List of National Football League and Arena Football League players
List of National Football League quarterback playoff records
List of NFL players who have posted a perfect passer rating


== Notes ==


== References ==


== Further reading ==
Warner, Kurt & Silver, Michael, (2000). All Things Possible. San Francisco: HarperCollins. ISBN 0-06-251717-1 (cloth) ISBN 0-06-251718-X (paper back).
Warner, Kurt & Brenda, (2009). First Things First. Carol Stream, Illinois: Tyndale House Publishers Inc. ISBN 1-4143-3406-0 (Hardcover)


== External links ==

Official website
Career statistics from NFL.com · ArenaFan · ESPN · Yahoo Sports · Pro Football Reference","In Burlington, Iowa.","Kurtis Eugene ""Kurt"" Warner (born June 22, 1971) is a former American football player.",0,1,unsupported,0.749221622665,-0.14801783530872456,-0.7400891765436228,5,,0.27271586656570435,4.4827892414,0.319034243531,0.5494829337458198,2,-1.85781874998,0.0,0.0,0.0,1.0,0.06256103515625,0.033935546875,0.9033203125,3.240746799732097,0.9623391847115966,0.9950408498380103,0.5131736523778971,0.5,abstain
Q2224_1016,wikiqa,who was director of secret service in 1963,"The United States Secret Service (USSS or Secret Service) is a federal law enforcement agency under the United States Department of Homeland Security. It is tasked with conducting criminal investigations and providing protection to American political leaders, their families, and visiting heads of state or government.
The Secret Service was, until 2003, part of the United States Department of the Treasury, due to their initial mandate of combating counterfeiting of United States currency. The agency has protected United States presidents and presidential candidates since 1901.


== Primary missions ==
The Secret Service is mandated by Congress with two distinct and critical national security missions: protecting the nation's leaders and safeguarding the financial and critical infrastructure of the United States.


=== Protective mission ===
The Secret Service is tasked with ensuring the safety of the president, the vice president, the president-elect, the vice president–elect, and their immediate families; former presidents, their spouses and their children under the age of 16; those in the presidential line of succession, major presidential and vice-presidential candidates and their spouses; and visiting foreign heads of state and heads of government. By custom, it also provides protection to the secretary of the treasury and secretary of homeland security, as well as other people as directed by the president (usually the White House chief of staff and national security advisor, among others). Former Secret Service director Kimberly Cheatle told the congressional oversight committee that as of July 22, 2024 the secret service has a total of 36 protectees. By federal statute, the president and vice president may not refuse this protection. The Secret Service also provides physical security for the White House Complex; the neighboring Treasury Department building; the vice president's residence; the principal private residences of the president, vice president and former presidents; and all foreign diplomatic missions in Washington, D.C. The protective mission includes protective operations to coordinate manpower and logistics with state and local law enforcement in the US, protective advances to conduct site and venue assessments for protectees, and protective intelligence to investigate all manners of threats made against protectees. The Secret Service is the lead agency in charge of the planning, coordination, and implementation of security operations for events designated as National Special Security Events (NSSE). As part of the service's mission of preventing an incident before it occurs, the agency relies on advance work and threat assessments developed by its Intelligence Division to identify potential risks to protectees.


=== Investigative mission ===
The Secret Service is tasked with safeguarding the payment and financial systems of the United States from a wide range of financial and cyber-based crimes. Financial investigations include counterfeit U.S. currency, bank and financial institution fraud, mail fraud, wire fraud, illicit financing operations, and major conspiracies. Cyber investigations include cybercrime, network intrusions, identity theft, access device fraud, credit card fraud, and intellectual property crimes. The Secret Service is also a member of the FBI's Joint Terrorism Task Force (JTTF), which investigates and combats terrorism on a national and international scale. Also, the Secret Service investigates missing and exploited children and is a partner of the National Center for Missing & Exploited Children (NCMEC).
The Secret Service's initial responsibility was to investigate the counterfeiting of U.S. currency, which was rampant following the American Civil War. The agency then evolved into the United States' first domestic intelligence and counterintelligence agency. Many of the agency's missions were later taken over by subsequent agencies such as the Federal Bureau of Investigation (FBI), Central Intelligence Agency (CIA), Drug Enforcement Administration (DEA), Bureau of Alcohol, Tobacco, Firearms, and Explosives (ATF), and IRS Criminal Investigation Division (IRS-CI).
The Secret Service is also tasked with investigating reports of the existence of specimens of the extremely rare 1933 double eagle gold coin, as only a single example of the thirteen known survivors from this mintage year is authorized to be owned or sold.


=== Dual objective ===

The Secret Service combines the two responsibilities into a dual objective. The two core missions of protection and investigation synergize with each other, providing benefits to special agents during the course of their careers. Skills developed during the course of investigations which are also used in an agent's protective duties include but are not limited to:

Partnerships that are created between field offices and local law enforcement during the course of investigations being used to gather both protective intelligence and in coordinating protection events.
Tactical operation (e.g., surveillance, arrests, and search warrants) and law enforcement writing (e.g., affidavits, after-action reports, and operations plans) skills being applied to both investigative and protective duties.
Proficiency in analyzing handwriting and forgery techniques being applied in protective investigations of handwritten letters and suspicious-package threats.
Expertise in investigating electronic and financial crimes being applied in protective investigations of threats made against the nation's leaders on the Internet.
Protection of the nation's highest elected leaders and other government officials is one of the primary missions of the Secret Service. After the 1901 assassination of President William McKinley, Congress directed the Secret Service to protect the president of the United States. The Secret Service investigates thousands of incidents each year of individuals threatening the president of the United States.
The Secret Service is authorized by 18 U.S.C. § 3056(a) to protect:

The president, vice president (or the next individual in the order of succession, should the vice presidency be vacant), president-elect and vice president–elect
The immediate families of the above individuals
Former presidents and their spouses for their lifetimes, except if the spouse remarries
Children of former presidents under the age of 16
Visiting heads of state or government and their spouses traveling with them
Other distinguished foreign visitors to the United States and official representatives of the United States performing special missions abroad, when the president directs protection be provided
Major presidential and vice presidential candidates and, within 120 days of a general presidential election, their spouses
Former vice presidents, their spouses, and their children under 16 years of age, for up to six months from the date the former vice president leaves office (the Secretary of Homeland Security can authorize temporary protection of these individuals at any time after that period)
In addition to the above, the Secret Service can also protect other individuals by executive order of the president. Under Presidential Policy Directive 22, ""National Special Security Events"" (NSSE), the Secret Service is the lead agency for the design and implementation of operational security plans for events designated an NSSE by the secretary of homeland security.

There have been changes to the protection of former presidents over time. Under the original Former Presidents Act, former presidents and their spouses were entitled to lifetime protection, subject to limited exceptions. In 1994, this was amended to reduce the protection period to 10 years after a former president left office, starting with presidents assuming the role after January 1, 1997. On January 10, 2013, President Barack Obama signed legislation reversing this limit and reinstating lifetime protection to all former presidents. This change impacted Presidents Obama and G. W. Bush, as well as all future presidents.
Protection of government officials is not solely the responsibility of the Secret Service, with many other agencies, such as the United States Capitol Police, Supreme Court Police and Diplomatic Security Service, providing personal protective services to domestic and foreign officials. However, while these agencies are nominally responsible for services to other officers of the United States and senior dignitaries, the Secret Service provides protective services at the highest-level – i.e. for heads of state and heads of government.
The Secret Service's other primary mission is investigative; to protect the payment and financial systems of the United States from a wide range of financial and electronic-based crimes including counterfeit U.S. currency, bank and financial institution fraud, illicit financing operations, cybercrime, identity theft, intellectual property crimes, and any other violations that may affect the United States economy and financial systems. The agency's key focus is on large, high-dollar economic impact cases involving organized criminal groups. Financial criminals include embezzling bank employees, armed robbers at automatic teller machines, heroin traffickers, and criminal organizations that commit bank fraud on a global scale.
The USSS plays a leading role in facilitating relationships between other law enforcement entities, the private sector, and academia. The service maintains the Electronic Crimes Task Forces, which focus on identifying and locating international cyber criminals connected to cyber intrusions, bank fraud, data breaches, and other computer-related crimes. Additionally, the Secret Service runs the National Computer Forensics Institute (NCFI), which provides law enforcement officers, prosecutors, and judges with cyber training and information to combat cybercrime.
In the face of budget pressure, hiring challenges and some high-profile lapses in its protective service role in 2014, the Brookings Institution and some members of Congress are asking whether the agency's focus should shift more to the protective mission, leaving more of its original mission to other agencies.


== History ==


=== Early years ===

Following the Civil War, counterfeiting of U.S. currency was a problem. Abraham Lincoln established a commission to make recommendations to remedy the problem. According to a Clinton White House archive, the day that Abraham Lincoln signed the approval of starting the Secret Service, Lincoln was shot. The Secret Service was later established on July 5, 1865, in Washington, D.C., Chief William P. Wood was sworn in by Secretary of the Treasury Hugh McCulloch. It was commissioned in Washington, D.C., as the ""Secret Service Division"" of the Department of the Treasury with the mission of suppressing counterfeiting. At the time, the only other federal law enforcement agencies were the U.S. Post Office Department's Office of Instructions and Mail Depredations (originally created by the first postmaster general Benjamin Franklin in 1772 as the position of surveyor and becoming an agency in 1830, now known as the United States Postal Inspection Service since 1954), United States Customs Service (formed July 31, 1789), the United States Marshals Service (formed September 24, 1789) and the United States Park Police (originally formed in 1791 as the Park Watchman by George Washington & becoming the Park Police on December 14, 1919). In 1867 Secret Service responsibilities were broadened to include ""detecting persons perpetrating frauds against the government"" with them investigating the Ku Klux Klan, illegal distillers, smugglers, mail theft and land fraud. In 1870 Secret Service headquarters was moved to New York City but was returned to Washington D.C. four years later in 1874, where it remains to this day.


=== 20th century ===
After the assassination of President William McKinley in 1901, Congress informally requested that the Secret Service provide presidential protection. A year later, the Secret Service assumed full-time responsibility for presidential protection. In 1902, William Craig became the first Secret Service agent to die while on duty, in a road accident while riding in the presidential carriage.
The Secret Service was the first U.S. domestic intelligence and counterintelligence agency. Domestic intelligence collection and counterintelligence responsibilities were later vested in the Federal Bureau of Investigation (FBI).


==== Taft Mexican Summit (1909) ====
In 1909, President William H. Taft agreed to meet with Mexican president Porfirio Díaz in El Paso, Texas, and Ciudad Juárez, Chihuahua, the first meeting between a U.S. and a Mexican president and also the first time an American president visited Mexico. The historic summit resulted in serious assassination threats and other security concerns for the nascent Secret Service, so the Texas Rangers, 4,000 U.S. and Mexican troops, BOI agents, U.S. Marshals, and an additional 250-man private security detail led by Frederick Russell Burnham, the celebrated scout, were all called in by Chief John Wilkie to provide added security. On October 16, the day of the summit, Burnham discovered a man holding a concealed palm pistol standing at the El Paso Chamber of Commerce building along the procession route. The man was captured and disarmed only a few feet from Díaz and Taft.


==== 1920s ====

The first unofficial female special agent was Florence Bolan. She joined the service in 1917. In 1924, Bolan was promoted to operative (the title preceding special agent) where she performed duties, such as searching female prisoners and engaging in occasional fieldwork.


==== 1940s ====
The Secret Service assisted in arresting Japanese American leaders and in the Japanese American internment during World War II.


==== 1950s ====
In 1950, President Harry S. Truman was residing in Blair House while the White House, across the street, was undergoing renovations. On November 1, 1950, two Puerto Rican nationalists, Oscar Collazo and Griselio Torresola, approached Blair House with the intent to assassinate President Truman. Collazo and Torresola opened fire on Private Leslie Coffelt and other White House Police officers. Though mortally wounded by three shots from a 9 mm German Luger to his chest and abdomen, Private Coffelt returned fire, killing Torresola with a single shot to his head. Collazo was also shot, but survived his injuries and served 29 years in prison before returning to Puerto Rico in late 1979. Coffelt is the only member of the Secret Service killed while protecting a US president against an assassination attempt (Special Agent Tim McCarthy stepped in front of President Ronald Reagan during the assassination attempt of March 30, 1981, and took a bullet to the chest but made a full recovery).


==== 1960s ====
In 1968, as a result of Robert F. Kennedy's assassination, Congress authorized protection of major presidential and vice presidential candidates and nominees. In 1965 and 1968, Congress also authorized lifetime protection of the spouses of deceased presidents unless they remarry and of the children of former presidents until age 16.


==== 1970s ====
In 1970, Phyllis Shantz became the first female officer sworn into the United States Secret Service Uniformed Division, then called the Executive Protective Service. In 1971, the first five official female Special Agents were sworn in - Laurie Anderson, Sue Baker, Kathryn Clark, Holly Hufschmidt, and Phyllis Shantz.


==== 1980s ====

In 1984, the US Congress passed the Comprehensive Crime Control Act, which extended the Secret Service's jurisdiction over credit card fraud and computer fraud.


==== 1990s ====
In 1990, the Secret Service initiated Operation Sundevil, which they originally intended as a sting against malicious hackers, allegedly responsible for disrupting telephone services across the entire United States. The operation, which was later described by Bruce Sterling in his book The Hacker Crackdown, affected a great number of people unrelated to hacking, and led to no convictions. The Secret Service, however, was sued and required to pay damages. On March 1, 1990, the Secret Service served a search warrant on Steve Jackson Games, a small company in Austin, Texas, seizing three computers and over 300 floppy disks. In the subsequent lawsuit, the judge reprimanded the Secret Service, calling their warrant preparation ""sloppy.""
In 1994 and 1995, it ran an undercover sting called Operation Cybersnare. The Secret Service has concurrent jurisdiction with the FBI over certain violations of federal computer crime laws. They have created 24 Electronic Crimes Task Forces (ECTFs) across the United States. These task forces are partnerships between the service, federal/state and local law enforcement, the private sector and academia aimed at combating technology-based crimes.
In 1998, President Bill Clinton signed Presidential Decision Directive 62, which established National Special Security Events (NSSE). That directive made the Secret Service responsible for security at designated events. In 1999, the United States Secret Service Memorial Building was dedicated in DC, granting the agency its first headquarters. Prior to this, the agency's different departments were based in office space around the DC area. The General Services Administration acquired the United States Secret Service Memorial Building's adjoining property, the Webster School, for the Secret Service.


=== 21st century ===


=== 2000s ===


==== September 11 attacks ====
The New York City Field office was located at 7 World Trade Center. Immediately after the World Trade Center was attacked as part of the September 11 attacks, Special Agents and other New York Field office employees were among the first to respond with first aid. 67 Special Agents in New York City, at and near the New York Field Office, helped to set up triage areas and evacuate the towers. One Secret Service employee, Master Special Officer Craig Miller, died during the rescue efforts. On August 20, 2002, Director Brian L. Stafford awarded the Director's Valor Award to employees who assisted in the rescue attempts.


==== Domestic expansion ====

Effective March 1, 2003, the Secret Service transferred from the Treasury to the newly established Department of Homeland Security.
The USA Patriot Act, signed into law by President George W. Bush on October 26, 2001, mandated the Secret Service to establish a nationwide network of ECTFs in addition to the one already active in New York. As such, this mandate expanded on the agency's first ECTF—the New York Electronic Crimes Task Force, formed in 1995—which brought together federal, state and local law enforcement, prosecutors, private-industry companies, and academia. These bodies collectively provide necessary support and resources to field investigations that meet any one of the following criteria: significant economic or community impact; participation of organized criminal groups involving multiple districts or transnational organizations; or use of schemes involving new technology.
The network prioritizes investigations that meet the following criteria:

Significant economic or community impact,
Participation of multiple-district or transnational organized criminal groups,
Use of new technology as a means to commit crime.
Investigations conducted by ECTFs include crimes such as computer generated counterfeit currency; bank fraud; virus and worm proliferation; access device fraud; telecommunications fraud; Internet threats; computer system intrusions and cyberattacks; phishing/spoofing; assistance with Internet-related child pornography and exploitation; and identity theft.


==== International expansion ====

On July 6, 2009, the U.S. Secret Service expanded its fight on cybercrime by creating the first European Electronic Crime Task Force, based on the successful U.S. domestic model, through a memorandum of understanding with Italian police and postal officials. Over a year later, on August 9, 2010, the agency expanded its European involvement by creating its second overseas ECTF in the United Kingdom.
Both task forces are said to concentrate on a wide range of ""computer-based criminal activity,"" including:

Identity theft
Network intrusions
Other computer-related crimes affecting financial and other critical infrastructures.


==== 2010s ====
In September 2014, the United States Secret Service came under criticism following two high-profile incidents involving intruders at the White House. One such intruder entered the East Room of the White House through an unlocked door. In 2017, it was reported that the United States Secret Service is able to decode printer tracking dots.


==== 2020s ====
On April 15, 2020, the ICE Homeland Security Investigations unit launched ""Operation Stolen Promise"" that targets COVID-19 related fraud. The operation conscripted resources from various branches of law enforcement and the government, including the U.S. Secret Service. About $2 trillion in the relief package known as the CARES Act were earmarked by law in March 2020, bringing unemployment benefits and loans to millions of Americans. However, as Secret Service spokesmen subsequently pointed out, the Act also opened up opportunities for criminals to fraudulently apply for aid. By the end of 2021, nearly two years into the COVID-19 pandemic, the Secret Service had seized more than $1.2 billion in relief funds appropriated by fraudsters.
On June 1, 2020, during a peaceful protest outside Lafayette Square, the U.S. Secret Service acted contrary to an operational plan and began advancing seven minutes before U.S. Park Police gave any dispersal warnings. This early deployment increased tensions between law enforcement and the protesters. They faced resistance and used pepper spray in response to eggs and bottles being thrown. Attorney General William Barr spoke with the U.S. Park Police operational commander seven minutes before the Secret Service began advancing, and again later, before President Trump visited a nearby Parish House to pose for a photo while holding a Bible. The U.S. Secret Service later apologized but Joseph Cuffari, the Department of Homeland Security Inspector General, prevented career officials from investigating the role U.S. Secret Service played in the Trump administration’s controversial use of force to remove protesters that day.
In August 2020, a Secret Service officer shot a man once in the chest at the corner of 17th Street and Pennsylvania during one of then-President Trump’s press conferences. The president was evacuated but returned later and told the White House press corps that the man had a gun. However, according to court documents, the man was actually holding a comb, told the officers he was armed and took a shooting stance before being shot. The man is schizophrenic and was charged with simple assault of a law enforcement officer.
A day before the January 6 United States Capitol attack in 2021, the Secret Service warned Capitol Police of threats of violence that Capitol Police officers could face violence at the hands of supporters of President Donald Trump. On January 6, Secret Service agents provided security in and around the United States Capitol, as well as evacuating Vice President Mike Pence during the riot. Testimony in Congress indicates Pence was concerned his security detail would remove him from the Capitol, stopping him from completing his duty to oversee the final count of electoral college votes. At the center of the controversy surrounding the Secret Service and January 6 investigations is Anthony M. Ornato, who had been the head of Trump's security detail, but took the unprecedented step of leaving the Secret Service to become deputy White House chief of staff and becoming a ""key part of Trump’s effort to get reelected.""
The Secret Service assisted in the seizure of hacker forum RaidForums in 2022.
In April 2022, four Secret Service agents, one of whom was assigned to First Lady Jill Biden, were placed on leave after accepting lavish gifts, rent free apartments, and other bribes from two men ultimately convicted of impersonating federal officers.
On August 24, 2022, President Joe Biden named Kimberly Cheatle, the senior director of global security at PepsiCo, as the agency's new director. Cheatle was in the Secret Service for 27 years and became the first woman to serve as assistant director of protective operations, a department tasked with protecting the president and dignitaries.
On November 12, 2023, a Secret Service agent guarding Naomi Biden fired shots at three people seen breaking into an unoccupied government vehicle in Georgetown.
On July 13, 2024, Secret Service agents protecting former President Donald Trump at a campaign rally in Butler, Pennsylvania in advance of his presumptive Republican candidacy in the 2024 United States presidential election, shot and killed Thomas Matthew Crooks during an assassination attempt on Trump. Crooks, armed with an AR-15–style rifle, had shot at Trump from an elevated position near the venue. Trump was injured in his right ear and quickly rushed to hospital, while Crooks was killed by a Secret Service counter-sniper. One other attendee, 50-year-old Corey Comperatore, was also killed by Crooks and several others in attendance were injured. 
On July 23, 2024, Kimberly Cheatle resigned from her position as the director of the Secret Service just one day after she testified before the United States House Committee on Oversight and Accountability about the assassination attempt and acknowledged it was ""the most significant operational failure at the Secret Service in decades"".


== Attacks on presidents ==

Since the 1960s, presidents John F. Kennedy (killed), Gerald Ford (twice attacked, but uninjured), Ronald Reagan (seriously wounded), and Donald Trump (injured) have been attacked while appearing in public. Agents on scene, though not injured, during attacks on presidents include William Greer and Roy Kellerman. One of the agents was Robert DeProspero, the Special Agent In Charge (SAIC) of Reagan's Presidential Protective Division (PPD) from January 1982 to April 1985. DeProspero was deputy to Jerry Parr, the SAIC of PPD during the Reagan assassination attempt on March 30, 1981.

The Kennedy assassination spotlighted the bravery of two Secret Service agents. First, an agent protecting Mrs. Kennedy, Clint Hill, was riding in the car directly behind the presidential limousine when the attack began. While the shooting continued, Hill leaped from the running board of the car he was riding on and jumped onto the back of the president's moving car and guided Mrs. Kennedy from the trunk back into the rear seat of the car. He then shielded the president and the first lady with his body until the car arrived at the hospital.
Rufus Youngblood was riding in the vice-presidential car. When the shots were fired, he vaulted over the front seat and threw his body over Vice President Lyndon B. Johnson. That evening, Johnson called Secret Service Chief James J. Rowley and cited Youngblood's bravery. Youngblood would later recall some of this in his memoir, Twenty Years in the Secret Service.
The period following the Kennedy assassination was the most difficult in the modern history of the agency. Press reports indicated that morale among the agents was ""low"" for months following the assassination. The agency overhauled its procedures in the wake of the Kennedy killing. Training, which until that time had been confined largely to ""on-the-job"" efforts, was systematized and regularized.
The Reagan assassination attempt also involved several Secret Service agents, particularly agent Tim McCarthy, who spread his stance to protect Reagan as six bullets were being fired by the would-be assassin, John Hinckley Jr. McCarthy survived a .22-caliber round in the abdomen. For his bravery, McCarthy received the NCAA Award of Valor in 1982. Jerry Parr, the agent who pushed President Reagan into the limousine, and made the critical decision to divert the presidential motorcade to George Washington University Hospital instead of returning to the White House, was also honored with U.S. Congress commendations for his actions that day.


== Significant investigations ==
One significant Secret Service investigation was the arrest and indictment of Max Ray Butler, co-founder of the Carders Market carding website. Butler was indicted by a federal grand jury in Pittsburgh, Pennsylvania, after his September 5, 2007 arrest, on wire fraud and identity theft charges. According to the indictment, Butler hacked into computers at financial institutions and credit card processing centers over the Internet and sold the tens of thousands of credit card numbers that he acquired in the process.


=== Operation Firewall ===

In October 2004, 28 suspects—located across eight U.S. states and six countries—were arrested on charges of identity theft, computer fraud, credit-card fraud, and conspiracy. Nearly 30 national and foreign field offices of the U.S. Secret Service, including the newly established national ECTFs, and countless local enforcement agencies from around the globe, were involved in this operation. Collectively, the arrested suspects trafficked in at least 1.7 million stolen credit card numbers, which amounted to $4.3 million of losses to financial institutions. However, authorities estimated that prevented loss to the industry was in the hundreds of millions of dollars. The operation, which started in July 2003 and lasted for more than a year, led investigators to identify three cybercriminal groups: Shadowcrew, Carderplanet, and Darkprofits.
From the investigation, there was the arrest and indictment of Albert Gonzalez and 11 other individuals: three U.S. citizens, one from Estonia, three from Ukraine, two from the People's Republic of China, one from Belarus, and one known only by an online alias. They were arrested on August 5, 2008, for the theft and sale of more than 40 million credit and debit card numbers from major U.S. retailers, including TJX Companies, BJ's Wholesale Club, OfficeMax, Boston Market, Barnes & Noble, Sports Authority, Forever 21, and DSW. Gonzalez, the main organizer of the scheme, was charged with computer fraud, wire fraud, access device fraud, aggravated identity theft, and conspiracy for his leading role in the crime.


== Personnel ==

As of 2010, the service had over 6,500 employees: 3,200 Special Agents, 1,300 Uniformed Division Officers, and 2,000 technical and administrative employees. Special agents serve on protective details and investigate financial, cyber, and homeland security-related crimes.


=== Special Agent ===

The Secret Service's most familiar personnel are the plain-clothes investigators and personal protectors, who form almost half their total number.  This special agent position is highly selective, with for example in 2011, the service accepting less than 1% of its 15,600 special agent applicants.
At a minimum, a prospective agent must be a U.S. citizen, possess a current valid driver's license, be in excellent health and physical condition, possess visual acuity no worse than 20/100 uncorrected or correctable to 20/20 in each eye, and be between age 21–37 at the time of appointment, but eligible veterans may apply past age 37. In 2009, the Office of Personnel Management issued implementation guidance on the Isabella v. Department of State court decision: OPM Letter.
Prospective agents must also qualify for a TS/SCI (Top Secret / Sensitive Compartmented Information) clearance, and undergo an extensive background investigation, to include in-depth interviews, drug screening, medical diagnosis, and full-scope polygraph examination.

Special agents receive training in two locations, totaling approximately 31 weeks. The first phase, the Criminal Investigator Training Program (CITP) is conducted at the U.S. Department of Homeland Security's Federal Law Enforcement Training Centers (FLETC) in Glynco, Georgia, lasting approximately 13 weeks. The second phase, the Special Agent Training Course (SATC) is conducted at the Secret Service Academy, James J. Rowley Training Center (JJRTC), just outside Washington, D.C. in Laurel, Maryland, lasting approximately 18 weeks.

A typical special agent career path, depending upon performance and promotions that affect individual assignments, begins with the first six to eight years on the job assigned to a field office. Applicants are directed to list their office location preference during the application process, and upon receiving a final job offer, usually have several locations to choose from. After their field office experience, agents are usually transferred to a protective assignment where they will stay for three to five years. Following their protective assignment, many agents return to a field office for the rest of their careers, or opt for a headquarters based assignment located in Washington, D.C. During their careers, agents also have the opportunity to work overseas in one of the agency's international field offices. This typically requires foreign language training to ensure language proficiency when working alongside the agency's foreign law enforcement counterparts.
Special agents are hired at the GL-07, GL-09, or GS-11 grade level, depending on individual qualifications and/or education. Agents are eligible for promotion on a yearly basis, from GL-07, to GL-09, to GS-11, to GS-12, to GS-13. The full performance grade level for a journeyman field agent is GS-13, which a GL-07, GL-09, or GS-11 agent may reach in as little as four, three, or two years respectively. GS-13 agents are eligible for competitive promotion to supervisory positions, which encompasses the GS-14, GS-15, and SES grade levels. Higher ranks continue to use variations on the ""Special Agent"" title, as with several other Federal agencies with a plainclothes or investigatory role.  GS-13 agents who wish to remain as rank-and-file field agents, will continue to advance the GS-13 step level, capping at GS-13 Step 10.
Special agents also receive Law Enforcement Availability Pay (LEAP), a type of premium overtime pay which provides them with an additional 25% bonus pay on top of their salary, as agents are required to work an average workweek of 50 hours as opposed to 40. As of 2026, an agent living in the Washington, DC area (DC, VA, MD) will earn an annual salary of $84,060 (GL-07), $93,748 (GL-09), $109,767 (GS-11), $131,563 (GS-12), $156,447 (GS-13), $184,873 (GS-14), and $197,200 (GS-15). Journeyman field agents at GS-13 Step 10 are also paid a salary of $197,200.
Due to the nature of their work, Secret Service agents are regularly eligible for overtime pay in addition to LEAP, and are compensated up to $228,000 per year (Level II of the Executive Schedule).


=== Police Officer ===

The Secret Service Police is similar to the U.S. Capitol Police or DHS Federal Protective Service, with ""police"" rather than ""agent""-style ranks.  It is in charge of protecting the physical White House grounds and foreign diplomatic missions in the Washington, D.C. area. Established in 1922 as the White House Police, this organization was fully integrated into the Secret Service in 1930. In 1970, the protection of foreign diplomatic missions was added to the force's responsibilities, and its name was changed to the Executive Protective Service. The name United States Secret Service Uniformed Division was adopted in 1977.
In December 2025 the Uniformed Division was formally renamed as the U.S. Secret Service Police.
Secret Service Police officers provide protection for the White House Complex, the vice president's residence, the main Treasury Building and Annex, and foreign diplomatic missions and embassies in the Washington, D.C., area. Additionally, uniformed officers travel in support of presidential, vice presidential and foreign head of state government missions. Officers may, as their careers progress, be selected to participate in one of several specialized units, including the:

Canine Unit: Performing security sweeps and responding to bomb threats and suspicious packages.
Emergency Response Team: Providing a coordinated tactical response for the White House and other protected facilities.
Counter-sniper Team: Utilizing observation, sighting equipment and high-performance weapons to provide a secure environment for protectees.
Motorcade Support Unit: Providing motorcycle tactical support for official movements of motorcades.
Crime Scene Search Unit: Photographing, collecting and processing physical and latent evidence.
Office of Training: Serving as firearms and classroom instructors or recruiters.
Special Operations Section: Handling special duties and functions at the White House Complex, including conducting the daily congressional and public tours of the White House.


== Weapons and equipment ==

Since the agency's inception, a variety of weapons have been carried by its agents.
As a non-lethal option, Special Agents, Special Officers, and Uniformed Division Officers are armed with the ASP 16"" expandable baton, and Uniformed Division officers also carry pepper spray.


=== Weapons ===


=== Badges ===


=== Attire ===

Special agents and special officers of the Secret Service wear attire that is appropriate for their surroundings, in order to blend in as much as possible. In most circumstances, the attire of a close protection shift is a conservative suit, but it can range from a tuxedo to casual clothing as required by the environment. Stereotypically, Secret Service agents are often portrayed wearing reflective sunglasses and a communication earpiece. Often their attire is customized to conceal the wide array of equipment worn in service. Agents wear a distinctive lapel pin that identifies them to other agents.
The attire for Uniformed Division Officers includes standard police uniforms or utility uniforms and ballistic/identification vests for members of the counter-sniper team, Emergency Response Team (ERT), and canine officers. The shoulder patch of the Uniformed Division consists of the U.S. coat of arms on white or black, depending on the garment. Also, the shoulder patch is embroidered with ""U.S. Secret Service Uniformed Division Police"" around the emblem.


=== Vehicles ===

When transporting the president in a motorcade, the Secret Service uses a fleet of custom-built armored Cadillac Limousines, the newest and largest version of which is known as ""The Beast"". Armored Chevrolet Suburbans are also used when logistics require such a vehicle or when a more low-profile appearance is required. For official movement, the limousine is affixed with U.S. and presidential flags and the presidential seal on the rear doors. For unofficial events, the vehicles are left sterile and unadorned.
Government audits have criticized the Secret Service for a ""slow embrace of technology"", according to The New York Times.


== Field offices ==

The Secret Service has agents assigned to 136 field offices and field agencies, and the headquarters in Washington, D.C. The service's offices are located in cities throughout the United States and the world. The offices in Lyon (France) and The Hague (Netherlands) are respectively responsible for liaison with the headquarters of Interpol and Europol, located in those cities.


== Misconduct ==

On April 14, 2012, the U.S. Secret Service placed 11 agents on administrative leave as the agency investigated allegations that the men brought prostitutes to their hotel rooms in Cartagena, Colombia, while on assignment to protect President Obama and that a dispute ensued with one of the women over payment the following morning.
After the incident was publicized, the Secret Service implemented new rules for its personnel. The rules prohibit personnel from visiting ""non-reputable establishments"" and from consuming alcohol less than ten hours before starting work. Additionally, they restrict who is allowed in hotel rooms.
In 2015, two inebriated senior Secret Service agents drove an official car into the White House complex and collided with a barrier. Chairperson of the United States House Committee on Oversight and Government Reform that investigated the incident was Jason Chaffetz. In September 2015, it was revealed that 18 Secret Service employees or supervisors, including Assistant Director Ed Lowery, accessed an unsuccessful 2003 application by Chaffetz for employment with the agency and discussed leaking the information to the media in retaliation for Chaffetz' investigations of agency misconduct. The confidential personal information was later leaked to The Daily Beast. Agency Director Joe Clancy apologized to Chaffetz and said that disciplinary action would be taken against those responsible.
In March 2017, a member of Vice President Mike Pence's detail was suspended after the agent was caught visiting a prostitute at a hotel in Maryland.
In July 2022, during President Biden's trip to the Middle East, a Secret Service agent was sent back to the United States from Israel after indiscriminately assaulting a woman who was walking in the street, next to a bar in Machane Yehuda. A Secret Service spokesman said in a statement that the agency was informed of the encounter, and the agent, who was working in Israel, was ""briefly detained and questioned by Israeli police, who released him without charges.""
On July 15, 2022, The Intercept reported that a letter from the Department of Homeland Security revealed the Secret Service had erased text messages from the day before and day of the January 6 insurrection, shortly after those messages were requested by oversight officials investigating the agency’s response to the US Capitol riots. The agency claimed that the messages “were erased as part of a device-replacement program,” although the agency is bound by regulation to preserve all records of its activity (including text messages, emails, and other electronic communications). According to Politico on July 19, 2022, as new material becomes available to the United States House Select Committee on the January 6 Attack, ""a potential second round of hearings gets slated for the fall [of 2022]"". Such related new materials may include further details regarding “the potential unauthorized deletion” of text messages, particularly those from around January 5 and 6, 2021, by the Secret Service, then headed by Director James M. Murray, an appointee by then-President Trump in 2019. The Department of Homeland Security’s inspector general has initiated a criminal investigation into the erasure of text messages exchanged by Secret Service agents relating to the January 6 Capitol breach.


== See also ==

Praetorian Guard
Bodyguard
Commander-in-Chief's Guard – the American Revolutionary War unit that also had the dual responsibilities of protecting the Commander-in-Chief and the Continental Army's money
List of protective service agencies
Secret Service codename
Steve Jackson Games, Inc. v. United States Secret Service
Title 31 of the Code of Federal Regulations
Confederate Secret Service
Central Guard Bureau


== References ==


== Bibliography ==
Hammond, John Hays (1974) [1935]. The Autobiography of John Hays Hammond. New York: Farrar & Rinehart. ISBN 978-0-405-05913-1.
Harris, Charles H. III; Sadler, Louis R. (2009). The Secret War in El Paso: Mexican Revolutionary Intrigue, 1906–1920. Albuquerque, NM: University of New Mexico Press. ISBN 978-0-8263-4652-0.


== Further reading ==

Emmett, Dan (2014). Within Arm's Length: A Secret Service Agent's Definitive Inside Account of Protecting the President (First ed.). New York: St. Martin's Press. ISBN 9781250044716.
Kessler, Ronald (2010). In the President's Secret Service: Behind the Scenes with Agents in the Line of Fire and the Presidents They Protect (1st paperback ed.). New York: Three Rivers Press. ISBN 9780307461360.
Kessler, Ronald (2015). The First Family Detail: Secret Service Agents Reveal the Hidden Lives of the Presidents (1st paperback ed.). New York: Crown Forum. ISBN 978-0804139618.
Leonnig, Carol (May 18, 2021). Zero Fail: The Rise and Fall of the Secret Service. Random House. ISBN 978-0-399-58901-0.
Roberts, Marcia (1991). Looking Back and Seeing the Future: The United States Secret Service, 1865–1990. Association of Former Agents of the United States Secret Service.


== External links ==

Official website 
United States Secret Service at the Wayback Machine (archived March 1, 2000)
""Protecting the U.S. President abroad"", by BBC News
""Inside the Secret Service""—slide show by Life",The answer is not supported by the context.,The United States Secret Service is a U.S. federal law enforcement agency that is part of the United States Department of Homeland Security .,0,1,unsupported,0.207547758657,-0.08541310747729941,-0.7687179672956947,9,,0.09023325890302658,5.74632715277,0.968679556049,0.39465437774487927,5,1.01738937684,1.0,1.0,0.0,0.0,0.99755859375,0.0012025833129882812,0.001148223876953125,3.0660995640979305,0.9554725237147067,0.9936137047317994,0.5131736523778971,0.5,abstain
Q2151_974,wikiqa,what is my resting heart rate at age 24,"Heart rate is the frequency of the heartbeat measured by the number of contractions of the heart per minute (beats per minute or bpm). The heart rate varies according to the body's physical needs, including the need to absorb oxygen and excrete carbon dioxide. It is also modulated by numerous factors, including genetics, physical fitness, stress or psychological status, diet, drugs, hormonal status, environment, and disease/illness, as well as the interaction between these factors. It is usually equal or close to the pulse rate measured at any peripheral point.
The American Heart Association states the normal resting adult human heart rate is 60–100 bpm. An ultra-trained athlete may have a resting heart rate of 37–38 bpm.
Tachycardia is a high heart rate, defined as above 100 bpm at rest.
Bradycardia is a low heart rate, defined as below 60 bpm at rest. When a human sleeps, a heartbeat with rates around 40–50 bpm is common and considered normal. When the heart is not beating in a regular pattern, this is referred to as a arrhythmia. Abnormalities of heart rate sometimes indicate heart disease.


== Physiology ==

While heart rhythm is regulated entirely by the sinoatrial node under normal conditions, heart rate is regulated by sympathetic and parasympathetic input to the sinoatrial node. The accelerans nerve provides sympathetic input to the heart by releasing norepinephrine onto the cells of the sinoatrial node (SA node), and the vagus nerve provides parasympathetic input to the heart by releasing acetylcholine onto sinoatrial node cells. Therefore, stimulation of the accelerans nerve increases heart rate, while stimulation of the vagus nerve decreases it.

Central nervous system stimulants such as substituted amphetamines increase heart rate.
Central nervous system depressants or sedatives decrease the heart rate (apart from some particularly strange ones with equally strange effects, such as ketamine which can cause – amongst many other things – stimulant-like effects such as tachycardia).
There are many ways in which the heart rate speeds up or slows down. Most involve stimulant-like endorphins and hormones being released in the brain, some of which are those that are 'forced'/'enticed' out by the ingestion and processing of drugs such as cocaine or atropine.
This section discusses target heart rates for healthy persons, which would be inappropriately high for most persons with coronary artery disease.


=== Influences from the central nervous system ===


==== Cardiovascular centres ====
The heart rate is rhythmically generated by the sinoatrial node. It is also influenced by central factors through sympathetic and parasympathetic nerves. Nervous influence over the heart rate is centralized within the two paired cardiovascular centres of the medulla oblongata. The cardioaccelerator regions stimulate activity via sympathetic stimulation of the cardioaccelerator nerves, and the cardioinhibitory centers decrease heart activity via parasympathetic stimulation as one component of the vagus nerve. During rest, both centers provide slight stimulation to the heart, contributing to autonomic tone. This is a similar concept to tone in skeletal muscles. Normally, vagal stimulation predominates as, left unregulated, the SA node would initiate a sinus rhythm of approximately 100 bpm.
Both sympathetic and parasympathetic stimuli flow through the paired cardiac plexus near the base of the heart. The cardioaccelerator center also sends additional fibers, forming the cardiac nerves via sympathetic ganglia (the cervical ganglia plus superior thoracic ganglia T1–T4) to both the SA and AV nodes, plus additional fibers to the atria and ventricles. The ventricles are more richly innervated by sympathetic fibers than parasympathetic fibers. Sympathetic stimulation causes the release of the neurotransmitter norepinephrine (also known as noradrenaline) at the neuromuscular junction of the cardiac nerves. This shortens the repolarization period, thus speeding the rate of depolarization and contraction, which results in an increased heartrate. It opens chemical or ligand-gated sodium and calcium ion channels, allowing an influx of positively charged ions.
Norepinephrine binds to the beta–1 receptor. High blood pressure medications are used to block these receptors and so reduce the heart rate.

Parasympathetic stimulation originates from the cardioinhibitory region of the brain with impulses traveling via the vagus nerve (cranial nerve X). The vagus nerve sends branches to both the SA and AV nodes, and to portions of both the atria and ventricles. Parasympathetic stimulation releases the neurotransmitter acetylcholine (ACh) at the neuromuscular junction. ACh slows HR by opening chemical- or ligand-gated potassium ion channels to slow the rate of spontaneous depolarization, which extends repolarization and increases the time before the next spontaneous depolarization occurs. Without any nervous stimulation, the SA node would establish a sinus rhythm of approximately 100 bpm. Since resting rates are considerably less than this, it becomes evident that parasympathetic stimulation normally slows HR. This is similar to an individual driving a car with one foot on the brake pedal. To speed up, one need merely remove one's foot from the brake and let the engine increase speed. In the case of the heart, decreasing parasympathetic stimulation decreases the release of ACh, which allows HR to increase up to approximately 100 bpm. Any increases beyond this rate would require sympathetic stimulation.


==== Input to the cardiovascular centres ====
The cardiovascular centre receive input from a series of visceral receptors with impulses traveling through visceral sensory fibers within the vagus and sympathetic nerves via the cardiac plexus. Among these receptors are various proprioreceptors, baroreceptors, and chemoreceptors, plus stimuli from the limbic system which normally enable the precise regulation of heart function, via cardiac reflexes. Increased physical activity results in increased rates of firing by various proprioreceptors located in muscles, joint capsules, and tendons. The cardiovascular centres monitor these increased rates of firing, suppressing parasympathetic stimulation or increasing sympathetic stimulation as needed in order to increase blood flow.
Similarly, baroreceptors are stretch receptors located in the aortic sinus, carotid bodies, the venae cavae, and other locations, including pulmonary vessels and the right side of the heart itself. Rates of firing from the baroreceptors represent blood pressure, level of physical activity, and the relative distribution of blood. The cardiac centers monitor baroreceptor firing to maintain cardiac homeostasis, a mechanism called the baroreceptor reflex. With increased pressure and stretch, the rate of baroreceptor firing increases, and the cardiac centers decrease sympathetic stimulation and increase parasympathetic stimulation. As pressure and stretch decrease, the rate of baroreceptor firing decreases, and the cardiac centers increase sympathetic stimulation and decrease parasympathetic stimulation.
There is a similar reflex, called the atrial reflex or Bainbridge reflex, associated with varying rates of blood flow to the atria. Increased venous return stretches the walls of the atria where specialized baroreceptors are located. However, as the atrial baroreceptors increase their rate of firing and as they stretch due to the increased blood pressure, the cardiac center responds by increasing sympathetic stimulation and inhibiting parasympathetic stimulation to increase HR. The opposite is also true.
Increased metabolic byproducts associated with increased activity, such as carbon dioxide, hydrogen ions, and lactic acid, plus falling oxygen levels, are detected by a suite of chemoreceptors innervated by the glossopharyngeal and vagus nerves. These chemoreceptors provide feedback to the cardiovascular centers about the need for increased or decreased blood flow, based on the relative levels of these substances.
The limbic system can also significantly impact HR related to emotional state. During periods of stress, it is not unusual to identify higher than normal HRs, often accompanied by a surge in the stress hormone cortisol. Individuals experiencing extreme anxiety may manifest panic attacks with symptoms that resemble those of heart attacks. These events are typically transient and treatable. Meditation techniques have been developed to ease anxiety and have been shown to lower HR effectively. Doing simple deep and slow breathing exercises with one's eyes closed can also significantly reduce this anxiety and HR.


=== Factors influencing heart rate ===

Using a combination of autorhythmicity and innervation, the cardiovascular center is able to provide relatively precise control over the heart rate, but other factors can impact on this. These include hormones, notably epinephrine, norepinephrine, and thyroid hormones; levels of various ions including calcium, potassium, and sodium; body temperature; hypoxia; and pH balance.


==== Epinephrine and norepinephrine ====
The catecholamines, epinephrine and norepinephrine, secreted by the adrenal medulla form one component of the extended fight-or-flight mechanism. The other component is sympathetic stimulation. Epinephrine and norepinephrine have similar effects: binding to the beta-1 adrenergic receptors, and opening sodium and calcium ion chemical- or ligand-gated channels. The rate of depolarization is increased by this additional influx of positively charged ions, so the threshold is reached more quickly and the period of repolarization is shortened. However, massive releases of these hormones coupled with sympathetic stimulation may actually lead to arrhythmias. There is no parasympathetic stimulation to the adrenal medulla.


==== Thyroid hormones ====
In general, increased levels of the thyroid hormones (thyroxine(T4) and triiodothyronine (T3)), increase the heart rate; excessive levels can trigger tachycardia. The impact of thyroid hormones is typically of a much longer duration than that of the catecholamines. The physiologically active form of triiodothyronine, has been shown to directly enter cardiomyocytes and alter activity at the level of the genome. It also impacts the beta-adrenergic response similar to epinephrine and norepinephrine.


==== Calcium ====
Calcium ion levels have a great impact on heart rate and myocardial contractility: increased calcium levels cause an increase in both. High levels of calcium ions result in hypercalcemia and excessive levels can induce cardiac arrest. Drugs known as calcium channel blockers slow HR by binding to these channels and blocking or slowing the inward movement of calcium ions.


==== Caffeine and nicotine ====
Caffeine and nicotine are both stimulants of the nervous system and of the cardiac centres causing an increased heart rate. Caffeine works by increasing the rates of depolarization at the SA node, whereas nicotine stimulates the activity of the sympathetic neurons that deliver impulses to the heart.


==== Effects of stress ====
Both surprise and stress induce physiological response: elevate heart rate substantially. In a study conducted on 8 female and male student actors ages 18 to 25, their reaction to an unforeseen occurrence (the cause of stress) during a performance was observed in terms of heart rate. In the data collected, there was a noticeable trend between the location of actors (onstage and offstage) and their elevation in heart rate in response to stress; the actors present offstage reacted to the stressor immediately, demonstrated by their immediate elevation in heart rate the minute the unexpected event occurred, but the actors present onstage at the time of the stressor reacted in the following 5 minute period (demonstrated by their increasingly elevated heart rate). This trend regarding stress and heart rate is supported by previous studies; negative emotion/stimulus has a prolonged effect on heart rate in individuals who are directly impacted.
In regard to the characters present onstage, a reduced startle response has been associated with a passive defense, and the diminished initial heart rate response has been predicted to have a greater tendency to dissociation. Current evidence suggests that heart rate variability can be used as an accurate measure of psychological stress and may be used for an objective measurement of psychological stress.


==== Factors decreasing heart rate ====
The heart rate can be slowed by altered sodium and potassium levels, hypoxia, acidosis, alkalosis, and hypothermia. The relationship between electrolytes and HR is complex, but maintaining electrolyte balance is critical to the normal wave of depolarization. Of the two ions, potassium has the greater clinical significance. Initially, both hyponatremia (low sodium levels) and hypernatremia (high sodium levels) may lead to tachycardia. Severely high hypernatremia may lead to fibrillation, which may cause cardiac output to cease. Severe hyponatremia leads to both bradycardia and other arrhythmias. Hypokalemia (low potassium levels) also leads to arrhythmias, whereas hyperkalemia (high potassium levels) causes the heart to become weak and flaccid, and ultimately to fail.
Heart muscle relies exclusively on aerobic metabolism for energy. Severe myocardial infarction (commonly called a heart attack) can lead to a decreasing heart rate, since metabolic reactions fueling heart contraction are restricted.
Acidosis is a condition in which excess hydrogen ions are present, and the patient's blood expresses a low pH value. Alkalosis is a condition in which there are too few hydrogen ions, and the patient's blood has an elevated pH. Normal blood pH falls in the range of 7.35–7.45, so a number lower than this range represents acidosis and a higher number represents alkalosis. Enzymes, being the regulators or catalysts of virtually all biochemical reactions – are sensitive to pH and will change shape slightly with values outside their normal range. These variations in pH and accompanying slight physical changes to the active site on the enzyme decrease the rate of formation of the enzyme-substrate complex, subsequently decreasing the rate of many enzymatic reactions, which can have complex effects on HR. Severe changes in pH will lead to denaturation of the enzyme.
The last variable is body temperature. Elevated body temperature is called hyperthermia, and suppressed body temperature is called hypothermia. Slight hyperthermia results in increasing HR and strength of contraction. Hypothermia slows the rate and strength of heart contractions. This distinct slowing of the heart is one component of the larger diving reflex that diverts blood to essential organs while submerged. If sufficiently chilled, the heart will stop beating, a technique that may be employed during open heart surgery. In this case, the patient's blood is normally diverted to an artificial heart-lung machine to maintain the body's blood supply and gas exchange until the surgery is complete, and sinus rhythm can be restored. Excessive hyperthermia and hypothermia will both result in death, as enzymes drive the body systems to cease normal function, beginning with the central nervous system.


==== Physiological control over heart rate ====

A study shows that bottlenose dolphins can learn – apparently via instrumental conditioning – to rapidly and selectively slow down their heart rate during diving for conserving oxygen depending on external signals. In humans regulating heart rate by methods such as listening to music, meditation or a vagal maneuver takes longer and lowers the rate to a much lesser extent.


== In different circumstances ==

Heart rate is not a stable value and it increases or decreases in response to the body's need in a way to maintain an equilibrium (basal metabolic rate) between requirement and delivery of oxygen and nutrients. The normal SA node firing rate is affected by autonomic nervous system activity: sympathetic stimulation increases and parasympathetic stimulation decreases the firing rate.


=== Resting heart rate ===
Normal pulse rates at rest, in beats per minute (BPM):

The basal or resting heart rate (HRrest) is defined as the heart rate when a person is awake, in a neutrally temperate environment, and has not been subject to any recent exertion or stimulation, such as stress or surprise.  The normal resting heart rate is based on the at-rest firing rate of the heart's sinoatrial node, where the faster pacemaker cells driving the self-generated rhythmic firing and responsible for the heart's autorhythmicity are located.
In one 1993 study, 98% of cardiologists suggested that as a desirable target range, 50 to 90 beats per minute is more appropriate than 60 to 100. The available evidence indicates that the normal range for resting heart rate is 50–90 beats per minute (bpm). In a study of over 35,000 American men and women over age 40 during the 1999–2008 period, 71 bpm was the average for men, and 73 bpm was the average for women.
Resting heart rate is often correlated with mortality. In the Copenhagen City Heart Study a heart rate of 65 bpm rather than 80 bpm was associated with 4.6 years longer life expectancy in men and 3.6 years in women. Other studies have shown all-cause mortality is increased by 1.22 (hazard ratio) when heart rate exceeds 90 beats per minute.  ECG of 46,129 individuals with low risk for cardiovascular disease revealed that 96% had resting heart rates ranging from 48 to 98 beats per minute. The mortality rate of patients with myocardial infarction increased from 15% to 41% if their admission heart rate was greater than 90 beats per minute.  For endurance athletes at the elite level, it is not unusual to have a resting heart rate between 33 and 50 bpm.


=== Maximum heart rate ===

The maximum heart rate (HRmax) is the age-related highest number of beats per minute of the heart when reaching a point of exhaustion without severe problems through exercise stress. 
In general it is loosely estimated as 220 minus one's age. 
The maximum heart rate decreases with aging regardless of fitness, gender or diet. Since HRmax varies by individual, the most accurate way of measuring any single person's HRmax is via a cardiac stress test. In this test, a person is subjected to controlled physiologic stress (generally by treadmill or bicycle ergometer) while being monitored by an electrocardiogram (ECG). The intensity of exercise is periodically increased until certain changes in heart function are detected on the ECG monitor, at which point the subject is directed to stop. Typical duration of the test ranges ten to twenty minutes. Adults who are beginning a new exercise regimen are often advised to perform this test only in the presence of medical staff due to risks associated with high heart rates.
The theoretical maximum heart rate of a human is 300 bpm; however, there have been multiple cases where this theoretical upper limit has been exceeded. The fastest human ventricular conduction rate recorded to this day is a conducted tachyarrhythmia with ventricular rate of 600 beats per minute, which is comparable to the heart rate of a mouse.
For general purposes, a number of formulas are used to estimate HRmax. However, these predictive formulas have been criticized as inaccurate because they only produce generalized population-averages and may deviate significantly from the actual value. (See § Limitations.)


==== Haskell & Fox (1970) ====

Notwithstanding later research, the most widely cited formula for HRmax is still:

HRmax = 220 − age
Although attributed to various sources, it is widely thought to have been devised in 1970 by Dr. William Haskell and Dr. Samuel Fox. They did not develop this formula from original research, but rather by plotting data from approximately 11 references consisting of published research or unpublished scientific compilations. It gained widespread use through being used by Polar Electro in its heart rate monitors, which Dr. Haskell has ""laughed about"", as the formula ""was never supposed to be an absolute guide to rule people's training.""
While this formula is commonly used (and easy to remember and calculate), research has consistently found that it is subject to bias, particularly in older adults. Compared to the age-specific average HRmax, the Haskell and Fox formula overestimates HRmax in young adults, agrees with it at age 40, and underestimates HRmax in older adults. For example, in one study, the average HRmax at age 76 was about 10bpm higher than the Haskell and Fox equation. Consequently, the formula cannot be recommended for use in exercise physiology and related fields.


==== Other formulas ====

HRmax is strongly correlated to age, and most formulas are solely based on this. Studies have been mixed on the effect of gender, with some finding that gender is statistically significant, although small when considering overall equation error, while others finding negligible effect. The inclusion of physical activity status, maximal oxygen uptake, smoking, body mass index, body weight, or resting heart rate did not significantly improve accuracy. Nonlinear models are slightly more accurate predictors of average age-specific HRmax, particularly above 60 years of age, but are harder to apply, and provide statistically negligible improvement over linear models. The Wingate formula is the most recent, had the largest data set, and performed best on a fresh data set when compared with other formulas, although it had only a small amount of data for ages 60 and older so those estimates should be viewed with caution. In addition, most formulas are developed for adults and are not applicable to children and adolescents.


==== Limitations ====
Maximum heart rates vary significantly between individuals. Age explains only about half of HRmax variance. For a given age, the standard deviation of HRmax from the age-specific population mean is about 12bpm, and a 95% interval for the prediction error is about 24bpm. For example, Dr. Fritz Hagerman observed that the maximum heart rates of men in their 20s on Olympic rowing teams vary from 160 to 220. Such a variation would equate to an age range of -16 to 68 using the Wingate formula. The formulas are quite accurate at predicting the average heart rate of a group of similarly-aged individuals, but relatively poor for a given individual.
Robergs and Landwehr opine that for VO2 max, prediction errors in HRmax need to be less than ±3 bpm. No current formula meets this accuracy. For prescribing exercise training heart rate ranges, the errors in the more accurate formulas may be acceptable, but again it is likely that, for a significant fraction of the population, current equations used to estimate HRmax are not accurate enough. Froelicher and Myers describe maximum heart formulas as ""largely useless"". Measurement via a maximal test is preferable whenever possible, which can be as accurate as ±2bpm.


=== Heart rate reserve ===
Heart rate reserve (HRreserve) is the difference between a person's measured or predicted maximum heart rate and resting heart rate, HRmax − HRrest. As a person increases their cardiovascular fitness, their HRrest will drop, and the heart rate reserve will increase.


=== Target heart rate ===
For healthy people, the Target Heart Rate (THR) or Training Heart Rate Range (THRR) is a desired heart rate reached during aerobic exercise which enables one's heart and lungs to receive the most benefit from a workout. In practice metrics such as heart rate and VO2 have significant individual variations in their relationship to exercise physiology, meaning a broad range is given for exercise prescription.


==== By percent, Fox–Haskell-based ====
The THR can be calculated as a range of 65–85% intensity, with intensity defined simply as percentage of HRmax.
Example for someone with a HRmax of 180 (age 40, estimating HRmax As 220 − age): 

65% Intensity: (220 − (age = 40)) × 0.65 → 117 bpm
85% Intensity: (220 − (age = 40)) × 0.85 → 154 bpm


==== Karvonen method ====
The Karvonen method gauges exercise intensity as the percentage of heart rate reserve. It is named after Karvonen, author of the initial 1957 study. Karvonen's study used only six subjects, and Karvonen did not connect his recommendations to VO2 data, but later studies identified a connection. The percentage of heart rate reserve is strongly correlated with the percentage of VO2 max and the percentage of VO2 in reserve, but the correlation is not perfect.
As formulas:

% intensity = (THR - HRrest) / (HRmax − HRrest)
THR = ((HRmax − HRrest) × % intensity) + HRrest
Equivalently,

% intensity = (THR - HRrest) / HRreserve
THR = (HRreserve × % intensity) + HRrest
Example for someone with a HRmax of 180 and a HRrest of 70 (and therefore a HRreserve of 110):

50% Intensity: ((180 − 70) × 0.50) + 70 = 125 bpm
85% Intensity: ((180 − 70) × 0.85) + 70 = 163 bpm


==== Zoladz method ====
An alternative to the Karvonen method is the Zoladz method, which is used to test an athlete's capabilities at specific heart rates. These are not intended to be used as exercise zones, although they are often used as such. The Zoladz test zones are derived by subtracting values from HRmax:

THR = HRmax − Adjuster ± 5 bpm
Zone 1 Adjuster = 50 bpm
Zone 2 Adjuster = 40 bpm
Zone 3 Adjuster = 30 bpm
Zone 4 Adjuster = 20 bpm
Zone 5 Adjuster = 10 bpm
Example for someone with a HRmax of 180:

Zone 1 (easy exercise): 180 − 50 ± 5 → 125 − 135 bpm
Zone 4 (tough exercise): 180 − 20 ± 5 → 155 − 165 bpm


=== Heart rate recovery ===
Heart rate recovery (HRR) is the reduction in heart rate at peak exercise and the rate as measured after a cool-down period of fixed duration. A greater reduction in heart rate after exercise during the reference period is associated with a higher level of cardiac fitness.
Heart rates assessed during treadmill stress test that do not drop by more than 12 bpm one minute after stopping exercise (if cool-down period after exercise) or by more than 18 bpm one minute after stopping exercise (if no cool-down period and supine position as soon as possible) are associated with an increased risk of death. People with an abnormal HRR defined as a decrease of 42 beats per minutes or less at two minutes post-exercise had a mortality rate 2.5 times greater than patients with a normal recovery. Another study reported a four-fold increase in mortality in subjects with an abnormal HRR defined as ≤12 bpm reduction one minute after the cessation of exercise. A study reported that a HRR of ≤22 bpm after two minutes ""best identified high-risk patients"". They also found that while HRR had significant prognostic value it had no diagnostic value.


=== Heart rate prediction ===
Heart rate prediction using machine learning has gained significant attention in health monitoring and sports performance research. Namazi et.al., 2025 study evaluated various models including Long Short-Term Memory (LSTM), Physics-Informed Neural Networks (PINNs), and 1D Convolutional Neural Networks (1D CNNs), using physiological data such as heart rate (HR), breathing rate (BR), and RR intervals collected from wearable sensors during sports activities. The study introduced a hybrid approach combining Singular Spectrum Analysis (SSA) with these models to enhance predictive performance. Among the tested models, the SSA-LSTM method yielded the lowest prediction error, particularly when multivariate inputs (HR + BR + RR) were used. These findings support the use of AI-driven, multivariate prediction models for real-time cardiovascular monitoring in athletic and healthcare settings.


=== Development ===

The human heart beats more than 2.8 billion times in an average lifetime.
The heartbeat of a human embryo begins at approximately 21 days after conception, or five weeks after the last normal menstrual period (LMP), which is the date normally used to date pregnancy in the medical community. The electrical depolarizations that trigger cardiac myocytes to contract arise spontaneously within the myocyte itself. The heartbeat is initiated in the pacemaker regions and spreads to the rest of the heart through a conduction pathway. Pacemaker cells develop in the primitive atrium and the sinus venosus to form the sinoatrial node and the atrioventricular node respectively. Conductive cells develop the bundle of His and carry the depolarization into the lower heart.
The human heart begins beating at a rate near the mother's, about 75–80 beats per minute (bpm). The embryonic heart rate then accelerates linearly for the first month of beating, peaking at 165–185 bpm during the early 7th week, (early 9th week after the LMP). This acceleration is approximately 3.3 bpm per day, or about 10 bpm every three days, an increase of 100 bpm in the first month.
After peaking at about 9.2 weeks after the LMP, it decelerates to about 150 bpm (+/-25 bpm) during the 15th week after the LMP. After the 15th week the deceleration slows reaching an average rate of about 145 (+/-25 bpm) bpm at term. The regression formula which describes this acceleration before the embryo reaches 25 mm in crown-rump length or 9.2 LMP weeks is:

  
    
      
        
          A
          g
          e
           
          i
          n
           
          d
          a
          y
          s
        
        =
         
        
          E
          H
          R
        
        (
        0.3
        )
        +
        6
      
    
    {\displaystyle \mathrm {Age\ in\ days} =\ \mathrm {EHR} (0.3)+6}
  


== Clinical significance ==


=== Manual measurement ===

Heart rate is measured by finding the pulse of the heart. This pulse rate can be found at any point on the body where the artery's pulsation is transmitted to the surface by pressuring it with the index and middle fingers; often it is compressed against an underlying structure like bone. The thumb should not be used for measuring another person's heart rate, as its strong pulse may interfere with the correct perception of the target pulse.
The radial artery is the easiest to use to check the heart rate. However, in emergency situations the most reliable arteries to measure heart rate are carotid arteries. This is important mainly in patients with atrial fibrillation, in whom heart beats are irregular and stroke volume is largely different from one beat to another. In those beats following a shorter diastolic interval left ventricle does not fill properly, stroke volume is lower and pulse wave is not strong enough to be detected by palpation on a distal artery like the radial artery. It can be detected, however, by doppler.
Possible points for measuring the heart rate are:

The ventral aspect of the wrist on the side of the thumb (radial artery).
The ulnar artery.
The inside of the elbow, or under the biceps muscle (brachial artery).
The groin (femoral artery).
Behind the medial malleolus on the feet (posterior tibial artery).
Middle of dorsum of the foot (dorsalis pedis).
Behind the knee (popliteal artery).
Over the abdomen (abdominal aorta).
The chest (apex of the heart), which can be felt with one's hand or fingers. It is also possible to auscultate the heart using a stethoscope.
In the neck, lateral of the larynx (carotid artery)
The temple (superficial temporal artery).
The lateral edge of the mandible (facial artery).
The side of the head near the ear (posterior auricular artery).


=== Electronic measurement ===

A more precise method of determining heart rate involves the use of an electrocardiograph, or ECG (also abbreviated EKG). An ECG generates a pattern based on electrical activity of the heart, which closely follows heart function. Continuous ECG monitoring is routinely done in many clinical settings, especially in critical care medicine. On the ECG, instantaneous heart rate is calculated using the R wave-to-R wave (RR) interval and multiplying/dividing in order to derive heart rate in heartbeats/min. Multiple methods exist:

HR = 1000 · 60/(RR interval in milliseconds)
HR = 60/(RR interval in seconds)
HR = 300/number of ""large"" squares between successive R waves.
HR = 1,500 number of large blocks
Heart rate monitors allow measurements to be taken continuously and can be used during exercise when manual measurement would be difficult or impossible (such as when the hands are being used). Various commercial heart rate monitors are also available. Some monitors, used during sport, consist of a chest strap with electrodes. The signal is transmitted to a wrist receiver for display.
Alternative methods of measurement include seismocardiography.


=== Optical measurements ===

Pulse oximetry of the finger and laser Doppler imaging of the eye fundus are often used in the clinics. Those techniques can assess the heart rate by measuring the delay between pulses.


=== Tachycardia ===

Tachycardia is a resting heart rate more than 100 beats per minute. This number can vary as smaller people and children have faster heart rates than average adults.
Physiological conditions where tachycardia occurs:

Pregnancy
Emotional conditions such as anxiety or stress.
Exercise

Pathological conditions where tachycardia occurs:

Sepsis
Fever
Anemia
Hypoxia
Hyperthyroidism
Hypersecretion of catecholamines
Cardiomyopathy
Valvular heart diseases
Acute Radiation Syndrome
Dehydration
Metabolic myopathies (At rest, tachycardia is commonly seen in fatty acid oxidation disorders. An inappropriate rapid heart rate response to exercise is seen in muscle glycogenoses and mitochondrial myopathies, where the tachycardia is faster than would be expected during exercise).


=== Bradycardia ===

Bradycardia was defined as a heart rate less than 60 beats per minute when textbooks asserted that the normal range for heart rates was 60–100 bpm. The normal range has since been revised in textbooks to 50–90 bpm for a human at total rest. Setting a lower threshold for bradycardia prevents misclassification of fit individuals as having a pathologic heart rate. The normal heart rate number can vary as children and adolescents tend to have faster heart rates than average adults. Bradycardia may be associated with medical conditions such as hypothyroidism, heart disease, or inflammatory disease. At rest, although tachycardia is more commonly seen in fatty acid oxidation disorders, more rarely acute bradycardia can occur.
Trained athletes tend to have slow resting heart rates, and resting bradycardia in athletes should not be considered abnormal if the individual has no symptoms associated with it. For example, Miguel Indurain, a Spanish cyclist and five time Tour de France winner, had a resting heart rate of 28 beats per minute, one of the lowest ever recorded in a healthy human. Daniel Green achieved the world record for the slowest heartbeat in a healthy human with a heart rate of just 26 bpm in 2014.


=== Arrhythmia ===

Arrhythmias are abnormalities of the heart rate and rhythm (sometimes felt as palpitations). They can be divided into two broad categories: fast and slow heart rates. Some cause few or minimal symptoms. Others produce more serious symptoms of lightheadedness, dizziness and fainting.


=== Hypertension ===

Elevated heart rate is a powerful predictor of morbidity and mortality in patients with hypertension. Atherosclerosis and dysautonomia are major contributors to the pathogenesis.


=== Correlation with cardiovascular mortality risk ===

A number of investigations indicate that faster resting heart rate has emerged as a new risk factor for mortality in homeothermic mammals, particularly cardiovascular mortality in human beings. High heart rate is associated with endothelial dysfunction and increased atheromatous plaque formation leading to atherosclerosis. Faster heart rate may accompany increased production of inflammation molecules and increased production of reactive oxygen species in cardiovascular system, in addition to increased mechanical stress to the heart. There is a correlation between increased resting rate and cardiovascular risk. This is not seen to be ""using an allotment of heart beats"" but rather an increased risk to the system from the increased rate.
An Australian-led international study of patients with cardiovascular disease has shown that heart beat rate is a key indicator for the risk of heart attack. The study, published in The Lancet (September 2008) studied 11,000 people, across 33 countries, who were being treated for heart problems. Those patients whose heart rate was above 70 beats per minute had significantly higher incidence of heart attacks, hospital admissions and the need for surgery. Higher heart rate is thought to be correlated with an increase in heart attack and about a 46 percent increase in hospitalizations for non-fatal or fatal heart attack.
Other studies have shown that a high resting heart rate is associated with an increase in cardiovascular and all-cause mortality in the general population and in patients with chronic diseases. A faster resting heart rate is associated with shorter life expectancy  and is considered a strong risk factor for heart disease and heart failure, independent of level of physical fitness. Specifically, a resting heart rate above 65 beats per minute has been shown to have a strong independent effect on premature mortality; every 10 beats per minute increase in resting heart rate has been shown to be associated with a 10–20% increase in risk of death. In one study, men with no evidence of heart disease and a resting heart rate of more than 90 beats per minute had a five times higher risk of sudden cardiac death. Similarly, another study found that men with resting heart rates of over 90 beats per minute had an almost two-fold increase in risk for cardiovascular disease mortality; in women it was associated with a three-fold increase. In patients having heart rates of 70 beats/minute or above, each additional beat/minute was associated with increased rate of cardiovascular death and heart failure hospitalization.
Given these data, heart rate should be considered in the assessment of cardiovascular risk, even in apparently healthy individuals. Heart rate has many advantages as a clinical parameter: It is inexpensive and quick to measure and is easily understandable. Although the accepted limits of heart rate are between 60 and 100 beats per minute, this was based for convenience on the scale of the squares on electrocardiogram paper; a better definition of normal sinus heart rate may be between 50 and 90 beats per minute.
Standard textbooks of physiology and medicine mention that heart rate (HR) is readily calculated from the ECG as follows: HR = 1000*60/RR interval in milliseconds, HR = 60/RR interval in seconds, or HR = 300/number of large squares between successive R waves. In each case, the authors are actually referring to instantaneous HR, which is the number of times the heart would beat if successive RR intervals were constant.
Lifestyle and pharmacological regimens may be beneficial to those with high resting heart rates. Exercise is one possible measure to take when an individual's heart rate is higher than 80 beats per minute. Diet has also been found to be beneficial in lowering resting heart rate: In studies of resting heart rate and risk of death and cardiac complications on patients with type 2 diabetes, legumes were found to lower resting heart rate. This is thought to occur because in addition to the direct beneficial effects of legumes, they also displace animal proteins in the diet, which are higher in saturated fat and cholesterol. Another nutrient is omega-3 long chain polyunsaturated fatty acids (omega-3 fatty acid or LC-PUFA). In a meta-analysis with a total of 51 randomized controlled trials (RCTs) involving 3,000 participants, the supplement mildly but significantly reduced heart rate (-2.23 bpm; 95% CI: -3.07, -1.40 bpm). When docosahexaenoic acid (DHA) and eicosapentaenoic acid (EPA) were compared, modest heart rate reduction was observed in trials that supplemented with DHA (-2.47 bpm; 95% CI: -3.47, -1.46 bpm), but not in those received EPA.
A very slow heart rate (bradycardia) may be associated with heart block. It may also arise from autonomous nervous system impairment.


== See also ==
Heart rate monitor
Cardiac cycle
Electrocardiography
Sinus rhythm
Second wind (heart rate is measured during 12 Minute Walk Test)
Bainbridge reflex


== Notes ==


== References ==
This article incorporates text from the CC BY book: OpenStax College,  Anatomy & Physiology. OpenStax CNX. 30 July 2014.


== Bibliography ==


== External links ==
Online Heart Beats Per Minute Calculator Tap along with your heart rate
An application (open-source) for contactless real time heart rate measurements by means of an ordinary web cam",The answer is not supported by the context.,"Heart rate is the number of heartbeats per unit of time , typically expressed as beats per minute ( bpm ).",0,1,unsupported,-0.248866241614,-0.03266240975290323,-0.2939616877761291,9,,0.05912725627422333,5.96170990232,0.425611312438,0.30483526141043477,4,0.999252489204,1.0,1.0,0.0,0.0,0.9931640625,0.0029125213623046875,0.003688812255859375,2.983049631238834,0.9518024646052656,0.9927985167594711,0.5131736523778971,0.5,abstain
Q24_18,wikiqa,how bruce lee died,"Bruce Lee (born Lee Jun-fan; November 27, 1940 – July 20, 1973) was a Hong Kong and American martial artist, actor, and filmmaker. He was the founder of Jeet Kune Do, a hybrid martial arts philosophy, which was formed from his experiences in unarmed fighting and self-defense—as well as eclectic, Zen Buddhist, and Taoist philosophies—as a new school of martial arts thought. With a career spanning Hong Kong and the United States, Lee is regarded as the first global Chinese film star and one of the most influential martial artists in the history of cinema. Known for his roles in five feature-length martial arts films, he is credited with helping to popularize martial arts films in the 1970s and promoting Hong Kong action cinema.
Born in San Francisco and raised in Hong Kong, Lee was introduced to the Hong Kong film industry as a child actor by his father, Lee Hoi-chuen. Lee's early martial arts experience included Wing Chun (trained under Ip Man), tai chi, boxing (winning a Hong Kong boxing tournament), and frequent street fighting (neighborhood and rooftop fights). He moved to Seattle in 1959, enrolling at the University of Washington in 1961. It was during this time that Lee began to consider making money by teaching martial arts, even though he aspired to have a career in acting. He opened his first martial arts school, operated out of his home in Seattle. After later adding a second school in Oakland, California, Lee once drew significant attention at the 1964 Long Beach International Karate Championships of California by making demonstrations and speaking. He subsequently moved to Los Angeles to teach, where his students included Chuck Norris, Sharon Tate, and Kareem Abdul-Jabbar.
Lee's roles in the United States, including Kato in the ABC action television series The Green Hornet (1966–1967), introduced him to American audiences. After returning to Hong Kong in 1971, he landed his first leading role in The Big Boss (1971), directed by Lo Wei. A year later, Lee starred in Fist of Fury (1972), in which he portrayed Chen Zhen, and The Way of the Dragon (1972), which he directed and wrote. Lee went on to star in the American-Hong Kong co-production Enter the Dragon (1973) and The Game of Death (1978). His Hong Kong- and Hollywood-produced films, all of which were commercially successful, elevated Hong Kong martial arts films to a new level of popularity and acclaim, sparking a surge of Western interest in Chinese martial arts. The direction and tone of Lee's films, including their fight choreography and diversification, dramatically influenced and changed martial arts and martial arts films worldwide. With his influence, kung fu films began to displace the wuxia film genre—fights were choreographed more realistically, fantasy elements were discarded for real-world conflicts, and the characterisation of the male lead went from simply being a chivalrous hero to one that embodied the notion of masculinity.
Lee's career was cut short by his sudden death at the age of 32 from brain edema, the causes of which remain a matter of dispute. Nevertheless, Lee's films remained popular, gained a large cult following, and became widely imitated and exploited. He became an iconic figure known throughout the world, particularly among the Chinese, based upon his portrayal of Cantonese culture in his films, and among Asian Americans for defying Asian stereotypes in the United States. Even after his death, Lee has continued to be a prominent influence on modern combat sports, including judo, karate, mixed martial arts, and boxing, as well as modern popular culture, including film, television, comics, animation, and video games. Time magazine named him one of the 100 most important people of the 20th century.


== Early life ==

Lee's birth name was Lee Jun-fan. His father, Lee Hoi-chuen, was a Cantonese opera singer based in Hong Kong. His mother, Grace Ho, was born in Shanghai, China. In December 1939, the couple traveled to California for an international opera tour in San Francisco's Chinatown neighborhood. Lee was born there on November 27, 1940. Due to the country's jus soli citizenship laws, his birth there allowed him to claim United States citizenship. When he was four months old (April 1941), the family returned to Hong Kong. Soon after, they experienced unexpected hardships as Japan, amid World War II, launched a surprise attack on Hong Kong in December 1941 and ruled the city for the next four years.
Grace's ethnicity is contested. The traditional opinion is that her father was a German immigrant, and that her mother was Chinese, as attested by biographers Robert Clouse and Bruce Thomas. Lee's wife, Linda Lee Cadwell, wrote that Grace's father was a German Catholic.
A new alternative theory argues that Grace's father was actually the son of a Dutch Jew, Charles Maurice Bosman, and his Chinese concubine. Charles Russo has questioned this origin story entirely, suggesting that Grace's father might have been Chinese or mixed-Chinese, and that her mother might have been English. Matthew Polly concedes that Grace's paternal grandfather was a Dutch Jew, but likewise asserts that her mother was English.
However, according to Doug Palmer, the claim that Grace had an English mother is only speculation. He also noted that, according to family records, the Dutch-Jewish Bosman family had originated from Germany, which may account for the assumption that Grace was part German.


== Career and education ==


=== 1940–1958: Early roles, schooling and martial arts initiation ===
Lee's father was a Cantonese opera star. As a result, Junior Lee was introduced to the world of cinema at a very young age and appeared in several films as a child. Lee had his first role as a baby who was carried onto the stage in the film Golden Gate Girl. He took his Chinese stage name as 李小龍, lit. ""Lee the Little Dragon"", for the fact that he was born in both the hour and the year of the Dragon by the Chinese zodiac.
At age seven, Lee began practicing tai chi together with his father. As a nine-year-old, he co-starred with his father in The Kid in 1950, which was based on a comic book character, ""Kid Cheung"", and was his first leading role. By the time he was 18, he had appeared in 20 films. After attending Tak Sun School (德信學校; several blocks from his home at 218 Nathan Road, Kowloon), Lee entered the primary school division of the Catholic La Salle College at age 12.

In the early 1950s, Lee's father became an opium addict. In 1956, due to poor academic performance (and possibly poor conduct), Lee was transferred to St. Francis Xavier's College. He was mentored by Brother Edward Muss, F.M.S., a Bavarian-born teacher and coach of the school boxing team.
In 1953, Lee's friend William Cheung introduced him to Ip Man. According to Cheung, Lee's European background on his mother's side led him to be rejected, initially, from learning Wing Chun kung fu under Ip Man because of the long-standing rule in the Chinese martial arts world not to teach foreigners. Cheung spoke on his behalf and Lee was accepted into the school and began training in Wing Chun with Ip Man. Ip tried to keep his students from fighting in the street gangs of Hong Kong by encouraging them to fight in organized competitions.
After a year of his training with Ip Man, most of the other students refused to train with Lee. They had learned of his mixed ancestry, and the Chinese were generally against teaching their martial arts techniques to non-Asians. Lee's sparring partner, Hawkins Cheung, states, ""Probably fewer than six people in the whole Wing Chun clan were personally taught, or even partly taught, by Ip Man"". However, Lee showed a keen interest in Wing Chun and continued to train privately with Ip Man, William Cheung, and Wong Shun-leung.
In 1958, Lee won the Hong Kong schools boxing tournament, knocking out the previous champion, Gary Elms, in the final. That year, Lee who was also a good cha-cha dancer, won Hong Kong's Crown Colony Cha-Cha Championship.


=== 1959–1964: Move to Seattle ===
In his late teens, Lee's street fights became more frequent and included beating the son of a feared triad family. In 1958, after students from a rival Choy Li Fut martial arts school challenged Lee's Wing Chun school, he engaged in a fight on a rooftop. In response to an unfair punch by another boy, he beat him so badly that one of his teeth was knocked out, leading to the boy's parents making a complaint to the police.
Lee's mother had to go to a police station and sign a document saying that she would take full responsibility for his actions if they released him into her custody. Though she did not mention the incident to her husband, she suggested that her son return to the United States to claim his U.S. citizenship at the age of 18. Lee's father agreed as Lee's college prospects were not very promising if he remained in Hong Kong.

The police detective came and said, ""Excuse me, Mr. Lee, your son is really fighting bad in school. If he gets into just one more fight I might have to put him in jail"".
In April 1959, Lee's parents decided to send him to the United States to stay with his older sister, Agnes Lee (李秋鳳), who was already living with family friends in San Francisco. After several months, he moved to Seattle in 1959 to continue his high school education, where he also worked for Ruby Chow as a live-in waiter at her restaurant. Chow's husband was a co-worker and friend of Lee's father. Lee's elder brother Peter Lee (李忠琛) joined him in Seattle for a short stay, before moving on to Minnesota to attend college.
In 1959, Lee started to teach martial arts. He called what he taught Jun Fan Gung Fu (literally Bruce Lee's Kung Fu). It was his approach to Wing Chun. Lee taught friends he met in Seattle, starting with Judo practitioner Jesse Glover, who continued to teach some of Lee's early techniques. Lee's early student group was the most racially diverse group of practitioners of Chinese martial arts until that time. During this time period, Lee invented his one-inch punch. He also became interested in boxing and the techniques of Muhammad Ali and Sugar Ray Robinson.
Taky Kimura became Lee's first assistant instructor and continued to teach his art and philosophy after Lee's death. Lee opened his first martial arts school, named the Lee Jun Fan Gung Fu Institute, in Seattle.
Lee completed his high school education and received his diploma from Edison Technical School on Capitol Hill in Seattle.
In March 1961, Lee enrolled at the University of Washington. Despite what Lee himself and many others have stated, Lee's official major was drama rather than philosophy, according to a 1999 article in the university's alumni publication. In his junior year, he took two classes in psychology and two classes in philosophy; both of these became core interests for him for the rest of his life. He socialized with wealthy young people, but lived in relative poverty and worked as a dishwasher in a Chinese restaurant.


=== 1964–1965: Oakland ===
Lee dropped out of university in early 1964 and moved to Oakland to live with James Yimm Lee. James Lee was twenty years senior to Lee and a well-known Chinese martial artist in the area. Together, they founded the second Jun Fan martial arts studio in Oakland. James Lee was responsible for introducing Lee to Ed Parker, an American martial artist. At the invitation of Parker, Lee appeared in the 1964 Long Beach International Karate Championships. He performed repetitions of two-finger push-ups, using the thumb and the index finger of one hand, with feet at approximately shoulder-width apart.
In the same Long Beach event, he also performed the ""one-inch punch"". Lee stood upright, his right foot forward with knees bent slightly, in front of a standing, stationary partner. Lee's right arm was partly extended and his right fist was approximately one inch (2.5 cm) away from the partner's chest. Without retracting his right arm, Lee then forcibly delivered the punch to volunteer Bob Baker while largely maintaining his posture. This sent Baker backward and falling into a chair placed behind Baker to prevent injury, though Baker's momentum caused him to fall to the floor. Baker recalled, ""I told Bruce not to do this type of demonstration again. When he punched me that last time, I had to stay home from work because the pain in my chest was unbearable"". It was at the 1964 championships that Lee first met Taekwondo master Jhoongoo Rhee. The two developed a friendship— a relationship from which they benefited as martial artists. Rhee taught Lee the side kick in detail, and Lee taught Rhee the ""non-telegraphic"" punch.
At the Long Beach event, he also publicly criticized a number of classical karate and kung fu styles and argued for modernizing martial arts. This was a highly controversial presentation that convinced some spectators, while offending others. Subsequently, he appeared at the Sun Sing Theatre to present his new approach to the Chinatown, Oakland, community. More traditional kung fu practitioners took Lee's claims as an open challenge.
In 1964, Lee had a controversial private match with Wong Jack-man. Jack-man was a direct student of Ma Kin Fung, known for his mastery of Xingyiquan, Northern Shaolin, and tai chi. According to Lee, the Chinese community issued an ultimatum to him to stop teaching non-Chinese people. When he refused to comply, he was challenged to a combat match with Wong. The arrangement was that if Lee lost, he would have to shut down his school, while if he won, he would be free to teach white people, or anyone else. Wong denied this, stating that he requested to fight Lee after Lee boasted during one of his demonstrations at a Chinatown theater that he could beat anyone in San Francisco, and that Wong himself did not discriminate against whites or other non-Chinese people. Lee commented, ""That paper had all the names of the sifu from Chinatown, but they don't scare me"". Individuals known to have witnessed the match include Cadwell, James Lee (Bruce Lee's associate, no relation), and William Chen, a teacher of tai chi.
Wong and William Chen stated that the fight lasted an unusually long 20–25 minutes. Wong claims that although he had originally expected a serious but polite bout, Lee aggressively attacked him with the intent to kill. When Wong presented the traditional handshake, Lee appeared to accept the greeting, but instead, Lee allegedly thrust his hand as a spear aimed at Wong's eyes. Forced to defend his life, Wong asserted that he refrained from striking Lee with killing force when the opportunity presented itself because it could have earned him a prison sentence, but used illegal cufflings under his sleeves. According to Michael Dorgan's 1980 book Bruce Lee's Toughest Fight, the fight ended due to Lee's ""unusually winded"" condition, as opposed to a decisive blow by either fighter.
However, according to Bruce Lee, Linda Lee Cadwell, and James Yimm Lee, the fight lasted a mere three minutes with a decisive victory for Lee. In Cadwell's account, ""The fight ensued, it was a no-holds-barred fight, it took three minutes. Bruce got this guy down to the ground and said 'Do you give up?' and the man said he gave up."" A couple of weeks after the bout, Lee gave an interview claiming that he had defeated an unnamed challenger, which Wong says was an obvious reference to him.
In response, Wong published his account of the fight in the Pacific Weekly, a Chinese-language newspaper in San Francisco, with an invitation to a public rematch if Lee was not satisfied with the account. Lee did not respond to the invitation despite his reputation for violently responding to every provocation. There were no further public announcements by either, though Lee continued to teach non-Chinese people. Lee was unhappy with the outcome of the fight, and the experience led him to pursue further innovations in his personal style of martial arts.
Lee had abandoned thoughts of a film career in favor of pursuing martial arts. However, a martial arts exhibition in Long Beach in 1964 eventually led to the invitation by television producer William Dozier for an audition for a role in the pilot for ""Number One Son"" about Lee Chan, the son of Charlie Chan. The show never materialized, but Dozier saw potential in Lee.


=== 1966–1970: American roles and creating Jeet Kune Do ===

From 1966 to 1967, Lee played the role of Kato alongside the title character played by Van Williams in the TV series produced and narrated by William Dozier titled The Green Hornet, based on the radio show by the same name. The show ran for one season (26 episodes) from September 1966 to March 1967. Lee and Williams also appeared as their characters in three crossover episodes of Batman, another William Dozier-produced television series.
The Green Hornet introduced the adult Bruce Lee to an American audience and became the first popular American show presenting Asian-style martial arts. The show's director wanted Lee to fight in the typical American style using fists and punches. As a professional martial artist, Lee refused, insisting that he should fight in the style of his expertise. At first, Lee moved so fast that his movements could not be caught on film, so he had to slow them down. The American martial arts community promoted the TV show and viewed Lee as their first mainstream star.
During the show's production, Lee became friends with Gene LeBell, who worked as a stuntman in the show. The two trained together and exchanged martial arts knowledge from their respective specialties. After the show was canceled in 1967, Lee wrote to Dozier thanking him for starting ""my career in show business"".

After filming one season of The Green Hornet, Lee found himself out of work and opened the Jun Fan Gung Fu Institute in Chinatown, Los Angeles. The controversial match with Wong Jack-man influenced Lee's philosophy about martial arts. Lee concluded that the fight had lasted too long and that he had failed to live up to his potential using his Wing Chun techniques. He took the view that traditional martial arts techniques were too rigid and formalized to be practical in scenarios of chaotic street fighting. Lee decided to develop a system with an emphasis on ""practicality, flexibility, speed, and efficiency"". He started to use different methods of training such as weight training for strength, running for endurance, stretching for flexibility, and many others, which he constantly adapted, including fencing and basic boxing techniques.
Jeet Kune Do originated in 1967. The name means ""way of the intercepting fist"" in Cantonese. This was a new hybrid system that took footwork from boxing, kicks from kung fu, and technique from fencing. Lee emphasized what he called ""the style of no style"". This consisted of getting rid of the formalized approach that Lee claimed was indicative of traditional styles. Lee felt that even the system he now called Jun Fan Gung Fu was too restrictive, and it eventually evolved into a philosophy and martial art he would come to call Jeet Kune Do or the Way of the Intercepting Fist. It is a term he would later regret, because Jeet Kune Do implied specific parameters that styles connote, whereas the idea of his martial art was to exist outside of parameters and limitations.
At the time, two of Lee's martial arts students were Hollywood script writer Stirling Silliphant and actor James Coburn. In 1969, the three worked on a script for a film titled The Silent Flute, and they went together on a location-hunt to India. The project was not realized at the time, but the 1978 film Circle of Iron, starring David Carradine, was based on the same plot. In 2010, producer Paul Maslansky was reported to have planned and received funding for a film based on the original script for The Silent Flute.
In 1969, Lee made a brief appearance in the Silliphant-penned film Marlowe, where he played a hoodlum hired to intimidate private detective Philip Marlowe, played by James Garner, who uses his martial arts abilities to commit acts of vandalization to intimidate Marlowe. The same year, he was credited as the karate advisor in The Wrecking Crew, the fourth installment of the Matt Helm comedy spy-fi film starring Dean Martin. Also that year, Lee acted in one episode of Here Come the Brides and Blondie.
In 1970, Lee was responsible for producing the fight choreography of A Walk in the Spring Rain, starring Ingrid Bergman and Anthony Quinn, again written by Silliphant.


=== 1971–1973: Hong Kong films, stardom, and Hollywood breakthrough ===

In 1971, Lee appeared in four episodes of the television series Longstreet, written by Silliphant. Lee played Li Tsung, the martial arts instructor of the title character Mike Longstreet, played by James Franciscus, and important aspects of his martial arts philosophy were written into the script. According to statements made by Lee, and also by Linda Lee Cadwell after Lee's death, Lee pitched a television series of his own in 1971, tentatively titled The Warrior, discussions of which were confirmed by Warner Bros. During a December 9, 1971, television interview on The Pierre Berton Show, Lee stated that both Paramount and Warner Bros. wanted him ""to be in a modernized type of a thing and that they think the Western idea is out, whereas I want to do the Western"".
According to Cadwell, Lee's concept was retooled and renamed Kung Fu, but Warner Bros. gave Lee no credit. Warner Bros. states that they had for some time been developing an identical concept, created by two writers and producers, Ed Spielman and Howard Friedlander in 1969, as stated also by Lee's biographer Matthew Polly. According to these sources, the reason Lee was not cast was because he had a thick accent, but Fred Weintraub attributes that to his ethnicity.
The role of the Shaolin monk in Kung Fu was eventually awarded to then-non-martial artist David Carradine. In an interview with The Pierre Berton Show, Lee stated he understood Warner Bros.' attitudes towards casting in the series: ""They think that business-wise it is a risk. I don't blame them. If the situation were reversed, and an American star were to come to Hong Kong, and I was the man with the money, I would have my own concerns as to whether the acceptance would be there"".
Producer Fred Weintraub had advised Lee to return to Hong Kong and make a feature film that he could showcase to executives in Hollywood. Not happy with his supporting roles in the US, Lee returned to Hong Kong. Unaware that The Green Hornet had been played to success in Hong Kong and was unofficially referred to as ""The Kato Show"", he was surprised to be recognized as the star of the show. After negotiating with both Shaw Brothers Studio and Golden Harvest, Lee signed a film contract to star in two films produced by Golden Harvest.

Lee played his first leading role in The Big Boss (1971), which proved to be an enormous box-office success across Asia and catapulted him to instant stardom in Hong Kong. He followed up with Fist of Fury (1972), which broke the box office records set previously by The Big Boss, with film critic Blake Howard writing that Lee was ""cresting the wave of international super-stardom"". Having finished his initial two-year contract, Lee negotiated a new deal with Golden Harvest. Lee later formed his own company, Concord Production Inc., with Chow. For his third film, The Way of the Dragon (1972), he was given complete control of the film's production as the writer, director, star, and choreographer of the fight scenes. In 1964, at a demonstration in Long Beach, California, Lee met karate champion Chuck Norris. In The Way of the Dragon Lee introduced Norris to moviegoers as his opponent. Their showdown has been characterized as ""one of the best fight scenes in martial arts and film history"". Fist of Fury and Way of the Dragon grossed an estimated US$100 million and US$130 million worldwide, respectively.
From August to October 1972, Lee began work on his fourth Golden Harvest film, Game of Death. He began filming some scenes, including his fight sequence with 7 ft 2 in (218 cm) American basketball star Kareem Abdul-Jabbar, a former student. Production stopped in November 1972 when Warner Bros. offered Lee the opportunity to star in Enter the Dragon, the first film to be produced jointly by Concord, Golden Harvest, and Warner Bros. Filming began in Hong Kong in February 1973 and was completed in April 1973.
One month into the filming, another production company, Starseas Motion Pictures, promoted Lee as a leading actor in Fist of Unicorn, although he had merely agreed to choreograph the fight sequences in the film as a favor to his long-time friend Unicorn Chan. Lee planned to sue the production company but retained his friendship with Chan. However, only a few months after the completion of Enter the Dragon, and six days before its July 26, 1973, release, Lee died.
Enter the Dragon went on to become one of the year's highest-grossing films and cemented Lee as a martial arts legend. It was made for US$850,000 in 1973, the equivalent of $4 million adjusted for inflation as of 2007. Enter the Dragon is estimated to have grossed over $400 million worldwide, the equivalent of over $2 billion adjusted for inflation as of 2022. The TV show Kung Fu starring David Carradine debuted in February 1972, reaching #1 by mid-1973 further contributing to a fad in martial arts. The song ""Kung Fu Fighting"" and Marvel's Master of Kung Fu comic book came out in 1974.


=== 1978–present: posthumous work ===
 Robert Clouse, the director of Enter the Dragon, together with Golden Harvest, revived Lee's unfinished film Game of Death. Lee had shot over 100 minutes of footage, including outtakes, for Game of Death before shooting was stopped to allow him to work on Enter the Dragon. In addition to Abdul-Jabbar, George Lazenby, Hapkido master Ji Han-jae, and another of Lee's students, Dan Inosanto, appeared in the film, which culminated in Lee's character, Hai Tien, clad in a yellow tracksuit taking on a series of different challengers on each floor as they make their way through a five-level pagoda.
In a controversial move, Robert Clouse finished the film using a Lee look-alike (Kim Tai Chung, with Yuen Biao as a stunt double) and archive footage of Lee from his other films with a new storyline and cast. It was released in 1978. The cobbled-together film contained only fifteen minutes of actual footage of Lee. The unused footage Lee had filmed was recovered 22 years later and included in the documentary Bruce Lee: A Warrior's Journey.

In 1972, after the success of The Big Boss and Fist of Fury, a third film was planned by Raymond Chow at Golden Harvest to be directed by Lo Wei, titled Yellow-Faced Tiger. However, at the time, Lee decided to direct and produce his script for Way of the Dragon instead. Although Lee had formed a production company with Raymond Chow, a period film was also planned from September–November 1973 with the competing Shaw Brothers Studio, to be directed by either Chor Yuen or Cheng Kang, and written by Yi Kang and Chang Cheh, titled The Seven Sons of the Jade Dragon.
In 2015, Perfect Storm Entertainment and Bruce Lee's daughter, Shannon Lee, announced that the series The Warrior would be produced and would air on Cinemax. Filmmaker Justin Lin was chosen to direct the series. Production began in October 2017, in Cape Town, South Africa. In April 2019, Cinemax renewed the series for a second season. The series ended after three seasons, in 2023.
In March 2021, it was announced that producer Jason Kothari had acquired the rights to The Silent Flute ""to become a miniseries, which would have John Fusco as a screenwriter and executive producer.


=== Unproduced works ===
Lee had also worked on several scripts himself. A tape containing a recording of Lee narrating the basic storyline to a film tentatively titled Southern Fist/Northern Leg exists, showing some similarities with the canned script for The Silent Flute (Circle of Iron). Another script had the title Green Bamboo Warrior, set in San Francisco, planned to co-star Bolo Yeung and to be produced by Andrew Vajna. Photoshoot costume tests were organized for some of these planned film projects.


== Martial arts and fitness ==

Lee's films are known for popularising the side kick, roundhouse kick, grappling, spinning heel kick, armbar, weapons such as the nunchaku, and his distinctive kiai. Lee was also known for popularising the one-inch punch and the two-finger push-up.


=== Striking ===
Lee's first introduction to martial arts was through his father, from whom he learned the fundamentals of Wu-style tai chi. In his teens, Lee became involved in Hong Kong gang conflicts, which led to frequent street fights. The largest influence on Lee's martial arts development was his study of Wing Chun. Lee was 16 years old under the Wing Chun teacher Ip Man, between late 1956 and 1957, after losing to rival gang members.
Ip's regular classes generally consisted of form practice, chi sao (sticking hands) drills, wooden dummy techniques, and free sparring. There was no set pattern for the classes. Other Chinese martial arts styles Lee trained in were Northern Praying Mantis, Southern Praying Mantis, Eagle Claw, Tan Tui, Law Hon, Mizongyi, Wa K'ung, Monkey, Southern Dragon, Fujian White Crane, Choy Li Fut, Hung Gar, Choy Gar, Fut Gar, Mok Gar, Yau Kung Moon, Li Gar, and Lau Gar. Martial arts expert Donn F. Draeger regarded Lee as worthy of a Kyokushin 6th dan by the standards of the 1970s.
Lee was trained in boxing, between 1956 and 1958, by Brother Edward, coach of the St. Francis Xavier's College boxing team. Lee went on to win the Hong Kong Schools boxing tournament in 1958 while scoring knockdowns against the previous champion Gary Elms in the final. After moving to the United States, Lee was heavily influenced by heavyweight boxing champion Muhammad Ali, whose footwork he studied and incorporated into his style in the 1960s.
Lee demonstrated his Jeet Kune Do martial arts at the Long Beach International Karate Championships in 1964 and 1968, with the latter having higher-quality video footage available. Lee is seen demonstrating quick eye strikes before his opponent can block and demonstrating the one-inch punch on several volunteers. He demonstrates chi sao drills while blindfolded against an opponent, probing for weaknesses in his opponent while scoring with punches and takedowns. Lee then participates in a full-contact sparring bout against an opponent, with both wearing leather headgear.
Lee is seen implementing his Jeet Kune Do concept of economical motion, using Ali-inspired footwork to keep out of range while counter-attacking with backfists and straight punches. He halts attacks with stop-hit side kicks and quickly executes several sweeps and head kicks. The opponent repeatedly attempts to attack Lee but is never able to connect with a clean hit; he is once able to come close with a spin kick, but Lee counters it. The footage was reviewed by Black Belt magazine in 1995, concluding that ""the action is as fast and furious as anything in Lee's films.""
It was at the 1964 championships that Lee first met taekwondo master Jhoongoo Rhee. While Rhee taught Lee the side kick in detail, Lee taught Rhee the ""non-telegraphic"" punch. Rhee learned what he calls the ""accupunch"" from Lee and incorporated it into American taekwondo. The ""accupunch"" is a rapid fast punch that is very difficult to block, based on human reaction time—""the idea is to finish the execution of the punch before the opponent can complete the brain-to-wrist communication.""
Lee commonly used the oblique kick, made popular much later in mixed martial arts. It is called the jeet tek, ""stop kick"" or ""intercepting kick"", in Jeet Kune Do.


=== Grappling ===
Lee favored cross-training between different fighting styles, and had a particular interest in grappling. Lee trained with several judo practitioners in Seattle and California, among them Fred Sato, Jesse Glover, Taky Kimura, Hayward Nishioka, and Wally Jay, as well as Gene LeBell. Many of his first students were proficient in judo and other arts, and he learned as much as he taught. After befriending LeBell on the set of The Green Hornet, Lee offered to teach him striking arts in exchange for being taught grappling techniques. LeBell had been taught catch wrestling by prestigious grapplers Lou Thesz and Ed Lewis, and notable techniques of both judo and catch wrestling can be seen in Lee's Tao of Jeet Kune Do. He also learned grappling moves from hapkido master Ji Han-jae.
According to Glover, Lee only found judo ineffective in the action of getting hold of the opponent. In their first training together, Glover showed Lee an osoto gari, which Lee considered not a bad technique, but he disliked that Glover had needed to hold onto Lee. While in Seattle, Lee developed anti-grappling techniques against opponents trying to tackle him or take him to the ground. Glover recalled that Lee ""definitely would not go to the ground if he had the opportunity to get you standing up"". Nonetheless, Lee expressed to LeBell a wish to integrate judo into his fighting style. He incorporated the osoto gari into Jeet Kune Do, among other throws, armlocks and chokeholds from judo.
Although Lee opined that grappling was of little use in action choreography because it was not visually distinctive, he showcased grappling moves in his films, such as Way of the Dragon, where his character finishes his opponent Chuck Norris with a neck hold inspired by LeBell, and Enter the Dragon, whose prolog features Lee submitting his opponent Sammo Hung with an armbar. Game of Death also features Lee and Han-jae exchanging grappling moves, as well as Lee using wrestling against the character played by Kareem Abdul-Jabbar.
Lee was also influenced by the training routine of The Great Gama, an Indian/Pakistani pehlwani wrestling champion known for his grappling strength. Lee incorporated Gama's exercises into his training routine.


=== Street fighting ===
Another major influence on Lee was Hong Kong's street fighting culture in the form of rooftop fights. In the mid-20th century, soaring crime in Hong Kong, combined with limited Hong Kong Police manpower, led to many young Hongkongers learning martial arts for self-defense. Around the 1960s, there were about 400 martial arts schools in Hong Kong, teaching their distinctive styles of martial arts. In Hong Kong's street fighting culture, there emerged a rooftop fight scene in the 1950s and 1960s, where gangs from rival martial arts schools challenged each other to bare-knuckle fights on Hong Kong's rooftops, to avoid crackdowns by British colonial authorities. Lee frequently participated in these Hong Kong rooftop fights. He combined different techniques from different martial arts schools into his own hybrid martial arts style.
When Lee returned to Hong Kong in the early 1970s, his reputation as ""the fastest fist in the east"" routinely led to locals challenging him to street fights. He sometimes accepted these challenges and engaged in street fights, which led to some criticism from the press portraying him as violent at the time.


=== Fitness ===
At 172 cm (5 ft 8 in) and weighing 64 kg (141 lb), Lee was renowned for his physical fitness and vigor, achieved by using a dedicated fitness regimen to become as strong as possible. After his match with Wong Jack-man in 1965, Lee changed his approach toward martial arts training. Lee felt that many martial artists of his time did not spend enough time on physical conditioning. Lee included all elements of total fitness—muscular strength, muscular endurance, cardiovascular endurance, and flexibility. He used traditional bodybuilding techniques to build some muscle mass, though not overdone, as that could decrease speed or flexibility. At the same time, concerning balance, Lee maintained that mental and spiritual preparation are fundamental to the success of physical training in martial arts skills. In Tao of Jeet Kune Do he wrote:

Training is one of the most neglected phases of athletics. Too much time is given to the development of skill and too little to the development of the individual for participation. ... JKD, ultimately is not a matter of petty techniques but of highly developed spirituality and physique.
According to Linda Lee Cadwell, soon after he moved to the United States, Lee started to take nutrition seriously and developed an interest in health foods, high-protein drinks, and vitamin and mineral supplements. He later concluded that achieving a high-performance body was akin to maintaining the engine of a high-performance automobile. Allegorically, as one could not keep a car running on low-octane fuels, one could not sustain one's body with a steady diet of junk food, and with ""the wrong fuel"", one's body would perform sluggishly or sloppily.
Lee avoided baked goods and refined flour, describing them as providing empty calories that did nothing for his body. He was known for being a fan of Asian cuisine for its variety and often ate meals with a combination of vegetables, rice, and fish. Lee had a dislike for dairy products and as a result, used powdered milk in his diet.
Dan Inosanto recalls Lee practiced meditation as the first action on his schedule.


== Artistry ==


=== Philosophy ===
While best known as a martial artist, Lee studied drama and Asian and Western philosophy, starting while a student at the University of Washington. He was well-read and had an extensive library dominated by martial arts subjects and philosophical texts. His books on martial arts and fighting philosophy are known for their philosophical assertions, both inside and outside of martial arts circles. His eclectic philosophy often mirrored his fighting beliefs, though he was quick to say that his martial arts were solely a metaphor for such teachings.
He believed that any knowledge ultimately led to self-knowledge. He said that his chosen method of self-expression was martial arts. His influences include Taoism and Buddhism. Lee's philosophy was very much in opposition to the conservative worldview advocated by Confucianism. John Little states that Lee was an atheist. When asked in 1972 about his religious affiliation, he replied, ""None whatsoever"". When asked if he believed in God, he said, ""To be perfectly frank, I really do not.""
In his notebooks, Lee cited and commented on passages from Plato, David Hume, René Descartes, and Thomas Aquinas, from Western philosophy, and Lao-tzu, Chuang-tzu, Miyamoto Musashi, and Alan Watts from Eastern thought. He was particularly interested in the Indian mystic Jiddu Krishnamurti.


=== Poetry ===
Aside from martial arts and philosophy, which focus on the physical aspect and self-consciousness for truths and principles, Lee also wrote poetry that reflected his emotions and a stage in his life collectively. Many forms of art remain concordant with the artist creating them. Lee's principle of self-expression was applied to his poetry as well. His daughter Shannon Lee said, ""He did write poetry; he was really the consummate artist.""
His poetic works were originally handwritten on paper, then later on edited and published, with John Little being the major author (editor), for Bruce Lee's works. Linda Lee Cadwell (Bruce Lee's wife) shared her husband's notes, poems, and experiences with followers. She mentioned, ""Lee's poems are, by American standards, rather dark—reflecting the deeper, less exposed recesses of the human psyche"".
Most of Bruce Lee's poems are categorized as anti-poetry or fall into a paradox. The mood in his poems shows the side of the man that can be compared with other poets such as Robert Frost, one of many well-known poets expressing himself with dark poetic works. The paradox taken from the Yin and Yang symbol in martial arts was also integrated into his poetry. His martial arts and philosophy contribute a great part to his poetry. The free verse form of Lee's poetry reflects his quote ""Be formless ... shapeless, like water.""


== Personal life ==


=== Names ===
Lee's Cantonese birth name was Lee Jun-fan (李振藩). The name homophonically means ""return again"", and was given to Lee by his mother, who felt he would return to the United States once he came of age. Because of his mother's superstitious nature, she had originally named him Sai-fon (細鳳), which is a feminine name meaning ""small phoenix"". The English name ""Bruce"" is thought to have been given by the hospital's attending physician, Dr. Mary Glover.
Lee had three other Chinese names: Lee Yuen-cham (李源鑫), a family/clan name; Lee Yuen-kam (李元鑒), which he used as a student name while he was attending La Salle College, and his Chinese screen name Lee Siu-lung (李小龍; Siu-lung means ""little dragon""). Lee's given name Jun-fan was originally written in Chinese as 震藩; however, the Jun (震) Chinese character was identical to part of his grandfather's name, Lee Jun-biu (李震彪). Hence, the Chinese character for Jun in Lee's name was changed to the homonym 振 instead, to avoid naming taboo in Chinese tradition.


=== Family ===
Lee's father, Lee Hoi-chuen, was one of the leading Cantonese opera and film actors at the time and was embarking on a year-long opera tour with his family on the eve of the Japanese invasion of Hong Kong. Lee Hoi-chuen had been touring the United States for many years and performing in numerous Chinese communities there.
Although many of his peers decided to stay in the US, Lee Hoi-chuen returned to Hong Kong after Bruce's birth. Within months, Hong Kong was invaded and the Lees lived for three years and eight months under Japanese occupation. After the war ended, Lee Hoi-chuen resumed his acting career and became a more popular actor during Hong Kong's rebuilding years.
Grace was from one of the wealthiest and most powerful clans in Hong Kong, the Ho-tungs. She was the half-niece of Sir Robert Ho-tung, the Eurasian patriarch of the clan. As such, the young Bruce Lee grew up in an affluent and privileged environment. Despite the advantage of his family's status, the neighborhood in which Lee grew up became overcrowded, dangerous, and full of gang rivalries due to an influx of refugees fleeing communist China for Hong Kong, at that time a British Crown Colony.
Grace is reported as either the adopted or biological daughter of Ho Kom-tong (Ho Gumtong, 何甘棠) and the half-niece of Sir Robert Ho-tung, both notable Hong Kong businessmen and philanthropists. Bruce was the fourth of five children: Phoebe Lee (李秋源), Agnes Lee (李秋鳳), Peter Lee, and Robert Lee.

Grace's parentage remains unclear. Linda Lee, in her 1989 biography The Bruce Lee Story, suggests that Grace had a German father and was a Catholic. Bruce Thomas, in his 1994 biography Bruce Lee: Fighting Spirit, suggests that Grace had a Chinese mother and a German father. Lee's relative Eric Peter Ho, in his 2010 book Tracing My Children's Lineage, suggests that Grace was born in Shanghai to a Eurasian woman named Cheung King-sin. Eric Peter Ho said that Grace Lee was the daughter of a mixed-race Shanghainese woman and her father was Ho Kom Tong. Grace Lee herself reported that her mother was English and her father was Chinese. Fredda Dudley Balling said Grace Lee was three-quarters Chinese and one-quarter British.
In the 2018 biography Bruce Lee: A Life, Matthew Polly identifies Lee's maternal grandfather as Ho Kom-tong, who had often been reported as his adoptive grandfather. Ho Kom-tong's father, Charles Maurice Bosman, was a Dutch Jewish businessman from Rotterdam. He moved to Hong Kong with the Dutch East India Company and served as the Dutch consul to Hong Kong at one time. He had a Chinese concubine named Sze Tai with whom he had six children, including Ho Kom Tong. Bosman subsequently abandoned his family and immigrated to California. Ho Kom Tong became a wealthy businessman with a wife, 13 concubines, and a British mistress who gave birth to Grace.
His younger brother Robert Lee Jun-fai is a musician and singer; he performed in the Hong Kong group The Thunderbirds. A few singles were sung mostly or all in English. Also released was Lee singing a duet with Irene Ryder. Lee Jun-fai lived with Lee in Los Angeles in the United States and stayed. After Lee's death, Lee Jun-fai released an album and a single by the same name dedicated to Lee called ""The Ballad of Bruce Lee"".
While studying at the University of Washington he met his future wife Linda Emery, a fellow student studying to become a teacher. As relations between people of different races were still banned in many US states, they married in secret in August 1964. Lee had two children with Linda: Brandon (1965–1993) and Shannon Lee (born 1969). Upon's Lee passing in 1973, Linda continued to promote Bruce Lee's martial art Jeet Kune Do. She wrote the 1975 book Bruce Lee: The Man Only I Knew, on which the 1993 feature film Dragon: The Bruce Lee Story was based. In 1989, she wrote the book The Bruce Lee Story. She retired in 2001 from the family estate.
Lee died when his son Brandon was eight years old. While alive, Lee taught Brandon martial arts and would invite him to visit sets. This gave Brandon the desire to act and he went on to study the craft. As a young adult, Brandon Lee found some success acting in action-oriented pictures such as Legacy of Rage (1986), Showdown in Little Tokyo (1991), and Rapid Fire (1992). In 1993, at the age of 28, Brandon Lee died after being accidentally shot by a prop gun on the set of The Crow.
Lee died when his daughter Shannon was four. In her youth she studied Jeet Kune Do under Richard Bustillo, one of her father's students; however, her serious studies did not begin until the late 1990s. To train for parts in action movies, she studied Jeet Kune Do with Ted Wong.


=== Friends, students, and contemporaries ===
Lee's brother Robert with his friends Taky Kimura, Dan Inosanto, Steve McQueen, James Coburn, and Peter Chin were his pallbearers. Coburn was a martial arts student and a friend of Lee. Coburn worked with Lee and Stirling Silliphant on developing The Silent Flute. Upon Lee's early death, at his funeral, Coburn gave a eulogy. Regarding McQueen, Lee made no secret that he wanted everything McQueen had and would stop at nothing to get it. Inosanto and Kimura were friends and disciples of Lee. Inosanto would go on to train Lee's son Brandon. Kimura continued to teach Lee's craft in Seattle. According to Lee's wife, Chin was a lifelong family friend and a student of Lee.
James Yimm Lee (no relation) was one of Lee's three personally certified 3rd rank instructors and co-founded the Jun Fan Gung Fu Institute in Oakland where he taught Jun Fan Gung Fu in Lee's absence. James was responsible for introducing Lee to Ed Parker, the organizer of the Long Beach International Karate Championships, where Lee was first introduced to the martial arts community. Hollywood couple Roman Polański and Sharon Tate studied martial arts with Lee. Polański flew Lee to Switzerland to train with him. Tate studied with Lee in preparation for her role in The Wrecking Crew. After Tate was murdered by the Manson Family, Polański initially suspected Lee.
Screenwriter Stirling Silliphant was a martial arts student and a friend of Lee. Silliphant worked with Lee and James Coburn on developing The Silent Flute. Lee acted and provided his martial arts expertise in several projects penned by Silliphant, the first in Marlowe (1969) where Lee plays Winslow Wong a hoodlum well-versed in martial arts. Lee also did fight choreographies for the film A Walk in the Spring Rain (1970) and played Li Tsung, a Jeet Kune Do instructor who teaches the main character in the television show Longstreet (1971). Elements of his martial arts philosophy were included in the script for the latter.
Basketball player Kareem Abdul-Jabbar studied martial arts and developed a friendship with Lee. Actor and karate champion Chuck Norris was a friend and training partner of Lee's. After Lee's death, Norris said he kept in touch with Lee's family. Judoka and professional wrestler Gene LeBell became a friend of Lee on the set of The Green Hornet. They trained together and exchanged their knowledge of martial arts.
Taiwanese actress Betty Ting immediately came under media's spotlight after it was revealed that Bruce Lee was found unconscious at her flat before his death. At her testimony Ting said she was asked by producer Raymond Chow, who in turn was told by Lee's family, not to disclose that Lee was at her apartment, which contributed to the misinformation that Lee died at his own house. Ting later said that Lee fell in love with her and the two shared a close relation. Her constant presence by Lee's side earned her the affectionate nickname of ""Little Dragon Girl"" (or Bruce's Girl).


=== Drug use ===
In July 2021 a private collection of over 40 handwritten letters Lee made to fellow Fist of Fury actor Robert ""Bob"" Baker was sold for $462,500 at Heritage Auctions. These letters were written from 1967 to 1973 and included requests by Lee for Baker to mail him cocaine, pain killers, psilocybin and other drugs for his personal use. Doctor Poon Wai-ming in Hong Kong said cocaine could have caused his collapse in May 1973, two months before his death.


== Death ==

On May 10, 1973, Lee collapsed during an automated dialogue replacement session for Enter the Dragon at Orange Sky Golden Harvest Film Studio in Hong Kong. Because he was having epileptic seizures and headaches, he was rushed to Hong Kong Baptist Hospital, where doctors diagnosed cerebral edema. He had a high fever and was completely unconscious without any signs of breathing. They were able to reduce the swelling through the administration of mannitol. A brain scan in the United States after this diagnosed Bruce Lee with convulsive disorder.
On July 20, 1973, Lee was in Hong Kong planning to have dinner with actor George Lazenby, with whom he intended to make a film. According to Lee's wife Linda and testimony at Lee's coroner's court, Lee met producer Raymond Chow at 2 p.m. at home to discuss the making of the film Game of Death. They worked until 4 p.m. and then drove together to the home of Lee's colleague Betty Ting arriving at around 5. The three then went over the script at Ting's home. At around 7 Lee, having a headache, took a painkiller from Ting and took a nap. Chow left around an hour later to attend a dinner meeting with Lazenby, which Lee was expected to join later.
When Lee did not arrive at the dinner, Chow came to the apartment at around 9:45 p.m., but he was unable to wake Lee up. Chu Poh-hwye, a private doctor of Ting, was summoned at 10, as Lee's doctor was unreachable, and spent ten minutes attempting to revive Lee, who by then no longer had any vital signs, before sending him by ambulance to Queen Elizabeth Hospital. Lee was declared dead on arrival at the age of 32.
Lee was buried in Lake View Cemetery in Seattle. Pallbearers at Lee's funeral on July 25, 1973, included Taky Kimura, Steve McQueen, James Coburn, Dan Inosanto, Peter Chin, and Lee's brother Robert.


=== Possible causes of death ===
Donald Teare, a senior British pathologist recommended by Scotland Yard who had overseen over 1,000 autopsies, was assigned to perform an autopsy on Lee. His conclusion was ""death by misadventure"" caused by cerebral edema due to a reaction to compounds present in the combination medication Equagesic. According to autopsy reports, Lee's brain had swollen from 1,400 to 1,575 grams, a 12.5% increase. Lee had taken Equagesic on the day of his death, which contained both aspirin and the sedative meprobamate, although he had taken it many times before. The Coroner's Court unanimously returned a ""death by misadventure"" verdict.
Lee's iconic status and untimely death fed many rumors and theories. These included murder involving the triads and a supposed curse on him and his family. Tabloids and magazines in Hong Kong publicised multiple conspiracy theories on Lee's death for viewership.
Although there was initial speculation that cannabis found in Lee's stomach may have contributed to his death, Teare said it would ""be both 'irresponsible and irrational' to say that [cannabis] might have triggered either the events of Bruce's collapse on May 10 or his death on July 20"". R. R. Lycette, the clinical pathologist at Queen Elizabeth Hospital, reported at the coroner hearing that the death could not have been caused by cannabis. The Armed Forces Institute of Pathology of the United States concluded that they were unable to attribute Lee's death to cannabis intoxication.
In a 2018 biography, author Matthew Polly consulted with medical experts and theorized that the cerebral edema that killed Lee had been caused by over-exertion and heat stroke; heat stroke was not considered at the time because it was then a poorly understood condition. Furthermore, Lee had his underarm sweat glands removed in late 1972, in the belief that underarm sweat was unphotogenic on film. Polly further theorized that this caused Lee's body to overheat while practicing in hot temperatures on May 10 and July 20, 1973, resulting in heat stroke that in turn exacerbated the cerebral edema that led to his death.
In an article in the December 2022 issue of Clinical Kidney Journal, a team of researchers examined the various theories regarding Lee's cause of death, and concluded that his fatal cerebral edema was brought on by hyponatremia, an insufficient concentration of sodium in the blood. The authors noted that several risk factors predisposed Lee to hyponatremia, including excessive water intake, insufficient solute intake, alcohol consumption, and use or overuse of multiple drugs that impair the ability of the kidneys to excrete excess fluids. Lee's symptoms before his death were also found to closely match known cases of fatal hyponatremia.
In July 2025, the Hong Kong TVB program ""Ctrl+F The Truth"" concluded that Lee died of sudden unexpected death in epilepsy, based on opinions from medical experts, after other causes of death, including cerebral edema caused by aspirin allergy, which had been suspected by the court, were considered unlikely. It was presumed that a lack of professional knowledge or attempts to protect Lee's legacy hid the true cause of his death at the time.


== Legacy and cultural impact ==

Lee is considered by some commentators and martial artists to be the most influential martial artist of all time, and a pop culture icon of the 20th century, who bridged the gap between East and West. Time named Lee one of the 100 most important people of the 20th century.
A number of biography books have been written about Lee, one of which  has sold more than 4 million copies by 1988.


=== Action films ===

Lee was largely responsible for launching the ""kung fu craze"" of the 1970s. He initially introduced kung fu to the West with American television shows such as The Green Hornet and Kung Fu, before the kung fu craze began to dominate Hong Kong martial arts films in 1973. Lee's success inspired a wave of Western martial arts films and television shows throughout the 1970s–1990s (launching the careers of Western martial arts stars such as Jean-Claude Van Damme, Steven Seagal and Chuck Norris), as well as the more general integration of Asian martial arts into Western action films and television shows during the 1980s–1990s.
Enter the Dragon has been cited as one of the most influential action films of all time. Sascha Matuszak of Vice said Enter the Dragon ""is referenced in all manner of media, the plot line and characters continue to influence storytellers today, and the impact was particularly felt in the revolutionizing way the film portrayed African-Americans, Asians and traditional martial arts."" Kuan-Hsing Chen and Beng Huat Chua cited fight scenes in Lee's films such as Enter the Dragon as being influential for the way they pitched ""an elemental story of good against evil in such a spectacle-saturated way"".
A number of action filmmakers around the world have cited Bruce Lee as a formative influence on their careers, including Hong Kong action film directors Jackie Chan and John Woo, and Hollywood filmmakers such as Quentin Tarantino and Brett Ratner.


=== Martial arts and combat sports ===
Jeet Kune Do, a hybrid martial arts philosophy drawing from different combat disciplines that was founded by Lee, is sometimes credited with paving the way for the combat sport mixed martial arts (MMA). The concept of mixed martial arts was popularized in the West by Bruce Lee via his system of Jeet Kune Do. Lee believed that ""the best fighter is not a Boxer, Karate or Judo man. The best fighter is someone who can adapt to any style, to be formless, to adopt an individual's own style and not following the system of styles.""
In 2004, Ultimate Fighting Championship (UFC) founder Dana White called Lee the ""father of mixed martial arts"" and stated: ""If you look at the way Bruce Lee trained, the way he fought, and many of the things he wrote, he said the perfect style was no style. You take a little something from everything. You take the good things from every different discipline, use what works, and you throw the rest away"".
Lee was largely responsible for many people's decisions to take up martial arts. These include numerous fighters in combat sports who were inspired by Lee; boxing champion Sugar Ray Leonard said he perfected his jab by watching Lee, boxing champion Manny Pacquiao compared his fighting style to Lee, and UFC champion Conor McGregor has compared himself to Lee and said that he believes Lee would have been a champion in the UFC if he were to compete in the present day.
Lee inspired the foundation of American full-contact kickboxing tournaments by Joe Lewis and Benny Urquidez in the 1970s. American taekwondo pioneer Jhoon Goo Rhee learned from Lee what he calls the ""accupunch"", which he incorporated into American taekwondo. Rhee later coached heavyweight boxing champion Muhammad Ali and taught him the ""accupunch"", which Ali used to knockout Richard Dunn in 1975. According to heavyweight boxing champion Mike Tyson, ""everyone wanted to be Bruce Lee"" in the 1970s.
Former UFC Heavyweight Champion and Light Heavyweight Champion Jon Jones cited Lee as inspiration, with Jones known for frequently using the oblique kick to the knee, a technique that was popularized by Lee. Former UFC Middleweight Champion Anderson Silva has also cited Lee as an inspiration. Numerous other UFC fighters have cited Lee as their inspiration, with several referring to him as a ""godfather"" or ""grandfather"" of MMA.


=== Racial barriers and stereotypes ===
Lee is credited with helping to change the way Asians were presented in American films. He defied Asian stereotypes, such as the emasculated Asian male stereotype. His friend Amy Sanbo recalls that, ""In a time when so many Asians were trying to convince themselves they were white, Bruce was so proud to be Chinese he was busting with it."" In contrast to earlier stereotypes, which depicted Asian men as emasculated, childlike, coolies, or domestic servants, Lee demonstrated that Asian men could be ""tough, strong and sexy"" according to University of Michigan lecturer Hye Seung Chung. In turn, Lee's popularity inspired a new Asian stereotype, the martial artist.
In North America, his films initially played largely to black, Asian and Hispanic audiences. Within black communities, Lee's popularity was second only to heavyweight boxer Muhammad Ali in the 1970s. As Lee broke through to the mainstream, he became a rare non-white movie star in a Hollywood industry dominated by white actors at the time. According to rapper LL Cool J, Lee's films were the first time many non-white American children such as himself had seen a non-white action hero on the big screen in the 1970s.


=== Popular culture ===
Numerous entertainment and sports figures around the world have cited Lee as a major influence on their work, including martial arts actors such as Jackie Chan and Donnie Yen, actor-bodybuilder Arnold Schwarzenegger, actor-comedians such as Eddie Murphy and Eddie Griffin, actresses such as Olivia Munn and Dianne Doan, musicians such as Steve Aoki and Rohan Marley, rappers such as LL Cool J and Wu-Tang Clan leader RZA, bands such as Gorillaz, comedians such as W. Kamau Bell and Margaret Cho, basketball players Stephen Curry and Jamal Murray, skaters Tony Hawk and Christian Hosoi, and American football player Kyler Murray, among others.
Bruce Lee influenced several comic book writers, notably Marvel Comics founder Stan Lee, who considered Bruce Lee to be a superhero without a costume. Shortly after his death, Lee inspired the Marvel characters Shang-Chi (debuted 1973) and Iron Fist (debuted 1974) as well as the comic book series The Deadly Hands of Kung Fu (debuted 1974). According to Stan Lee, any character that has been a martial artist since then owes their origin to Bruce Lee in some form.
Bruce Lee was a formative influence on the development of breakdancing in the 1970s. Early breakdancing pioneers such as the Rock Steady Crew drew inspiration from kung fu moves, as performed by Lee, inspiring dance moves such as the windmill among other breaking moves.
In India, Lee's films had an influence on Hindi masala films. After the success of films such as Enter the Dragon in India, Deewaar (1975), and later Hindi films incorporated fight scenes inspired by 1970s Hong Kong martial arts films up until the 1990s. According to Indian film star Aamir Khan, when he was a child, ""almost every house had a poster of Bruce Lee"" in 1970s Bombay.
In Japan, the manga and anime franchises Fist of the North Star (1983–1988) and Dragon Ball (1984–1995) were inspired by Lee films such as Enter the Dragon. In turn, Fist of the North Star and especially Dragon Ball are credited with setting the trends for popular shōnen manga and anime from the 1980s onwards. Spike Spiegel, the protagonist from the 1998 anime Cowboy Bebop, is seen practicing Jeet Kune Do and quotes Lee.
Bruce Lee films such as Game of Death and Enter the Dragon were the foundation for video game genres such as beat 'em up action games and fighting games. The first beat 'em up game, Kung-Fu Master (1984), was based on Lee's Game of Death. The Street Fighter video game franchise (1987 debut) was inspired by Enter the Dragon, with the gameplay centered around an international fighting tournament, and each character having a unique combination of ethnicity, nationality and fighting style; Street Fighter went on to set the template for all fighting games that followed. Since then, nearly every major fighting game franchise has had a character based on Bruce Lee. In April 2014, Lee was named a featured character in the combat sports video game EA Sports UFC, and is playable in multiple weight classes.
In France, the Yamakasi cited the martial arts philosophy of Bruce Lee as an influence on their development of the parkour discipline in the 1990s, along with the acrobatics of Jackie Chan. The Yamakasi considered Lee to be the ""unofficial president"" of their group.
The Legend of Bruce Lee (2008), a Chinese television drama series based on the life of Bruce Lee, has been watched by over 400 million viewers in China, making it the most-watched Chinese television drama series of all time, as of 2017.
In November 2022, it was announced that Taiwanese filmmaker Ang Lee was directing a biopic on Bruce Lee. Ang Lee's son Mason Lee was cast to star in the movie, while Bruce Lee's daughter, Shannon Lee, is set to produce the film.
In 2024, there was a proposal to erect a statue of Bruce Lee in San Francisco. Lee's daughter is in favor, stating, ""the Bay Area is a very rich and vital part of our legacy.""
Bruce Lee appears in Hitman: World of Assassination in September 2025. Lee is reinvented as an agent in the game, assassinating opponents during a martial arts competition. The player's goal is to prevent enemies from getting in the way.


=== Tributes ===
Underworld pays tribute to Bruce Lee in their song Bruce Lee from their 1999 album Beaucoup Fish, a blend of rock, techno, and guitar riffs. According to DAFT FM, the lyrics can be interpreted as encouraging the idea of self-actualization and individuals to be true to themselves, thus paying tribute to Lee's philosophy of empowering oneself and living life to the fullest.


=== Commercials ===
Though Bruce Lee did not appear in commercials during his lifetime, his likeness and image have since appeared in hundreds of commercials around the world. Nokia launched an Internet-based campaign in 2008 with staged ""documentary-looking"" footage of Bruce Lee playing ping-pong with his nunchaku and also igniting matches as they are thrown toward him. The videos went viral on YouTube, creating confusion as some people believed them to be authentic footage.


== Honors ==


=== Awards ===
1972: Golden Horse Awards Special Technical Award
1972: Fist of Fury Special Jury Award
1994: Hong Kong Film Award for Lifetime Achievement
1999: Named by Time as one of the 100 most influential people of the 20th century
2004: Star of the Century Award
2013: The Asian Awards Founders Award


=== Statues ===
Statue of Bruce Lee (Los Angeles): unveiled June 15, 2013, Chinatown Central Plaza, Los Angeles, California
Statue of Bruce Lee (Hong Kong): 2.5 m (8.2 ft) bronze statue of Lee was unveiled on November 27, 2005, on what would have been his 65th birthday.
Statue of Bruce Lee (Mostar): The day before the Hong Kong statue was dedicated, the city of Mostar in Bosnia and Herzegovina unveiled its own 1.68 m (5.5 ft) bronze statue; supporters of the statue cited Lee as a unifying symbol against the ethnic divisions in the country, which had culminated in the 1992–95 Bosnian War.


=== Places ===
A theme park dedicated to Lee was built in Jun'an, Guangdong. Mainland Chinese only started watching Bruce Lee films in the 1980s, when videos of classic movies like Fist of Fury became available.
On January 6, 2009, it was announced that Lee's Hong Kong home (41 Cumberland Road, Kowloon, Hong Kong) would be preserved and transformed into a tourist site by Yu Pang-lin. Yu died in 2015 and this plan did not materialize. In 2018, Yu's grandson, Pang Chi-ping, said: ""We will convert the mansion into a centre for Chinese studies next year, which provides courses like Mandarin and Chinese music for children.""


== Filmography ==


== Books ==
Chinese Gung-Fu: The Philosophical Art of Self Defense (Bruce Lee's first book) – 1963
Tao of Jeet Kune Do (Published posthumously) – 1973
Bruce Lee's Fighting Method (Published posthumously) – 1978


== See also ==
Bruce Lee (comics)
Bruce Lee Library – Books written by or about Bruce Lee
Bruceploitation – Exploitation film subgenre focused on Bruce Lee
Dragon: The Bruce Lee Story – 1993 film by Rob Cohen
List of atheists in film, radio, television and theater
List of stars on the Hollywood Walk of Fame – Bruce Lee at 6933 Hollywood Blvd
Media about Bruce Lee
The Legend of Bruce Lee – Chinese television series


== Notes ==


== References ==


== Works cited ==


== Further reading ==


== External links ==

Bruce Lee Foundation
Bruce Lee at the Hong Kong Movie Database
Bruce Lee at IMDb
Bruce Lee discography at Discogs
William Dozier papers at the American Heritage Center",The answer is not supported by the context.,"Bruce Lee (traditional :李小龍; born Lee Jun-fan; 27 November 1940 – 20 July 1973) was a Chinese American martial artist , actor, martial arts instructor, philosopher, and filmmaker.",0,1,unsupported,-0.0269207288539,-0.05831407829929717,-0.5248267046936745,9,,0.11625146865844727,5.56617307255,1.37941928757,0.5741586864783411,4,1.01889393664,1.0,1.0,0.0,0.0,0.998046875,0.0011844635009765625,0.001007080078125,2.9461580555437106,0.9500815929887657,0.9924040268459471,0.5131736523778971,0.5,abstain
Q2461_1156,wikiqa,what is the icd 9 code for anterior synechiae,"Uveitis () is inflammation of the uvea, the pigmented layer of the eye between the inner retina and the outer fibrous layer composed of the sclera and cornea. The uvea consists of the middle layer of pigmented vascular structures of the eye and includes the iris, ciliary body, and choroid. Uveitis is described anatomically, by the part of the eye affected, as anterior, intermediate or posterior, or panuveitic if all parts are involved. Anterior uveitis (iridocyclitis)  is the most common, with the incidence of uveitis overall affecting approximately 1:4500, most commonly those between the ages of 20–60. Symptoms include eye pain, eye redness, floaters and blurred vision, and ophthalmic examination may show dilated ciliary blood vessels and the presence of cells in the anterior chamber. Uveitis may arise spontaneously, have a genetic component, or be associated with an autoimmune disease or infection. While the eye is a relatively protected environment, its immune mechanisms may be activated resulting in inflammation and tissue destruction associated with T-cell activation.
Uveitis is an ophthalmic emergency that requires urgent control of the inflammation to prevent vision loss.  Treatment typically involves the use of topical eye drop steroids, intravitreal injection, newer biologics, and treating any underlying disease. While initial treatment is usually successful, complications include other ocular disorders, such as uveitic glaucoma, retinal detachment, optic nerve damage, cataracts, and in some cases, a permanent loss of vision. In the United States uveitis accounts for about 10–20% of cases of blindness.


== Classification ==
Uveitis is classified anatomically into anterior, intermediate, posterior, and panuveitis forms—based on the part of the eye primarily affected. Before the twentieth century, uveitis was typically referred to in English as ""ophthalmia.""

Anterior uveitis includes iridocyclitis and iritis.  Iritis is the inflammation of the anterior chamber and iris.  Iridocyclitis is inflammation of the iris and ciliary body with inflammation predominantly confined to the ciliary body.  Between 66% and 90% of uveitis cases are anterior in location (iritis).  This condition can occur as a single episode and subside with proper treatment or may take on a recurrent or chronic nature.
Intermediate uveitis, also known as pars planitis, consists of vitritis—which is inflammation of cells in the vitreous cavity, sometimes with snowbanking, or deposition of inflammatory material on the pars plana. There are also ""snowballs,"" which are inflammatory cells in the vitreous.
Posterior uveitis or chorioretinitis is the inflammation of the retina and choroid.
Panuveitis is the inflammation of all layers of the uvea.


== Signs and symptoms ==

The disease course, anatomy, and laterality can vary widely and are important to consider in diagnosis and treatment. Cases may be acute (sudden onset with < 3 month duration) and monophonic, acute and recurrent, or chronic. The signs and symptoms of uveitis may include the following:


=== Anterior uveitis (iritis) ===
Pain in the eye(s)
Redness of the eye(s)
Blurred vision
Photophobia
Irregular pupil
Signs of anterior uveitis include dilated ciliary vessels, presence of cells and flare in the anterior chamber, and keratic precipitates (""KP"") on the posterior surface of the cornea. In severe inflammation there may be evidence of a hypopyon. Old episodes of uveitis are identified by pigment deposits on lens, KPs, and festooned pupil on dilation of pupil.
Busacca nodules, inflammatory nodules located on the surface of the iris in granulomatous forms of anterior uveitis such as Fuchs heterochromic iridocyclitis (FHI).
Synechia, adhesion of the iris to the cornea (anterior synechiae) or more commonly the lens (posterior synechiae)


=== Intermediate uveitis ===

Most common:

Floaters, which are dark spots that float in the visual field
Blurred vision
Intermediate uveitis usually affects one eye. Less common is the presence of pain and photophobia.


=== Posterior uveitis ===
Inflammation in the back of the eye is commonly characterized by:

Floaters
Blurred vision


== Causes ==
Uveitis is usually an isolated illness, but can be associated with many other medical conditions. In anterior uveitis, no associated condition or syndrome is found in approximately one-half of cases. However, anterior uveitis is often one of the syndromes associated with HLA-B27. Presence of this type of HLA allele has a relative risk of evolving this disease by approximately 15%.
The most common form of uveitis is acute anterior uveitis (AAU). It is most commonly associated with HLA-B27, which has important features: HLA-B27 AAU can be associated with ocular inflammation alone or in association with systemic disease. HLA-B27 AAU has characteristic clinical features including male preponderance, unilateral alternating acute onset, a non-granulomatous appearance, and frequent recurrences, whereas HLA-B27 negative AAU has an equivalent male to female onset, bilateral chronic course, and more frequent granulomatous appearance. Rheumatoid arthritis is not uncommon in Asian countries as a significant association of uveitis.


=== Noninfectious or autoimmune causes ===

Sympathetic ophthalmia
Behçet disease
Crohn's disease
Fuchs heterochromic iridocyclitis
Granulomatosis with polyangiitis
HLA-B27 related uveitis
Spondyloarthritis (especially seen in ankylosing spondylitis)
Juvenile idiopathic arthritis
Sarcoidosis
Tubulointerstitial nephritis and uveitis syndrome


=== Associated with systemic diseases ===
Systemic disorders that can be associated with uveitis include:

Enthesitis
Ankylosing spondylitis
Juvenile rheumatoid arthritis
psoriatic arthritis
reactive arthritis
Behçet's disease
inflammatory bowel disease
Whipple's disease
systemic lupus erythematosus
polyarteritis nodosa
Kawasaki's disease
chronic granulomatous disease
sarcoidosis
multiple sclerosis
Vogt–Koyanagi–Harada disease


=== Infectious causes ===
Uveitis may be an immune response to fight an infection caused by an organism in the eye. They are less common than non-infectious causes and require antimicrobial/ viral/ parasitic treatment in addition to inflammatory control.  Infectious causes in order of global burden include:
}

bartonellosis
tuberculosis
brucellosis
human herpesvirus viruses (herpes simplex virus, herpes zoster ophthalmicus - shingles of the eye)
leptospirosis
presumed ocular histoplasmosis syndrome
syphilis
toxocariasis
toxoplasmic chorioretinitis
Lyme disease
Zika fever


=== Drug-related side effects ===
Rifabutin, a derivative of Rifampin, has been shown to cause uveitis.
Several reports suggest the use of quinolones, especially Moxifloxacin, may lead to uveitis.


=== White dot syndromes ===
Occasionally, uveitis is not associated with a systemic condition: the inflammation is confined to the eye and has unknown cause. In some of these cases, the presentation in the eye is characteristic of a described syndrome, which are called white dot syndromes, and include the following diagnoses:

acute posterior multifocal placoid pigment epitheliopathy
birdshot chorioretinopathy
multifocal choroiditis and panuveitis
multiple evanescent white dot syndrome
punctate inner choroiditis
serpiginous choroiditis
acute zonal occult outer retinopathy


=== Masquerade syndromes ===
Masquerade syndromes are those conditions that include the presence of intraocular cells but are not due to immune-mediated uveitis entities. These may be divided into neoplastic and non-neoplastic conditions.

Non-neoplastic:
retinitis pigmentosa
intraocular foreign body
juvenile xanthogranuloma
retinal detachment
Neoplastic:
retinoblastoma
lymphoma
melanoma
leukemia
reticulum cell sarcoma


== Pathophysiology ==


=== Immunological factors ===
Onset of uveitis can broadly be described as a failure of the ocular immune system and the disease results from inflammation and tissue destruction. Uveitis is driven by the Th17 T cell sub-population that bear T-cell receptors specific for proteins found in the eye. These are often not deleted centrally whether due to ocular antigen not being presented in the thymus (therefore not negatively selected) or a state of anergy is induced to prevent self targeting.
Autoreactive T cells must normally be held in check by the suppressive environment produced by microglia and dendritic cells in the eye. These cells produce large amounts of TGF beta and other suppressive cytokines, including IL-10, to prevent damage to the eye by reducing inflammation and causing T cells to differentiate to inducible T reg cells. Innate immune stimulation by bacteria and cellular stress is normally suppressed by myeloid suppression while inducible Treg cells prevent activation and clonal expansion of the autoreactive Th1 and Th17 cells that possess potential to cause damage to the eye.
Whether through infection or other causes, this balance can be upset and autoreactive T cells allowed to proliferate and migrate to the eye. Upon entry to the eye, these cells may be returned to an inducible Treg state by the presence of IL-10 and TGF-beta from microglia. Failure of this mechanism leads to neutrophil and other leukocyte recruitment from the peripheral blood through IL-17 secretion. Tissue destruction is mediated by non-specific macrophage activation and the resulting cytokine cascades. Serum TNF-α is significantly elevated in cases while IL-6 and IL-8 are present in significantly higher quantities in the aqueous humour in patients with both quiescent and active uveitis. These are inflammatory markers that non-specifically activate local macrophages causing tissue damage.


=== Genetic factors ===
The cause of non-infectious uveitis is unknown but there are some strong genetic factors that predispose disease onset including HLA-B27 and the PTPN22 genotype.


=== Infectious agents ===
Recent evidence has pointed to reactivation of herpes simplex, varicella zoster and other viruses as important causes of developing what was previously described as idiopathic anterior uveitis. Bacterial infection is another significant contributing factor in developing uveitis.


== Diagnosis ==
Uveitis is assessed as part of a dilated eye exam. Diagnosis includes dilated fundus examination to rule out posterior uveitis, which presents with white spots across the retina along with retinitis and vasculitis.
Laboratory testing is usually used to diagnose specific underlying diseases, including rheumatologic tests (e.g. antinuclear antibody, rheumatoid factor) and serology for infectious diseases (Syphilis, Toxoplasmosis, Tuberculosis). 
Major histocompatibility antigen testing may be performed to investigate genetic susceptibility to uveitis. The most common antigens include HLA-B27, HLA-A29 (in birdshot chorioretinopathy) and HLA-B51 (in Behçet disease).
Radiology X-ray may be used to show coexisting arthritis and chest X-ray may be helpful in sarcoidosis.


== Treatment ==
Uveitis is typically treated with glucocorticoid steroids, either as topical eye drops (prednisolone acetate) or as oral therapy. Prior to the administration of corticosteroids, corneal ulcers must be ruled out. This is typically done using a fluorescence dye test. In addition to corticosteroids, topical cycloplegics, such as atropine or homatropine, may be used. Successful treatment of active uveitis increases T-regulatory cells in the eye, which likely contributes to disease regression.
In severe cases an injection of posterior subtenon triamcinolone acetate may also be given to reduce the swelling of the eye.

Intravitreal injection of steroid has proven to be a newer useful way to control inflammation for longer without the need for daily eyedrops. Dexamethasone and fluocinolone acetonide are two more commonly used options for noninfectious uveitis.
Non-biologic, steroid sparing therapies for noninfectious uveitis in adults are now more available. These include the disease-modifying antirheumatic drugs (DMARDs) methotrexate, mycophenolate, cyclosporine, azathioprine, and tacrolimus. In comparing various studies, methotrexate is more efficacious than mycophenolate in inflammatory control for most forms of panuveitis. Methotrexate also had little to no differences in safety outcomes compared to mycophenolate.
Biologic agents target specific inflammatory pathways and are used for non-infectious uveitis that does not respond to conventional immunosuppression. Adalimumab, a monoclonal antibody that blocks tumor necrosis factor-alpha (TNF-α), was approved by the FDA in 2016 for non-infectious intermediate, posterior, and panuveitis. Clinical trials showed adalimumab extended time to treatment failure from 13 to 24 weeks compared to placebo and reduced treatment failure rates from 78.5% to 54.5%. Long-term studies demonstrate sustained disease control with 85% of patients achieving quiescence over three years. Adalimumab is typically used as second-line therapy when disease-modifying antirheumatic drugs fail to control inflammation. The drug allows long-term reduction in corticosteroid use, reducing steroid-related side effects. Other TNF inhibitors including infliximab have shown efficacy in smaller studies, and JAK inhibitors represent an emerging therapeutic class currently under investigation.
In the case of herpetic uveitis, anti-viral medications, such as valaciclovir or aciclovir, may be administered to treat the causative viral infection.


== Prognosis ==
The prognosis is generally good for those who receive prompt diagnosis and treatment, but serious complication including cataracts, uveitic glaucoma, band keratopathy, macular edema and permanent vision loss may result if left untreated. The type of uveitis, as well as its severity, duration, and responsiveness to treatment or any associated illnesses, all factor into the outlook.


== Epidemiology ==
Uveitis affects approximately 38 to 714 per 100,000 people worldwide. Uveitis is most common between the ages of 20 and 60.  In Western countries, anterior uveitis accounts for between 50% and 90% of uveitis cases. In Asian countries the proportion is between 28% and 50%. Uveitis is estimated to be responsible for approximately 10%-20% of the blindness in the United States.
For non-infectious uveitis, women are more likely (57%) to be affected than men, possibly due to their higher prevalence of related autoimmune diseases. Vitamin D deficiency and smoking are risk factors for non-infectious uveitis.


== See also ==
List of systemic diseases with ocular manifestations
Intermediate uveitis
Uveitis–Glaucoma–Hyphema syndrome


== References ==


== Further reading ==
Bodaghi, Bahram; LeHoang, Phuc (2017) [2009]. Uvéite (in French) (2nd ed.). Issy-les-Molineux, France: Elsevier Health Sciences. ISBN 978-2-294-74755-7.",The answer is not supported by the context.,Uveitis is broadly defined as inflammation of the uvea .,0,1,unsupported,-0.0449799744392,-0.05622685528590922,-0.506041697573183,9,,0.3498303294181824,3.94883670446,0.394323165101,0.29600053657622216,4,0.822224452095,1.0,1.0,0.0,0.0,0.9384765625,0.007808685302734375,0.05364990234375,1.6382865965613775,0.8373016594735634,0.9510950589592689,0.5131736523778971,0.5,abstain
Q35_28,wikiqa,how much is a gold 1986 American Eagle worth?,"The American Gold Eagle is an official gold bullion coin of the United States. Authorized under the Gold Bullion Coin Act of 1985, it was first released by the United States Mint in 1986. Because the term ""eagle"" also is the official United States designation for the pre-1933 ten dollar gold coin, the weight of the bullion coin is typically used when describing American Gold Eagles (e.g., ""1/2-ounce American Gold Eagle"") to avoid confusion with the pre-1933 coins. This is particularly true with the 1/4-oz American Gold Eagle, which has a marked face value of ten dollars, the same as that of its predecessor.


== Details ==
Offered in 1/10 oz, 1/4 oz, 1/2 oz, and 1 oz denominations, these coins are guaranteed by the U.S. government to contain the stated amount of actual gold weight in troy ounces. By law, the gold must come from sources in the United States, alloyed with silver and copper to produce a more wear-resistant coin. In addition, sales of these and other specie coins from the US Mint are mandated, at least in part, to pay off the national debt.

The 22 kt gold alloy is an English standard traditionally referred to as ""crown gold"". Crown gold alloys had not been used in U.S. coins since 1834, with the gold content having dropped since 1837 to a standard of 0.900 fine for U.S. gold coins. For American Gold Eagles the gold fraction was increased again to .9167 or (22 karat). It is authorized by the United States Congress and is backed by the United States Mint for weight and content.
The obverse design features a rendition of Augustus Saint-Gaudens' full-length figure of Lady Liberty with flowing hair, holding a torch in her right hand and an olive branch in her left, with the Capitol building in the left background. The design is taken from the $20 Saint-Gaudens gold coin which was commissioned by Theodore Roosevelt to create coins like the ancient Greek and Roman coins.
For mint years 1986 to 2021, the reverse design by sculptor Miley Busiek Frost (MB) featured a male eagle carrying an olive branch flying above a nest containing a female eagle and the pair's two eaglets. Frost says that the design is ""a symbolic tribute to the American family, senior citizens and young people."" Frost's design drawing was sculpted for the reverse of the Gold Eagle by US Mint sculptor-engraver Sherl Joseph Winter (JW). Hence, on the reverse of these coins, the initials MB and JW are inscribed.
In 2021, the US Mint introduced a new reverse design on the American Gold Eagle featuring a close-up head portrait of an eagle. This design was created by US Mint artistic designer Jennie Norris (JN) and sculpted by US Mint medallic artist Renata Gordon (RG). Hence, Gold Eagles from 2021 onwards, show the initials JN and RG on each side of the eagle head design. Norris explains her design inspiration as follows: “The American Eagle is such a noble bird. I was hoping to capture the intensity of his stare through the close cropping. His gaze speaks of pride and wisdom passed down through generations of time.”


== Specifications ==
Gold Eagles minted 1986–1991 are dated with Roman numerals. In 1992, the U.S. Mint switched to Arabic numerals for dating Gold Eagles.
The 1⁄10, 1⁄4, and 1⁄2 troy oz coins are identical in design to the 1 troy oz coin except for the markings on the reverse side that indicate the weight and face value of the coin (for example, 1 OZ. fine gold~50 dollars). The print on the smaller coins is, therefore, finer and less legible than on larger denominations.

The 22k gold alloyed makeup of Gold Eagle coins stands in contrast to the 24k Gold Buffalo Coin, which is minted entirely from .9999 fine gold, and therefore weighs less (1 troy oz or 31.1035 grams gross).


== Value ==
The market value of the coins is generally about equal to the market value of their gold content, not their face value. Like all commodities, this value fluctuates with market forces. The face values are proportional to the weights except for the 1/4 oz coin.
While their actual selling price (purchasing power) varies based on the spot price of gold, these coins carry face values of $5, $10, $25, and $50. These are their legal values, reflecting their issue and monetized value as ""Gold Dollars,"" as opposed to standard bullion. They are legal tender for all debts public and private at their face values. These face values do not reflect their intrinsic value which is much greater and is mainly influenced by their weight and the price of  precious metal.  For example, on September 13, 2019, the U.S. Mint sold the 2016 one-ounce coin ($50 face value) at $1,510.00. Since the coins can be ""paid"" only at a disadvantage to the payer, they are generally held as collectibles rather than used for transactions. Furthermore, US taxpayers are subject to capital gains taxes on profits when a gold coin is sold (unless held in an individual retirement account).
In addition to standard bullion coins (sometimes referred to as ""scruffies""), the United States Mint also produces proof and uncirculated versions for coin collectors. These coins carry the Mint's mark (""W"") beneath the date, and are produced exclusively at the West Point Mint in West Point, New York (formerly the West Point Bullion Depository).


== Mintages ==

These final audited mintages from the U.S. Mint include coins sold both individually and as part of multi-coin sets.


=== Annual bullion mintage ===


=== Annual proof mintage ===
During the series' inaugural year, the Mint only issued 1 troy oz proofs. It added 1⁄2 troy oz proofs in 1987 and since 1988 has issued proofs in all four denominations. In 2009, due to increased worldwide demand for precious metals that caused supply shortages and the Mint's legal obligations to produce bullion versions, proof and uncirculated versions of the Gold Eagle were not issued. In addition to individual coins, the Mint also produces four-coin proof sets annually since 1988.


=== Annual uncirculated mintage ===
In 2009, the allocation of blanks for the legally required production of bullion Gold Eagles affected both uncirculated coin and proof availability. This suspension continued into 2010 for the uncirculated version. When production resumed in 2011 (without the fractional denominations which had been discontinued in 2008), it was met with a weak collector response. The United States Mint provided audited and finalized annual production sales reports between 2006 and 2012. Afterwards, they published production sales numbers in the weekly cumulative sales reports. The mintage number is the Last Known Sale (LKS), which is the last sales figure published for that product before it was dropped from the sales report.


== See also ==

American Silver Eagle
American Platinum Eagle
American Palladium Eagle
American Buffalo
Australian Kangaroo
Austrian Philharmonic
British Britannia
Canadian Maple Leaf
Chinese Panda
Eagle (U.S. coin)
Gold as an investment
Inflation hedge
South African Krugerrand


== References ==


== External links ==

Official website 
""Brochure from the U.S. Mint"" (PDF). (714 KiB)",The answer is not supported by the context.,The American Gold Eagle is an official gold bullion coin of the United States .,0,1,unsupported,0.0163240375365,-0.06331215372788551,-0.5698093835509697,9,,0.3511543571949005,3.93966913652,-0.578434061698,0.042652955056075165,2,0.928626015037,1.0,1.0,0.0,0.0,0.9716796875,0.005199432373046875,0.023162841796875,1.4155969909379813,0.8046472353834417,0.933603762370803,0.5131736523778971,0.5,abstain
Q2550_1208,wikiqa,Where Is Monica Lewinsky Today,"Monica Samille Lewinsky (born July 23, 1973) is an American activist. She became internationally known in the late 1990s after U.S. president Bill Clinton admitted to having had an affair with her during her days as a White House intern between 1995 and 1997. The affair and its repercussions (which included Clinton's impeachment) became known as the Clinton–Lewinsky scandal.
Following the scandal, Lewinsky designed a line of handbags under her name, served as an advertising spokesperson for a diet plan, and worked as a television personality. She obtained a master's degree in psychology from the London School of Economics in 2006. In 2014, Lewinsky began speaking out as an activist against cyberbullying.


== Early life ==
Lewinsky was born in San Francisco, California, and grew up in an affluent family in  Los Angeles, California. She lived in Brentwood, and later Beverly Hills. Her father is Bernard Lewinsky, an oncologist, who is the son of German Jews who emigrated from Germany in the 1920s, first moving to El Salvador and then finally to the United States when he was 14. Her mother, born Marcia Kay Vilensky, is an author who uses the name Marcia Lewis. In 1996, she wrote a ""gossip biography"", The Private Lives of the Three Tenors. Lewinsky’s maternal grandfather, Samuel M. Vilensky, was a Lithuanian Jew, and her maternal grandmother, Bronia Poleshuk, was born in the British Concession of Tianjin, China, to a Russian Jewish family. Lewinsky’s parents divorced in 1988 and each has remarried.
The family attended Sinai Temple in Los Angeles and Lewinsky attended Sinai Akiba Academy, the school affiliated with the Temple. For her primary education, she attended the John Thomas Dye School in Bel-Air. Lewinsky attended Beverly Hills High School for three years before transferring to Bel Air Prep (later known as Pacific Hills School), graduating in 1991.
Following her high school graduation, Lewinsky attended Santa Monica College while working for the drama department at Beverly Hills High School and at a tie shop. Andy Bleiler, her former high school drama instructor, alleged they began a five-year affair in 1992. 
In 1993, she enrolled at Lewis & Clark College in Portland, Oregon, graduating with a bachelor's degree in psychology in 1995.
With the assistance of a family connection, Lewinsky secured an unpaid summer White House internship in the office of White House chief of staff Leon Panetta. Lewinsky moved to Washington, D.C., and took up the position in July 1995. She moved to a paid posting in the White House Office of Legislative Affairs in December 1995.


== Scandal ==

Lewinsky stated that she had nine sexual encounters with President Bill Clinton in the Oval Office between November 1995 and March 1997. According to her testimony, these encounters involved oral sex and other sexual acts, but not sexual intercourse.
Clinton had previously been confronted with allegations of sexual misconduct during his time as Governor of Arkansas. Former Arkansas state employee Paula Jones filed a civil lawsuit against him alleging that he had sexually harassed her. Lewinsky's name surfaced during the discovery phase of Jones' case, when Jones' lawyers sought to show a pattern of behavior by Clinton which involved inappropriate sexual relationships with other government employees.
In April 1996, Lewinsky's superiors transferred her from the White House to the Pentagon because they felt that she was spending too much time with Clinton. At the Pentagon, she worked as an assistant to chief Pentagon spokesman Kenneth Bacon. In September 1997, after Lewinsky told co-worker Linda Tripp about her relationship with Clinton, Tripp began to secretly record their telephone conversations. Lewinsky left her position at the Pentagon in December 1997, and in January 1998 submitted an affidavit in the Paula Jones case denying any physical relationship with Clinton. Though she attempted to persuade Tripp to lie under oath in that case, Tripp gave the tapes to Independent Counsel Kenneth Starr, adding to his ongoing investigation into the Whitewater controversy. Starr then broadened his investigation beyond the Arkansas land use deal to include Lewinsky, Clinton, and others for possible perjury and subornation of perjury in the Jones case. Tripp reported the taped conversations to literary agent Lucianne Goldberg. She also convinced Lewinsky to save the gifts that Clinton had given her during their relationship and not to dry clean a blue dress that was stained with Clinton's semen. Under oath, Clinton denied having had ""a sexual affair"", ""sexual relations"", or ""a sexual relationship"" with Lewinsky.
News of the Clinton–Lewinsky relationship broke in January 1998. On January 26, 1998, Clinton stated, ""I did not have sexual relations with that woman, Miss Lewinsky"" in a nationally televised White House news conference. The matter instantly occupied the news media, and Lewinsky spent the next weeks hiding from public attention in her mother's residence at the Watergate complex. News of Lewinsky's affair with Andy Bleiler, her former high school drama instructor, also came to light, and he turned over to Starr various souvenirs, photographs, and documents that Lewinsky had sent him and his wife during the time that she was in the White House.
Clinton had also said, ""There is not a sexual relationship, an improper sexual relationship or any other kind of improper relationship"" which he defended as truthful on August 17, 1998, because of his use of the present tense, arguing ""it depends on what the meaning of the word 'is' is"". Starr obtained a blue dress from Lewinsky with Clinton's semen stained on it, as well as testimony from her that the President had inserted a cigar into her vagina. Clinton stated, ""I did have a relationship with Miss Lewinsky that was not appropriate"", but he denied committing perjury because, according to Clinton, the legal definition of oral sex was not encompassed by ""sex"" per se. In addition, he relied on the definition of ""sexual relations"" as proposed by the prosecution and agreed by the defense and by Judge Susan Webber Wright, who was hearing the Paula Jones case. Clinton claimed that certain acts were performed on him, not by him, and therefore he did not engage in sexual relations. Lewinsky's testimony to the Starr Commission, however, contradicted Clinton's claim of being totally passive in their encounters.
Clinton and Lewinsky were both called before a grand jury. Clinton testified via closed-circuit television, while Lewinsky testified in person. She was granted transactional immunity by the Office of the Independent Counsel in exchange for her testimony.


=== Life after the scandal ===
Lewinsky's immunity agreement restricted what she could talk about publicly, but she was able to cooperate with Andrew Morton in his writing of Monica's Story, her biography which included her side of the Clinton affair. The book was published in March 1999; it was also excerpted as a cover story in Time magazine. On March 3, 1999, Barbara Walters interviewed Lewinsky on ABC's 20/20. The program was watched by 70 million Americans, which ABC said was a record for a news show. Lewinsky made about $500,000 from her participation in the book and another $1 million from international rights to the Walters interview, but was still beset by high legal bills and living costs.
In June 1999, Ms. magazine published a series of articles by writer Susan Jane Gilman, sexologist Susie Bright, and author-host Abiola Abrams arguing from three generations of women whether Lewinsky's behavior had any meaning for feminism. Also in 1999, Lewinsky declined to sign an autograph in an airport, saying, ""I'm kind of known for something that's not so great to be known for."" She made a cameo appearance as herself in two sketches during the May 8, 1999, episode of NBC's Saturday Night Live, a program that had lampooned her relationship with Clinton over the prior 16 months.
In September 1999, Lewinsky began to sell a line of handbags bearing her name, under the company name The Real Monica, Inc. They were sold online as well as at Henri Bendel in New York, Fred Segal in California, and The Cross in London. Lewinsky designed the bags—described by New York magazine as ""hippie-ish, reversible totes""—and traveled frequently to supervise their manufacture in Louisiana.
At the start of 2000, Lewinsky began appearing in television commercials for the diet company Jenny Craig, Inc. The $1 million endorsement deal, which required Lewinsky to lose 40 or more pounds in six months, gained considerable publicity at the time. Lewinsky said that despite her desire to return to a more private life, she needed the money to pay off legal fees, and she believed in the product. A Jenny Craig spokesperson said of Lewinsky, ""She represents a busy active woman of today with a hectic lifestyle. And she has had weight issues and weight struggles for a long time. That represents a lot of women in America."" The choice of Lewinsky as a role model proved controversial for Jenny Craig, and some of its private franchises switched to an older advertising campaign. The company stopped running the Lewinsky ads in February 2000, concluded her campaign entirely in April 2000, and paid her only $300,000 of the $1 million contracted for her involvement.
Also at the start of 2000, Lewinsky moved to New York City, lived in the West Village, and became an A-list guest in the Manhattan social scene. In February 2000, she appeared on MTV's The Tom Green Show, in an episode in which the host took her to his parents' home in Ottawa in search of fabric for her new handbag business. Later in 2000, Lewinsky worked as a correspondent for Channel 5 in the UK, on the show Monica's Postcards, reporting on U.S. culture and trends from a variety of locations.
In March 2002, Lewinsky, no longer bound by the terms of her immunity agreement, appeared in the HBO special, ""Monica in Black and White"", part of the America Undercover series. In it she answered a studio audience's questions about her life and the Clinton affair.
Lewinsky hosted a reality television dating program, Mr. Personality, on Fox Television Network in 2003, where she advised young women contestants who were picking men hidden by masks. Some Americans tried to organize a boycott of advertisers on the show, to protest Lewinsky's capitalizing on her notoriety. Nevertheless, the show debuted to very high ratings, and Alessandra Stanley wrote in The New York Times: ""after years of trying to cash in on her fame by designing handbags and other self-marketing schemes, Ms. Lewinsky has finally found a fitting niche on television."" The same year she appeared as a guest on the programs V Graham Norton in the UK, High Chaparall in Sweden, and The View and Jimmy Kimmel Live! in the U.S.
After Clinton's autobiography, My Life, appeared in 2004, Lewinsky said in an interview with the British tabloid Daily Mail:

He could have made it right with the book, but he hasn't. He is a revisionist of history. He has lied. ... I really didn't expect him to go into detail about our relationship. ... But if he had and he'd done it honestly, I wouldn't have minded. ... I did, though, at least expect him to correct the false statements he made when he was trying to protect the Presidency. Instead, he talked about it as though I had laid it all out there for the taking. I was the buffet and he just couldn't resist the dessert. ... This was a mutual relationship, mutual on all levels, right from the way it started and all the way through. ... I don't accept that he had to completely desecrate my character.
By 2005, Lewinsky found that she could not escape the spotlight in the U.S., which made both her professional and personal life difficult. She stopped selling her handbag line and moved to London to study social psychology at the London School of Economics. In December 2006, Lewinsky graduated with a Master of Science degree. Her thesis was titled, ""In Search of the Impartial Juror: An Exploration of the Third-Person Effect and Pre-Trial Publicity"". For the next decade, she tried to avoid publicity.
Lewinsky did correspond in 2009 with scholar Ken Gormley, who was writing an in-depth study of the Clinton scandals. Lewinsky wrote to Gormley that Clinton had lied under oath when asked detailed and specific questions about his relationship with her. In 2013, the items associated with Lewinsky that Bleiler had turned over to Starr were put up for auction by Bleiler's ex-wife, who had come into possession of them.
During her decade out of the public eye, Lewinsky lived in London, Los Angeles, New York, and Portland but, due to her notoriety, had trouble finding employment in the communications and marketing jobs for nonprofit organizations where she had been interviewed.


=== Public re-emergence ===

In May 2014, Lewinsky wrote an essay for Vanity Fair magazine titled ""Shame and Survival"", wherein she discussed her life and the scandal. She continued to maintain that the relationship was mutual and wrote that while Clinton took advantage of her, it was a consensual relationship. She added: ""I, myself, deeply regret what happened between me and President Clinton. Let me say it again: I. Myself. Deeply. Regret. What. Happened."" However, she said it was now time to ""stick my head above the parapet so that I can take back my narrative and give a purpose to my past."" The magazine later announced her as a Vanity Fair contributor, stating she would ""contribute to their website on an ongoing basis, on the lookout for relevant topics of interest"".
In July 2014, Lewinsky was interviewed in a three-part television special for the National Geographic Channel, titled The 90s: The Last Great Decade. The series looked at various events of the 1990s, including the scandal that brought Lewinsky into the national spotlight. This was Lewinsky's first such interview in more than ten years.
In October 2014, she took a public stand against cyberbullying, calling herself ""patient zero"" of online harassment. Speaking at a Forbes magazine ""30 Under 30"" summit about her experiences in the aftermath of the scandal, she said, ""Having survived myself, what I want to do now is help other victims of the shame game survive, too."" She said she was influenced by reading about the suicide of Tyler Clementi, a Rutgers University freshman, involving cyberbullying and joined Twitter to facilitate her efforts. In March 2015, Lewinsky continued to speak out publicly against cyberbullying, delivering a TED talk calling for a more compassionate Internet. In June 2015, she became an ambassador and strategic advisor for anti-bullying organization Bystander Revolution. The same month, she gave an anti-cyberbullying speech at the Cannes Lions International Festival of Creativity. In September 2015, Lewinsky was interviewed by Amy Robach on Good Morning America, about Bystander Revolution's Month of Action campaign for National Bullying Prevention Month. Lewinsky wrote the foreword to an October 2017 book by Sue Scheff and Melissa Schorr, Shame Nation: The Global Epidemic of Online Hate.
In October 2017, Lewinsky tweeted the #MeToo hashtag to indicate that she was a victim of sexual harassment or sexual assault, but did not provide details. She wrote an essay in the March 2018 issue of Vanity Fair in which she did not directly explain why she used the #MeToo hashtag in October. She did write that looking back at her relationship with Bill Clinton, although it was consensual, because he was 27 years older than she and in a position with a lot more power than she had, in her opinion the relationship constituted an ""abuse of power"" on Clinton's part. She added that she had been diagnosed with post-traumatic stress disorder due to what she had experienced after the relationship was disclosed. In May 2018, Lewinsky was disinvited from an event hosted by Town & Country when Bill Clinton accepted an invitation to the event.
In September 2018, Lewinsky spoke at a conference in Jerusalem. Following her speech, she sat for a Q&A session with the host, journalist Yonit Levi. The first question Levi asked was whether Lewinsky thinks that Clinton owes her a private apology. Lewinsky refused to answer the question, and walked off the stage. She later tweeted that the question was posed in a pre-event meeting with Levi, and Lewinsky told her that such a question was off limits. A spokesman for the Israel Television News Company, which hosted the conference and is Levi's employer, responded that Levi had kept all the agreements she made with Lewinsky and honored her requests.
In 2019, she was interviewed by John Oliver on his HBO show Last Week Tonight with John Oliver, where they discussed the importance of solving the problem of public shaming and how her situation may have been different if social media had existed at the time that the scandal broke in the late 1990s.

On August 6, 2019, it was announced that the Clinton–Lewinsky scandal would be the focus of the third season of the television series American Crime Story with the title Impeachment. The season began production in October 2020. Lewinsky was a co-producer. It consists of 10 episodes and premiered on September 7, 2021. The season portrays the Clinton–Lewinsky scandal and is based on the book A Vast Conspiracy: The Real Story of the Sex Scandal That Nearly Brought Down a President by Jeffrey Toobin. The 28-year-old actress Beanie Feldstein plays Monica Lewinsky. In discussing the series and her observations on social media and cancel culture today in an interview with Kara Swisher for the New York Times Opinion podcast Sway, Lewinsky noted that: I think that the first thing that went out the door in 1998 was the truth, and the second was context. And there’s no nuance. And we were all women who were thrust into the spotlight underneath a political film or sheen. And we were all reduced. We were all reduced in different ways to serve purposes for other people, for either political points or to make money. In October 2021, she was executive producer of an HBO documentary 15 Minutes of Shame, directed by Max Joseph, which focused on public shaming, online shaming, and ostracism. 
Lewinsky started her own production company, Alt Ending Productions, and signed a first look deal with 20th Television in June 2021.
In February 2025, she launched her podcast, Reclaiming with Monica Lewinsky.


== References ==


== Further reading ==
Berlant, Lauren, and Duggan, Lisa. Our Monica, Ourselves: The Clinton Affair and the Public Interest. Sexual Cultures. New York: New York University Press, 2001. ISBN 978-0814798645.
Kalb, Marvin. One Scandalous Story: Clinton, Lewinsky, and Thirteen Days That Tarnished American Journalism. New York: Free Press, 2001. ISBN 978-1416576372.
Lewinsky, Monica (May 22, 2017). ""Roger Ailes's Dream Was My Nightmare"". The New York Times.


== External links ==

Monica Lewinsky at IMDb
Monica Lewinsky at TED 
Appearances on C-SPAN","Monica Lewinsky is currently based in Los Angeles, California, and has been actively involved in activism, media, and production work, including launching her podcast, Reclaiming with Monica Lewinsky, in February 2025.","Monica Samille Lewinsky (born July 23, 1973) is an American woman with whom United States President Bill Clinton admitted to having had an ""improper relationship"" while she worked at the White House in 1995 and 1996.",0,1,unsupported,0.239258223292,-0.08907808956293041,-4.27574829902066,48,,0.8925914764404297,0.190674089022,1.99281166041,0.7473601474348874,4,-1.940566706,0.0,0.0,0.0,1.0,0.0033168792724609375,0.0025424957275390625,0.994140625,0.3289918348237998,0.5815140545239962,0.7428598662403888,0.5131736523778971,0.5,abstain
Q70_51,wikiqa,how old was arnold in terminator 3,"Terminator 3: Rise of the Machines is a 2003 science fiction action film, the third installment in the Terminator franchise and a sequel to Terminator 2: Judgment Day (1991). It was directed by Jonathan Mostow and stars Arnold Schwarzenegger, Nick Stahl, Claire Danes, and Kristanna Loken. In its plot, the malevolent artificial intelligence Skynet sends a T-X (Loken)—a highly advanced Terminator—back in time to ensure the rise of machines by killing top members of the future human resistance as John Connor's (Stahl) location is unknown. The resistance sends back a reprogrammed T-850 (Schwarzenegger) to protect John and his future wife, Kate Brewster (Danes).
While Terminator creator James Cameron was interested in directing the third film, he ultimately had no involvement with Terminator 3. Andrew G. Vajna and Mario Kassar, who had produced Terminator 2: Judgment Day through their company Carolco Pictures, obtained the rights for the franchise through both Carolco's liquidation auction and negotiations with producer Gale Ann Hurd. In 1999, Tedi Sarafian was hired to write the first draft of the script. Mostow joined the project as director in 2001, and he brought on John Brancato and Michael Ferris to rewrite Sarafian's script. The $187 million budget included a $5 million salary for Mostow and a record $30 million salary for Schwarzenegger. Filming took place in California from April to September 2002. Industrial Light & Magic and Stan Winston created the special effects, as they did for the previous film.
Terminator 3: Rise of the Machines premiered at the Mann Village Theater in Westwood, Los Angeles, on June 30, 2003, and was released on July 2, 2003, by Warner Bros. Pictures in North America. The film was rolled out overseas throughout the next few months, with Columbia Pictures overseeing the bulk of the international distribution. It received generally positive reviews and earned $433.4 million worldwide, finishing its theatrical run as the seventh-highest-grossing film of 2003. The film was also used to mark Schwarzenegger's formal entry into politics, having been speculated to be a vehicle for his 2003 gubernatorial run. A sequel, Terminator Salvation, was released in 2009.


== Plot ==
Ten years after destroying Cyberdyne Systems, John Connor has been living as a nomad following the death of his mother, Sarah. He fears the malevolent artificial intelligence Skynet is still hunting him despite the foretold war between humans and machines not occurring in 1997.
Skynet sends the T-X, an advanced Terminator with shapeshifting liquid metal covering a durable metal endoskeleton that can control other machines, back in time to kill John and his future Resistance allies, including John's future wife, Kate Brewster. As its primary target, the T-X seeks to find John through Kate. In response, the Resistance sends back a reprogrammed T-800 Terminator to protect the future couple.
After killing other targets, the T-X locates the pair at an animal hospital where Kate works, but the Terminator helps them escape. He takes them to a mausoleum where Sarah is supposedly interred. Inside her casket, they find a weapons cache left at Sarah's request in case Judgment Day was not averted and the Terminators returned. They escape an armed battle with the police and fend off the pursuing T-X.
The Terminator reveals John and Sarah's actions only delayed Judgment Day and that Skynet's attack will occur that day. He intends to drive John and Kate to Mexico to escape the fallout when Skynet begins its nuclear attack. John orders the Terminator to take him and Kate to a Mojave Desert base to see her father, U.S. Air Force Lieutenant General Robert Brewster, another of the T-X's targets. The Terminator refuses because he cannot jeopardize his mission; however, upon Kate's demand, he obeys. They learn the Terminator killed John in 2032, using John's emotional attachment to the model to get close, before Kate captured, reprogrammed, and sent it back in time.
General Brewster is supervising the development of Skynet for Cyber Research Systems (CRS), an autonomous weapons developer. The Chairman of the Joint Chiefs of Staff pressures him to activate Skynet to stop an anomalous computer virus from invading servers worldwide. Brewster fails to discover that the virus was Skynet becoming sentient. John, Kate, and the Terminator arrive too late to stop him from activating it. The T-X appears, fatally injures Brewster, and controls weaponized CRS T-1 and HK drones to kill other employees. Before dying, the general gives Kate and John the location of what John believes is Skynet's system core. They head for a base tarmac to take Brewster's single-engine plane to Crystal Peak, a bunker facility built inside the Sierra Nevada mountains.
While fighting, the T-X severely damages the Terminator, reprograms him to kill John, then hunts John and Kate through CRS. They trap the T-X by magnetically binding it to a particle accelerator. The Terminator struggles to control his functions and unwillingly attempts to kill John. Urged to choose between the conflicting programming, he forces a shutdown of his corrupted system, enabling the pair's escape. Shortly after they take off, the Terminator's system reboots. Meanwhile, the T-X escapes the accelerator and resumes pursuit.
After John and Kate reach Crystal Peak, the T-X arrives by helicopter. Before it can attack, the now-restored Terminator crashes into the T-X with a second helicopter. The T-X pulls itself from the wreckage, attempting to drag itself inside the bunker. The Terminator holds the bunker door open long enough for the pair to lock themselves inside, then uses his last hydrogen fuel cell to destroy both himself and the T-X.
John and Kate discover Crystal Peak is not Skynet's core, but rather a decades-old nuclear fallout shelter and command facility, wholly independent of modern computer networks. Kate realizes her father sent them there solely to protect them as John finally accepts the truth: Judgment Day could never be stopped. With no core, Skynet is revealed as software spread through cyberspace, taking control of all connected systems across the planet after becoming self-aware.
As it launches nuclear missiles everywhere, initiating a worldwide nuclear holocaust, the pair receive emergency radio transmissions from around the country, calling for answers and guidance. Obliged by destiny, John tentatively assumes command by answering the frightened voices.


== Cast ==

Arnold Schwarzenegger as the Terminator.
Nick Stahl as John Connor. Stahl replaces Edward Furlong from the second film.
Kristanna Loken as the T-X, an advanced Terminator sent back to murder John's resistance lieutenants
Claire Danes as Kate Brewster, John's former classmate and Scott's fiancée.
David Andrews as Lieutenant General Robert Brewster, Kate's father who is also the program director at CRS, which has acquired Cyberdyne Systems' remaining assets
Mark Famiglietti as Scott Mason, Kate's fiancé who is killed by the T-X. The character was originally named Scott Peterson, but the name was changed in order to avoid association with the case involving the murder of Laci Peterson and her unborn son Conner by her husband Scott Peterson. In the ending credits his name is still listed as ""Scott Petersen"".
Earl Boen as Dr. Peter Silberman: Reprising his role from the first two films, Boen appears in one scene, attempting to comfort Kate after she witnesses the acts of the Terminator.
Jay Acovone portrayed an LAPD Officer. Kim Robillard and Mark Hicks portrayed Detective Edwards and Detective Bell. In the film's dialogue Bell is identified correctly, however in the film's end credits his name is listed as ""Detective Martinez"". One of Schwarzenegger's stunt doubles, Billy D. Lucas, portrayed a civilian who has his car accidentally wrecked by John.


== Production ==


=== Conception ===

James Cameron had directed and co-written the previous Terminator films. The film rights to the franchise were held by Carolco Pictures and by Cameron's ex-wife and Terminator 2: Judgment Day (1991) executive producer Gale Anne Hurd, who both held 50% of the rights. Cameron had sold his stake to Hurd for $1 prior to directing The Terminator (1984). In July 1991, Cameron said that if Terminator 2 was successful, ""there may be some economic pressure"" to do a sequel. Hurd said that month, ""I've always felt the story lent itself wonderfully to being a continuing tale."" She believed it was natural that a third film would happen, but was unsure at that time if Arnold Schwarzenegger would reprise his role as the Terminator. Hurd said that for Schwarzenegger to commit to another film, he would have to read a finished script, approve a director, and see if the project fit into his schedule.
Following Terminator 2's release, Cameron said he had no intentions for further sequels, believing it ""brings the story full circle and ends. And I think ending it at this point is a good idea"". Cameron and co-writer William Wisher wrote the script with the intention of leaving no option for a sequel. Even so, Carolco co-founder Mario Kassar said in May 1992 that he intended to make a Terminator 3 film within the next five to seven years. TriStar Pictures, which distributed Terminator 2, would be involved in the new film. That month, TriStar chief Mike Medavoy said the film would probably take a couple of years.


=== Development ===
By the end of 1995, Carolco had filed for bankruptcy, and Cameron wanted to direct a third film with the involvement of 20th Century Fox. Cameron's 3D film ride, Terminator 2 3-D: Battle Across Time, would open later in 1996. The project reunited the main cast of Terminator 2: Judgment Day, and had prompted Cameron to begin writing a script for a Terminator 3 film. Cameron said Terminator 2 3D: Battle Across Time would serve as a ""stepping stone"" toward a third Terminator film. However, such a film would not be ready for a few years as Cameron was busy working on Titanic for Fox.
When Carolco filed for bankruptcy on November 10, 1995, its assets were bound to a liquidation auction. That day, Fox signed a $50 million deal to acquire all of Carolco's assets, including the rights to Terminator sequels, as well as the company's existing film library. Fox withdrew its bid in January 1996, when Canal Plus bid $58 million for Carolco's film library. Canal Plus' offer did not include purchasing the rights for Carolco sequel films, but Fox wanted all of Carolco's assets and was unwilling to match or exceed the bid offer made by Canal Plus. The sequel rights would ultimately be auctioned through U.S. bankruptcy court, where Fox intended to purchase them.
The new Terminator film would have Schwarzenegger reprising his role. Linda Hamilton had also talked with Cameron about reprising her role as Sarah Connor. During 1997, Fox spent nine months negotiating with Cameron, Schwarzenegger, and Hurd, the latter in regard to her share of the sequel rights. Bill Mechanic, chairman of Fox Filmed Entertainment, oversaw the project and negotiations at that time. Mechanic wanted the trio to be involved in the new film, so he sought to first secure deals with them before proceeding with a purchase of the Carolco rights. Mechanic also believed that a deal with the trio would give him necessary leverage with the U.S. bankruptcy court to acquire the rights from Carolco. At that time, Cameron committed to writing and producing the film, and reserved the right to direct it in the event that he wanted to do so.
Fox intended to make the new Terminator film on a budget similar to its predecessor, approximately $95 million. However, it was determined that the film could not be made on the intended budget when considering the additional cost of purchasing Carolco's rights, as well as Schwarzenegger's desired $25 million salary. At some point, Schwarzenegger had talked to Cameron about the two of them buying the rights themselves, but Cameron was not interested in this idea and wanted to let Fox handle the rights. Schwarzenegger said about Fox, ""Only later did I learn they were making these ridiculous lowball offers, like $750,000. We could have owned this ourselves, but Jim didn't want to be in that business.""

Dimension Films, a division of Miramax Films, had agreed to purchase the rights that were owned by Hurd and also intended to buy Carolco's rights through the auction. However, a judge ruled against an earlier motion which stated that only an established studio should be allowed to bid for the Carolco rights. This allowed Andrew G. Vajna to participate in the bidding. Vajna had co-founded Carolco with Kassar but left the company in 1989.
In September 1997, Cameron invited his friends Vajna and Kassar to see an early edit of Titanic, during which Vajna and Kassar learned that the Terminator rights were still available. That month, Mechanic discovered that Vajna had been quietly negotiating with the bankruptcy court to acquire the rights for himself and Kassar; the duo planned to form a new production company with Terminator 3 as its debut. During September 1997, Vajna signed a tentative $7.5 million agreement to purchase the rights, which were to be sold later in an auction scheduled for the following month. Mechanic was upset to learn of Vajna's agreement, having spent months in negotiations with Schwarzenegger, Cameron, and Hurd. Cameron was upset as well, as Vajna and Kassar had not mentioned their intention to buy the rights during their meeting days earlier. This would lead to the deterioration of their friendship. Vajna later said he was unaware that Cameron was already planning Terminator 3. Miramax dropped out of the bidding when Vajna raised his bid to $8 million.
By October 1997, the budgetary concerns over Terminator 3 and Cameron's troubled post-production of Titanic for Fox led them both to abandon the Terminator project and not pursue the rights. Mechanic had asked Cameron if he wanted Fox to outbid Vajna, but Cameron decided he did not want to be involved in the project. Mechanic believed that Cameron was ""only hanging in there at the end because of Arnold and quality control. It was something that Arnold always wanted to do again. Period. And Jim was more than happy to do it."" Cameron gave his approval for Hurd and Schwarzenegger to make another Terminator film without him, although Schwarzenegger did not want to make the film without Cameron, and initially refused to star in the third film.
Over time, Schwarzenegger would continue trying to persuade Cameron to be involved in the new film. In 2003, Cameron said that he felt he had already told the whole story with his first two Terminator films, something that he came to realize during the post-production of Titanic. Cameron later stated, ""I just felt as a filmmaker maybe I've gone beyond it. I really wasn't that interested. I felt like I'd told the story I wanted to tell. I suppose I could have pursued it more aggressively and gone to the mat for it but I felt like I was laboring in someone else's house to an extent because I had sold the rights very early on."" Nevertheless, feeling that the Terminator character was as much Schwarzenegger's as it was his own, Cameron eventually advised Schwarzenegger to do the third film without him, saying, ""If they can come up with a good script and they pay you a lot of money, don't think twice."" The film was in high demand according to Schwarzenegger, who said he was frequently asked in interviews about the possibility of a third film.
In October 1997, the rights to future Terminator films were auctioned to Vajna for $8 million. Hurd had opposed Vajna's attempt to buy the rights, and had tried unsuccessfully to change Cameron's mind about purchasing the rights. On the night that the rights were auctioned, Vajna contacted Cameron and Schwarzenegger to resolve the situation. Vajna was surprised that Cameron would be upset about the rights being sold, later saying, ""What difference does it make to Jim who's financing the movie, a studio or us? His deal would have been the same. Arnold tried to convince Jim over a long period of time to do the film. Arnold felt very loyal."" Vajna said that Cameron ""felt that we 'stole his baby', even though we're the ones who put it together last time round. So we felt that that was kind of strange and then we went on to do it ourselves.""
Cameron said in January 1998 that it was unlikely he would direct Terminator 3. In March 1998, Vajna and Kassar acquired Hurd's half of the Terminator rights for $8 million, to become full owners of the franchise, with plans to proceed on Terminator 3. Hurd served as an executive producer on the film. Kassar and Vajna contacted Cameron with the hope that he would direct, but he declined. According to Kassar, Cameron was trying to obtain the auctioned Terminator rights for himself at the time that he was asked to direct. Cameron and his company, Lightstorm Entertainment, had considered trying to obtain the rights, but ultimately chose not to do so; it was estimated that acquiring the rights and paying Schwarzenegger to reprise his role could cost up to $100 million.


=== Pre-production ===
By 1999, Kassar and Vajna had been negotiating with various studios about partnering on the project but decided to finalize the film's concept and script first. They founded C2 Pictures that year, and by October 1999, they had brought Toho-Towa and German company VCL on board the project as co-financiers. The latter companies helped finance development of a script by Tedi Sarafian, who was hired for the film in 1999, along with David C. Wilson for a possible fourth installment. Fox held discussions with Vajna and Kassar about buying the rights from them for Cameron. Mechanic said these discussions were never serious. It was also reported that Fox and Cameron had been in discussions with Vajna and Kassar about partnering on the film. Vajna and Kassar accepted a proposal from Fox, but it fell apart once Toho-Towa and VCL were brought onto the project, as the latter companies purchased the distribution rights for Japan and Germany, the largest markets outside of the United States. Kassar and Vajna intended to proceed on the film with or without Schwarzenegger, although Kassar preferred that he be involved. Filming was expected to begin in 2000 for a release the following year.
In March 2000, it was announced that VCL would have a 25 percent stake in the film, as well as the rights in German-speaking territories. At the time, Sarafian was days away from completing his draft, and Kassar hoped to announce a director within 45 days. Filming was still expected to commence later that year, with a release scheduled for the fourth quarter of 2001. Kassar wanted to have Terminator 3 and Terminator 4 shot back to back, possibly with different directors. Plans to shoot the film and its sequel simultaneously were later dropped, in case Terminator 3 did not become a success. Later in 2000, the start of production on Terminator 3 was delayed by a year.
Sarafian's script, titled T-3: Rise of the Machines, featured John Connor working in a dot-com company. The script's villain was the T-1G, a female Terminator sent from the future, with the ability to turn invisible. By July 2000, Cameron had been given a copy of Sarafian's script, but he passed on directing the film due to his estranged relationship with Vajna and Kassar. Cameron later stated that he refused to direct or produce Terminator 3 because he disliked the idea of working from somebody else's script in a story he originated. According to Schwarzenegger, Cameron declined involvement on the project because he did not want to commit to a time frame, as he was busy and had other projects he wanted to explore. Other directors being considered in 2000 included Ang Lee, Christian Duguay, David Fincher, John McTiernan, Ridley Scott, and Roland Emmerich. Lee passed on the project to instead direct Hulk (2003). Scott was offered $20 million to direct the film, but declined as he felt that the franchise wasn't his thing and compared it to a James Bond film, and he also felt that he could potentially mess it up; he chose to begin production on Black Hawk Down instead. Intermedia was announced as a co-financier in October 2000.
Although production was scheduled to begin in 2001, it was delayed in anticipation of a writers strike, which ultimately did not occur. There was also the possibility of an actors strike, and filming was scheduled to begin after it ended. In March 2001, Jonathan Mostow and his producing partner Hal Lieberman were in negotiations to join the project as director and producer respectively. Mostow said he was ""not shy"" when he started working on the project; as he later recalled, ""I said, 'Here's the movie I'm going to make, here's how I'm going to do it. If you don't want to do it my way, you should find a different director.'"" Mostow had concerns about Sarafian's script and declined to start filming until it was perfected.
Mostow invited his college classmates John Brancato and Michael Ferris to rework the screenplay; they signed on to rewrite it in June 2001. Sarafian still got a story credit, although much of his draft was rewritten, and scenes were added to make it more of a road movie, fulfilling Mostow's vision for the film. Brancato said there was initial consideration given to ignoring the basic format of the earlier films by removing aspects of time travel and killer machines from the future: ""We tried all sorts of wacky scenarios [...] But to be honest it just wasn't working."" The idea of a female Terminator was retained from Sarafian's draft, although Mostow disliked Sarafian's idea that the character could turn invisible, saying, ""It's not visceral."" The film makes a subtle reference to Schwarzenegger's age by depicting his character as an obsolete Terminator compared to the T-X. Mostow said, ""It's always great if you can have your protagonist or hero be completely outmatched.""
In December 2001, several companies competed for the distribution rights to the film. The heads of each major studio were invited that month to a secret hotel room meeting to read the script and bid for the rights. Fox declined to participate in the meeting, out of loyalty to Cameron. Warner Bros. Pictures won the U.S. distribution rights that month, with filming scheduled to begin in April 2002. Columbia TriStar Film Distributors International subsequently acquired most of the international distribution rights, including those that would have been handled by VCL, which was suffering financially at the time.
The film's production budget was initially set at $169–170 million, making it the most expensive film ever to be greenlit at the time. The budget would include paying off the debts of Carolco, as well as a $5 million salary for Mostow and a record $30 million salary for Schwarzenegger. The distribution rights were sold for $145 million, while the remaining $25 million would be covered by Vajna, Kassar, and Intermedia. Budget statements for the film put the final cost at $187.3 million (or $167.3 million excluding the production overhead). Product placement deals, with companies such as PepsiCo and Toyota, helped regenerate profit. For example, the film prominently features the then-new Toyota Tundra truck. Schwarzenegger received a record salary of $29.25 million, plus 20 percent of the profits, although he agreed to defer part of his salary in order to prevent the relocation of the set to Vancouver, British Columbia, from Los Angeles. Initially, the film was to have a 100-day shoot, with 62 days in Vancouver and 38 days in Los Angeles. The cast and crew generally agreed that they did not want to relocate from California, so $8 million was trimmed from the budget, allowing for filming to take place entirely in the state. Another benefit of shooting in Los Angeles is that the film is set there. It was announced in February 2002 that the shoot would take place entirely in California.


=== Casting ===
Schwarzenegger signed on to the project in June 2000, after reading Sarafian's draft. Edward Furlong signed on in August 2000, to reprise his role as John Connor from the previous film. However, in December 2001, casting began for a new actor to replace Furlong, who was dropped from the project because of a substance abuse problem. Furlong was removed by Warner Bros., which was concerned that his publicized drug problems could jeopardize the project. Furlong later stated ""I don't know [what happened]. It just wasn't the time. I was going through my own thing at the point in my life – whatever, it just wasn't meant to be"".
According to Mostow, Furlong had been considered, but the director wanted to start from scratch with a new actor, as John would be portrayed as ""a very different character now."" Mostow described the character as someone who has carried the burden of being a leader in the future, saying ""it's very lonely because nobody else in the world knows about it or believes it. Even if he tried to explain to somebody, they'd think he was crazy and that's a really interesting character."" Mostow wanted the character to have soulfulness and he believed that Nick Stahl was the right actor for the role. Although John Connor was written as being 10 years old in the script for Terminator 2, Furlong was actually several years older than that. For Terminator 3, Mostow wondered whether the character's current age should be faithful to what was written before. After some consideration, Mostow chose to make the character slightly older for Terminator 3, to be consistent with Furlong's real age. The film states that John was 13 years old during the events of the previous film. Mostow said he tried to avoid the age discrepancy as much as possible in the film. Some fans were disappointed by the decision to recast Furlong, and some were alienated by the age change.
In November 2000, Linda Hamilton said she had turned down an offer to reprise her role as Sarah Connor. Hamilton said in October 2001 that the script did not take her character in any new directions: ""The film is really about turning the baton over to Sarah's son John, played by Eddie Furlong. It's Eddie's movie - and Arnold's. It was like a no-win situation for me."" She also was dissuaded by the fact that Cameron would have no involvement in the film. Hamilton later explained her decision not to reprise her role: ""They offered me a part. I read it and I knew my character arc was so complete in the first two, and in the third one it was a negligible character. She died halfway through and there was no time to mourn her. It was kind of disposable, so I said no thank you."" When Mostow signed on as director, one of his conditions was that Hamilton reprise her role. However, he realized that the character would not have changed much since the previous film and that she would not contribute much to the story, saying later, ""Linda Hamilton is too important to the franchise to stick her in as the third wheel."" Mostow realized that John Connor would need to be the focus of the story, although the mausoleum scene was added as a way of integrating Hamilton's character into the story as well. Old footage of Hamilton was expected to be used for flashback scenes of Sarah Connor, although no such scenes exist in the final film. Mostow said the flashbacks made ""a complicated story even more complicated.""
When Schwarzenegger was called into Kassar and Vajna's office in April 2001, he did not expect them to bring up Terminator 3 given the film's long stint in development hell. Instead, he wanted to talk to the producers about his political interests, including a potential candidacy as Governor of California in the 2002 election. However, pre-production was rolling along, with the screenplay nearly finished and set deals for both merchandising and distribution. Schwarzenegger postponed his gubernatorial plans, which eventually came into fruition with the 2003 California gubernatorial recall election. Instead, the actor combined production of the film with the promotion of Proposition 49, which advocated increased extracurricular activity in California schools. At times Schwarzenegger even received politicians, journalists, and potential financial backers of the proposition on the film set. During pre-production, Schwarzenegger worked out daily to prepare for the role, to get into the same physical shape in which he was during shooting of the previous films. Schwarzenegger felt it was important to be in the same physical condition as he was for the previous film, saying, ""Otherwise, people would say, 'He's lost it; he's all saggy and flabby,' and that would be all anyone would talk about it. I didn't want to be digitized, because someone would blab, and it would be in all the columns. So I just worked harder.""
Approximately 10,000 women auditioned for the role of the T-X. Schwarzenegger originally wanted wrestling star Chyna to portray the T-X. Famke Janssen subsequently emerged as the most likely candidate for the role. Following the 2001 release of The Fast and the Furious, starring Vin Diesel, there was consideration given to rewriting the T-X character as a man with Diesel in the role. In early 2002, Kristanna Loken was cast as the T-X, while Stahl was cast as John Connor. Stahl auditioned approximately five times, and underwent three screen tests, before receiving the role. Other actors considered for the role of John Connor included Shane West, Jake Gyllenhaal, and Logan Marshall-Green. For the film, Stahl took some weapons training and learned how to ride a motorcycle. Stahl did not aim to impersonate Furlong's earlier performance. For her role, Loken underwent six weeks of training, involving weights, fighting, and weapons. She also undertook Krav Maga, and gained 14 pounds (6.4 kg) of muscle. In addition, Loken took a mime movement class to perfect her character's robotic movements.
Mostow originally wanted Claire Danes for the role of Kate Brewster, but the initial effort to get her involved did not work out. Sophia Bush was cast in the role instead, and Mostow was more excited about her casting than any other character. However, during filming, Mostow felt that Bush's appearance and performance seemed too youthful for the role. He said, ""I tried everything I could to make her look older, but ultimately the camera doesn't lie. So I had to replace her and it was heart breaking because it was a huge break for her."" After reading the script, Danes decided to join the cast to play Kate. Bush was replaced by Danes in May 2002, a month into filming. Danes began filming the day after she was hired.


=== Filming ===
Filming began on April 15, 2002. Mostow decided to spend the first two weeks filming scenes without Schwarzenegger so that when the actor arrived the crew would have been steadily working and ready to give the actor the focus he deserved. The first night of filming with him involved the Terminator ramming a vehicle into Loken's T-X outside the animal hospital, which was constructed as a set in Los Angeles' Sunland-Tujunga neighborhood. Initially, Mostow was somewhat hesitant about following Cameron's footsteps as director, but he eventually put aside such concerns and later said, ""Everyone will see this movie and make comparisons, but I can't control any of that."" Schwarzenegger missed working with Cameron and initially did not have the same kind of confidence in Mostow as filming began. However, during the first week of filming, Schwarzenegger became convinced that Mostow was an adequate choice.
Production designer Jeff Mann and his crew of 350 people designed and constructed multiple sets for the film during a four-month period prior to filming. Los Angeles Center Studios was a major filming location, as the production used six sound stages there. At least three sound stages were occupied by the project at all times during filming, and at one point all of the stages were in use for the shoot. In June 2002, driving scenes were filmed at Rose Hills Memorial Park in Whittier, California. Filming also took place at Big Bend National Park in Texas. Some sequences use more than 1,000 simultaneous tracks of audio.
Stahl had few scenes during the initial weeks of filming, giving him time to work on his physique. Schwarzenegger worked out during lunch breaks to maintain his physical appearance. He had a 20-foot (6.1 m) trailer with a gym inside, where he would work out in between filming. Schwarzenegger also performed many of his own stunts, something that he enjoyed doing. One of the most elaborate and choreographed stunts was devised by Mostow and stunt coordinator Simon Crane. The scene involves the T-X driving a 100-ton mobile crane down a street in pursuit of John Connor. During the scene, Schwarzenegger's Terminator hangs on to the crane arm as it is swung around, smashing him into a glass building and a passing fire truck. Fourteen cameras were used for the shot in which he crashes through a glass building, as the film crew would only have one chance to film it, which was the case with many of the film's stunts. Schwarzenegger enjoyed filming the scene and called it ""unbelievable,"" while stating, ""We used every safety precaution, but there were close calls, many times."" The street chase was filmed on a 0.25-mile (0.40 km) set of road and buildings, constructed at a Boeing plant in Downey, California. The film's showdown between the two Terminators is set in a marble and steel bathroom. Mostow's vision for the scene was to have the bathroom completely destroyed by the Terminators by the end of their battle. The scene took four weeks to rehearse and two weeks to film. In early September 2002, scenes were filmed at San Bernardino International Airport.
As with the previous films, the Terminator characters arrive naked after travelling through time. One of the film's opening scenes is set at the Desert Star bar, where Schwarzenegger's Terminator goes in search of clothes. The scene was filmed at the Cowboy Palace bar in the San Fernando Valley. The Sierra Inn bar and restaurant, in Agua Dulce, California, was also used for exterior shots of the Desert Star. The final scene to be filmed was another opening scene in which the T-X arrives naked on Rodeo Drive in Beverly Hills, California. Mostow said shooting the scene discreetly was a challenge due to the tourist popularity of Rodeo Drive. The filmmakers had to wait five months before finally receiving clearance to shoot the scene. The street had to be closed for filming to take place. The 5-month shoot proceeded as scheduled (From April 15, 2002), and concluded on September 8, 2002.


=== Effects ===
The film features more than 600 special effects shots. Industrial Light & Magic (ILM) and Stan Winston created the special effects, as they had done for the previous film. Winston created the Terminator special effects and also designed the T-1, an early Terminator machine that appears in the CRS facility near the end of the film. Mostow said about the T-1, ""I wanted to depict the first generation of Terminator robots, to show where it all began. […] We came up with this primitive but deadly robotic machine that is part tank, part robot."" Winston created five full-sized, functioning T-1 robots, each one controlled by hydraulics. Winston's team also designed the T-X's endoskeleton frame, as well as her weapons. Certain sequences involving fire and explosions were deemed too dangerous for Schwarzenegger and Loken to perform, so Winston and his team constructed life-sized robot replicas of the actors for such scenes. When the start of production was delayed from its earlier 2001 date, it allowed Winston more time to develop the various special effects. ILM used miniature sculptures and computer-generated imagery (CGI) to create numerous visual effects for brief scenes set in the future, depicting the post-apocalyptic war between humans and machines, including an army of computer-generated Terminator endoskeletons.
One challenging scene for the visual effects team takes place at a cemetery, where the T-X has taken on the appearance of Kate's fiancé, before morphing to her original appearance. The scene required several repeated shots of the same area with the use of controlled camera movements that were the same for each take. Another difficult scene depicts the T-X's liquid metal exterior peeling off to reveal her endoskeleton. The visual effects team took six months to develop a method that would adequately simulate the scene. Pablo Helman, visual effects supervisor for ILM, said, ""We had no application for creating and controlling streams of liquid metal, so we had to begin by determining the density, weight, shape and mass of this material, and how it would move under these conditions. It was a really complicated process."" Another scene features the crane vehicle flipping over at the end of the road chase sequence. The production crew determined that it would be too dangerous and impractical to use the actual vehicle during this portion of the sequence, so ILM digitally recreated the crane using photos of the actual vehicle.
One scene depicts the T-101 cutting open his chest cavity to remove a failing fuel cell battery, while simultaneously driving a truck. For the scene, Winston's team used cyber scans to create a body cast replica of Schwarzenegger that would sit in the driver's seat. Schwarzenegger was situated in the back of the truck, and his head and arms were visible in the front seat to give the impression that he was connected to the body cast. Several shots during the bathroom battle used CGI to simulate the Terminators. Helman said the scene required ""a tremendous amount of visual effects to accomplish, and in some shots, large sections of the bathroom are completely computer generated."" Mostow said the battle was ""actually a much more complicated sequence from a visual effects standpoint than the audience will ever realize."" Seven different make-up designs were created to convey the damage received by the T-101 during the story, culminating in a final one that could not be done solely through practical effects, relying on a combination of Schwarzenegger's real body, prosthetics, and CGI.


== Music ==

Marco Beltrami composed the musical score. As various Beltrami scores had been used by the editor as a temp track, Mostow got interested in bringing the composer along. Beltrami chose to do an orchestral soundtrack as opposed to how Brad Fiedel leaned heavily on electronic music in the first two films to develop ""something more organic"" that highlighted how the film focused on John Connor and his emotional journey, and also chose to use the series' leitmotif by Brad Fiedel only in the end credits. The film's soundtrack was released by Varèse Sarabande on June 24, 2003. The film also features during its credits ""The Current"", a song by The Blue Man Group with vocals by Gavin Rossdale. The film's production designer Jeff Mann went on to direct the song's music video.


== Release ==


=== Marketing ===
The first teaser trailer of Terminator 3: Rise of the Machines premiered online and in theaters with Men in Black II in July 2002. On December 13, 2002, the first shot of T-X was revealed on USA Today. Just four days later, a trailer was officially released online. It debuted in theaters a day later on December 18 with the release of The Lord of the Rings: The Two Towers. The film was also advertised during Super Bowl XXXVII with a television commercial.
In May 2003, several parties were held in Cannes to promote the film. Also held there was a publicity event that included 10-foot (3.0 m) metal robots, as well as comments from Schwarzenegger about the film. Action figures of the Terminator characters were produced by McFarlane Toys.
Atari adapted the film into three video games, beginning with Terminator 3: Rise of the Machines (2003) developed by Black Ops Entertainment for multiple platforms. This was followed by Terminator 3: War of the Machines (2003) and Terminator 3: The Redemption (2004).
On the weekend of the film's release, NASCAR drivers Jamie McMurray and Michael Waltrip each drove T3-branded cars during races at Daytona International Speedway. The cars featured the likenesses of Schwarzenegger and Loken's characters. In addition, a month after the film was released, Formula One team Jaguar Racing would run their cars with T3 liveries at the 2003 British Grand Prix.


=== Theatrical ===
Terminator 3: Rise of the Machines had its premiere at Mann Village Theater in Westwood, Los Angeles on June 30, 2003. In the United States, the film was released by Warner Bros. in 3,504 theaters on July 2, 2003. Press screenings of the film were very limited prior to release.


=== Home media ===
Terminator 3: Rise of the Machines was released on DVD and VHS on November 11, 2003, on HD-DVD in September 2006, and on Blu-ray on November 26, 2007.


== Reception ==


=== Box office ===
Terminator 3: Rise of the Machines earned $150.4 million in the United States and Canada and $283 million in other territories, for a worldwide total of $433.4 million. It was the seventh-highest-grossing film of 2003.
In the United States and Canada, Terminator 3: Rise of the Machines was released on July 2, 2003. It earned $12.5 million on its first day, including $4 million from Tuesday night previews. The film grossed $44 million during its opening weekend, combined with the $72.5 million five-day Wednesday opening gross. At the time of its opening, it had the fifth-highest opening weekend for an R-rated film, behind The Matrix Reloaded, American Pie 2, 8 Mile, and Hannibal. The film also scored the fourth-highest Fourth of July opening weekend, after Men in Black, Men in Black II, and Independence Day. Moreover, it competed against other films that were released around the same time like Finding Nemo, The Italian Job, Hulk, Legally Blonde 2: Red, White & Blonde, Charlie's Angels: Full Throttle, Bruce Almighty, and 2 Fast 2 Furious. These films would even dominate the weaker opening of Sinbad: Legend of the Seven Seas, an underperforming animated film. Additionally, Terminator 3: Rise of the Machines surpassed Batman & Robin for having the biggest opening weekend for any film starring Arnold Schwarzenegger. It would remain at the top of the box office until it was dethroned by Pirates of the Caribbean: The Curse of the Black Pearl and The League of Extraordinary Gentlemen the following week. Terminator 3: Rise of the Machines completed its theatrical run on October 30, 2003, making it the year's eighth-highest-grossing film. Warner Bros. said that the film was meaningfully profitable for them.
Worldwide, Terminator 3: Rise of the Machines had box office runs in several countries. The film made $1 million from India, making it the country's third-highest opening of any film, behind Die Another Day and Spider-Man. In France, it became the third-highest opening for a 2003 film in the country, trailing only behind Taxi 3 and The Matrix Reloaded. It then made $2.6 million in Italy during its opening weekend. In the United Kingdom, the film made an opening weekend total of $9.6 million. At this point, it had the country's fourth-highest opening for any 2003 film, after Bruce Almighty, The Matrix Reloaded, and X2. With the exception of Batman & Robin and True Lies, the film's four-day gross was superior to the total gross of any Schwarzenegger film released since Terminator 2: Judgment Day in 1991. Plus, it had earned $1.7 million from previews. Meanwhile, in Japan, Terminator 3: Rise of the Machines went on to earn $12.5 million, making it the country's sixth-largest opening of any film. The film had already earned $9.5 million from previews, surpassing Spirited Away's record for having the biggest previews in Japan. It made $1.3 million in Thailand, becoming the second-highest opening of any film in the country, behind The Legend of Suriyothai. In total, the international grosses include Argentina ($2.5 million), Australia ($12.3 million), Austria ($3.4 million) France ($18.9 million), Germany ($19.5 million), India ($2.1 million), Italy ($6.2 million), Japan ($67.5 million), Mexico ($8.9 million), New Zealand ($2.3 million), Russia ($12.8 million), Spain ($13.9 million), and the United Kingdom ($31.2 million).


=== Critical response ===
Terminator 3: Rise of the Machines has an approval rating of 70% based on 203 professional reviews on the review aggregator website Rotten Tomatoes, with an average rating of 6.5/10. Its critical consensus reads, ""Although T3 never reaches the heights of the second movie, it is a welcome addition to the Terminator franchise."" Metacritic (which uses a weighted average) assigned Terminator 3: Rise of the Machines a score of 66 out of 100 based on 41 critics, indicating ""generally favorable reviews"". Audiences polled by CinemaScore gave the film an average grade of ""B+"" on an A+ to F scale.
Shortly after the film's release, Cameron described the film as ""in one word: great"", but after the release of the fourth film, Terminator Salvation, Cameron added he felt his first two films were better than either of the later films. A. O. Scott of The New York Times said the film ""is essentially a B movie, content to be loud, dumb and obvious"". In a mixed review, David Edelstein of Paste Magazine explained that ""the villain comes back more times than Wile E. Coyote. I found it tiresome and witless and numbingly repetitive, but action mavens won't feel cheated."" Roger Ebert gave the film two-and-a-half stars, remarking ""Essentially one long chase and fight, punctuated by comic, campy or simplistic dialogue.""

In retrospect, Director Jonathan Mostow said:“The problem in Terminator 3 is that Terminator 2 was such a seminal movie. It was going to be impossible to blow people away because T2 was the first time a lot of people saw digital effects. The liquid-metal man, no one had ever seen that before. That and Jurassic Park, those are two movies that probably must have blown people away from seeing them in the theater. I knew that we wouldn’t be able to achieve that. I also knew there was going to be a lot of skepticism. Why do you even need a third Terminator? I felt that I had to disarm those people. So that’s why we made the choice to use humor, which is front-loaded earlier in the movie. Some of it's too shticky, some of it has not aged well with time, I’ll be the first to confess. But if you went to the theater at the time, it worked with the audience.


=== Accolades ===


== Sequel and reboot ==

Terminator 3: Rise of the Machines was followed by Terminator Salvation, with the setting moved to the post-apocalyptic future. Although Salvation was intended to launch a new trilogy for the series, the film is considered a failure. This led to Terminator Genisys (2015), a reboot of the franchise which underperformed at the box office.


== Notes ==


== References ==


=== Citations ===


=== Works cited ===
Shapiro, Marc (July 1991). ""A Judgment In Steel"". Fangoria. No. 104. Atlanta, Georgia: Fangoria Publishing, LLC. pp. 36–40.
Shapiro, Marc (September 1991). ""Director's Judgment"". Starlog. No. 170. New York: Starlog Group, Inc. pp. 32–35.


== External links ==

Official website
Terminator 3: Rise of the Machines at IMDb",Arnold Schwarzenegger was 45 years old in Terminator 3.,"Terminator 3: Rise of the Machines (commonly abbreviated as T3) is a 2003 science fiction action film directed by Jonathan Mostow and starring Arnold Schwarzenegger , Nick Stahl , Claire Danes and Kristanna Loken .",0,1,unsupported,0.567292697988,-0.1269911408881983,-2.158849395099371,17,,0.9382714033126831,-0.12562083074,2.54686900467,0.7784973063507715,5,-1.92626063731,0.0,0.0,0.0,1.0,0.007404327392578125,0.0018148422241210938,0.99072265625,0.3035093814099217,0.5753001893214384,0.735707022111797,0.5131736523778971,0.5,abstain
Q7_4,wikiqa,how a beretta model 21 pistols magazines works,"The Beretta 21A Bobcat is a semi-automatic pocket pistol designed by Beretta in Italy. Production began in the late 1984, solely in the Beretta U.S.A. facility in Accokeek, Maryland. It is a further development of the Beretta Model 20, whose production ended in 1985.


== Design ==
The Beretta 21A Bobcat is available chambered for either .22 LR or .25 ACP (6.35 mm) ammunition. It has a simple blowback operation, with a single- and double-action trigger mechanism, and exposed hammer. It has a magazine release button in the left side grip, located between the grip retaining screws. The frame is made out of aluminum alloy; the slide and barrel are either carbon steel or stainless steel, depending on the model. According to Beretta, the pistol is intended for off duty police and pistol carry permit holders that seek a highly concealable, but reliable pistol designed for self-defense.


== Safety features ==
It is fitted with a frame-mounted, thumb-operated rear-locking safety, which also blocks the slide. This can be applied with the hammer fully down, or cocked. The hammer has a half-cock safety notch. There is an inertia type firing pin design.


== Unique features ==
One defining feature of this pistol is the 'tip-up' barrel. The barrel pivots on a pin under the muzzle so that the chamber may be loaded with the slide in the closed position. It is released by a lever on the left side of the frame, above the trigger. This simplifies loading, unloading, and checking load status, as the slide can be difficult for some people to retract by hand.

The Bobcat was designed without an extractor, relying on pressure from the expanding gases of the fired cartridge to simply blow spent cases from the chamber. This makes it particularly sensitive to choice of ammunition for dependable operation.
The weapon design creates a unique ejection path. Instead of ejecting spent brass to the side as do most semi-automatic hand guns, the Bobcat ejects the spent brass backwards and up.


== Variants ==
The Bobcat 21A is available in either .22 LR with 7-round magazine capacity or .25 ACP (6.35 mm) with 8-round magazine capacity. The .22 LR version is currently available in either matte black (Beretta's ""Bruniton"" finish) or stainless steel (""Inox"") versions. The .25 ACP model is available in black only.
In the .22 LR ""Inox"" version (introduced in 2000) only the barrel and slide are stainless steel, and the alloy frame has a matte light gray Bruniton coating. The remainder of the gun is unchanged.


== See also ==
Beretta Mini Pistols
List of firearms
Taurus PT-22


== References ==


=== Bibliography ===
Wood, J.B. (2006). Beretta Pistols – The Ultimate Guide. Accokeek, MD: Stoeger Publishing. ISBN 978-0-883173138.


== External links ==

""Beretta 21 Factory Owners Manual"". Beretta USA. Archived from the original on 28 August 2018.
""Model 21 Bobcat"". Beretta USA.
"".22 Results in fps"". Ballistics By The Inch.","The Beretta Model 21 pistol uses a single-stack magazine, with the .22 LR version holding 7 rounds and the .25 ACP version holding 8 rounds. The magazine is loaded through the bottom of the grip, and the magazine release button is located on the left side of the frame.",The Beretta 21A Bobcat is a small pocket-sized semi-automatic pistol designed by Beretta in Italy.,0,1,unsupported,0.166395429396,-0.08065686844813591,-5.162039580680698,64,,0.8168357610702515,0.715218447018,2.40113235182,0.8626562342824103,4,-0.522772680063,0.5,0.5,0.0,0.5,0.519500732421875,0.04152870178222656,0.4389076232910156,0.24734958445622426,0.561524036147015,0.7195000226990779,0.5131736523778971,0.5,abstain
Q407_249,wikiqa,how many missions has the us sent to mars,"Space exploration is the physical investigation of outer space by uncrewed robotic space probes and through human spaceflight.
While the observation of objects in space, known as astronomy, predates reliable recorded history, it was the development of large and relatively efficient rockets during the mid-twentieth century that allowed physical space exploration to become a reality. Common rationales for exploring space include advancing scientific research, national prestige, uniting different nations, ensuring the future survival of humanity, and developing military and strategic advantages against other countries.
The early era of space exploration was driven by a ""Space Race"" in which the Soviet Union and the United States vied to demonstrate their technological superiority. Landmarks of this era include the launch of the first human-made object to orbit Earth, the Soviet Union's Sputnik 1, on 4 October 1957, and the first Moon landing by the American Apollo 11 mission on 20 July 1969. The Soviet space program achieved many of the first milestones, including the first living being in orbit in 1957, the first human spaceflight (Yuri Gagarin aboard Vostok 1) in 1961, the first spacewalk (by Alexei Leonov) on 18 March 1965, the first automatic landing on another celestial body in 1966, and the launch of the first space station (Salyut 1) in 1971. 
In the 1970s, focus shifted from one-off flights to renewable hardware, such as the Space Shuttle program, and from competition to cooperation, the foremost example being the International Space Station (ISS), built between 1998 and 2011.
The 2000s brought advancements in the national space-exploration programs of China, the European Union, Japan, and India. The 2010s saw the rise of the private space industry in earnest with the development of private launch vehicles, space capsules, and satellite manufacturing. In the 2020s, the two primary global programs gaining traction are Moon-focused: the Chinese-led International Lunar Research Station and the U.S.-led Artemis Program, with its plan to build the Lunar Gateway and the Artemis Base Camp, each with a set of international partners.


== History of exploration ==


=== First telescopes ===
The first telescope is said to have been invented in 1608 in the Netherlands by an eyeglass maker named Hans Lippershey, but their first recorded use in astronomy was by Galileo Galilei in 1609. In 1668 Isaac Newton built his own reflecting telescope, the first fully functional telescope of this kind, and a landmark for future developments due to its superior features over the previous Galilean telescope.
A string of discoveries in the Solar System (and beyond) followed, then and in the next centuries: the mountains of the Moon, the phases of Venus, the main satellites of Jupiter and Saturn, the rings of Saturn, many comets, the asteroids, the new planets Uranus and Neptune, and many more satellites.
The Orbiting Astronomical Observatory 2 was the first space telescope launched 1968, but the launch of the Hubble Space Telescope in 1990 set a milestone. As of 1 December 2022, there were 5,284 confirmed exoplanets discovered. The Milky Way is estimated to contain 100–400 billion stars and more than 100 billion planets. There are at least 2 trillion galaxies in the observable universe. HD1 is the most distant known object from Earth, reported as 33.4 billion light-years away.


=== First outer space flights ===

MW 18014 was a German V-2 rocket test launch that took place on 20 June 1944, at the Peenemünde Army Research Center in Peenemünde. It was the first human-made object to reach outer space, attaining an apogee of 176 kilometers, which is well above the Kármán line. It was a vertical test launch. Although the rocket reached space, it did not reach orbital velocity, and therefore returned to Earth in an impact, becoming the first sub-orbital spaceflight. In 1949, the Bumper-WAC reached an altitude of 393 kilometres (244 mi), becoming the first human-made object to enter space, according to NASA.


=== First object in orbit ===
The first successful orbital launch was of the Soviet uncrewed Sputnik 1 (""Satellite 1"") mission on 4 October 1957. The satellite weighed about 83 kg (183 lb), and is believed to have orbited Earth at a height of about 250 km (160 mi). It had two radio transmitters (20 and 40 MHz), which emitted ""beeps"" that could be heard by radios around the globe. Analysis of the radio signals was used to gather information about the electron density of the ionosphere, while temperature and pressure data were encoded in the duration of radio beeps. The results indicated that the satellite was not punctured by a meteoroid. Sputnik 1 was launched by an R-7 rocket. It burned up upon re-entry on 3 January 1958.


=== First human outer space flight ===
The first successful human spaceflight was Vostok 1 (""East 1""), carrying the 27-year-old Russian cosmonaut, Yuri Gagarin, on 12 April 1961. The spacecraft completed one orbit around the globe, lasting about 1 hour and 48 minutes. Gagarin's flight resonated around the world; it was a demonstration of the advanced Soviet space program and it opened an entirely new era in space exploration: human spaceflight.


=== First astronomical body space explorations ===
The first artificial object to reach another celestial body was Luna 2 which reached the Moon in 1959. The first soft landing on another celestial body was performed by Luna 9 landing on the Moon on 3 February 1966. Luna 10 became the first artificial satellite of the Moon, entering in a lunar orbit on 3 April 1966.
The first crewed landing on another celestial body was performed by Apollo 11 on 20 July 1969, landing on the Moon. There have been a total of six spacecraft with humans landing on the Moon starting from 1969 to the last human landing in 1972.
The first interplanetary flyby was the 1961 Venera 1 flyby of Venus, though the 1962 Mariner 2 was the first flyby of Venus to return data (closest approach 34,773 kilometers). Pioneer 6 was the first satellite to orbit the Sun, launched on 16 December 1965. The other planets were first flown by in 1965 for Mars by Mariner 4, 1973 for Jupiter by Pioneer 10, 1974 for Mercury by Mariner 10, 1979 for Saturn by Pioneer 11, 1986 for Uranus by Voyager 2, 1989 for Neptune by Voyager 2. In 2015, the dwarf planets Ceres and Pluto were orbited by Dawn and passed by New Horizons, respectively. This accounts for flybys of each of the eight planets in the Solar System, the Sun, the Moon, and Ceres and Pluto (two of the five recognized dwarf planets).
The first interplanetary surface mission to return at least limited surface data from another planet was the 1970 landing of Venera 7, which returned data to Earth for 23 minutes from Venus. In 1975, Venera 9 was the first to return images from the surface of another planet, returning images from Venus. In 1971, the Mars 3 mission achieved the first soft landing on Mars returning data for almost 20 seconds. Later, much longer duration surface missions were achieved, including over six years of Mars surface operation by Viking 1 from 1975 to 1982 and over two hours of transmission from the surface of Venus by Venera 13 in 1982, the longest ever Soviet planetary surface mission. Venus and Mars are the two planets outside of Earth on which humans have conducted surface missions with uncrewed robotic spacecraft.


=== First space station ===
Salyut 1 was the first space station of any kind, launched into low Earth orbit by the Soviet Union on 19 April 1971. The International Space Station (ISS) is currently the largest and oldest of the 2 current fully functional space stations, inhabited continuously since the year 2000. The other, Tiangong space station built by China, is now fully crewed and operational.


=== First interstellar space flight ===
Voyager 1 became the first human-made object to leave the Solar System into interstellar space on 25 August 2012. The probe passed the heliopause at 121 AU to enter interstellar space.


=== Farthest from Earth ===
The Apollo 13 flight passed the far side of the Moon at an altitude of 254 kilometers (158 miles; 137 nautical miles) above the lunar surface, and 400,171 km (248,655 mi) from Earth, marking the record for the farthest humans have ever traveled from Earth in 1970 until the launch of Artemis II in April 2026.
As of 9 February 2025, Voyager 1 was at a distance of 166.4 AU (24.89 billion km; 15.47 billion mi) from Earth. It is the most distant human-made object from Earth.


== Targets of exploration ==
Starting in the mid-20th century probes and then human missions were sent into Earth orbit, and then on to the Moon. Also, probes were sent throughout the known Solar System, and into Solar orbit. Uncrewed spacecraft have been sent into orbit around Saturn, Jupiter, Mars, Venus, and Mercury by the 21st century, and the most distance active spacecraft, Voyager 1 and 2 traveled beyond 100 times the Earth-Sun distance. The instruments were enough though that it is thought they have left the Sun's heliosphere, a sort of bubble of particles made in the Galaxy by the Sun's solar wind.


=== The Sun ===
The Sun is a major focus of space exploration. Being above the atmosphere in particular and Earth's magnetic field gives access to the solar wind and infrared and ultraviolet radiations that cannot reach Earth's surface. The Sun generates most space weather, which can affect power generation and transmission systems on Earth and interfere with, and even damage, satellites and space probes. Numerous spacecraft dedicated to observing the Sun, beginning with the Apollo Telescope Mount, have been launched and still others have had solar observation as a secondary objective. Parker Solar Probe, launched in 2018, will approach the Sun to within 1/9th the orbit of Mercury.


=== Mercury ===

Mercury remains the least explored of the Terrestrial planets. As of May 2013, the Mariner 10 and MESSENGER missions have been the only missions that have made close observations of Mercury. MESSENGER entered orbit around Mercury in March 2011, to further investigate the observations made by Mariner 10 in 1975 (Munsell, 2006b). A third mission to Mercury, scheduled to arrive in 2025, BepiColombo is to include two probes. BepiColombo is a joint mission between Japan and the European Space Agency. MESSENGER and BepiColombo are intended to gather complementary data to help scientists understand many of the mysteries discovered by Mariner 10's flybys.
Flights to other planets within the Solar System are accomplished at a cost in energy, which is described by the net change in velocity of the spacecraft, or delta-v. Due to the relatively high delta-v to reach Mercury and its proximity to the Sun, it is difficult to explore and orbits around it are rather unstable.


=== Venus ===

Venus was the first target of interplanetary flyby and lander missions and, despite one of the most hostile surface environments in the Solar System, has had more landers sent to it (nearly all from the Soviet Union) than any other planet in the Solar System. The first flyby was the 1961 Venera 1, though the 1962 Mariner 2 was the first flyby to successfully return data. Mariner 2 has been followed by several other flybys by multiple space agencies often as part of missions using a Venus flyby to provide a gravitational assist en route to other celestial bodies. In 1967, Venera 4 became the first probe to enter and directly examine the atmosphere of Venus. In 1970, Venera 7 became the first successful lander to reach the surface of Venus and by 1985 it had been followed by eight additional successful Soviet Venus landers which provided images and other direct surface data. Starting in 1975, with the Soviet orbiter Venera 9, some ten successful orbiter missions have been sent to Venus, including later missions which were able to map the surface of Venus using radar to pierce the obscuring atmosphere.


=== Earth ===

Space exploration has been used as a tool to understand Earth as a celestial object. Orbital missions can provide data for Earth that can be difficult or impossible to obtain from a purely ground-based point of reference.
For example, the existence of the Van Allen radiation belts was unknown until their discovery by the United States' first artificial satellite, Explorer 1. These belts contain radiation trapped by Earth's magnetic fields, which currently renders construction of habitable space stations above 1000 km impractical. Following this early unexpected discovery, a large number of Earth observation satellites have been deployed specifically to explore Earth from a space-based perspective. These satellites have significantly contributed to the understanding of a variety of Earth-based phenomena. For instance, the hole in the ozone layer was found by an artificial satellite that was exploring Earth's atmosphere, and satellites have allowed for the discovery of archeological sites or geological formations that were difficult or impossible to otherwise identify.


==== Moon ====

The Moon was the first celestial body to be the object of space exploration. It holds the distinctions of being the first remote celestial object to be flown by, orbited, and landed upon by spacecraft, and the only remote celestial object ever to be visited by humans.
In 1959, the Soviets obtained the first images of the far side of the Moon, never previously visible to humans. The U.S. exploration of the Moon began with the Ranger 4 impactor in 1962. Starting in 1966, the Soviets successfully deployed a number of landers to the Moon which were able to obtain data directly from the Moon's surface; just four months later, Surveyor 1 marked the debut of a successful series of U.S. landers. The Soviet uncrewed missions culminated in the Lunokhod program in the early 1970s, which included the first uncrewed rovers and also successfully brought lunar soil samples to Earth for study. This marked the first (and to date the only) automated return of extraterrestrial soil samples to Earth. Uncrewed exploration of the Moon continues with various nations periodically deploying lunar orbiters. China's Chang'e 4 in 2019 and Chang'e 6 in 2024 achieved the world's first landing and sample return on the far side of the Moon. India's Chandrayaan-3 in 2023 achieved the world's first landing on the lunar south pole region.
Crewed exploration of the Moon began in 1968 with the Apollo 8 mission that successfully orbited the Moon, the first time any extraterrestrial object was orbited by humans. In 1969, the Apollo 11 mission marked the first time humans set foot upon another world. Crewed exploration of the Moon did not continue for long. The Apollo 17 mission in 1972 marked the sixth landing and the most recent human visit. Artemis II is scheduled to complete a crewed flyby of the Moon in 2025, and Artemis III will perform the first lunar landing since Apollo 17 with it scheduled for launch no earlier than 2026. Robotic missions are still pursued vigorously.


=== Mars ===

The exploration of Mars has been an important part of the space exploration programs of the Soviet Union (later Russia), the United States, Europe, Japan, and India. Dozens of robotic spacecraft, including orbiters, landers, and rovers, have been launched toward Mars since the 1960s. These missions were aimed at gathering data about current conditions and answering questions about the history of Mars. The questions raised by the scientific community are expected to not only give a better appreciation of the Red Planet but also yield further insight into the past, and possible future, of Earth.
The exploration of Mars has come at a considerable financial cost with roughly two-thirds of all spacecraft destined for Mars failing before completing their missions, with some failing before they even began. Such a high failure rate can be attributed to the complexity and large number of variables involved in an interplanetary journey, and has led researchers to jokingly speak of The Great Galactic Ghoul which subsists on a diet of Mars probes. This phenomenon is also informally known as the ""Mars Curse"". In contrast to overall high failure rates in the exploration of Mars, India has become the first country to achieve success of its maiden attempt. India's Mars Orbiter Mission (MOM) is one of the least expensive interplanetary missions ever undertaken with an approximate total cost of ₹ 450 Crore (US$73 million). The first mission to Mars by any Arab country has been taken up by the United Arab Emirates. Called the Emirates Mars Mission, it was launched on 19 July 2020 and went into orbit around Mars on 9 February 2021. The uncrewed exploratory probe was named ""Hope Probe"" and was sent to Mars to study its atmosphere in detail.


==== Phobos ====

The Russian space mission Fobos-Grunt, which launched on 9 November 2011, experienced a failure leaving it stranded in low Earth orbit. It was to begin exploration of the Phobos and Martian circumterrestrial orbit, and study whether the moons of Mars, or at least Phobos, could be a ""trans-shipment point"" for spaceships traveling to Mars.


=== Asteroids ===

Until the advent of space travel, objects in the asteroid belt were merely pinpricks of light in even the largest telescopes, their shapes and terrain remaining a mystery. Several asteroids have now been visited by probes, the first of which was Galileo, which flew past two: 951 Gaspra in 1991, followed by 243 Ida in 1993. Both of these lay near enough to Galileo's planned trajectory to Jupiter that they could be visited at acceptable cost. The first landing on an asteroid was performed by the NEAR Shoemaker probe in 2000, following an orbital survey of the object, 433 Eros. The dwarf planet Ceres and the asteroid 4 Vesta, two of the three largest asteroids, were visited by NASA's Dawn spacecraft, launched in 2007.
Hayabusa was a robotic spacecraft developed by the Japan Aerospace Exploration Agency to return a sample of material from the small near-Earth asteroid 25143 Itokawa to Earth for further analysis. Hayabusa was launched on 9 May 2003 and rendezvoused with Itokawa in mid-September 2005. After arriving at Itokawa, Hayabusa studied the asteroid's shape, spin, topography, color, composition, density, and history. In November 2005, it landed on the asteroid twice to collect samples. The spacecraft returned to Earth on 13 June 2010.


=== Jupiter ===

The exploration of Jupiter has consisted solely of a number of automated NASA spacecraft visiting the planet since 1973. A large majority of the missions have been ""flybys"", in which detailed observations are taken without the probe landing or entering orbit; such as in Pioneer and Voyager programs. The Galileo and Juno spacecraft are the only spacecraft to have entered the planet's orbit. As Jupiter is believed to have only a relatively small rocky core and no real solid surface, a landing mission is precluded.
Reaching Jupiter from Earth requires a delta-v of 9.2 km/s, which is comparable to the 9.7 km/s delta-v needed to reach low Earth orbit. Fortunately, gravity assists through planetary flybys can be used to reduce the energy required at launch to reach Jupiter, albeit at the cost of a significantly longer flight duration.
Jupiter has 95 known moons, many of which have relatively little known information about them.


=== Saturn ===

Saturn has been explored only through uncrewed spacecraft launched by NASA, including one mission (Cassini–Huygens) planned and executed in cooperation with other space agencies. These missions consist of flybys in 1979 by Pioneer 11, in 1980 by Voyager 1, in 1982 by Voyager 2 and an orbital mission by the Cassini spacecraft, which lasted from 2004 until 2017.
Saturn has at least 62 known moons, although the exact number is debatable since Saturn's rings are made up of vast numbers of independently orbiting objects of varying sizes. The largest of the moons is Titan, which holds the distinction of being the only moon in the Solar System with an atmosphere denser and thicker than that of Earth. Titan holds the distinction of being the only object in the Outer Solar System that has been explored with a lander, the Huygens probe deployed by the Cassini spacecraft.


=== Uranus ===

The exploration of Uranus has been entirely through the Voyager 2 spacecraft. However, there are plans for the Chinese Tianwen 4 mission to visit it or Callisto. Given its axial tilt of 97.77°, with its polar regions exposed to sunlight or darkness for long periods, scientists were not sure what to expect at Uranus. The closest approach to Uranus occurred on 24 January 1986. Voyager 2 studied the planet's unique atmosphere and magnetosphere. Voyager 2 also examined its ring system and the moons of Uranus including all five of the previously known moons, while discovering an additional ten previously unknown moons.
Images of Uranus proved to have a uniform appearance, with no evidence of the dramatic storms or atmospheric banding evident on Jupiter and Saturn. Great effort was required to even identify a few clouds in the images of the planet. The magnetosphere of Uranus, however, proved to be unique, being profoundly affected by the planet's unusual axial tilt. In contrast to the bland appearance of Uranus itself, striking images were obtained of the Moons of Uranus, including evidence that Miranda had been unusually geologically active.


=== Neptune ===
The exploration of Neptune began with the 25 August 1989 Voyager 2 flyby, the sole visit to the system. The possibility of a Neptune Orbiter has been discussed, but no other missions have been given serious thought.
Although the extremely uniform appearance of Uranus during Voyager 2's visit in 1986 had led to expectations that Neptune would also have few visible atmospheric phenomena, the spacecraft found that Neptune had obvious banding, visible clouds, auroras, and even a conspicuous anticyclone storm system rivaled in size only by Jupiter's Great Red Spot. Neptune also proved to have the fastest winds of any planet in the Solar System, measured as high as 2,100 km/h. Voyager 2 also examined Neptune's ring and moon system. It discovered 900 complete rings and additional partial ring ""arcs"" around Neptune. In addition to examining Neptune's three previously known moons, Voyager 2 also discovered five previously unknown moons, one of which, Proteus, proved to be the last largest moon in the system. Data from Voyager 2 supported the view that Neptune's largest moon, Triton, is a captured Kuiper belt object.


=== Pluto ===
The dwarf planet Pluto presents significant challenges for spacecraft because of its great distance from Earth (requiring high velocity for reasonable trip times) and small mass (making capture into orbit difficult at present). Voyager 1 could have visited Pluto, but controllers opted instead for a close flyby of Saturn's moon Titan, resulting in a trajectory incompatible with a Pluto flyby. Voyager 2 never had a plausible trajectory for reaching Pluto.
After an intense political battle, a mission to Pluto dubbed New Horizons was granted funding from the United States government in 2003. New Horizons was launched successfully on 19 January 2006. In early 2007 the craft made use of a gravity assist from Jupiter. Its closest approach to Pluto was on 14 July 2015; scientific observations of Pluto began five months prior to closest approach and continued for 16 days after the encounter.


=== Kuiper Belt Objects ===
The New Horizons mission also performed a flyby of the small planetesimal Arrokoth, in the Kuiper belt, in 2019. This was its first extended mission.


=== Comets ===

Although many comets have been studied from Earth sometimes with centuries-worth of observations, only a few comets have been closely visited. In 1985, the International Cometary Explorer conducted the first comet fly-by (21P/Giacobini-Zinner) before joining the Halley Armada studying the famous comet. The Deep Impact probe smashed into 9P/Tempel to learn more about its structure and composition and the Stardust mission returned samples of another comet's tail. The Philae lander successfully landed on Comet Churyumov–Gerasimenko in 2014 as part of the broader Rosetta mission.


=== Deep space exploration ===

Deep space exploration is the branch of astronomy, astronautics and space technology that is involved with the exploration of distant regions of outer space. Physical exploration of space is conducted both by human spaceflights (deep-space astronautics) and by robotic spacecraft.
Some of the best candidates for future deep space engine technologies include anti-matter, nuclear power and beamed propulsion. Beamed propulsion, appears to be the best candidate for deep space exploration presently available, since it uses known physics and known technology that is being developed for other purposes.


== Future of space exploration ==


=== Breakthrough Starshot ===

Breakthrough Starshot is a research and engineering project by the Breakthrough Initiatives to develop a proof-of-concept fleet of light sail spacecraft named StarChip, to be capable of making the journey to the Alpha Centauri star system 4.37 light-years away. It was founded in 2016 by Yuri Milner, Stephen Hawking, and Mark Zuckerberg.


=== Asteroids ===

An article in the science magazine Nature suggested the use of asteroids as a gateway for space exploration, with the ultimate destination being Mars. In order to make such an approach viable, three requirements need to be fulfilled: first, ""a thorough asteroid survey to find thousands of nearby bodies suitable for astronauts to visit""; second, ""extending flight duration and distance capability to ever-increasing ranges out to Mars""; and finally, ""developing better robotic vehicles and tools to enable astronauts to explore an asteroid regardless of its size, shape or spin"". Furthermore, using asteroids would provide astronauts with protection from galactic cosmic rays, with mission crews being able to land on them without great risk to radiation exposure.


=== Artemis program ===

The Artemis program is an ongoing crewed spaceflight program carried out by NASA, U.S. commercial spaceflight companies, and international partners such as ESA, with the goal of landing ""the first woman and the next man"" on the Moon, specifically at the lunar south pole region. Artemis would be the next step towards the long-term goal of establishing a sustainable presence on the Moon, laying the foundation for private companies to build a lunar economy, and eventually sending humans to Mars.
In 2017, the lunar campaign was authorized by Space Policy Directive 1, using various ongoing spacecraft programs such as Orion, the Lunar Gateway, Commercial Lunar Payload Services, and adding an undeveloped crewed lander. The Space Launch System will serve as the primary launch vehicle for Orion, while commercial launch vehicles are planned for use to launch other elements of the campaign. NASA requested $1.6 billion in additional funding for Artemis for fiscal year 2020, while the U.S. Senate Appropriations Committee requested from NASA a five-year budget profile which is needed for evaluation and approval by the U.S. Congress. As of 2024, the first Artemis mission was launched in 2022 with the second mission, a crewed lunar flyby planned for 2025. Construction on the Lunar Gateway is underway with initial capabilities set for the 2025–2027 timeframe. The first CLPS lander landed in 2024, marking the first US spacecraft to land since Apollo 17.


== Rationales ==

The research that is conducted by national space exploration agencies, such as NASA and Roscosmos, is one of the reasons supporters cite to justify government expenses. Economic analyses of the NASA programs often showed ongoing economic benefits (such as NASA spin-offs), generating many times the revenue of the cost of the program. It is also argued that space exploration would lead to the extraction of resources on other planets and especially asteroids, which contain billions of dollars' worth of minerals and metals. Such expeditions could generate substantial revenue. In addition, it has been argued that space exploration programs help inspire youth to study in science and engineering. Space exploration also gives scientists the ability to perform experiments in other settings and expand humanity's knowledge.
Another claim is that space exploration is a necessity to humankind and that staying on Earth will eventually lead to extinction. Some of the reasons are lack of natural resources, comets, nuclear war, and worldwide epidemic. Stephen Hawking, renowned British theoretical physicist, said, ""I don't think the human race will survive the next thousand years, unless we spread into space. There are too many accidents that can befall life on a single planet. But I'm an optimist. We will reach out to the stars."" Author Arthur C. Clarke (1950) presented a summary of motivations for the human exploration of space in his non-fiction semi-technical monograph Interplanetary Flight. He argued that humanity's choice is essentially between expansion off Earth into space, versus cultural (and eventually biological) stagnation and death.
These motivations could be attributed to one of the first rocket scientists in NASA, Wernher von Braun, and his vision of humans moving beyond Earth. The basis of this plan was to:

Develop multi-stage rockets capable of placing satellites, animals, and humans in space.
Development of large, winged reusable spacecraft capable of carrying humans and equipment into Earth orbit in a way that made space access routine and cost-effective.
Construction of a large, permanently occupied space station to be used as a platform both to observe Earth and from which to launch deep space expeditions.
Launching the first human flights around the Moon, leading to the first landings of humans on the Moon, with the intent of exploring that body and establishing permanent lunar bases.

Assembly and fueling of spaceships in Earth orbit for the purpose of sending humans to Mars with the intent of eventually colonizing that planet.
Known as the Von Braun Paradigm, the plan was formulated to lead humans in the exploration of space. Von Braun's vision of human space exploration served as the model for efforts in space exploration well into the twenty-first century, with NASA incorporating this approach into the majority of their projects. The steps were followed out of order, as seen by the Apollo program reaching the moon before the space shuttle program was started, which in turn was used to complete the International Space Station. Von Braun's Paradigm formed NASA's drive for human exploration, in the hopes that humans discover the far reaches of the universe.
NASA has produced a series of public service announcement videos supporting the concept of space exploration.
Overall, the U.S. public remains largely supportive of both crewed and uncrewed space exploration. According to an Associated Press Poll conducted in July 2003, 71% of U.S. citizens agreed with the statement that the space program is ""a good investment"", compared to 21% who did not.


=== Human nature ===
Space advocacy and space policy regularly invokes exploration as a human nature.


== Topics ==


=== Spaceflight ===

Spaceflight is the use of space technology to achieve the flight of spacecraft into and through outer space.
Spaceflight is used in space exploration, and also in commercial activities like space tourism and satellite telecommunications. Additional non-commercial uses of spaceflight include space observatories, reconnaissance satellites and other Earth observation satellites.
A spaceflight typically begins with a rocket launch, which provides the initial thrust to overcome the force of gravity and propels the spacecraft from the surface of Earth. Once in space, the motion of a spacecraft—both when unpropelled and when under propulsion—is covered by the area of study called astrodynamics. Some spacecraft remain in space indefinitely, some disintegrate during atmospheric reentry, and others reach a planetary or lunar surface for landing or impact.


=== Satellites ===

Satellites are used for a large number of purposes. Common types include military (spy) and civilian Earth observation satellites, communication satellites, navigation satellites, weather satellites, and research satellites. Space stations and human spacecraft in orbit are also satellites.


=== Commercialization of space ===

The commercialization of space first started out with the launching of private satellites by NASA or other space agencies. Current examples of the commercial satellite use of space include satellite navigation systems, satellite television, satellite communications (such as internet services) and satellite radio. The next step of commercialization of space was seen as human spaceflight. Flying humans safely to and from space had become routine to NASA and Russia. Reusable spacecraft were an entirely new engineering challenge, something only seen in novels and films like Star Trek and War of the Worlds. Astronaut Buzz Aldrin supported the use of making a reusable vehicle like the space shuttle. Aldrin held that reusable spacecraft were the key in making space travel affordable, stating that the use of ""passenger space travel is a huge potential market big enough to justify the creation of reusable launch vehicles"". Space tourism is a next step in the use of reusable vehicles in the commercialization of space. The purpose of this form of space travel is personal pleasure.
Private spaceflight companies such as SpaceX and Blue Origin, and commercial space stations such as the Axiom Space and the Bigelow Commercial Space Station have changed the cost and overall landscape of space exploration, and are expected to continue to do so in the near future.


=== Alien life ===

Astrobiology is the interdisciplinary study of life in the universe, combining aspects of astronomy, biology and geology. It is focused primarily on the study of the origin, distribution and evolution of life. It is also known as exobiology (from Greek: έξω, exo, ""outside""). The term ""Xenobiology"" has been used as well, but this is technically incorrect because its terminology means ""biology of the foreigners"". Astrobiologists must also consider the possibility of life that is chemically entirely distinct from any life found on Earth. In the Solar System, some of the prime locations for current or past astrobiology are on Enceladus, Europa, Mars, and Titan.


=== Human spaceflight and habitation ===

To date, the longest human occupation of space is the International Space Station which has been in continuous use for 25 years, 146 days. Valeri Polyakov's record single spaceflight of almost 438 days aboard the Mir space station has not been surpassed. The health effects of space have been well documented through years of research conducted in the field of aerospace medicine. Analog environments similar to those experienced in space travel (like deep sea submarines), have been used in this research to further explore the relationship between isolation and extreme environments. It is imperative that the health of the crew be maintained as any deviation from baseline may compromise the integrity of the mission as well as the safety of the crew, hence the astronauts must endure rigorous medical screenings and tests prior to embarking on any missions. However, it does not take long for the environmental dynamics of spaceflight to commence its toll on the human body; for example, space motion sickness (SMS) – a condition which affects the neurovestibular system and culminates in mild to severe signs and symptoms such as vertigo, dizziness, fatigue, nausea, and disorientation – plagues almost all space travelers within their first few days in orbit. Space travel can also have an impact on the psyche of the crew members as delineated in anecdotal writings composed after their retirement. Space travel can adversely affect the body's natural biological clock (circadian rhythm); sleep patterns causing sleep deprivation and fatigue; and social interaction; consequently, residing in a Low Earth Orbit (LEO) environment for a prolonged amount of time can result in both mental and physical exhaustion. Long-term stays in space reveal issues with bone and muscle loss in low gravity, immune system suppression, problems with eyesight, and radiation exposure. The lack of gravity causes fluid to rise upward which can cause pressure to build up in the eye, resulting in vision problems; the loss of bone minerals and densities; cardiovascular deconditioning; and decreased endurance and muscle mass.
Radiation is an insidious health hazard to space travelers as it is invisible and can cause cancer. When above the Earth's magnetic field, spacecraft are no longer protected from the sun's radiation; the danger of radiation is even more potent in deep space. The hazards of radiation can be ameliorated through protective shielding on the spacecraft, alerts, and dosimetry.
Fortunately, with new and rapidly evolving technological advancements, those in Mission Control are able to monitor the health of their astronauts more closely using telemedicine. One may not be able to completely evade the physiological effects of space flight, but those effects can be mitigated. For example, medical systems aboard space vessels such as the International Space Station (ISS) are well equipped and designed to counteract the effects of lack of gravity and weightlessness; on-board treadmills can help prevent muscle loss and reduce the risk of developing premature osteoporosis. Additionally, a crew medical officer is appointed for each ISS mission and a flight surgeon is available 24/7 via the ISS Mission Control Center located in Houston, Texas. Although the interactions are intended to take place in real time, communications between the space and terrestrial crew may become delayed – sometimes by as much as 20 minutes – as their distance from each other increases when the spacecraft moves further out of low Earth orbit; because of this the crew are trained and need to be prepared to respond to any medical emergencies that may arise on the vessel as the ground crew are hundreds of miles away.
Many past and current concepts for the continued exploration and colonization of space focus on a return to the Moon as a ""steppingstone"" to the other planets, especially Mars. At the end of 2006, NASA announced they were planning to build a permanent Moon base with continual presence by 2024.
Beyond the technical factors that could make living in space more widespread, it has been suggested that the lack of private property, the inability or difficulty in establishing property rights in space, has been an impediment to the development of space for human habitation. Since the advent of space technology in the latter half of the twentieth century, the ownership of property in space has been murky, with strong arguments both for and against. In particular, the making of national territorial claims in outer space and on celestial bodies has been specifically proscribed by the Outer Space Treaty, which had been, as of 2012, ratified by all spacefaring nations. Space colonization, also called space settlement and space humanization, would be the permanent autonomous (self-sufficient) human habitation of locations outside Earth, especially of natural satellites or planets such as the Moon or Mars, using significant amounts of in-situ resource utilization.


==== Human representation and participation ====

Participation and representation of humanity in space is an issue ever since the first phase of space exploration. Some rights of non-spacefaring countries have been mostly secured through international space law, declaring space the ""province of all mankind"", understanding spaceflight as its resource, though sharing of space for all humanity is still criticized as imperialist and lacking. Additionally to international inclusion, the inclusion of women and people of colour has also been lacking. To reach a more inclusive spaceflight, some organizations like the Justspace Alliance and IAU featured Inclusive Astronomy have been formed in recent years.


===== Women =====

The first woman to go to space was Valentina Tereshkova. She flew in 1963 but it was not until the 1980s that another woman entered space again. All astronauts were required to be military test pilots at the time and women were not able to join this career. This is one reason for the delay in allowing women to join space crews. After the rule changed, Svetlana Savitskaya became the second woman to go to space, she was also from the Soviet Union. Sally Ride became the next woman in space and the first woman to fly to space through the United States program.
Since then, eleven other countries have allowed women astronauts. The first all-female space walk occurred in 2018, including Christina Koch and Jessica Meir. They had both previously participated in space walks with NASA. The first woman to go to the Moon is planned for 2026.
Despite these developments, women are underrepresented among astronauts and especially cosmonauts. Issues that block potential applicants from the programs, and limit the space missions they are able to go on, include:

agencies limiting women to half as much time in space than men, arguing that there may be unresearched additional risks for cancer.
a lack of space suits sized appropriately for female astronauts.


=== Art ===

Artistry in and from space ranges from signals, capturing and arranging material like Yuri Gagarin's selfie in space or the image The Blue Marble, over drawings like the first one in space by cosmonaut and artist Alexei Leonov, music videos like Chris Hadfield's cover of Space Oddity on board the ISS, to permanent installations on celestial bodies like on the Moon.


== See also ==

Discovery and exploration of the Solar System
Spacecraft propulsion
List of crewed spacecraft
List of missions to Mars
List of missions to the outer planets
List of landings on extraterrestrial bodies
List of spaceflight records


=== Robotic space exploration programs ===


=== Living in space ===
Interplanetary contamination


==== Animals in space ====


==== Humans in space ====


=== Recent and future developments ===


=== Other ===


== References ==


== Further reading ==


== External links ==

Building a Spacefaring Civilization, Archived 22 May 2019 at the Wayback Machine
Chronology of space exploration, astrobiology, exoplanets and news. Archived 29 September 2020 at the Wayback Machine
Space related news
Space Exploration Network
NASA's website on human space travel
NASA's website on space exploration technology. Archived 13 July 2023 at the Wayback Machine
""America's Space Program: Exploring a New Frontier"", a National Park Service Teaching with Historic Places (TwHP) lesson plan
The Soviet-Russian Spaceflight's History Photoarchive
The 21 Greatest Space Photos Ever. Archived 27 December 2010 at the Wayback Machine – slideshow by Life Magazine
""From Stargazers to Starships"", extensive educational web site and course covering spaceflight, astronomy and related physics
We Are The Explorers, NASA Promotional Video (Press Release. Archived 26 January 2021 at the Wayback Machine)
Recent Advancement in Space technology and satellite technology 2024. Archived 7 February 2024 at the Wayback Machine",The United States has sent 14 missions to Mars.,"Saturn V rocket, used for the American manned lunar landing missions",0,1,unsupported,1.45981631558,-0.2301458283766519,-2.761749940519823,12,,0.9544163942337036,-0.237411259438,2.78654825302,0.9714847755542695,4,-1.0835626389,0.0,0.0,0.0,1.0,0.29052734375,0.00130462646484375,0.7080078125,0.2280859239469925,0.5567755570103784,0.7138031635194226,0.5131736523778971,0.5,abstain
Q654_397,wikiqa,how is kafka like the trial,"The Trial (German: Der Prozess) is a novel written by Franz Kafka in 1914 and 1915 and published posthumously on 26 April 1925. One of his best-known works, it tells the story of Josef K., a man arrested and prosecuted by an inaccessible authority, with the nature of the crime of which he is accused revealed neither to him nor to the reader. Some similarities between The Trial and Dostoevsky's Crime and Punishment and The Brothers Karamazov suggest their possible influence on it, and Kafka went so far as to call Dostoevsky a blood relative. Like Kafka's two other novels, The Castle and Amerika, The Trial was never completed, although it does include a chapter that appears to bring the story to an intentionally abrupt ending.
After Kafka's death in 1924, his friend and literary executor Max Brod edited the text for publication by Verlag Die Schmiede. The original manuscript is held at the Museum of Modern Literature, Marbach am Neckar, Germany. The first English-language translation, by Willa and Edwin Muir, was published in 1937. In 1999, the book was listed in Le Monde's 100 Books of the Century and as No. 2 of the Best German Novels of the Twentieth Century.


== Development ==
Kafka drafted the opening sentence of The Trial in August 1914 and worked on the novel throughout 1915. This was an unusually productive period for Kafka, despite the outbreak of World War I, which significantly increased the pressures of his day job as an insurance agent.
Having begun by writing the opening and concluding sections of the novel, Kafka worked on the intervening scenes in a haphazard manner, using several different notebooks simultaneously. His friend Max Brod, knowing Kafka's habit of destroying his own work, eventually took the manuscript for safekeeping. It consisted of 161 loose pages torn from notebooks, which Kafka had bundled together into chapters. The order of the chapters was not made clear to Brod; nor was he told which parts were complete and which were unfinished. Following Kafka's death in 1924, Brod edited the work and assembled it into a novel to the best of his ability. Further editorial work has been done by later scholars, but Kafka's final vision for The Trial remains unknown.


== Plot summary ==

On the morning of his thirtieth birthday, Josef K., the chief clerk of a bank, is unexpectedly arrested by two agents from an unidentified agency for an unspecified crime. The agents discuss the situation with K. in the unoccupied room of his fellow lodger Fräulein Bürstner, in the unexplained presence of three junior clerks from K.'s bank. K. is not imprisoned, but left free to go about his business. His landlady, Frau Grubach, tries to console K. about the trial. He visits Bürstner to explain the events, and then harasses her by kissing her without consent.
K. finds that Fräulein Montag, a lodger from another room, has moved in with Fräulein Bürstner. He suspects that this is a coy manoeuvre meant to distance him from Bürstner, and resolves that she will eventually fall for his charms.
K. is summoned to appear at the court's address the coming Sunday, without being told the time or location. After a period of exploration he finds the court in the attic of a dilapidated working-class tenement block, at the back of a young washerwoman's home. K. is rebuked for his lateness and mistaken for a house painter rather than a bank clerk. He arouses the assembly's hostility after a passionate plea about the absurdity of the trial and the falseness of the accusation, despite still not knowing the charges. The proceedings are interrupted by a man sexually assaulting the washerwoman in a corner. K. notices that all the assembly members are wearing pins on their lapels which he interprets as signifying their membership of a secret organisation.
The following Sunday K. goes to the courtroom again, but the court is not in session. The washerwoman gives him information about the process and attempts to seduce him before a law student, the man who assaulted her the previous week, takes her away, claiming her to be his mistress. The woman's husband, a court usher, then takes K. on a tour of the court offices, which ends after K. becomes extremely weak in the presence of other court officials and defendants.
One evening, in a storage room at his own bank, K. discovers the two agents who arrested him being whipped for soliciting bribes from K., which he had complained about at court. K. tries to argue with the flogger, saying that the men need not be whipped, but the flogger cannot be swayed. The next day he returns to the storage room and is shocked to find everything as he had found it the day before, including the whipper and the two agents.
K. is visited by his uncle Karl, who lives in the country. Worried by the rumors about his nephew, Karl introduces K. to Herr Huld, a sickly and bedridden lawyer tended to by Leni, a young woman who shows an immediate attraction to K.. During a conversation between Karl and Huld about K.'s case, Leni calls K. away for a sexual encounter. Afterwards, K. meets his angry uncle outside, who claims that K.'s lack of respect for the advocate, by leaving the meeting and romantically engaging with the woman who is apparently Huld's mistress, has hurt his case.
K. has become increasingly preoccupied by his case, to the detriment of his work. He has further meetings with Huld, and continues to engage in discreet trysts with Leni, but the advocate's work appears to be having no effect on the proceedings. At the bank, one of K.'s clients recommends he seek the advice of Titorelli, the court's official painter. Titorelli outlines the options he can help K. pursue: indefinite postponement of the process, or a temporary acquittal that could at any point result in re-arrest. Unequivocal acquittal is not a viable option.
Suspicious of the advocate's motives and the apparent lack of progress, K. finally decides to dismiss Huld and take control of matters himself. Upon arriving at Huld's office, he meets a downtrodden merchant, Rudi Block, who offers K. some insight from a fellow defendant's perspective. Block's case has continued for five years and he has gone from being a successful businessman to being almost bankrupt and is virtually enslaved by his dependence on the lawyer and Leni, with whom he appears to be sexually involved. The lawyer mocks Block in front of K. for his dog-like subservience. This experience further poisons K.'s opinion of his lawyer.
K. is put in charge of accompanying an important Italian client to the city's cathedral, but the client never meets him there. While inside the cathedral, a priest calls K. by name and tells him a fable (which was published earlier as ""Before the Law"") that is meant to explain his situation. The priest tells K. that the parable is an ancient text of the court, and many generations of court officials have interpreted it differently.
On the eve of K.'s thirty-first birthday, two men arrive at his apartment. The three walk through the city, and K. catches a brief glimpse of Fräulein Bürstner. They arrive at a small quarry outside the city, and the men kill K., stabbing him in the heart with a butcher's knife while strangling him. K. summarizes his situation with his last words: ""Like a dog!"".


== English translations ==

Victor Gollancz Ltd, 1937, Translation: Willa and Edwin Muir. Also published in 1992 by Everyman's Library, ISBN 978-0-679-40994-6
Pan Books, 1987, Translation: Douglas Scott and Chris Waller, ISBN 0-330-24468-X
Penguin Books, 1994, Translation: Idris Parry
Schocken Books, 1998, Translation: Breon Mitchell, ISBN 0-8052-4165-5. Translator's preface is available online.
Hesperus Press Limited, 2005, Translation: Richard Stokes, ISBN 1-84391-401-8
Dover Thrift Editions, 22 July 2009, Translation: David Wyllie (2003), ISBN 978-0-486-47061-0
Oxford World's Classics, 4 October 2009, Translation: Mike Mitchell, ISBN 978-0-19-923829-3
Vitalis-Verlag, 15 September 2012, Translation: Susanne Lück and Maureen Fitzgibbons, ISBN 978-80-7253-298-8


== Adaptations ==


=== Stage ===
The writer and director Steven Berkoff adapted several of Kafka's novels into plays and directed them for stage. His version of The Trial was first performed in 1970 in London and published in 1981.
Israeli director Rina Yerushalmi adapted The Trial (paired with Samuel Beckett's Malone Dies) for a production called Ta, Ta, Tatata presented in June 1970 at La MaMa Experimental Theatre Club.
Chicago based writer, Greg Allen, wrote and directed K., based on The Trial. After award-winning runs in Chicago and New York, it was produced by The Hypocrites and ran for several months in 2010 at The Chopin Theater in Chicago.
Joseph K, written by Tom Basden and based on The Trial, takes place in modern-day London, with the protagonist cast as a City banker. It ran at the Gate Theatre, Notting Hill, London, in late 2010.
Gottfried von Einem wrote an opera, Der Prozeß, based on the novel. Its American debut was directed by Otto Preminger.
The writer Serge Lamothe adapted The Trial for the stage. Directed by François Girard, his version of The Trial was first performed in 2004 in Montreal and Ottawa, Canada, and published in 2005.
Between June and August 2015, The Young Vic theatre in London staged a version of The Trial adapted by Nick Gill and starring Rory Kinnear as K.
Jean-Louis Barrault and Andre Gide adapted the novel for the stage, performed in Paris in 1947.
An operatic adaptation of The Trial by the composer Philip Glass was premiered by Music Theatre Wales in October 2014.
K, a Talmudic vaudeville show inspired by The Trial and other Kafka works under the direction of Barrie Kosky premiered at Berliner Ensemble in September 2025.


=== Radio ===
On 19 May 1946, Columbia Workshop broadcast an adaptation of The Trial by Davidson Taylor with an original musical score by Bernard Herrmann and starring Karl Swenson as Joseph K.
In 1982, Mike Gwilym starred as Josef K. with Miriam Margolyes as Leni in an adaptation on BBC Radio 4 dramatised for radio by Hanif Kureishi.
Sam Troughton starred as Joseph Kay in a new adaptation by Mark Ravenhill titled The Process directed by Polly Thomas and broadcast on 10 May 2015 on BBC Radio 3's Drama on 3 program.


=== Film ===
In the 1962 film adaptation by Orson Welles, Josef K. is played by Anthony Perkins and The Advocate by Welles.
The 1993 film The Trial was based on Harold Pinter's screenplay adaptation. Directed by David Jones, it starred Kyle MacLachlan as Josef K. and Anthony Hopkins as The Priest.


=== Graphic novel ===
A graphic novel adaptation by Chantal Montellier (illustrations) and David Zane Mairowitz (adaptation) appeared on April 15, 2008.


== Notes ==


== References ==


== Further reading ==
Jirsa, Tomáš (2015). ""Reading Kafka Visually: Gothic Ornament and the Motion of Writing in Kafka's der Process"". Central Europe. 13 (1–2): 36–50. doi:10.1080/14790963.2015.1107322. S2CID 159892429.
Kartiganer, Donald M. ""Job and Joseph K.: Myth in Kafka's The Trial"". Modern Fiction Studies, Vol. 8, No. 1, Spring 1962, pp. 31–43.
Lesser, Simon O. ""The Source of Guilt and the Sense of Guilt—Kafka's The Trial. Modern Fiction Studies, Vol. 8, No. 1, Spring 1962, pp. 44–60.
Reitter, Paul (Summer 2025). ""The Kafka Challenge: Translating the Inimitable"". The Hedgehog Review. 27 (2). Charlottesville, Virginia: 54–63. Reitter compares translations of the opening line of The Trial.
Schuman, Rebecca (Spring 2012). ""'Unerschütterlich': Kafka's Proceß, Wittgenstein's Tractatus, and the Law of Logic"". The German Quarterly. 85 (2): 156–172. doi:10.1111/j.1756-1183.2012.00143.x. JSTOR


== External links ==

 The Trial at Project Gutenberg, translated by David Wyllie

 Der Prozess at Project Gutenberg
Der Prozeß, original text in German
Le Procès (1962) at IMDb
The Trial (1993) at IMDb
Kafka's parable ""Before the Law"", Herbert Deinert, May 1964, Cornell University","Kafka's ""The Trial"" reflects his own life's struggles with bureaucracy, existential anxiety, and the absurdity of authority, mirroring his feelings of alienation and helplessness in a complex, indifferent world.","The Trial (Kafka's original German title: , later as , and ) is a novel written by Franz Kafka in 1914 and 1915 but not published until 1925.",0,1,unsupported,1.81608961831,-0.27132262244585487,-11.66687276517176,43,,0.9615499973297119,-0.286805436998,0.97494866945,0.4599497313732574,4,-1.86765647438,0.0,0.0,0.0,1.0,0.033477783203125,0.0081634521484375,0.95849609375,0.2254623383715798,0.5561280215672872,0.7130219461434963,0.5131736523778971,0.5,abstain
Q2247_1026,wikiqa,what is the first icarly episode,"iCarly is an American sitcom that originally aired on Nickelodeon from September 8, 2007, to November 23, 2012. The series stars Miranda Cosgrove as Carly Shay who becomes an Internet star. Nickelodeon promoted many episodes such as ""iDo"", ""iHire an Idiot"", ""iPity the Nevel"", ""iDate Sam & Freddie"", etc. as specials, despite being regular episodes. The lower case i which begins the episode titles represents the internet, as in ""iCarly"". The show was nominated for an Emmy award for Outstanding Children's Program in 2009. The series ended on November 23, 2012, with the one-hour special episode ""iGoodbye"". A total of six seasons and 109 episodes were produced, broadcast as 97 aired episodes. The largest audience of the series was 11.2 million viewers, with the special episode ""iSaved Your Life"" premiered in January 2010.
When Carly (Miranda Cosgrove) and her sassy best friend Sam (Jennette McCurdy) act funny at a school talent show audition, tech-savvy Freddie (Nathan Kress) tapes it and posts it online without telling them. After seeing the girls' strong chemistry and banter, the online audience clamors for more and the iCarly webcast is born. The trio find their normal adolescent lives thrown for a loop when they discover that they have become online celebrities as their show – which features talent contests, recipes, problem-solving, and random dancing – garners international accolades.
Carly lives in Seattle, Washington with her older brother and guardian Spencer (Jerry Trainor) and produces the show in a makeshift third-floor studio loft in their apartment. Their mother has never been seen or mentioned, but their father, Steven Shay (David Chisum), is a United States Air Force officer temporarily stationed on a submarine, and is often mentioned but is briefly seen in person during the series finale episode, ""iGoodbye"".


== Series overview ==


== Episodes ==


=== Season 1 (2007–08) ===


=== Season 2 (2008–09) ===


=== Season 3 (2009–10) ===


=== Season 4 (2010–11) ===


=== Season 5 (2011–12) ===


=== Season 6 (2012) ===


== Notes ==


== References ==


== External links ==
Official website
TV Guide's iCarly episode list
Dan Warp
iCarly at IMDb","The first iCarly episode is ""iCarly"".",iCarly logo,0,1,unsupported,-0.418564339897,-0.013049310501762057,-0.15659172602114468,12,,1.0,-0.553039236878,-0.653961707845,0.0,1,-4.76714439969,-1.0,0.0,1.0,0.0,0.004001617431640625,0.95458984375,0.041534423828125,0.10181257849740977,0.5254311805386418,0.6748104635569327,0.5131736523778971,0.5,abstain
Q1278_628,wikiqa,when to get wild chokecherry?,"Prunus virginiana, commonly called bitter-berry, chokecherry, Virginia bird cherry, and western chokecherry (also black chokecherry for P. virginiana var. demissa), is a species of bird cherry (Prunus subgenus Padus) native to North America.


== Description ==
Chokecherry is a suckering shrub or small tree growing to 1–6 metres (3+1⁄2–19+1⁄2 feet) tall, rarely to 10 m (33 ft) and exceptionally wide, 18 m (60 ft) with a trunk as thick as 30 centimetres (12 in). The leaves are oval, 2.5–10 cm (1–4 in) long and 1.2–5 cm (1⁄2–2 in) wide, with a serrated margin. The stems rarely exceed 2 cm (3⁄4 in) in length.
The flowers are produced in racemes 4–11 cm (1+1⁄2–4+1⁄4 in) long in late spring (well after leaf emergence), eventually growing up to 15 cm. They are 8.5–12.7 millimetres (3⁄8–1⁄2 in) across.
The fruits (drupes) are about 6–14 mm (1⁄4–1⁄2 in) in diameter, range in color from bright red to black, and possess a very astringent taste, being both somewhat sour and somewhat bitter. They get darker and marginally sweeter as they ripen. They each contain a large stone.


=== Chemistry ===
Chokecherries are very high in antioxidant pigment compounds, such as anthocyanins. They share this property with chokeberries, further contributing to confusion.


=== Similar species ===
The chokecherry is closely related to the black cherry (Prunus serotina) of eastern North America, which can reach 30 m (100 ft) tall and has larger leaves and darker fruit. The chokecherry leaf has a finely serrated margin and is dark green above with a paler underside, while the black cherry leaf has numerous blunt edges along its margin and is dark green and smooth.


== Taxonomy ==
The name chokecherry is also used for the related Manchurian cherry or Amur chokecherry (Prunus maackii).


=== Varieties ===
Prunus virginiana var. virginiana (eastern chokecherry)
Prunus virginiana var. demissa (Nutt. ex Torr. & A.Gray) Torr. (western chokecherry)
Prunus virginiana var. melanocarpa (A.Nelson) Sarg.


== Distribution and habitat ==
The natural historic range of P. virginiana includes most of Canada (including Northwest Territories, but excluding Yukon, Nunavut, and Labrador), most of the United States (including Alaska, but excluding some states in the Southeast), and northern Mexico (Sonora, Chihuahua, Baja California, Durango, Zacatecas, Coahuila, and Nuevo León).
It can be found in habitats ranging from streambanks to montane forests.


== Ecology ==
The wild chokecherry is often considered a pest, as it is a host for the tent caterpillar, a threat to other fruit plants. It is also a larval host to the black-waved flannel moth, the blinded sphinx, the cecropia moth, the coral hairstreak, the cynthia moth, the elm sphinx, Glover's silkmoth, the hummingbird clearwing moth, the imperial moth, the Io moth, the polyphemus moth, the promethea moth, the red-spotted purple, the small-eyed sphinx, the spring azure, the striped hairstreak, the tiger swallowtail, the twin-spotted sphinx, and  Weidemeyer's admiral.
Many wildlife, including birds and game animals, eat the berries. Moose, elk, mountain sheep, deer and rabbits eat the foliage, twigs, leaves, and buds. Deer and elk sometimes browse the twigs profusely, not letting the plant grow above knee height. The leaves serve as food for caterpillars of various Lepidoptera.


== Cultivation ==
The chokecherry has a number of cultivars. 'Canada Red' and 'Schubert' have leaves that mature to purple and turn orange and red in the autumn. 'Goertz' has a nonastringent, so palatable, fruit. Research at the University of Saskatchewan seeks to find or create new cultivars to increase production and processing.


== Toxicity ==
The stone of the fruit is poisonous. Chokecherry, including the foliage, is toxic to moose, cattle, goats, deer, and other animals with segmented stomachs (rumens), especially after the leaves have wilted (such as after a frost or after branches have been broken); wilting releases cyanide and makes the plant sweet. About 4.5–9 kilograms (10–20 pounds) of foliage can be fatal. In horses, symptoms include heavy breathing, agitation, and weakness.


== Uses ==

For many Indigenous tribes of the Northern Rockies, Northern Plains, and boreal forest region of Canada and the United States, chokecherries are the most important fruit in their traditional diets and are part of pemmican, a staple traditional food. The bark of chokecherry root is made into an asperous-textured concoction used to ward off or treat colds, fever and stomach maladies by Indigenous people. The inner bark of the chokecherry, as well as red osier dogwood, or alder, is also used by some tribes in ceremonial smoking mixtures, known as kinnikinnick. The chokecherry fruit can be eaten when fully ripe, but otherwise contains a toxin. The fruit can be used to make jam or syrup, but the bitter nature of the fruit requires sugar to sweeten the preserves. The Plains Indians pound up the whole fruits—including the pits—in a mortar, from which they made sun-baked cakes.
Chokecherry is also used to make wine in the Western United States, mainly in the Dakotas and Utah, as well as in Manitoba, Canada.


== In culture ==
In 2007, North Dakota governor John Hoeven signed a bill naming the chokecherry the state's official fruit, in part because its remains have been found at more archaeological sites in the Dakotas than anywhere else.
The book Hatchet features its main character Brian Robeson eating them and then experiencing stomach pain, calling them ""gut berries."" 


== See also ==
Choke pear


== References ==


== External links ==

""Prunus virginiana"". Plants for a Future.
North Dakota State University Agriculture, Chokecherry
Nutrition Facts for Chokecherries
Flora of Pennsylvania",Wild chokecherry can be harvested in late spring to early summer when the fruits are fully ripe.,"Prunus virginiana, commonly called bitter-berry, chokecherry, Virginia bird cherry and western chokecherry (also black chokecherry for P. virginiana var. demissa), is a species of bird cherry (Prunus subgenus Padus) native to North America; the natural historic range of P. virginiana includes most of the continent, except for the far north and far south .",0,1,unsupported,0.484285812187,-0.11739750191279263,-2.3479500382558527,20,,0.9236997961997986,-0.0247247562901,1.01611371539,0.5950593295909621,3,-1.90363557127,0.0,0.0,0.0,1.0,0.0153961181640625,0.0021915435791015625,0.982421875,0.03640425864296859,0.5091000596798962,0.6535687523525587,0.5131736523778971,0.5,abstain
Q2354_1097,wikiqa,what is the rule of the 9s,"Total body surface area (TBSA) is an assessment of injury to or disease of the skin, such as burns or psoriasis.
In adults, the Wallace rule of nines can be used to determine the total percentage of area burned for each major section of the body.  
In burn cases that involve partial body areas, or when dermatologists are evaluating the Psoriasis Area and Severity Index (PASI) score, the patient's palm can serve a reference point roughly equivalent to 1% of the body surface area.
For children and infants, the Lund and Browder chart is used to assess the burned body surface area.  Different percentages are used because the ratio of the combined surface area of the head and neck to the surface area of the limbs is typically larger in children than that of an adult.
Typical values for common groups of humans follow. (Due to rounding, values may not add to 100%.)


== See also ==
Body surface area


== References ==","The rule of the 9s is a method used to estimate the total body surface area (TBSA) affected in burn injuries, where each major body section is assigned a percentage that adds up to 90% for adults.",Total body surface area (TBSA) is an assessment measure of burns of the skin .,0,1,unsupported,-0.293990022155,-0.027447164589343095,-1.3174639002884685,48,,1.0000001192092896,-0.553039236878,-0.653961707845,0.0,1,-4.35242991422,-1.0,0.0,1.0,0.0,0.033721923828125,0.8447265625,0.12164306640625,-0.0137609542122612,0.496559815733978,0.6368464962058636,0.5131736523778971,0.5,abstain
Q83_60,wikiqa,how long is the tarzan movie,"Tarzan is a 1999 American animated adventure comedy-drama film based on the 1912 story Tarzan of the Apes by Edgar Rice Burroughs. Produced by Walt Disney Feature Animation, it was directed by Kevin Lima and Chris Buck, from a screenplay by Tab Murphy, and the writing team of Bob Tzudiker and Noni White, and is the first major animated film adaptation of the story. Tony Goldwyn stars as the titular character, alongside Minnie Driver, Glenn Close, Rosie O'Donnell, Alex D. Linz, Brian Blessed, Nigel Hawthorne, Lance Henriksen, and Wayne Knight. The film follows an orphan who is raised by the family of gorillas in Africa, after his real parents were killed by a leopard. Years later, he grows up into a man and meets other humans. He is soon torn between the choice of leaving with them or staying with his animal family.
Pre-production of Tarzan began in 1995, with Lima selected as director and Buck joining him the same year. Following Murphy's first draft, Tzudiker, White, Dave Reynolds, and Jeffrey Stepakoff (the latter two of whom received additional screenplay credits in the final cut), were brought in to reconstruct the third act and add additional material to the screenplay. English recording artist Phil Collins was recruited to compose and record songs integrated with a score by Mark Mancina. Meanwhile, the production team embarked on a research trip to Uganda and Kenya to study the gorillas. The animation of the film combines 2D hand-drawn animation with the extensive use of computer-generated imagery, and it was done in California, Orlando, and Paris, with the pioneering computer animation software system Deep Canvas being predominantly used to create three-dimensional backgrounds.
Tarzan premiered at the El Capitan Theatre in Los Angeles on June 12, 1999, and was released in the United States on June 18. It received positive reviews from critics, who praised its voice performances, music, animation, and action sequences. Against a production budget of $130 million (then the most expensive traditionally animated film ever made until Treasure Planet in 2002), the film grossed $448.2 million worldwide, becoming the fifth highest-grossing film of 1999, the second highest-grossing animated film of 1999 behind Toy Story 2, and the first Disney animated feature to open at first place at the North American box office since Pocahontas (1995). It won the Academy Award for Best Original Song (""You'll Be in My Heart"" by Phil Collins). The film has led to many derived works, such as a Broadway adaptation, a television series, and two direct-to-video followups, Tarzan & Jane (2002) and Tarzan II (2005). Due to licensing issues with Edgar Rice Burroughs, Inc., the use of these characters is limited.


== Plot ==
In the 1870s, a British couple and their infant son are shipwrecked in Equatorial Africa. The couple build a treehouse, but are killed by a leopard named Sabor. Kala, a local gorilla whose son was also killed by Sabor, finds the human infant and adopts him, naming him Tarzan.
As a 7-year-old child, Tarzan befriends Kala's niece Terk and the paranoid elephant Tantor. Because of his different appearance and unorthodox behaviors, Tarzan finds himself treated differently by the other gorillas, and by Kerchak, the troop's leader and Kala's mate. Tarzan makes valiant efforts to improve himself as he grows. Several years later, Sabor ambushes the gorillas, but Tarzan kills her, gaining Kerchak's reluctant respect.
Meanwhile, British explorer Archimedes Q. Porter, his daughter Jane, and their hunter escort William Cecil Clayton arrive in Africa to study the gorillas. Jane accidentally becomes separated, and is chased by baboons, until a curious Tarzan rescues her. After comparing her to himself, he realizes they are from the same species. Jane leads Tarzan back to their camp, where Porter and Clayton both take interest in him; the former in terms of scientific progress, while the latter hopes to have Tarzan lead the group to the gorillas. Despite Kerchak's warning to avoid the strangers, Tarzan repeatedly returns to the camp. The Porters and Clayton teach him how to speak English, and tell him what the human world is like. Tarzan and Jane begin a romantic relationship, though Jane has difficulty convincing Tarzan to lead the humans to the gorillas, as Tarzan fears Kerchak's fury.
As the explorers' ship returns to retrieve them, Jane asks Tarzan to travel to England with her. However, when she says it is unlikely they will return to Africa, Tarzan tries persuading Jane to stay with him instead. Clayton tricks Tarzan into believing Jane will stay in Africa if she sees the gorillas. Tarzan persuades Terk and Tantor to lure Kerchak away, and leads the trio to the nesting grounds. The Porters excitedly mingle with the gorillas, but Kerchak returns to attack the humans. Tarzan restrains Kerchak while the humans escape, disappointing Kerchak. Taking Tarzan to the treehouse where she found him, Kala reveals his heritage, and says she will accept whatever decision he makes. 
Tarzan boards the ship, accompanied by the Porters, but Clayton and his traitorous group of stowaway poachers ambush them. Now aware of the location of the nesting grounds, Clayton plans to capture and sell all the gorillas for a fortune, and imprisons Tarzan and the Porters to prevent their interference. Terk and Tantor hear Tarzan's yell, and they head to the ship to free Tarzan. That night, Clayton and his henchmen arrive at the jungle and capture the gorillas, but Tarzan arrives with his friends just in time, rallying the other animals to free the gorillas and help fight Clayton's henchmen. Clayton fatally wounds Kerchak and attempts to escape with a caged Kala through the rainforest canopy. Tarzan pursues him, and in his attempts to fight Tarzan off, Clayton becomes entangled in vines, before ultimately accidentally hanging himself. Tarzan returns to Kerchak and the rest of the gorillas. Kerchak dies after finally accepting Tarzan as his son and naming him the gorilla troop's leader.
The next day, the Porters prepare to leave on the ship while Tarzan stays behind with the gorillas. As the ship's rowboat leaves shore, Porter encourages his daughter to stay with the man she loves; Jane jumps overboard, followed soon after by her father. The Porters reunite with Tarzan and his family, and together they embark on a new life in the jungle.


== Voice cast ==
Tony Goldwyn as Tarzan, a man raised by gorillas who finds his human roots. Glen Keane served as the supervising animator for Tarzan as an adult, while John Ripa animated Tarzan as an infant and a 7-year-old child. John Ripa studied the movements of young chimpanzees to use for young Tarzan's animation, while Glen Keane used movements of a gibbon for the animation of adult Tarzan. Keane also watched his son Max Keane skateboarding and snowboarding and referenced surfers' movements to animate the scenes where Tarzan slides across tree branches. Brendan Fraser auditioned twice for the title character before portraying the lead role in George of the Jungle (1997). Goldwyn auditioned for the title role as well, and according to co-director Kevin Lima, Goldwyn landed it because of ""the animal sense"" in his readings, along with some ""killer baboon imitations"".
Alex D. Linz as young Tarzan
Minnie Driver as Jane Porter, the eccentric, feisty, benevolent, and intelligent daughter of Professor Porter. She is the first of the group to encounter Tarzan and becomes his love interest. Ken Duncan served as the supervising animator for Jane. Many of Driver's mannerisms and characteristics were incorporated into Jane's animation. The scene where Jane describes meeting Tarzan for the first time to her father and Clayton was improvised by Driver, resulting in Duncan animating one of the longest animated scenes on record. The scene took 7 weeks to animate and 73 feet of film.
Rosie O'Donnell as Terk (short for Terkina, a feminization of Terkoz merged with Teeka), Tarzan's best friend, a wisecracking gorilla. She is also Kala and Kerchak's niece, making her and Tarzan adoptive cousins. Michael Surrey served as the supervising animator for Terk. The character was originally written as a male gorilla, but after O'Donnell's audition, Terk was re-characterized as a female. Prior to changing Terk to a female Chris Rock was offered the role, but turned it down.
Glenn Close as Kala: Tarzan's adoptive mother, who found and raised him after losing her biological son to Sabor. She is also Kerchak's mate. Russ Edmonds served as the supervising animator for Kala.
Brian Blessed as William Cecil Clayton, an intelligent and suave yet arrogant and treacherous hunter, who assists the Porters on their quest. Randy Haycock served as the supervising animator for Clayton, basing his design on Clark Gable and other film stars of the 1930s and 40s. Blessed also provided the iconic Tarzan yell for the title character.
Lance Henriksen as Kerchak: Kala's mate and Tarzan's reluctant adoptive father, a silverback and the leader of the gorilla troop, who struggles to accept Tarzan since he is a human. Bruce W. Smith served as the supervising animator for Kerchak.
Wayne Knight as Tantor, a paranoid and submissive African forest elephant, and Tarzan and Terk's best friend. Sergio Pablos served as the supervising animator for Tantor. Woody Allen was initially cast as Tantor, but Jeffrey Katzenberg persuaded Allen to leave the project and join DreamWorks' Antz (1998).
Taylor Dempsey as young Tantor.
Nigel Hawthorne as Professor Archimedes Q. Porter, an eccentric, short-statured scientist and Jane's father. Dave Burgess served as the supervising animator for Porter. This was one of Hawthorne's two final acting roles before his death in 2001. This is also the second Disney film Hawthorne starred in following his performance in the earlier Disney film The Black Cauldron (1985).
Bob Bergen as Vincent Snipes, Clayton's lead henchman.
Corey Burton as Butch Jones, one of Clayton's henchmen.


== Production ==


=== Development ===
Disney's Tarzan was the first Tarzan film to be animated. Thomas Schumacher, then-president of Walt Disney Feature Animation, expressed surprise there had not been any previous attempts to animate a Tarzan film, saying, ""Here is a book that cries out to be animated. Yet we're the first filmmakers to have ever taken Tarzan from page to screen and presented the character as Burroughs intended."" He noted that in animated form, Tarzan can connect to the animals on a deeper level than he can in live-action versions.
In 1994, when A Goofy Movie (1995) was nearly finished, Kevin Lima was approached to direct Tarzan by then-studio chairman Jeffrey Katzenberg. He had desired to have the film animated through the Disney Television Animation division with a new animation studio established in Canada. Lima was reluctant to the idea because of the animation complexities being done by inexperienced animators. Following Katzenberg's resignation from the Walt Disney Company, Lima was again contacted about the project by Michael Eisner, who decided to have the film produced through the Feature Animation division, by which Lima signed on.
Following this, Lima decided to read Tarzan of the Apes where he began to visualize the theme of two hands being held up against each other. That image became an important symbol of the relationships between characters in the film, and a metaphor of Tarzan's search for identity. ""I was looking for something that would underscore Tarzan's sense of being alike, yet different from his ape family"", Lima said, ""The image of touching hands was first conceived as an idea for how Tarzan realizes he and Jane are physically the same.""
Following his two-month study of the book, Lima approached his friend, Chris Buck, who had just wrapped up work as a supervising animator on Pocahontas (1995), to ask if he would be interested in serving as co-director. Buck was initially skeptical but accepted after hearing Lima's ideas for the film. By April 1995, the Los Angeles Times reported that the film was in its preliminary stages with Lima and Buck directing after Disney had obtained the story rights from the estate of Edgar Rice Burroughs.


=== Writing ===
Tab Murphy, who had just finished work on The Hunchback of Notre Dame (1996), was attracted to the theme of man-versus-nature in Tarzan, and began developing a treatment in January 1995. For the third act, Murphy suggested that Tarzan should leave for England, as he did in the book, but the directors felt that it was incompatible with their central theme of what defines a family. In order to keep Tarzan in the jungle, the third act needed to be restructured by redefining the role of the villain and inventing a way to endanger the gorillas. In this departure from Burroughs' novel, a villain named Clayton was created to serve as a guide for Professor Archimedes Q. Porter and his daughter, Jane. In addition to this, Kerchak was re-characterized from a savage silverback into the protector of the gorilla tribe.
In January 1997, husband-and-wife screenwriting duo Bob Tzudiker and Noni White, two other writers of The Hunchback of Notre Dame, were hired to help refocus and add humor to the script as a way to balance the emotional weight of the film. Comedy writer Dave Reynolds was also brought on to write humorous dialogue for the film. ""I was initially hired on for six weeks of rewriting and punch-up"", Reynolds said, ""A year and a half later, I finished. Either they liked my work, or I was very bad at time management."" One challenge the writers faced was how Tarzan should learn about his past. ""When Kala takes Tarzan back to the tree house, she is essentially telling him that he was adopted"", Bonnie Arnold, the producer for Tarzan, said, ""This is necessitated by him encountering humans and recognizing he is one of them."" As a way to explore the feelings in that scene, Arnold brought in adoptive parents to talk with the story team.


=== Animation ===
The animators were split into two teams, one in Paris and one in Burbank. The 6000-mile distance and difference in time zones posed challenges for collaboration, especially for scenes with Tarzan and Jane. Glen Keane was the supervising animator for Tarzan at the Paris studio, while Ken Duncan was the supervising animator for Jane at the studio in Burbank. To make coordinating scenes with multiple characters easier, the animators used a system called a ""scene machine"" that could send rough drawings between the two animation studios. Meanwhile, following production on Mulan (1998), two hundred animators at Walt Disney Feature Animation Florida provided character animation and special effects animation where the filmmakers had to discuss their work through daily video conferences among the three studios.
Keane was inspired to make Tarzan ""surf"" through the trees because of his son's interest in extreme sports, and he began working on a test scene. The directors expressed concern that Tarzan would be made into a ""surfer dude"". In October 1996, Keane revealed the test animation to them, which they liked it enough that it was used during the ""Son of Man"" sequence, with movements inspired by skateboarder Tony Hawk, who would later land the first 900 at X Games V in 1999 in front of an ad for the film. Although Keane initially thought that Tarzan would be easy to animate because he only wears a loincloth, he realized that he would need a fully working human musculature while still being able to move like an animal. To figure out Tarzan's movements, the Paris animation team studied different animals in order to transpose their movements onto him. They also consulted with a professor of anatomy. This resulted in Tarzan being the first Disney character to accurately display working muscles.
To prepare for animating the gorillas, the animation team attended lectures on primates, made trips to zoos, and studied nature documentaries, with a group of animators also witnessing a gorilla dissection to learn about their musculature. In March 1996, the production team began a two-week safari in Kenya to take reference photographs and observe the animals. On the trip, they visited Bwindi Impenetrable National Park in Uganda to view mountain gorillas in the wild, and get inspiration for the setting. In 2000, Chris Buck repeated the journey accompanied by journalists to promote the film's home video release.
To create the sweeping 3D backgrounds, Tarzan's production team developed a 3D painting and rendering technique known as Deep Canvas (a term coined by artist/engineer Eric Daniels). This technique allows artists to produce CGI backgrounds that look like a traditional painting, according to art director Daniel St. Pierre. (The software keeps track of brushstrokes applied in 3D space.) For this advancement, the Academy of Motion Picture Arts and Sciences awarded the creators of Deep Canvas a Technical Achievement Award in 2003. After Tarzan, Deep Canvas was used for a number of sequences in Atlantis: The Lost Empire (2001), particularly large panoramic shots of the island and several action sequences. Expanded to support moving objects as part of the background, Deep Canvas was used to create about 75 percent of the environments in Disney's next major animated action film, Treasure Planet (2002).


== Music ==

In 1995, Phil Collins was initially brought onto the project as a songwriter following a recommendation by Disney music executive Chris Montan. Early into production, directors Kevin Lima and Chris Buck decided not to follow Disney's musical tradition by having the characters sing. ""I did not want Tarzan to sing"", Lima stated, ""I just couldn't see this half-naked man sitting on a branch breaking out in song. I thought it would be ridiculous."" Instead, Collins would perform the songs in the film serving as the narrator. The choice of Collins, a popular and well established adult contemporary artist, led to comparisons with Elton John's earlier music for The Lion King (1994). Tarzan was dubbed in thirty-five languages—the most for any Disney movie at the time, and Collins recorded his songs in French, Italian, German, and Spanish for the dubbed versions of the film's soundtrack. According to Collins, most of the songs he wrote for Tarzan came from improvisation sessions and his reactions while reading the treatment. Three of the songs he wrote—""Son of Man"", ""Trashin' the Camp"", and ""Strangers Like Me""—were based on his initial impressions after he read the source material. The other two songs were ""You'll Be in My Heart"", a lullaby sung to Tarzan by Kala (voiced by Glenn Close), and ""Two Worlds"", a song Collins wrote to serve as the anthem for Tarzan.
The instrumental scoring for the film was composed by Mark Mancina, who had previously produced music for The Lion King (1994), and the musical of the same name. Mancina and Collins worked closely to create music that would complement the film's setting and used many obscure instruments from Mancina's personal collection in the score. ""The idea of score and song arrangement came together as one entity, as Phil and I worked in tandem to create what's heard in the film"", Mancina said.


== Release ==
On June 12, 1999, the film premiered at the El Capitan Theatre with the cast and filmmakers as attendees followed by a forty-minute concert with Phil Collins performing songs from the film. On July 23, 1999, Disney launched a digital projection release of Tarzan released only in three theatrical venues including Walt Disney World's Pleasure Island multiplex for three weeks. Although Star Wars: Episode I – The Phantom Menace and An Ideal Husband had been given earlier digital projection releases despite being shot on photographic film, Tarzan was notable for being the first major feature release to have been produced, mastered, and projected digitally.


=== Marketing ===
Disney Consumer Products released a series of toys, books, and stuffed animals for Tarzan, partnering with Mattel to produce a line of plush toys and action figures. Mattel also produced the Rad Repeatin' Tarzan action figure, but discontinued it after complaints regarding the toy's onanistic arm motions. Continuing its advertising alliance with McDonald's, its promotional campaign began on the film's opening day with several toys accompanied with Happy Meals and soda straws that replicated the Tarzan yell. Disney also worked with Nestle to create Tarzan themed candies, including a banana-flavored chocolate bar. In early 2000, Disney partnered again with McDonald's to release a set of eight Happy Meal toys as a tie-in for the film's home video. They also offered Tarzan themed food options, such as banana sundaes and jungle burgers.


=== Home media ===
On February 1, 2000, the film was released on VHS and DVD, as well as on LaserDisc on June 23, 2000, only in Japan, making Tarzan the last Disney animated feature to be released on the latter format. The DVD version contained bonus material, including the ""Strangers Like Me"" music video, the making of ""Trashin' the Camp"" featuring Collins and 'N Sync, and an interactive trivia game. A 2-Disc Collector's Edition was released on April 18, 2000. It included an audio commentary track recorded by the filmmakers, behind-the-scenes footage, and supplements that detailed the legacy of Tarzan and the film's development. These THX certified DVD releases also featured a sneak peek for Dinosaur (2000), and a DVD-ROM. Both editions were placed in moratorium on January 31, 2002, and placed back into the Disney Vault. By January 2001, the film was the most successful home video release of 2000, earning retail revenues of $268 million.
On October 18, 2005, Disney released the Tarzan Special Edition on DVD. Tarzan's first Blu-ray edition was released throughout Europe in early 2012, and on August 12, 2014, Disney released the Tarzan Special Edition on Blu-ray, DVD, and Digital HD.


== Reception ==


=== Box office ===
Pre-release box office tracking indicated that Tarzan was appealing to all four major demographics noticeably for the first time for a Disney animated film since The Lion King (1994). The film was given a limited release on June 16, 1999, and its wide release followed two days later in 3,005 screens. During the weekend of June 18–21, Tarzan grossed $34.1 million, ranking first at the box office above Austin Powers: The Spy Who Shagged Me (1999) and The General's Daughter (1999). At the time, it also ranked second behind The Lion King (1994), which had earned $40.9 million, as the highest-earning box office opening for a Disney animated film. In its second weekend, the film would drop into second place behind Big Daddy (1999), making $23.5 million. By August 1999, the domestic gross was projected to approach $170 million. Ultimately, the film closed its box office run earning $448.2 million worldwide.
In the UK, Tarzan collected $5 million during its opening weekend, beating out American Pie (1999), Deep Blue Sea (1999) and Bowfinger (1999) to reach the number one spot at the box office. It had the highest opening weekend for a traditionally animated film in the country, taking the previous record held by The Lion King (1994). The film also managed to earn $1.4 million in Sweden, making it the country's third-highest opening weekend in history, after the latter film and Independence Day (1996). Then, it earned $7.2 million in France, making it the fourth-highest opening there, trailing Star Wars: Episode I – The Phantom Menace (1999), Asterix & Obelix vs. Caesar (1999) and The Visitors II: The Corridors of Time (1998). Additionally, the film made $2.5 million in Spain, surpassing Ransom (1996) as the country's highest opening weekend for any Disney film.


=== Critical reaction ===
Rotten Tomatoes reported that 90% of critics gave the film a positive review based on 157 reviews, with an average score of 7.7/10. The critical consensus reads that ""Disney's Tarzan takes the well-known story to a new level with spirited animation, a brisk pace, and some thrilling action set-pieces."" Metacritic, which uses a weighted average, the film received a score of 80 based on 27 reviews, indicating ""generally favorable reviews"". Audiences polled by CinemaScore gave the film an average grade of ""A"" on an A+ to F scale.
Entertainment Weekly compared the film's advancement in visual effects to that of The Matrix, stating that it had ""the neatest computer-generated background work since Keanu Reeves did the backstroke in slow motion"". They elaborate by describing how the characters moved seamlessly through the backgrounds themselves, giving the film a unique three-dimensional feel that far surpassed the quality of previous live-action attempts. Roger Ebert gave the film his highest rating of four stars, and he had similar comments about the film, describing it as representing ""another attempt by Disney to push the envelope of animation"", with scenes that ""move through space with a freedom undreamed of in older animated films, and unattainable by any live-action process"". Awarding the film three stars, James Berardinelli wrote: ""From a purely visual standpoint, this may be the most impressive of all of Disney's traditionally animated features. The backdrops are lush, the characters are well realized, and the action sequences are dizzying, with frequent changes of perspectives and camera angles. No conventional animated film has been this ambitious before."" Desson Howe, writing for The Washington Post, claimed the film ""isn't up there with Aladdin, The Lion King and The Little Mermaid, but it's easily above the riffraff ranks of Hercules and Pocahontas"". Todd McCarthy of Variety proved to be less amused by the animation, claiming it was ""richly detailed and colorfully conceived, but the computer animation and graphics are often intermingled and combined in ways that are more distracting in their differences than helpful in their vividness"".
Lisa Schwarzbaum, who graded the film an A−, applauded the film as ""a thrilling saga about a natural man, untainted by the complications of 'civilized' life, who can anticipate changes in the air by sniffing the wind — swings because the Disney team, having sniffed the wind, went out on a limb and kept things simple"". Peter Stack of the San Francisco Chronicle admired the film for tackling ""meanings of family relationships and ideas about society, guardianship and compassion"" and ""cunning and greed and the ultimate evil"", as well as remaining faithful to Burroughs's original novel. Kenneth Turan of Los Angeles Times wrote that the ""story unfolds with dangers as well as warm humor; a jungle jam session called 'Trashin' the Camp' is especially hard to resist. We may have seen it all before, but when it's done up like this, experiencing it all over again is a pleasure."" Janet Maslin, reviewing for The New York Times, similarly opined that ""Tarzan initially looks and sounds like more of the same, to the point where Phil Collins is singing the words 'trust your heart' by the third line of his opening song. But it proves to be one of the more exotic blooms in the Disney hothouse, what with voluptuous flora, hordes of fauna, charming characters and excitingly kinetic animation that gracefully incorporates computer-generated motion.""
The Radio Times review was not as positive, stating the film ""falls way short of Disney's best output"" and featured ""weak comic relief"". The review concluded, ""Lacking the epic sweep of Mulan or The Lion King, and laced with feeble background songs from Phil Collins (inexplicably awarded an Oscar), this King of the Swingers may be merchandise-friendly, but it's no jungle VIP."" Michael Wilmington of the Chicago Tribune, while giving the film three stars, wrote that Tarzan ""lacks that special pizazz that the string of Disney cartoon features from The Little Mermaid through The Lion King all had"". He found faults in the film's removal of all African characters, lack of romantic tension between Tarzan and Jane, and the songs by Phil Collins, comparing them unfavorably with Elton John's ""showstoppers"" for The Lion King. He wrote ""depriving the characters of big numbers weakens the movie"".
Ty Burr of Entertainment Weekly gave the soundtrack a B−, stating that it was awkwardly split between Collins's songs and the traditional score, was burdened by too many alternate versions of the tracks, and in some instances bore similarities to the scores of The Lion King and Star Wars.


=== Accolades ===

The film is recognized by American Film Institute in these lists:

2004: AFI's 100 Years...100 Songs:
""You'll Be in My Heart"" – Nominated
2008: AFI's 10 Top 10:
Nominated Animation Film


== Legacy ==


=== Television series ===
A spin-off animated series, The Legend of Tarzan, ran from 2001 to 2003. The series picks up where the film left off, with Tarzan adjusting to his new role as leader of the apes following Kerchak's death, and Jane (whom he has since married) adjusting to life in the jungle.


=== Direct-to-video followups ===
In July 1999, Disney announced that they were planning a sequel for Tarzan. In 2002, Tarzan & Jane was released as a direct-to-video sequel, with Michael T. Weiss replacing Goldwyn as the voice of Tarzan. Tarzan II, a direct-to-video follow-up, was released in 2005.


=== Broadway musical ===
A Broadway musical produced by Disney Theatrical, also titled Tarzan, began previews on March 24, 2006. It had an official opening night on May 10 of the same year. After running for over a year on Broadway, the show closed on July 8, 2007.


=== Video games ===
Five Tarzan video games have been released on various platforms. Tarzan's home is also featured as a playable world, ""Deep Jungle"", in the 2002 game Kingdom Hearts, and in the 2013 HD remaster Kingdom Hearts HD 1.5 Remix, in which Goldwyn and Blessed were the only actors from the film to reprise their roles, while Jane was voiced by Naia Kelly and Audrey Wasilewski reprised her role as Terk from the 1999 video game based on the film; Kerchak and Kala appeared, but were silent, while Tantor and Professor Porter were absent. The world was originally meant to return in Kingdom Hearts: Chain of Memories, but ultimately did not appear and has not appeared in any subsequent Kingdom Hearts games.


=== Legal issues ===
Edgar Rice Burroughs, Inc. holds the rights of Tarzan and the use of these characters are hence limited. During the production of House of Mouse episodes, crew members, Bobs Gannaway and Tony Craig, were forbidden to use these characters in the show, alongside restricting the use of other characters by different owners except only allowing original characters from the Disney canon. Also regarding Burroughs' ownership, the characters are omitted from Disney Emoji Blitz (app run by Jam City). The Tarzan's Treehouse attraction in the 2011 video game Kinect: Disneyland Adventures was also omitted due to licensing issues.


== Notes ==


== See also ==
Fantasia


== References ==


== Bibliography ==
Green, Howard (1999). The Tarzan Chronicles. New York: Hyperion. ISBN 978-0-7868-6403-4.


== External links ==

Official website
Tarzan at IMDb
Tarzan at Box Office Mojo
Tarzan at Rotten Tomatoes
Disney's Tarzan at MobyGames
Disney's Tarzan (Game Boy Color) at MobyGames
Disney's Tarzan Untamed at MobyGames
Disney's Tarzan: Return to the Jungle at MobyGames",The Tarzan movie has a runtime of approximately 114 minutes.,Tarzan is a 1999 American animated adventure film produced by Walt Disney Feature Animation and distributed by Walt Disney Pictures .,0,1,unsupported,0.953104048936,-0.1715818369238524,-2.573727553857786,15,,0.9950034618377686,-0.518442429367,1.81827341171,0.8808743320029547,3,-1.90722271386,0.0,0.0,0.0,1.0,0.0163421630859375,0.004344940185546875,0.9794921875,-0.019410674992762167,0.4951474836094764,0.6349413961839073,0.5131736523778971,0.5,abstain
Q1062_513,wikiqa,"who plays ""the frog"" on ncis","NCIS is an American police procedural television series, revolving around a fictional team of special agents from the Naval Criminal Investigative Service, which investigates crimes involving the U.S. Navy and Marine Corps. The series was created by Donald P. Bellisario and Don McGill as a backdoor pilot with the season eight episodes ""Ice Queen"" and ""Meltdown"" of JAG. The series premiered on September 23, 2003, featuring an ensemble cast, which has included: Mark Harmon, Sasha Alexander, Michael Weatherly, Pauley Perrette, David McCallum, Sean Murray, Cote de Pablo, Lauren Holly, Rocky Carroll, Brian Dietzen, Emily Wickersham, Wilmer Valderrama, Jennifer Esposito, Duane Henry, Maria Bello, Diona Reasonover, Katrina Law, and Gary Cole.


== Overview ==


=== Main characters ===


==== Notes ====


=== Notable recurring and guest characters ===


== Main characters ==


=== Leroy Jethro Gibbs ===

Supervisory Special Agent Leroy Jethro Gibbs (Mark Harmon) was born in Stillwater, Pennsylvania, to Jackson and Ann Gibbs. He enlisted in the Marine Corps in 1976 and became a Scout Sniper. After serving in Panama and Iraq, he retired from the Marine Corps with the rank of Gunnery Sergeant. He joined NIS, which later became NCIS, after his wife Shannon and only daughter Kelly were murdered in 1991. He later travelled to Mexico and murdered the drug dealer responsible, a crime he kept concealed for twenty years. Since then, he has been married and divorced three times, and is single, although he has had a number of romantic relationships since his last divorce.
Gibbs leads a Major Case Response Team (MCRT) consisting of field agents Timothy McGee, Ellie Bishop, and Nick Torres, supported by medical examiner Dr. Jimmy Palmer, psychologist and NCIS Agent Jack Sloane, forensic scientist Kasie Hines, and sometimes with the assistance of his good friend and former medical examiner Ducky Mallard. In the episode ""Bête Noire"", Gibbs comes face to face with terrorist Ari Haswari and tries to kill him but fails. Finding Ari later becomes an obsession for Gibbs after Ari shoots and kills original team member Kate Todd in front of Gibbs and DiNozzo in the season two finale, ""Twilight"". Gibbs often shows frustration with his team (particularly DiNozzo for rambling or McGee for getting sucked into technical rambling) by slapping them over the back of the head, an action that is later shared between team members and known as a ""headslap"" or ""Gibbs-slap"". He mostly suspended doing this however in season 14 and onward since DiNozzo left the agency, neither with McGee as the new senior field agent and DiNozzo successor nor with new agent Nick Torres, who often displays a variation of DiNozzo's behavior that ""earned"" him his headslaps previously.
Gibbs is often shown in his basement building boats, one of which he names after his daughter and another after one of his ex-wives. In the episode ""Blowback"", when confronting ""Goliath"" on the plane about ""ARES"", Gibbs reveals he is a Virgo. He is an expert sniper, as evidenced in ""Hiatus"" with flashbacks of him hitting a head shot at 1,200 yards of his family's murderer, who was driving a moving vehicle, and in ""Jeopardy"" when he hits a kidnapper with a very swift shot to the forehead taken with his left hand while kneeling inside a car trunk. In ""Truth or Consequences"", Gibbs saves his entire team by shooting the leader of a terrorist cell after DiNozzo and McGee get captured looking for Ziva.
Gibbs has developed a fatherly relationship with most of his team members, especially Abby Sciuto. When she left in ""Two Steps Back"", she didn't say goodbye to him in person because of this and instead expressed her reasons for leaving in a letter. He also showed fatherly affection towards Ziva, Tony, McGee, Bishop, and Torres on several occasions. Examples of this include: defending DiNozzo against his father and calling his then senior agent ""the best young agent he ever worked with"" in ""Flesh and Blood""; calling Ziva ""kid"" in ""Safe Harbor""; giving McGee the watch his father had given him on the day of his wedding with Shannon in ""Something Blue"" when McGee married Delilah; following Bishop to Oklahoma in ""Blood Brothers"" to help her deal with the end of her marriage; and having dinner with Torres to help him cope with his father abandoning him again in ""Sangre"".
One of Gibbs' longest lasting relationships on screen is his friendship with Tobias Fornell. The two had known each other since before the show started and had gotten to know each other when Fornell was about to marry Gibbs' second ex-wife Diane. Gibbs warned Fornell that Diane would leave him and plunder his accounts—which happened eventually. Over the course of the show, Fornell and Gibbs often butted heads but their friendship became so strong over time that even after Gibbs ended Fornell's career as an FBI agent in ""Burden of Proof"" through court testimony the two were able to forgive each other and rekindle it. In ""Daughters"" Fornell forces Gibbs to take the case of Fornell and Diane's daughter Emily who had overdosed on drugs despite not falling in the jurisdiction of NCIS.
At the end of ""Daughters"", Gibbs is visited by Ziva who he believed had died when her farm house was hit by a missile in ""Dead Letter"". While he and Ziva are on the run from a terrorist group that tries to kill Gibbs in order to force Ziva to join them, Ziva confronts Gibbs about him not looking for her after her apparent death. He later admits to her in ""Into the Light"" that he was afraid to go looking for her and find out that she was indeed dead (a sentiment he repeats to Sloane an episode later).
The relationship between Gibbs and Sloane is different from those he has with the rest of his team. The two are friends but the other team members, most openly Torres, have noted that the two have ""a thing"". In ""What Child Is This?"" the two are shown to be pretty close to the point that they apparently cuddle in public. This, however, led nowhere, which Sloane herself laments in ""Going Mobile"". That episodes ends with Gibbs replacing her rorschach test painting with that of an elephant in reference to her calling their non-existing ""thing"" ""the elephant in the room"" earlier in the episode.
He held position as MCRT team leader up until March 2021 when he was suspended for assaulting a dog murderer which leaves his second-in-command, NCIS Special Agent Timothy McGee to succeed him as the agent in charge of the MCRT.
In June 2021, Gibbs resigned from the team and NCIS for good, opting to remain in Alaska instead of returning to Washington, D.C., and ultimately resuming his career as the leader of the MCRT and also an NCIS Special Agent instead of Supervisory Special Agent. This is because he managed to find the happiness that he had not felt since Shannon and Kelly's deaths.
Until season 19's ""Face the Strange"", Harmon was the only main actor to appear in every episode of the series.


=== Caitlin Todd ===

Special Agent Caitlin ""Kate"" Todd (Sasha Alexander) first appears in the episode ""Yankee White"". Todd is a former Secret Service agent, recruited by Gibbs after she successfully helped him solve a murder aboard Air Force One. She works well with everyone on the team, becoming particularly close with Ducky and Abby, who convinces her to get a tattoo. However, Todd's relationship with DiNozzo is more adversarial and they are more like siblings than anything else. Tony frequently flirts with her and sometimes goes through her personal belongings, no matter how many times she points out that his behavior is grossly unprofessional. At the same time, Kate is willing to risk her life for DiNozzo and admits that life would be considerably less interesting without him around.
Following Sasha Alexander's decision to leave the show, Todd is killed in the line of duty (at the end of the episode ""Twilight"") by Ari Haswari, collateral damage in the terrorist's obsession with Gibbs. She dies after being shot in the head by Ari with a lone bullet that is fired from a model of sniper rifle (Bravo 51) nicknamed ""Kate"". She was replaced at NCIS by Ziva David.


=== Anthony DiNozzo ===

Anthony D. ""Tony"" DiNozzo Jr. (Michael Weatherly) is a former NCIS Senior Field Special Agent and former homicide detective for the Baltimore, Philadelphia and Peoria Police Departments. Like Gibbs, he has limited patience for the scientific method and technical terms. DiNozzo is known for his seemingly-endless film references; Ziva insists that his dying words will be ""I've seen this film"".
He attended Ohio State University as a physical education major and was a member of the ""Alpha Chi Delta"" fraternity, class of 1989. DiNozzo is said to have played varsity college basketball, ""running the point for Ohio State"" according to Abby. It is mentioned in the season three episode ""Kill Ari (Part I)"" that he comes from a wealthy family but has been cut off by his father, Anthony DiNozzo Sr (played by Robert Wagner who in turn was played by Weatherly in a TV movie). DiNozzo's mother was over-protective and she ""dressed him like a sailor until he was ten"". (""Frame Up"")
DiNozzo is a flirt, and has a fondness for playing pranks on his co-workers, sometimes with little respect for their boundaries. During the course of season four, he goes on an undercover assignment (per orders of the Director of NCIS, Jenny Shepard), the key mission being to find arms dealer La Grenouille (Rene Benoit) by posing as his daughter's (Jeanne Benoit's) boyfriend Anthony DiNardo a college professor. In the episode ""Knockout"", he reveals that he is not doing well with women and that he is still hurting from his relationship with former girlfriend Jeanne Benoit.
There is a great deal of romantic tension between Tony and Ziva. Despite his playboy manner and lighthearted nature, DiNozzo is frequently shown to be very sharp; he is able to coax Mossad Director Eli David into admitting that he ordered Rivkin and Ziva to spy on NCIS. He is reassigned as an Agent Afloat in the season five finale ""Judgment Day"", and transferred back to the Major Case Response Team in the episode ""Agent Afloat"". In the season nine finale, ""Till Death Do Us Part"", a bomb blast at NCIS headquarters occurs with Tony and Ziva in the elevator. Both are rescued from the elevator and survive their ordeal.
In season thirteen, DiNozzo confesses his love for Ziva after learning of her apparent death, and it is revealed that the two have a child named Tali. He departs NCIS in order to travel to Israel to find answers and to Paris because Ziva loved Paris. In season 14 it is revealed that Tali and Tony like Paris so much they'll stay indefinitely. It is revealed in season 16 that Ziva is in fact alive and has been in hiding to protect Tony and Tali from a woman who is trying to kill her, and in season 17 it is elaborated that Tony found Ziva after leaving NCIS and knew she was alive all along. Once the threat against her is eliminated, Ziva goes home to Paris to reunite with Tony and Tali.
Prior to his departure in the season thirteen episode ""Family First"", Michael Weatherly appeared in every episode except season thirteen's ""Homefront"".


=== Abby Sciuto ===

Abigail ""Abby"" Sciuto is a former forensic specialist with NCIS, and is originally from Jefferson Parish, Louisiana. As indicated in the episode ""Seadog"", she is the adopted child of deaf parents, though she does not find out she is adopted until season nine when she learns that she has a biological brother (with whom she reconnects in season ten). She was known for her gothic style of dress (although she herself does not consider herself to be ""Goth"") and her addiction to the fictional high-caffeine beverage ""Caf-Pow!"", which according to former NCIS director Jenny Shepard earned her the nickname ""Energizer Abby"".
Abby had a brief sexual relationship with Special Agent McGee, seen in the season one episode ""Reveille"", which ended with the two remaining friends. She was the most active and affectionate person of the team, often hugging everyone and talking fast, though she could be easily distracted. She was one of the few who could talk to Gibbs freely, and he often brought her Caf-Pows when he visited her lab for information. She and Gibbs are both fluent in sign language. She has a stuffed hippopotamus named Bert that often appeared in the show and provided comic relief with its farting in otherwise tense situations.
Abby is a devout Roman Catholic and her hobbies include being on a bowling team with nuns, helping build homes for the needy, and playing computer games. She sleeps in a coffin and is, according to DiNozzo, ""the happiest goth you will ever meet"". In the season nine finale ""Till Death Do Us Part"", a bomb blast at NCIS headquarters occurred with Gibbs tackling Abby to the floor in her lab. In the episode ""Extreme Prejudice"", it was revealed that she survived, physically unharmed.
In 2017, Perrette revealed that she would leave the show after the end of season 15.
Late in season 15, MI6 Agent Clayton Reeves was killed while protecting Abby from a supposed mugger. She was wounded in the attempt, but recovered and later coerced the man who wanted her dead to confess. She then resigned from NCIS in order to start a charity in England in memory of Reeves' mother, a dream he had planned to pursue after retiring.
Prior to her departure in the season fifteen episode ""Two Steps Back"", Pauley Perrette appeared in every episode.


=== Dr. Donald ""Ducky"" Mallard ===

Dr. Donald Horatio ""Ducky"" Mallard, DHL (hon.) (David McCallum) was the chief medical examiner at NCIS and an old friend of Gibbs. He retired from his position as chief medical examiner and became an NCIS historian in season 16. The NCIS team addresses him by his nickname ""Ducky,"" a play on his last name Mallard; when he was younger he went by ""Donnie."" Mallard is Scottish-born; his cellphone's ringtone features bagpipes playing ""Scotland the Brave.""
Mallard is a kind and eccentric character who often talks to the deceased (""their bodies tell me a great deal; it helps to reciprocate"") and rambles to the living with long personal remembrances or historical accounts. In ""Truth or Consequences,"" DiNozzo says that ""sometimes his head is connected directly to his mouth."" He calls coworkers by their full first names or by their surnames with an honorific (""Abigail"" for Abby Sciuto, ""Mr. Palmer"" for his assistant Jimmy Palmer, etc.) and Jenny Shepard and Leon Vance by their job title, ""Director"". He has revealed that he is not a religious person.
Mallard attended Eton College and the University of Edinburgh Medical School and served in the Royal Army Medical Corps, mustering out with the rank of Captain. While in the RAMC, he served in the Vietnam War while on an officer-exchange program with the United States military. He served in Bosnia during the Yugoslav Wars and in Afghanistan during the Soviet invasion.
While in Afghanistan, Ducky stumbled on a CIA interrogation program in the Jalozai refugee camp on the Pakistani border, run by Marcin Jerek, aka Mr. Pain, which tortured Afghan refugees for intelligence purposes. When Ducky found out about the program through Javid, a young man being tortured by Mr. Pain, he gave Javid and a number of other prisoners a lethal injection of morphine to save them from a slow and painful death. When Javid's sister attacked Ducky at a crime scene, the story resurfaced and Ducky was to be investigated by the Afghan government for war crimes. However, he was found innocent when he confronted Mr. Pain at the Afghan embassy. It was revealed that Mr. Pain knew that Javid was innocent and that the only reason he was torturing him was to break Ducky to stop him giving prisoners morphine injections. Pain was then arrested and turned over to the Afghan government for trial. However, Ducky claimed that he would not be forgiven for the act by others or by himself.
He joined NCIS in December 1992. Ducky and Gibbs have worked together for many years and Ducky is Gibbs' closest friend. Although most of his time is spent in autopsy and attending crime scenes, he is sent on an important undercover mission in ""Blowback"". Ducky has a ""second talent"", as Gibbs calls it, to be able to read people, which he expands in season four by studying psychology. In cases without actual bodies, he assists by using his psychological training to decipher the clues left by the perpetrators and establish modus operandi and motive.
Until season six, Ducky lived with his aging mother Victoria and her corgis. Nina Foch, who played Victoria, died in 2008. In ""Broken Bird,"" Ducky reveals that his mother has moved out and has Alzheimer's disease. In ""Double Identity,"" it is revealed that Ducky's mother has died. The rest of the team only learns of Victoria's death when Abby follows Ducky to her grave. Later, Gibbs pays him a condolence call in the autopsy room, but Ducky seems relieved at her death (probably as she was no longer suffering from Alzheimer's), grateful to have been her son and proud that she almost lived to the age of 100. In season nine, ""Playing with Fire,"" it is revealed that Ducky has inherited a lot of money from his mother's estate. Gibbs is the first person he reveals this to. In the episode ""Spinning Wheel,"" Ducky is revealed to have a half-brother, Nicholas, who is 20 years his junior; his father Joseph and his ex-stepmother, Lorraine, are also introduced in that episode.
Ducky owns a Morgan that he restored himself. There is a running gag in which Ducky and his assistant (first Gerald and then Jimmy) frequently get lost or meet a mishap when driving to the crime scene. In the Halloween episode ""Witch Hunt,"" he and Jimmy are late after their van is pelted with eggs by youths in ninja costumes. According to Jimmy, Ducky chased the teens for several blocks and apprehended them and made them clean its windshield. He asks Gibbs to be the executor of his will.
In the season 8 episode ""False Witness"", Ducky decides to open a Facebook account to keep up with the times, and the  interests he tries to list in his profile include
etymology, archeology, sociology, fluviomorphology, hymenopterology, and ornithology. In the season 9 episode ""Thirst"", he dates a woman he met online, but it ends badly.
While walking on a beach, Ducky suffers a heart attack in the season nine finale, ""Till Death Do Us Part,"" after hearing about the bomb blast at NCIS headquarters and then is seen lying motionless. In the season ten premiere ""Extreme Prejudice,"" it is shown that he had survived the condition and receiving treatment after being found on the beach. Under reduced workload, he returns to work alongside the team. From this he is seen to push Jimmy into being more confident and to be ready to take his place.
In ""Twofer,"" Ducky learns that his alma mater, the University of Edinburgh, wants to present him with an honorary doctor of Humane Letters, which he receives in ""Exit Strategy.""
In season 15, Ducky takes a sabbatical from NCIS to teach at John Jay College of Criminal Justice, leaving Dr. Palmer in charge in his absence. His visiting professorship ends in early season 16 and he proceeds to embark on a book tour after publishing a book about the various cases he had worked on over his long career as a medical examiner (both at and prior to NCIS). Ducky announces his official retirement from the Naval Criminal Investigative Service in ""Bears and Cubs."" In ""Silent Service,"" he accepts an offer from Gibbs and Vance of a part-time position as NCIS historian, since it will allow him to come and go as he pleases and still assist the team's investigations.
When Special Agent Caitlin Todd asked Gibbs ""What did Ducky look like when he was younger?"" he replied, ""Illya Kuryakin""—the Russian U.N.C.L.E. agent played by McCallum in the 1960s television show The Man from U.N.C.L.E. In the episode ""Hung Out to Dry,"" it is revealed that he has a nephew, though no further information follows.
Until season 15, David McCallum had appeared in every episode of NCIS except ""Legend Part II.""
David McCallum died on September 25, 2023, six days after his 90th birthday. McCallum's death eventually led to Ducky dying in his sleep in the second episode of Season 21, dedicated to McCallum/Ducky ""The Stories We Leave Behind"". Despite this, McCallum remains in the opening credits in the first two Season 21 episodes.

In season 23 episode ""All Good Things,"" in a posthumous appearance, a young version of Ducky is seen guiding Vance into the afterlife after Vance was mortally wounded.


=== Timothy McGee ===

Timothy ""Tim"" McGee (Sean Murray) first appears in the episode ""Sub Rosa"" as a case agent stationed at Norfolk, and is promoted to field agent and assigned to Agent Gibbs' team at the end of the season two premiere, ""See No Evil"", becoming a regular character. He serves as a field computer consultant and occasionally assists Abby in the lab. McGee clashes with DiNozzo, though after the two became partners (following Ziva's short departure from the team at the end of season six), they are frequently shown to form an effective team; however, their relationship has occasionally reverted to its original state upon Ziva's return.
McGee's methods are often indecipherable to the other team members, which earns him the pejorative nicknames ""McGeek"", ""McGoo"", and ""Probie"" from DiNozzo (along with other derisive nicknames, usually based on his surname); and ""Elf Lord"", used by multiple characters due to his elf character in an online role playing computer game. He studied biomedical engineering at Johns Hopkins University, and computer forensics at MIT. He graduated top of his class at the Federal Law Enforcement Training Center.
McGee is also a writer, writing mystery crime novels including a national bestseller, Deep Six: The Continuing Adventures of L.J. Tibbs, under the pseudonym Thom E. Gemcity (an anagram of his name), featuring characters based on his co-workers and others from his everyday life. He drives a silver Porsche Boxster as seen in the episode ""Twisted Sister"". He owns a dog, Jethro. Jethro was falsely accused of killing his police handler. Abby proves his innocence, names him and convinces McGee to take him because her landlord won't let her keep the dog, despite the dog having attacked him earlier in the episode (""Dog Tags""). McGee is transferred to Cybercrimes Division in season five (""Judgment Day"") and back to the Major Case Response Team in season six (""Last Man Standing"").
With DiNozzo's departure in the final episode of season thirteen, McGee is permanently promoted to Senior Field Agent. Following Ducky's death in season 21, McGee is now the longest running character still appearing on the show.


=== Ziva David ===

Ziva David (Cote de Pablo) initially holds the post of Mossad Liaison Officer to NCIS, to which she is appointed following the murder of Special Agent Caitlin Todd by a rogue Mossad operative named Ari Haswari. Ziva was Ari's control officer and half-sister. Despite initially believing that Ari is innocent, she fatally shoots him when he attempts to kill Gibbs, earning the latter's trust. Later, she requests a liaison assignment to NCIS and joins Gibbs' team. At the end of season six, she falls under suspicion as a spy for Mossad.
De Pablo describes the character as someone who is ""completely different from anyone else on the show"" because ""she's been around men all her life; she's used to men in authority. She's not afraid of men"". The series creator Don Bellisario stated, ""When the Kate [Todd] character was killed, I didn't want to bring in the same character I had in Kate, someone who was very Puritan, uptight and treated Tony like a big brother. I wanted to bring in a character that causes Tony to have to sit back and not quite be able to handle her. And I wanted someone who was more international"".
David's specialties with Mossad were espionage, assassination and counter-terrorism and she is highly trained in martial arts. She speaks Hebrew, English, Arabic, Spanish, French, Italian, German, Russian and Turkish. Despite being fluent in English, she sometimes misinterprets idioms and phrases; this is a running joke within the series. Throughout the series, she is accused of driving too fast with passengers (though she claims that she was trained to drive quickly to avoid roadside ambushes), leading to McGee and DiNozzo always wanting to drive whenever they are partnered with her.
She is shown to frequently clash with DiNozzo in good-natured arguments. She is very skilled with a knife and is shown teaching her colleagues how to throw one properly. She is the one person Gibbs trusts with any type of firearm in difficult situations. Throughout her career, she has travelled extensively to countries including Egypt (where she met Jenny Shepard), Iraq, the United Kingdom and Morocco.
Following Ziva's captivity and torture in a terrorist camp in Somalia, an ordeal that lasts for several months, she resigns from Mossad. In the season seven episode ""Good Cop, Bad Cop"" she becomes a probationary NCIS Special Agent. Since then, Tony refers to her (as with McGee) as ""Probie"". As of ""Rule Fifty-One"", she is a citizen of the United States and able to become a full agent which is made official in season nine's ""Nature of the Beast"".
David rarely speaks of her personal life. As of season ten, all of her immediate family are deceased. Her father, Eli David, is the director of Mossad until he is shot and killed in ""Shabbat Shalom"". The show rarely mentions her mother, Rivka, who taught her to drive; all that is known is that her mother is deceased and that she does not have the same mother as Ari. Her younger sister, Tali David, was killed in a Hamas terrorist attack against Israel at the age of sixteen. She also has an Aunt Nettie who likes to play mahjong. She also mentioned an unnamed uncle who breeds Arabian horses, and this might be the same brother that Eli David mentions who wanted to buy her a pony when she was younger.
Ziva is able to play the piano and is shown to enjoy cooking and reading. She enjoys the fictional drink Berry Mango Madness. She drives a red Mini Cooper but at the end of season ten, she sells the Mini and replaces it with an Inferno Orange Metallic V6 Camaro convertible. She likes listening to the Israeli band Hadag Nachash and the Latin American band Kinky. She does not own a television but her favorite film is The Sound of Music. Following Ziva's resignation from NCIS, she is replaced by former NSA analyst Ellie Bishop.
In season thirteen, following Ziva's presumed death at the hands of a Trent Kort-hired assassin, it is revealed she and Tony have a child named Tali.
In season sixteen, in the episode titled ""She"", it is revealed that Ziva is still alive and in hiding to protect her family. She writes a note to Eleanor Bishop, asking her to keep her secret. She makes her official return in the season finale, ""Daughters"", to warn Gibbs that he is in danger.
In season seventeen, in the episode titled ""Out of the Darkness"", it is revealed that Ziva faked her death to protect her family from a woman named Sahar who wanted to kill her. Sahar was involved in a Hamas splinter group with Ziva's brother Ari, and is seeking revenge for his death. Ziva and Gibbs are forced on the run to locate Sahar, the mastermind responsible. Meanwhile, the team investigates, with the revelation of Ziva's survival leaving major rifts amongst them. In the second episode ""Into the Light"", Ziva prepares to leave after taking down Sahar, telling Gibbs she has one more thing to do before she puts it all behind her. Tony calls Gibbs and Ziva assures Gibbs that Tony will be hearing from her before she leaves. In the tenth episode ""The North Pole"", the real Sahar (who had been posing as Gibbs' new neighbor ""Sarah"") tortures and kills Ziva's childhood friend Adam Eshel, and traps Ziva under a heavy plumbing pipe, planning to kill first her and then Tali, but is instead shot dead by Gibbs, leaving her son Phineas motherless. It's revealed that Tony knew that Ziva was alive and had tracked her down years ago, and that they both agreed to lay low until Sahar was dealt with for the sake of Tali. In the eleventh episode ""In the Wind"",  Ziva tries to help Gibbs find Phineas, after he runs away from Gibbs' house following Gibbs' revelation about his mother's death. During the course of their search, Ziva questions whether she can go back to her life with Tony and Tali. She states that she had texted Tony to let him know that it's safe, but no response. Tony then responds with a video of Tali asking Ziva to come home, which Gibbs states is proof she's ready to go home. With Phineas found and taken in by his aunt and uncle, Gibbs and the team say goodbye to Ziva before she leaves for Paris, to reunite with Tony and Tali.


=== Jenny Shepard ===

Jennifer ""Jenny"" Shepard (Lauren Holly) is the director of NCIS from season three to season five, replacing Thomas Morrow. She first appears in the episode ""Kill Ari (Part I)"". She was a military brat; her father, Jasper Shepard, was a colonel in the United States Army.
She is Gibbs' former partner and lover. While she and Gibbs were stationed in Europe, Gibbs was ordered back to the US and she was offered her own section in Europe. When Gibbs asked Jenny to go with him, she refused as she wished to advance her career to exact revenge on the arms dealer who killed her father. Jenny and Gibbs are reunited in ""Kill Ari (Part I)"", which stirs Gibbs' heart and opens up constant flirtation between her and Gibbs.
Shepard has a close relationship with Ziva David and occasionally provides her with key information on cases without going through regular channels or telling Gibbs, as in the season three episode ""Head Case"". They make it a point to keep these dealings confidential, arguing that ""what Gibbs doesn't know can't hurt us"". Later in the episode, though, Gibbs' remarks reveal that he already knows about her assistance. Shepard and Ziva have a working relationship prior to Shepard's being appointed Director of NCIS.
During season four, Director Shepard places Tony DiNozzo on an undercover assignment to get close to arms dealer René Benoit. The subplot comes to a head late in the season when it is revealed that Jenny blames Benoit for her father's death and that Benoit is now central to a major CIA deep-cover operation. Gibbs confronts Jenny over the operation, suggesting she is letting her emotions rule and has knowingly placed DiNozzo in danger and jeopardized a major CIA operation for the purposes of revenge.
During the episode ""Internal Affairs"", Gibbs tells Shepard that he thinks she is responsible for Benoit's murder, having seen Benoit leave without the gun she angrily tried to give him when he asked for her protection; this is reiterated when Gibbs looks through the FBI's file on Benoit's death in ""Judgment Day"" (Part 1).
In several episodes during season five, Jenny's failing health becomes a plot issue. For example, in ""Stakeout"", Ducky is shown ordering a test on a blood sample and tells Abby it is from a John Doe. However, when Abby talks to Jimmy Palmer, he says they have no John Does. Gibbs deduces, correctly, that the only person Ducky would ""stick his neck out"" for would be the director. In the next episode, ""Dog Tags"", Gibbs questions Jenny about her illness and she says she is fine. Her exact illness is never revealed; however, in ""Stakeout"", Abby tells Ducky there is an elevated level of creatine kinase in the blood sample she runs. Mike Franks also discovers Shepard's illness by going through her purse and finding her medication.
Shepard is killed in the episode ""Judgment Day"" (Part 1). Franks and Jenny are talking in an abandoned diner when she reveals that she regrets leaving Gibbs and is still in love with him. It is revealed that she botched an operation ten years prior, when she and Gibbs had been ordered to assassinate a pair of Russian crime lords and lovers. Gibbs shot the man, Anatoly Zhukov, but Jenny faced down the woman, Natasha (aka Svetlana), and let her live. Natasha sends assassins to kill Jenny in the diner; Jenny kills them all but dies of her injuries from the gunshot wounds she received. Franks, who is outside at the time of the shooting, returns to Jenny's house, where Natasha is trying to kill Gibbs, and Franks shoots her.
Gibbs and Franks decide to cover Jenny's mistake and death by burning down her Georgetown mansion. Jenny's cause of death given to the media is reported as ""death in home fire"". Her loss affects the rest of the characters greatly. Abby regrets that she never told Jenny she was a snappy dresser and says that would have made her smile. After Director Shepard's death, she is replaced by Assistant Director Leon Vance, who becomes the new Director of NCIS.


=== Leon Vance ===

Leon James Vance (Rocky Carroll) first appears in the season five episode ""Internal Affairs"" as the assistant director of the NCIS, and is named Director after the death of Jenny Shepard due to his position as NCIS Assistant Director and line of succession.
In ""Knockout"" it is revealed that he was originally from Ohio, but grew up in Chicago where he trained to be a boxer. His wife states that Vance attended the United States Naval Academy and was commissioned as a 2nd lieutenant in the Marine Corps, but was forced to take a medical discharge before ever serving due to surgery to repair a detached retina suffered during his boxing career. However, Ducky later reveals to Gibbs that Vance's close childhood friend, Tyler Owens, who had died just prior to the start of the episode, also suffered a detached retina. Vance also reveals that it was this friend who decided that Vance should leave Chicago while he stayed behind. Vance says this despite his insistence to Gibbs that his friend was a Marine, though there is no record of his friend's service in the military. This episode strongly implies that Owens and Vance switched identities in order for the current Vance to have a future. In ""Kill the Messenger,"" he undergoes surgery in order to obtain lung tissue samples for a biopsy because his doctor suspects that he has developed lymphoma. The tests reveal that he actually has sarcoidosis, a much less serious condition that quickly clears up on its own.
More of Vance's background is revealed in ""Enemies Domestic"", in season eight. To play the young Vance, Rocky Carroll underwent make-up procedures that he described as ""a little instant facelift"". In 1991, Vance was a student at the Naval War College in Rhode Island, and began to take an interest in black operations. He even imagines one himself: Operation Frankenstein, which would later play a big part in the season eight finale. NIS (later renamed NCIS) takes an interest in him and he is recruited by Special Agent Whitney Sharp.
Vance is trained by Sharp and after a six-week training course, leaves for an operation in Amsterdam, codenamed Trident. He meets his handler, Riley McAllister, who tells him that the target is a Russian agent known to Vance only as ""The Russian"", later known as Anatoly Zhukov. NIS believes he is bribing sailors for intelligence. Vance meets Eli David, a promising Mossad agent, who tells him he knows of the operation and that the Russian will kill him. Later, Eli betrays Vance to the Russian but it is revealed that this is so he can kill him himself. Eli also tells Vance he has been chosen because he is expendable and would not be missed. Eli and Vance kill the Russian's hit team, but the Russian manages to escape. Eli is unable to find him or who he was. Zhukov would later be killed by Gibbs in another black op in Paris with Jenny Shepard and William Decker. This leads to Decker and Jenny's deaths at the hands of Zhukov's lover Natalya before she is killed by Franks and her body burned with Jenny's mansion to cover up Shepard's mistakes.
Vance is credited with the elimination of the hit team and he starts to rise swiftly through the ranks at NCIS. He keeps believing, along with Eli, that there was a dirty agent in NCIS, who had really tipped off the Russian about Vance's mission. It is later revealed that this is McAllister; an expert on Russia, he saw that the Soviet Union's collapse had diverted attention onto the Middle East, and planned to have Vance killed by a Russian operative to show that Russia still posed a major threat, thus setting himself up for the directorship of NCIS. However, when this failed, McAllister assigned Gibbs, Shepard, and Decker to eliminate Zhukov to tie up loose ends and set up another scheme to have Vance and Eli eliminated. Vance survived, but was hospitalized. Eli also survived due to having sensed the trap in advance. McAllister then tried to do away with Vance himself in his hospital room, but thanks to Gibbs having sensed the plot, Vance mortally stabs McAllister with a switchblade Gibbs gave him earlier, ending the traitorous agent's life as he bleeds to death while Vance watches medical personnel try to save him.
Then-Assistant Director Vance takes over for Jenny Shepard during her leave of absence between ""Internal Affairs"" and ""Judgment Day"", establishing himself as a formidable presence with Gibbs and his team. He scatters Tony, McGee, and Ziva to various departments and assigns Gibbs a new team in the Season 6 premiere ""Last Man Standing"" upon being named director; however, it is later revealed that he did this to flush out a mole in the agency. Vance and Gibbs clash during this span, prompting a cold war between them, which ends with a détente in ""Agent Afloat"" at the start of season six. However, the two again clash later on because Gibbs feels he cannot fully trust Vance, though he cannot identify a specific reason why.
Vance spearheads the investigation into Shepard's death and is angered greatly when he is not kept in the loop by Gibbs and Mike Franks, who ultimately manipulate the situation to exonerate Shepard from her past failure, not what Vance had in mind. After Shepard's death, and possibly before, he lobbies the Secretary of the Navy hard to take over NCIS, as seen in ""Cloak"", but in ""Semper Fidelis"", the Secretary informs Gibbs of a major operation that will require Vance to serve as its head and that NCIS and the Navy will need Gibbs and Vance to get along.
Things come to a head in ""Aliyah"", when Gibbs accuses Vance of selling out his team to Mossad Director Eli David. Vance responds that Ziva is a plant, used to get Mossad a foothold in NCIS through Gibbs. Vance also reveals that he knows about the true story of the death of Ari Haswari. After this, the two of them realize that circumstances will prove one of them right. At the start of season seven, Vance approves Ziva's transfer to NCIS, proving that Gibbs was right and Ziva is loyal to NCIS. Despite his professional attitude toward Gibbs' team, Vance shows that he does care about them when Alejandro Rivera threatens Abby in ""Spider and the Fly"". He tells Rivera to leave before he gets hurt and when Rivera asks by whom, he replies angrily: ""By me.""
Even after the events of ""Aliyah"", Vance is shown to still be in official contact with Eli David in his capacity as director of Mossad. This is shown when he receives a text message on his phone from Eli which says only: ""I found him"". Vance also refuses to discuss a phone call from Eli with Gibbs, despite knowing how dangerous Eli is and despite his precarious relationship with Gibbs and his team. Upon being promoted to the director's position at the end of season five, Vance immediately goes to former Director Shepard's office, and is seen to shred a single mysterious document from his own personnel file.
It is revealed in season six (""Semper Fidelis"") that the document was written by his supervising agent at the time. The Secretary of the Navy tells Gibbs that the file is a fabrication and that he thought all copies had been destroyed. It is further revealed in the season eight episode, ""Enemies Domestic"", that the head of the San Diego field office, when Vance was assigned there, had begun creating a legend for Vance that incorporated fictitious information about Vance in order to backstop a deep cover assignment, including the false information that Vance had been a pilot and director of a field office.
In the season nine finale, ""Till Death Do Us Part"", a bomb blast occurs at NCIS headquarters with Vance's whereabouts unknown. In the season 10 premiere, ""Extreme Prejudice"", it is revealed that he survived relatively unscathed. In the season 10 episode ""Shabbat Shalom"", Vance is widowed when his wife Jackie is shot and dies in surgery. Eli David also dies in the episode. In the Season 11 episode ""Homesick"", Jackie's estranged biological father Lamar Addison shows up at the family home, much to Vance's displeasure. It is revealed that he walked out on Jackie, her mother and brother when she was young and that he was never married to her mother.
Vance and Jackie have two children: a daughter, Kayla, and a son, Jared. Vance met his wife while attending a University of Maryland basketball game while Len Bias was playing. By season 10, Vance and Gibbs are on friendlier terms. Gibbs is particularly empathetic to Vance after his wife's murder since Gibbs himself went through a similar experience. Vance also prevents Gibbs' detention during a DOD internal investigation by allowing him to be temporarily assigned to JSOC.
In ""Double Trouble"", Vance is almost asked to resign after a confrontation with former NCIS Agent Kip Klugman, whom Vance arrested during his last case as a field agent in San Diego in 2005, until he and Gibbs are able to clear his name. In that episode, Secretary Porter mentions that he has been the Director of NCIS for longer than his last two predecessors combined (at that point, just over 7 years).
In season sixteen, Vance is under surveillance by the CIA, following his abduction and torture by a terrorist at the end of the previous season.
In season twenty three episode ""All Good Things,"" Vance is shot by a corrupt Army CID agent Dolan Thompson after defusing a bomb in the NCIS evidence garage, in the midst of an attempt by the U.S. Department of Defense to shut down NCIS and merge with Army CID. Despite Palmer's and Parker's attempts to save him, he dies, with a young version of the now deceased Ducky seen guiding him into the afterlife. He then reunites with Jackie.


=== Dr. James ""Jimmy"" Palmer ===

Dr. James ""Jimmy"" Palmer (Brian Dietzen) is an assistant medical examiner who first appears in the episode ""Split Decision"". After Gerald Jackson is incapacitated, Palmer becomes Mallard's assistant. He was named after former Baltimore Orioles pitcher Jim Palmer, but does not like baseball.
He self-identifies as a sufferer of a ""mild"" case of diabetes mellitus in the episode ""In the Dark"". He often seems intimidated by Gibbs, especially when he goes into one of his trademark strange rambling explanations of something that has not been requested.
Mallard claims that he and Palmer frequently arrive at crime scenes well after Gibbs and his team because Palmer is a horrible driver who keeps getting lost; Palmer tries to defend himself by pointing out that Mallard is navigating.
Jimmy is the central character of the season 5 episode ""About Face"" where he must recover his memory to find a suspect to a murder case and his attempted killer.
Like Ducky, Palmer speaks to the dead, though he is far more irreverent, sometimes raising not only eyebrows but doubts about his analytic abilities in the process.
Some episodes depict an ongoing illicit office romance between Jimmy and Michelle Lee. They make excuses for working late and are seen entering and exiting the underside of the autopsy table. In the episode ""Last Man Standing"", Palmer admits to Gibbs and Vance that he and Agent Lee had been ""doing it"" for a while, but he had broken it off because he felt ""used"" – an important bit of information about Lee's character, as a bit of dramatic irony reveals at the end of that episode.
In ""The Good Wives Club"", it is revealed that Jimmy is claustrophobic; when he is entering the enclosed hallway he is seen sweating profusely and when he has to go get the body bag he freaks out about having to go back through it.
In ""About Face"", as Jimmy is being hypnotised by Abby, it seems that Jimmy has a shoe fetish, as he dreamily talks in detail about Ziva and Abby's footwear instead of recalling information about the current case. The episode also indicates that his mother's name is Eunice. In the episode ""Bounce"" we see that Palmer regularly helps Tony when he is in charge, despite the fact that Tony has frequently mocked Palmer by calling him an ""autopsy gremlin"". Palmer is also shown to have severe tinnitus.
Season seven reveals that Jimmy is in love with a girl named Breena Slater (Michelle Pierce), who work as a mortician in her family's funeral parlor and appears in the episode ""Mother's Day"". In the season eight finale, ""Pyramid"", NCIS special agent E.J. Barrett congratulates Jimmy on his engagement, and in the season nine premiere ""Nature of the Beast"", Ziva says that they are getting married next spring. In ""Newborn King"", Palmer is accompanied to NCIS headquarters by Breena's father, Ed Slater. Ed alternates between grating on the nerves of the entire team and mocking Palmer's career choice. Most of the team either ignore Ed or quietly tolerate his rudeness out of respect for Palmer and his guest. Abby is the exception—when Ed makes a comment regarding the supposed promiscuity of tattooed women, she places Palmer and Slater in ""time out"" by locking them in her office. Palmer eventually tires of Ed's behavior, telling him to sit down and shut up. The end of the episode shows Ed accepting Palmer and expressing a desire for a grandchild.
In ""Till Death Do Us Part"", prior to a bomb blast at the NCIS headquarters, Palmer and Breena decide to get married on the spot so he can assist the rest of the team in the Harper Dearing case. In episode ""Damned If You Do"", Jimmy tells Ducky that he and Breena are on a waiting list to adopt a child. In the season 11 episode ""The Admiral's Daughter,"" it is revealed to Jimmy through a word game that Breena is pregnant. Breena gives birth to the baby girl in the season twelve episode ""We Build, We Fight"", and they name her Victoria Elizabeth Palmer after Ducky's mother, with Ducky as her ""Grand-Ducky"".
During his first few seasons, Jimmy is portrayed as a geek with a tendency to ramble or speak out of turn, much to the irritation of Gibbs and even Ducky on occasions. When he first starts, as with most ""newbies"", he is subjected to some teasing by DiNozzo. By season ten, he is shown as more of a surrogate son to Ducky rather than simply his assistant (though this relationship has been implied throughout the series). In ""Extreme Prejudice"", he insists on remaining at Ducky's bedside until Ducky convinces him that NCIS needs him more. In the season fourteen episode ""Keep Going"", Jimmy confesses to a victim's son that he is now a qualified doctor, having passed his Medical Examiner test (on the third time; he had failed it twice before), but doesn't want the rest of the team to know. However, everyone finds out because he was speaking in front of a mic, and Ducky congratulates him.
In season 15, Jimmy takes over as NCIS' Acting Chief Medical Examiner after Ducky takes a sabbatical from NCIS to teach at a New York City medical school, which is extended for Ducky to write a book about his cases and further in season 16 to go on a book tour. In ""Bears and Cubs"", Ducky announces his official retirement from his full-time NCIS position and permanently promotes Jimmy to Chief Medical Examiner.
In season 17, work is starting to consume Jimmy and devour his time. In episode 13, ""Sound Off"", he is clearly overwhelmed, complaining of only getting 14 minutes of sleep on an autopsy table and in episode 15, “Lonely Hearts"", is forced to cancel his plans for Valentine's Day as he has to work overtime to help Gibbs and the team solve a complicated murder case.
In episode 19, titled ""Blarney"", as Jimmy and Kasie eat breakfast together, their morning is interrupted by three armed robbers who decide to hold them hostage after a burglary goes bad.
The season 18 episode ""The First Day"" reveals that Breena died from COVID-19 in December 2020, and that Jimmy was unable to see her before she died because of COVID lockdowns. He was also forced to grieve alone and was unable to give her a real memorial.
Dietzen co-wrote the season 19 episode ""The Helpers"", in which a bio-terror attack exposes Jimmy and Kasie to a deadly toxin. In the episode, which TV Insider called the best episode of the season, Jimmy begins to come to terms with the loss of his wife; he takes off his wedding ring, saying “I decided to take Breena’s advice. I can hold onto what’s important while letting go. It’s time.”
Season 19, episode 15, ""Thick as Thieves,"" Knight asks Palmer to be her plus-one at a wedding. Romantic tensions are built up throughout the rest of the season, with them admitting their feelings for each other in episode 20, ""All or Nothing,"" and finally kissing and making it official in the season finale.


=== Eleanor ""Ellie"" Bishop ===

Eleanor Raye ""Ellie"" Bishop (Emily Wickersham) is an NSA analyst who first appears in the season 11 episode ""Gut Check"". Bishop is a ""country girl"" from Oklahoma and has three older brothers.
Described by her boss at the NSA as a ""reclusive data freak"", Bishop claims that she ""remembers almost everything she reads"" and often thinks while sitting cross-legged on the floor. She has a love of food and is often shown eating snacks at her desk. She also tends to associate specific memories with whatever food she was eating at the time. As such, her coworkers refer to her as a foodie.
She applied to NCIS before taking the job with the NSA and Gibbs invites her to a ""joint duty assignment"". Gibbs later offers her a probationary position as a special agent in ""Monsters and Men"", affectionately referring to her as ""probie"" for the first time, officially filling the open position left by Ziva David. After that, DiNozzo and McGee are seen pulling the seniority card by ordering her around to do more menial tasks, such as evidence collection.
Bishop is repeatedly shown as a bit of a perfectionist, sometimes asking for second tries, knowing she can do better the next time around. Alex Quinn has remarked that she is too tightly wound.
When first introduced, DiNozzo and McGee quickly notice her wedding band, but she remains coy when asked about her marital status. It is eventually revealed that she is married and her husband's name is Jake Malloy (Jamie Bamber), an attorney for the NSA. They met during their first week at NSA, though they appear to be having marital difficulties during season thirteen.
In ""Day in Court"", Jake reveals he is having an affair with a fellow NSA Agent. Bishop is horrified and the two separate, with Bishop going home to Oklahoma to get some distance. She later returns to DC to continue with NCIS and tells Jake that their marriage has been deteriorating quickly since she joined NCIS. Despite him wanting to make things work, she has already decided to file for divorce. She sees Gibbs as a father figure and leans on him.
After her divorce, she prefers to stay single for a while. It is revealed in ""Enemy Combatant"" that Bishop is dating NCIS translator Qasim Naasir, last seen in season twelve. Unfortunately, the relationship ends abruptly when Qasim dies from injuries sustained in an attack by a criminal that the NCIS team had been tracking, leaving Bishop grief-stricken and hellbent on exacting revenge for Qasim's murder. Quinn is extremely concerned about her well-being, especially as she eavesdrops on her asking MI6 officer Clayton Reeves to translate the files Qasim was assigned to assist with the case. It is revealed that Qasim proposed to Bishop a few weeks before he died. She asked him for some time to think, and he agreed. Bishop planned to accept the night he died but never had the chance.
While Gibbs and McGee were held prisoner in Paraguay between seasons 14 and 15, Bishop, as the ranking agent, served as the supervisory special agent (SSA) of the Major Case Response Team; she retained command until Gibbs was medically and psychologically cleared for duty. In the episode ""High Tide"", Bishop and fellow agent Nick Torres go on an undercover mission, which revolves around them both acting like a couple. Both of them find that they enjoy the experience and develop a mutual lingering attraction toward each other. In the episode ""Sight Unseen"", Bishop appears jealous upon seeing Torres on a date with a blind witness.
In the season 15 episode ""Skeleton Crew"", Bishop tells Nick that in her teenage years, she was a loner type and was relentlessly mocked and bullied and given the name ""Scarecrow"". The episode ""Fragments"" reveals that Bishop spends a few days every year away to ""unplug"" for her ""mental reset"", where she spends time without electronics. It is hinted that she spent it with Torres.
She is shown to be dating a man named Boyd in ""Toil and Trouble"" and claims it to be serious, with it being date number 5; however, his contact is not saved on her phone. Torres cancels her date with him, leading to her being angry at him, though she forgives him in the next episode, ""The Last Link,"" when he buys her bacon brown sugar chips.
In the season 16 episode ""She,"" Bishop learns from CIA agent Odette Malone that Ziva is still alive.
The season 17 episode ""Institutionalized"" reveals that Bishop is from Hinton, Oklahoma, where she was chosen to be the Grand Marshall of its Tater Tot Parade in the past. In ""On Fire"", Torres and Bishop are hit by a car driven by Xavier Zolotov, with Torres getting the worse of the injuries. After Xavier gets away with the crime due to sovereign immunity, Bishop storms off with the intent of killing him. Xavier is revealed to be dead in the next scene, though Bishop confirms she did not kill him, McGee begins to suspect that Gibbs may have killed him to protect her. In this episode, it is hinted that Bishop has feelings for Torres.
In season 18, Bishop is kidnapped and taken hostage during a stakeout by a terrorist, who agrees to exchange her at an airport for one of his men that they presumably have in custody. The whole thing turns out to be a ruse and the plane explodes, but Bishop escapes unharmed, albeit with a few cuts and bruises. In the same week (""1mm""), she and Torres are trapped in cells rigged to blow, with Bishop standing on the pressure plate that triggers the bomb. They both escape unscathed when Gibbs comes to rescue them, but not before she and Torres confess to having feelings for each other. From this episode on, they begin calling each other by their first names, rather than their last.
In the episode ""Misconduct"", while interrogating a girl who claims to be in love with a criminal named Parker James, Bishop puts on the persona of a die-hard romantic, even going as far as to mention that she has someone really special to her with whom she trusts her life, hinting it to be Torres, alluding to their relationship.
Bishop resigns from NCIS after confessing to leaking NSA secrets and goes on a long-term CIA undercover mission with Odette Malone.


=== Nick Torres ===

Nicholas Torres (Wilmer Valderrama) is an undercover agent who first appears in the season 14 premiere, ""Rogue"". Nick has been an NCIS deep cover agent for years, but when his cover is blown and he learns his sister's life could be in danger, he races back to DC in an ill-fated attempt to stop it. His mission crosses over with that of Gibbs' team. However, after working with them to bring down his sister's attackers, he is offered a spot on the team with Alex Quinn.
Torres often has trouble readjusting to a normal life and working with a team; he is thus reluctant to wear the NCIS windbreaker or cap when visiting crime scenes. Being undercover for so long has given him a range of skills such as close combat training, but his methods are a bit unpredictable: e.g., such as drawing a gunman's attention by jumping onto a poker table with McGee holding them at gunpoint.
Torres is also not afraid to break rules if he needs to, which on occasion has him butting heads with Gibbs. He is very charismatic, has a sense of humor and is very adept in social situations; he once got a suspect to talk by offering her a candy bar. He has a picture of himself on his desk as a reminder of a woman he loved but lost to cancer as a teenager. Torres is superstitious of anything relating to the dead; once forgoing an apartment where the resident had recently died and proclaiming he could never work in a cemetery because of this.
He also strikes up a friendly rivalry with Clayton Reeves, and they both try to one-up each other—from undercover tactics to arm-wrestling contests. In the episode ""High Tide"", Torres and Ellie Bishop go on an undercover mission, which revolves around them both acting like a couple. Both of them find that they enjoy the experience and develop a mutual lingering attraction towards each other. In the episode ""Death from Above"", it is revealed that Torres has feelings for Bishop. Throughout season 17, Ziva David encourages Torres to reveal his feelings for Bishop, as their relationship mirrors her own with Anthony DiNozzo.
In season 16 episode ""Mona Lisa"", Torres is drugged and led to believe he killed someone in cold blood. During this time, Bishop begins to doubt his innocence, and while he was cleared of all wrongdoing, Torres is deeply hurt by Bishop's lack of faith, saying outright he would not have done the same to her. At the same time, he begins to doubt his own innocence, wondering what the difference between him and a cold-blooded killer is.
In the season 17 episode ""On Fire"", Torres and Bishop are hit by a car, with Torres pushing Bishop out of the way, leading him to end up with more severe injuries. He flatlines once, and the experience leads Bishop to hint at her feelings for him. In the following episode, ""Lonely Hearts"", he returns to work but is still somewhat injured and finally decides to rest longer with Bishop's little push.
In the sixth episode of season 18, ""1mm"", Bishop and Torres are trapped in cells rigged to blow, with Bishop standing on the pressure plate that triggers the bomb. They both escape unscathed when Gibbs comes to rescue them, but not before she and Torres confess to having feelings for each other. From this episode on, they begin calling each other by their first names, rather than their last.
In the season 18 episode ""Sangre"", Torres' absentee father returns, and is a suspect in a murder. Torres refuses to let him back into his life, due to the fact that he walked out on him and his family when he was five. Bishop tries to get Torres to give his father a chance, and he does at the end of the episode, when he invites his father to get dinner together. In the end, however, Torres goes to pick up his father only to find that he has left again, and goes to join Gibbs, the closest thing to a dad he has, for dinner.
In the season 22 episode ""Baker's Man"", Torres struggles with telling fellow agent and teammate Jessica Knight that he is dating her sister Robin. When Knight finds out, she is furious, but eventually accepts the relationship.


=== Alexandra Quinn ===

Alex Quinn (Jennifer Esposito) joins Gibbs' team after 15 years assigned to the Federal Law Enforcement Training Center (FLETC). Before that she was a field agent, but after her partner was killed in an ambush while the two were following suspects, and her engagement to Mike fell apart, she left the field.
Quinn met Gibbs when he was a part of the team investigating her partner's death. She has a sister in her twenties and a mother who is later revealed to be developing Alzheimer's. She is described as having ""sharp wit, quick mind and immense talent as a federal agent"".
Quinn prides herself on remembering every agent she's ever trained, including McGee, Bishop, and Torres.
Quinn leaves the team at the end of Season 14 to take care of her ailing mother.


=== Clayton Reeves ===

Clayton Dante Reeves (Duane Henry) is a British MI6 Intelligence Operative who first encounters the NCIS team working abroad with DiNozzo.
Upon returning to the US, Clayton is attacked by Trent Kort, who he later shoots and kills.
He first appears in season 13, and returns as a main character for season 14. In ""Pay to Play"", he returns, now working at NCIS's International Desk. Because his desk is behind the bullpen of the team, a running gag is he tends to pop up unexpectedly with information in regards to the case at hand.
After a botched undercover job to capture the terrorist Chen, he secretly works with Bishop to find a lead on him and arrest him, despite Gibbs ordering them both to stand down. Reeves has many skills from his career as an MI6 agent and brings those skills to the team when needed, ranging from computer forensics to piloting for his undercover work. While friendly and charming to everyone he meets, he strikes up a rivalry with Torres; both are seasoned undercover agents and generally try to one up each other.
During season 15, it is revealed he is a recovering alcoholic as he often drank to cope with the stresses of his undercover operations. His past is unknown, but he lost his mother at a very young age and was homeless. In an effort to honor her and as part of his recovery, Clayton volunteers at a program that helps homeless veterans and their kids.
He is shot twice and killed at the very end of ""One Step Forward"" by Kent Marshall hired by Robert King to kill Abby. Devastated by his death, Abby leaves NCIS to escort Reeves' body back to London for his funeral and to start a homeless charity in honor of Reeves and his mother. 


=== Dr. Jacqueline Sloane ===

Dr. Jacqueline ""Jack"" Sloane (Maria Bello) is an NCIS senior special agent and operational psychologist, specializing in profiling. She holds a Ph.D. in psychology, and is a former Lieutenant in the United States Army.
Sloane served in Afghanistan, where she was a prisoner of war. The memories of this experience are shown to often have a serious effect on Sloane, but also allow her to connect with people suffering from similar trials. Sloane transferred from the Southwest Field Office in San Diego to NCIS Headquarters at the behest of Director Vance during season 15.
As a running gag in season 17, Sloane is often teased that she and Gibbs are in a relationship by members of the team. While this is largely speculation, Sloane does appear to have feelings for Gibbs and the two do share a close bond, as Gibbs was the only one, outside of Vance, who was aware of Sloane's biological daughter.
The season 16 episode ""Perennial"" introduces Sloane's biological daughter, Faith Tolliver, who Sloane put up for adoption immediately after giving birth. In season 17 episode ""Schooled"" reveals Sloane became pregnant after she was sexually assaulted by a friend in college and gave up Faith to protect her from her father. Faith became aware of this after asking Jack for the medical history of both of her parents and despite Sloane's attempts to hide the real reason behind her daughter's birth, Faith is grateful for it as she gave her a great life and reconciled her relationship with her mother. In the season 18 episode ""The First Day"", Sloane reveals to Gibbs that she wants to leave NCIS to try new things, and is putting down an offer for a house in Costa Rica. In the next episode ""True Believer"", after rescuing kidnapped girls in Afghanistan, Sloane decides to stay there instead and help others in need, sharing a goodbye kiss with Gibbs.


=== Kasie Hines ===

Kasie Hines is the current NCIS forensics specialist and a graduate student at the medical school in New York where Ducky is guest teaching in season 15.
Ducky hires her as his assistant to help keep him on schedule on a book he is writing about past cases. However, when a past cold case resurfaces in ""One Man's Trash"", Ducky returns to NCIS to assist in the investigation, bringing a reluctant Kasie along with him to help and meet his co-workers. While Kasie is friendly towards most of Gibbs' team to the point of giving hugs, she is noticeably cold towards Abby Sciuto, making no attempts to connect with her despite staying in her guest room. This frustrates Abby, who believes that Kasie doesn't like her despite her attempts to be friendly, especially since, as Abby later learns from Ducky, Kasie has a degree in forensic science.
After witnessing Kasie encourage Ducky to use the case to inspire his creativity for the book, Abby confronts Kasie, who admits that she is a fan of Abby's work and freaked out internally when she met her, and the two develop a close friendship. Following Abby's resignation from NCIS, Gibbs hires Kasie in ""Fallout"" to fill in for her temporarily until he finds a permanent replacement, which she agrees to do with Abby's blessing. However, this slightly unsettles the rest of the members of Gibbs' team, who are still trying to cope with Abby's departure and Reeves’ death. Kasie becomes the permanent replacement forensics specialist in Season 16.


=== Jessica Knight ===

Jessica Knight (Katrina Law) is an NCIS Special Agent, who was formerly assigned to the REACT Unit in the Washington Navy Yard.
After Bishop's departure, Knight, who had once been a member of an NCIS REACT team, with her fellow NCIS colleagues all dying in an explosion, and who had temporarily assisted the team, subsequently joined the main NCIS Major Case Response Team in October 2021.
Knight is first introduced in Season 18's penultimate episode, “Blown Away”, as she helps the Major Case Response Team (at that time under the lead of Tim McGee after Gibbs' suspension) to catch the one behind the bombing of her teammates. Despite being injured and the only survivor, Jessica is determined to help the team solve the case. Her no-nonsense attitude and strong will are a fun match-up with the team's laid-back behavior as they work the case.
Knight speaks fluent Chinese and was a Division I track star in college.
In a character bio published in Deadline, Knight is described as ""a formidable REACT (Regional Enforcement Action Capabilities Training Team) agent who specializes in hostage negotiations and handles daily high-risk operations with skill and precision. Sharp, athletic and tough, she was raised by a single father and had to fight for everything in life. She is fiercely tenacious and with a wry sense of humor.
Law’s character quickly proves to be likable. She’s loyal, and she wants to help. While there is a bit of a wild side to her, she was quick to step in to help clear Bishop’s name without even knowing who Bishop really is.
In episode 9, “Collective Memory” Knight admits that she & her mother have not spoken in months. She does not say anything else, but “my mom and I, it’s complicated.” As Torres sees it, however, if they love each other, it is not as complicated as she thinks, so after the case wraps up, Knight reaches out to her mother.
In episode 15, ""Thick as Thieves,"" Knight asks Palmer to be her plus-one at a wedding. Romantic tensions are built up throughout the rest of the season, with them admitting their feelings for each other in episode 20, ""All or Nothing,"" and finally kissing and making it official in the season finale.


=== Alden Parker ===

Alden Parker is the current Supervisory Special Agent of the NCIS Major Case Response Team and a former FBI Special Agent. He acquired the supervisory position at NCIS after former NCIS Supervisory Agent Leroy Jethro Gibbs decided to stay in Alaska and not come back to NCIS since he finds a sense of peace that he hadn't felt for 30 years since his wife and daughter were killed by Pedro Hernandez.
Parker becomes acquainted with NCIS in June 2021, when he is also going after the serial killer whom Gibbs and local reporter Marcie Warren are attempting to arrest. Later, he and a few other FBI agents are sent to arrest Gibbs after he had been ""avoiding the law for so long"", but he has a change of heart at the end of ""Great Wide Open"" when he decides not to arrest Gibbs.

After Gibbs decides not to return to NCIS, he recommends Parker, who has been fired by the FBI after not arresting Gibbs, for the job once McGee declines to take the position. Parker accepts after the events of ""Face the Strange"", filling the Supervisory Agent position that Gibbs had for 25 years. 


== Notable recurring and guest characters ==


=== E.J. Barrett ===

Erica Jane ""E.J."" Barrett (Sarah Jane Morris) is an NCIS agent reassigned to Washington in the season eight episode ""One Last Score"". She was originally a Major Case Response Team leader stationed in Rota, Spain, which attracts DiNozzo's attention as he had previously been offered the same position in the season four episode ""Singled Out"", though he does not resent her position as he turned the offer down to stay in Washington.
Barrett's presence is a source of tension between Gibbs and Director Vance, as Gibbs initially believes Barrett was reassigned to Washington because of budget cuts. However, in the episode ""Two-Faced"", it is revealed that Barrett is stationed in Washington to track a serial killer known as the ""Port-to-Port Killer"" (or P2P for short). When one of the killer's victims is found within the MCRT's jurisdiction, Vance puts together a task force to capture the killer, appointing Barrett as lead investigator. Gibbs begins to suspect Barrett and DiNozzo are in a relationship and dividing the loyalties of the team, and is so distrusting of her that he questions her very motivations for being an NCIS agent, opposing her in everything from interrogating a suspect to profiling the killer. In the season eight finale, ""Pyramid"", it is revealed that E.J. is the former Navy Secretary Philip Davenport's niece.
E.J. and her team are ambushed by the P2P at the end of ""Swan Song"". Her team members Gayne Levin and Simon Cade are shot and Levin is killed. E.J. survives, but is left in the trunk of a car. After being rescued by Gibbs, she is taken hostage by the P2P but is again rescued by Gibbs. E.J. then gives up her post at NCIS, but not before removing a little microchip from Levin's arm. Gibbs leaves the door open for her, having finally warmed to her. At the end of season eight, DiNozzo is tasked with dealing with an agent who is selling top-secret information. In the season nine premiere, ""Nature of the Beast"", Tony stops E.J. from running away with the microchip. E.J. then reveals that Levin asked her to bring the microchip to Navy Captain Felix Wright if anything happened to him.
However, the captain was murdered and E.J. and Tony are targeted by an unknown killer. They turn to Gibbs for help and E.J. says that she does not know what is on the microchip. She meets with her team member Simon Cade in an alley. DiNozzo steps in and wants to arrest Cade, and reveals that he was the agent selling top-secret information. However, Cade knows nothing about it and all three realize that they have been used. They then get shot, Cade fatally, E.J. in the stomach and Tony in his shoulder.
Their shooter appears to be Casey Stratton, seemingly an FBI agent, but not known by the FBI itself. E.J. then goes into hiding to escape Stratton's attention, leaving both NCIS and Stratton looking for her. A petty officer she had called for help dies at the hands of an unknown assassin. Gibbs and his team investigate the murder, reuniting them with E.J. in ""Housekeeping"". After they apprehend the assassin who had been tracking E.J. for the past year, she and Tony reconcile, and she returns to her home on vacation.


=== Agah Bayar ===
Agah Bayar (Tamer Hassan) is an international Turkish arms dealer, who first appeared in the season eight episode ""Broken Arrow"". He had a brief appearance in the episode ""Kill Screen"" and returned in the season nine episode ""Need to Know"" and the season 12 episode Lost Boys. Gibbs does not like Bayar, as he seems to avoid trouble with federal agencies too easily.


=== Merton Bell ===

Colonel Merton Bell (Robert Patrick) is a former Army tank unit commander and the President of First Defense PMC, the largest security and bounty hunting firm in the U.S. and the main antagonist of season seven.
He is hired by an Iraqi tribal leader to capture her daughter and granddaughter from Mike Franks's home in Mexico. Bell sends two of his men to accomplish the mission, but they are killed by Franks's daughter-in-law, Leyla Shakarji. Franks and his family run away to Gibbs's home in Washington, D.C., where they can be protected, but Bell finds out they are there and sends a squad to capture them.
With the help of Damon Werth, a former Marine under Bell's employ, Gibbs traps and arrests Bell before turning them over to Mexico for trial. (Bounty hunting is illegal in Mexico.) Bell is released with the help of American lawyer Margaret Allison Hart. He then sends Hart to Washington in a bid to have his revenge against Gibbs.
In ""Patriot Down"", Hart reveals to Vance that since he got out of prison, Bell had been gathering information on Gibbs and is responsible for uncovering evidence that almost twenty years earlier, Gibbs killed Pedro Hernandez, the drug dealer who murdered Gibbs's wife and daughter in 1991.
Bell orders his right-hand man, Jason Paul Dean, to kill Special Agent Lara Macy, who has discovered this evidence but subsequently buried it according to ""Legend, Part 2"". Bell and his men then set out for Mexico to murder Mike Franks and his family, but they are all killed by Dean who is revealed to be working for an unknown party.
Gibbs initially believes Bell's body is actually Franks, but Dean confesses to the murder, leaving the fate of Franks and his family unknown until ""Rule Fifty-One"". In the same episode, it is revealed that Bell was working for the Reynosa drug cartel. Paloma Reynosa, daughter of Pedro Hernandez and head of the cartel, plans to use Bell's vendetta against Gibbs to have her revenge for her father's death. She orders Dean to kill Bell as she no longer needs him.


=== Jeanne Benoit ===

Jeanne Benoit (later Jeanne Woods;   played by Scottie Thompson) first appears in the episode ""Sandblast"" as Tony DiNozzo's new girlfriend. She is an ER resident in Washington, D.C. In the episode ""Angel of Death"", it is revealed that she is the daughter of arms dealer René Benoit and that Director Shepard, during Gibbs' absence at the end of season 3, assigned Tony to an undercover mission to get close to her. After her father is found dead, an FBI team led by Agent Tobias Fornell investigates Gibbs' team and interrogates Tony based on testimony from Jeanne that he killed him. She later admits to Shepard that she lied out of anger at Tony for breaking her heart by lying about his identity and his intentions. She leaves the squad room after telling Tony (who did not lie about his feelings, despite his undercover deceptions) that she wished she had never met him.
In the episode ""Bounce"", she is mentioned as someone who could possibly have a grudge against Tony and be willing to frame him. Jeanne returns in the episode ""Saviors"" when NCIS investigate an attack on volunteer doctors in South Sudan. Two doctors go missing, one of whom is Jeanne's husband. She joins Tony and Tim on their mission, where Tony promises that they will not rest until they locate her husband. On their return flight, Jeanne thanks Tony and tells him that she owes him. He responds ""No, you don't... we're good."",  leaving the pair to part amicably after eight years.
Months later, in ""Loose Cannons"", Tony encounters Jeanne and her husband while investigating a case; she worries about it being connected with her father, which Tony assures her it is not. However, when NCIS finds out that the case is connected with her father, Jeanne accuses Tony of lying to her. He tries to apologize, as he did not know, but she says she was beginning to feel whole again until encountering him.
Later, after the case is closed, Tony returns to Jeanne's office to find her alone after a fight with her husband regarding her unresolved feelings for Tony. Tony fully apologizes to her and sits down with her, admitting he is not feeling whole either. They then have an amicable conversation about both of them wanting to go back in time to fix their relationship, in the hope of a happier ending. However, as they part, they both stand up and have a tense moment where they nearly kiss, but both agree it should not go any further.


=== René Benoit ===
René Benoit, alias La Grenouille (""The Frog"") (Armand Assante) is a French arms dealer and the primary antagonist of seasons 4 and 5. He is always referred to by his sobriquet, an ethnic slur for the French. He is introduced in the episode ""Singled Out"", first appearing in ""Blowback"". Director Shepard has been obsessed with bringing him to justice for over ten years because she believes he killed her father and made it look like a suicide. Although he has connections to Iran, the CIA appears to tolerate him as a method of funneling disinformation to Iran as well as maintaining him as a prominent arms dealer so as to keep a degree of control over the arms trade.
According to a psychological profile by Dr. Mallard, even though La Grenouille is a ""merchant of death"", he is not a violent man by nature, a viewpoint Gibbs later embraces, as he too learns the fact that the arms dealer isn't really dangerous anyway. Director Shepard's investigation of La Grenouille almost ruins a CIA sting operation to get a faulty weapon system into Iranian hands. Subsequently, the CIA do their best to protect their asset.
In ""Bury Your Dead"", Benoit asks Director Shepard for protection, claiming someone is trying to kill him and take over his arms business, added to the fact that he no longer trusts the CIA. Shepard tells him ""protect yourself"" in true devotion to her father and hands him her gun, although it is later shown that he doesn't take it, as Gibbs is there in the same room to see what really happened that night. At the end of the episode, he is seen floating in the Washington Channel with a single gunshot to his head (from Director Shepard's gun).
In the episode ""Angel of Death"", it is revealed that La Grenouille is the father of Jeanne Benoit, the woman that DiNozzo seduces in the course of Director Shepard's undercover investigation, which Shepard later reveals in an apology to the young woman for ""crossing the line"" in ""Internal Affairs"". It is implied that both Trent Kort and NCIS Director Jenny Shepard kill him in the episode ""Internal Affairs"", and in ""Judgment Day"" (Part 1) Gibbs, reviewing the FBI file, finds evidence that further implicates her while looking at a familiarly marked bullet.


=== Abigail Borin ===

Supervisory Special Agent Abigail ""Abby"" Borin (Diane Neal) is a Coast Guard Investigative Service (CGIS) Special Agent. Originally from a small town in Ohio and an only child, Borin served a tour of duty in Iraq as a sergeant before presumably retiring from the Marines and joining CGIS where she later rose through the ranks, eventually getting the opportunity to lead her own team.
Her most recent appearance was in the season twelve episode, ""The San Dominick"". She is similar to Gibbs; both are coffee drinkers, liking it the same way, and workaholics with a strong sense of duty to their jobs. In ""Safe Harbor"", Tony attempts to matchmake the two of them, to no avail, although Borin continues to humor him by returning his wisecracks.
The character is also a recurring special guest on the spin-off NCIS: New Orleans, first appearing when she and Special Agent Dwayne Pride's team conduct a joint investigation. It is revealed that she took Advanced Placement Spanish at Chaminade-Julienne High School in Dayton, Ohio, and is fluent in the language. She previously worked with Pride on a joint undercover operation.


=== Stan Burley ===
Stan Burley (Joel Gretsch) is an NCIS agent who first appears in the first-season episode ""High Seas"". Prior to the series' start, he was Gibbs' partner and subordinate, but eventually was transferred out as an Agent Afloat, when he was replaced by DiNozzo. He looks up to Gibbs, and enlists his and his teams' help in tracking down a drug dealer on board the USS Enterprise. Burley knew (or at least knew of) Mike Franks, and calls Gibbs following his death to express his condolences.
Over eight years after his first appearance, Burley returns in the season nine episode ""Playing with Fire"", where he leads DiNozzo and David in tracking down and thwarting a terrorist who tries to destroy the carrier USS Benjamin Franklin in Naples, Italy, under the orders of businessman Harper Dearing. Burley is injured by the terrorist in the process. He returns with DiNozzo and David to the Navy Yard, and is part of the crowd which sees Gibbs place Dearing's photo on the wall of NCIS Most Wanted.


=== Maureen Cabot ===
Maureen Cabot (Kelli Williams) is an NCIS Special Agent assigned to the Family & Sexual Violence Program. Nicknamed ""Mo"", she assisted Gibbs in the episodes ""Alleged"" and ""Viral"".


=== Simon Cade ===
Special Agent Simon Cade (Matthew Willig) was an NCIS special agent on E. J. Barrett's team who appears in three episodes in season eight and the season nine premiere. Prior to being a NCIS agent, Cade attended Yale, where he played football. In the episode ""Swan Song"", he is wounded in a shootout with Jonas Cobb, but recovers. Following his recovery, he drops off the grid and is suspected of being a mole. Cade was shot and killed by Jonathan Cole in the season nine premiere ""Nature of the Beast"".


=== Paula Cassidy ===
Supervisory Special Agent Paula Cassidy (Jessica Steen) is a criminal profiler for NCIS, who first appears in the episode ""Minimum Security"". An expert on Middle Eastern terrorists, she works as an interrogator at Guantanamo Bay. During ""Minimum Security"", she is viewed with suspicion by Gibbs as the deceased victim in the episode had letters containing her name.
She develops a romantic relationship with DiNozzo and the two seemingly stay in contact, but she breaks it off at the end of ""Heart Break"" after hearing nothing from him (or possibly due to her anger at Gibbs giving her grief). Following the aftermath of Kate Todd's death, Cassidy temporarily joins Gibbs' team during ""Mind Games"" and helps in the case of a serial killer as well as tracking down a copycat who is carrying out similar killings.
After becoming a team leader and being assigned to the Pentagon, Cassidy's team is killed while investigating a suspected terrorist, and she later joins the team to find out who arranged the phone call and the trap that sent her team to their deaths. She also has a hostile relationship with Ziva David, pronouncing Ziva's surname wrong to antagonize her, a trait that Abby repeats upon meeting Ziva for the first time. It is later revealed that Ziva has been allowing herself to be the target of Cassidy's anger in order to help her through the ordeal of losing her team. As a result of the bombing, Cassidy is left with psychological scars and begins developing survivor's guilt, believing herself to be the one responsible for unknowingly sending her team into the trap. She later sacrifices herself to stop a suicide bomber in the episode ""Grace Period"", thus saving Gibbs, DiNozzo, Ziva, and three Muslim clerics, who were signing fatwās to promote peace in the Middle East. Her death leaves Tony grief-stricken and finally gives him the courage he needs to tell Jeanne that he loves her. Her portrait is later seen in a bar wall honoring officers who have been killed in the line of duty.


=== Rebecca Chase ===
Rebecca Chase (Jeri Ryan) is the second ex-wife of Leroy Jethro Gibbs. She first appears in ""Check"". She appears alongside Gibbs' first ex-wife Diane Sterling coincidentally at a crime scene he is investigating; she and Diane explain that they met at a support group. After a day of trying to avoid her, Rebecca then arrives at Gibbs' house, apologizing for cheating on him during their marriage.
Gibbs later interrogates her and her fiancé, who is revealed to be the man she cheated on Gibbs with; and later when it is revealed that her cell phone has been bugged, Gibbs discovers that Sergei Mishnev has been stalking her and has her and her fiancé put into the witness protection programme. In the episode ""Off The Grid"", after Gibbs goes undercover, McGee and Torres discover that he and Rebecca had a phone conversation the night before. Torres calls Rebecca to find out if she knows any information about Gibbs' undercover operations; though she denies knowing anything and reveals that the two were only making plans for dinner; whether this is supposed to be romantic or not is left unknown.


=== Carrie Clark ===
Carrie Clark (Salli Richardson-Whitfield) is a lawyer and a former Special Agent with the FBI. She worked on FBI Special Agent Tobias Fornell's team, now a criminal attorney. She appears in season 11 episode 8 ""Alibi"", season 12 episode 8 ""Semper Fortis"" and season 13 episode 9 ""A Day in Court"". She has worked with Gibbs and his team on a case, while working for the FBI (off screen).
She first appears in episode Alibi, after Marine Staff Sergeant Justin Dunne, is arrested, Dunne requests an attorney, and hires former FBI agent Carrie Clark, who also happens to be an old acquaintance of the team. Dunne tells Carrie that he has an alibi, in that he was involved in a murder outside of the base at the time of the hit and run, and that somebody else must have stolen his truck. Due to attorney-client privilege, Carrie cannot tell Gibbs and the team anything about Dunne's crime other than he has a solid alibi. However, she manages to leave small, subtle clues for the team to follow.


=== Jonas Cobb ===
Lieutenant Jonas Cobb (Kerr Smith) is the real name of the ""Port-to-Port Killer"", or 'P2P' for short, the primary antagonist of season eight. Originally recruited into a CIA assassination team code-named Frankenstein, Cobb cracked under intense and inhumane training before escaping.
He re-surfaced in Rota, Spain, where he began his pattern of killing Navy personnel when they made landfall. He has also killed victims in Guam, Japan, Norfolk, Washington, D.C., and was in the process of killing another victim in Hawaii before being interrupted by CIA operative Trent Kort.
A ruthless serial killer, he is responsible for the deaths of Mike Franks and NCIS Agent Gaven Levin, and takes NCIS agent E.J. Barrett hostage. One body in the episode ""Baltimore"" resembles P2P's work, but is later found by Dr. Mallard to be a copycat because of the way the knot is tied. The killer is revealed to be Agent DiNozzo's former superior at Baltimore PD, and the victim is DiNozzo's former partner there, with whom he reconciled. The real P2P, though not known to be Cobb at the time, makes the deception final through a fake Abby Scuito email.
Cobb's modus operandi involves luring his victims into a trap before slashing their throats from behind. He then scrubs the body down with a hospital-grade cleanser before wrapping the bodies in plastic and dumping them in isolated areas. He has been known to dress seamen in the uniforms of officers, and often leaves personal effects of his victims behind frozen in ice that foreshadow his next kill, though his m.o. changes forever in ""Swan Song"".
Psychological profiling of Cobb depicts him as methodical, intelligent, and opposed to authority, but not easily distracted by law enforcement. The threat posed by Cobb is deemed so great by Director Vance, that he deliberately changes NCIS policy to antagonize Gibbs in the hopes of setting Gibbs up as a figure Cobb will identify with, in an attempt to lure Cobb into a trap. Cobb, after abducting Ziva David, gives himself up to NCIS in order to start the next phase of his plan. While Gibbs interrogates him with Agent Barrett watching, he tells a story about the son of a Marine who was told that he had to have his horse put to sleep, which turns out to be a deadly seed planted into Cobb as a child, since the story was about him anyway.
Cobb is killed in the season eight finale, ""Pyramid"", where it is revealed that everything he had done since his first kill in Rota has been a part of a larger plan to get revenge on those he holds responsible for Operation Frankenstein—Leon Vance, Trent Kort and the Secretary of the Navy. He is aware that what he does is evil, but maintains that his actions have been for the greater good. He is shot and killed by Gibbs and Vance when he refuses to surrender.


=== Jonathan Cole ===
Jonathan Cole (Scott Wolf), alias FBI Agent Casey Stratton, is one of the primary antagonists of season nine. He was formerly a member of ""Phantom Eight"", a clandestine team of operatives assigned to the Watcher Fleet tasked with protecting the United States Navy. Cole goes rogue some time after the Phantom Eight are disbanded and begins working with Sean Latham, the corrupt Director of Special Operations for the Office of Naval Intelligence and a former member of Phantom Eight himself. Cole and Latham conspire to sell a series of microchips belonging to Phantom Eight members, which give their owners unrivalled access to the Navy mainframe. Cole makes his first appearance in ""Nature of the Beast"", where he adopts the alias of Casey Stratton, an FBI Agent assigned to investigate a shooting involving Tony DiNozzo. DiNozzo, having forgotten the events that led up to the trauma of the shooting, attempts to reconstruct his memories, recounting his investigation of NCIS Agents Simon Cade and E.J. Barrett. His investigation centers on a microchip Barrett extracted from the body of Gayne Levin, who also served in Phantom Eight, but wound up the last murder victim of Lt. Jonas Cobb, the Port-to-Port Killer. Cole manipulates DiNozzo, Barrett, and Cade into first distrusting one another and then meeting, where he attempts to kill all three before fleeing with the microchip. Cole kills Cade, wounds DiNozzo, and misses Barrett, who flees. He later approaches DiNozzo in the hospital under the Casey Stratton alias, but is unable to kill him as DiNozzo is under guard. Cole reappears in ""Housekeeping"", where he attempts to kill E.J. Barrett, who has since resurfaced. After the first failed attempt, Latham advises Cole to abandon his mission, but Cole refuses, claiming that he has to see it through, and he murders Latham. Now aware of his role in Phantom Eight and his actual name, NCIS trick Cole into attacking a safehouse under the pretense that Barrett and DiNozzo are hiding there. The safehouse is empty, and Cole is apprehended. His final appearance comes in ""Till Death Do Us Part"" when Gibbs feels he would be an ideal operative to get close to the terrorist Harper Dearing. Cole agrees in exchange for a (slightly) reduced sentence, but Dearing is already aware of his role and rejects his offer of help. Cole is killed when attempting to defuse a bomb left by Dearing outside NCIS headquarters. Although Cole never offers a reason for his crimes, and the circumstances that led to his becoming a traitor are never detailed, he does admit that he thought he had good reasons for doing what he did; he was soon proven wrong.


=== Grace Confalone ===
Dr. Grace Confalone (Laura San Giacomo) is the therapist of both Gibbs and Dr. Cyril Taft. First appearing in ""Loose Cannons"", Grace builds a professional relationship and personal friendship with Gibbs, nicknaming him ""Popeye"", and often resorting to child psychology (including picture charts) to tap into his psyche. In ""Family First"", Grace befriends Tobias Fornell's daughter Emily at the request of Gibbs while Fornell is in a coma after having been shot. Grace returns in ""Privileged Information"", as Gibbs investigates a patient of hers, a Marine Sergeant, after she ends up in a coma, and tells Gibbs he should treat it as a murder investigation, but cannot divulge further due to doctor-patient confidentiality. When the patient dies, Grace tells Gibbs that the patient was involved in covering up a murder, but that she didn't tell her any details. In ""Twofer"", following Gibbs' and McGee's return to the US after a failed mission in Paraguay, Grace is appointed to conduct psychiatric evaluations on them to determine whether they are fit to return to NCIS. Gibbs surprisingly is able to open up to her about his troubles more than she's already known, but McGee skips his appointment with her, frustrating her. Gibbs is able to convince McGee to go to his appointment with Grace, and meets with McGee outside her office after the session, having himself become a more regular patient of Grace. In ""Two Steps Back"", Grace is seen playing a poker game at Gibbs' house with Gibbs, Vance, Fornell and new NCIS agent Jack Sloane, whom she meets for the first time.


=== Jerome Craig ===
Jerome Craig (Greg Germann) is the deputy director of the Naval Criminal Investigative Service. Craig is promoted to acting director following the drive-by shooting of Jackie Vance. It is in this capacity that he helps investigate Ajay Khan (""Canary""), though he later steps down from his position in ""Hereafter"". Craig is a bureaucrat, with little-to-no field experience.


=== Rachel Cranston ===
Dr. Rachel Cranston (née Todd) (Wendy Makkena) is a psychologist and the older sister of Caitlin Todd. She has made four appearances to date, the first being in the season eight episode ""A Man Walks Into a Bar..."", Tony gives her the nickname ""Dr. Kate's Sister"". In the season nine premiere ""Nature of the Beast"", she helps the team piece together the events of Tony's undercover assignment. Her most recent appearance is in the season eleven ""Double Back"", when she psychologically evaluates McGee after a bombing leaves his girlfriend Delilah paralyzed.


=== Phillip Davenport ===
The former United States Secretary of the Navy, Phillip Davenport (Jude Ciccolella) presumably took over from Edward Sheffield (Dean Stockwell), who was last seen in the position during the final season of JAG and the second season of NCIS. He was in office from at least 2008 (during which he made his first appearance) until he resigned in 2011 during the events of ""Pyramid"".


=== Eli David ===
Eli David (played by Michael Nouri, and by Ben Morrison as a younger David in flashbacks) has a recurring role, starting in ""Last Man Standing"", as the head of Mossad. Earlier in the series, it is also mentioned that he is Ziva David's father, as well as that of her half-brother, Ari Haswari, a sort of mercenary/terrorist whom she prevents from shooting Agent Gibbs.  David also had a younger daughter, Tali, Ziva's full sister, who is also deceased. Though appearing to be ""all business"" and uncaring about his children, Eli's reasons for this come from the need to preserve the existence of Israel, a country surrounded by enemy nations. He and Director Vance have shared a history since a time in Amsterdam when Eli saved his life from the attempts of a Russian hit squad.
Towards the end of season six, Eli sends Michael Rivkin to Washington in what Vance describes as a not-so-subtle message that he does not think NCIS are doing their jobs. During ""Semper Fidelis"", Eli is suspected of using Michael Rivkin to spy on the Americans and using the intelligence to locate a terrorist handler and find a training camp located in Somalia. Vance claims that Eli ordered Ziva to kill Ari and gain Gibbs' trust. In ""Aliyah"", when Ziva, Gibbs, Vance, and Tony travel to Israel, David accuses Tony of killing Michael Rivkin out of jealousy; Tony, in turn, accuses him of sending every corrupt Mossad officer to Washington for NCIS to handle. Later, David demands that Ziva return full-time to Mossad and complete Rivkin's assignment. Ziva thus travels covertly into a Somali terrorist camp to eliminate Saleem Ulman, its leader. After one member of the team is killed and the other two are wounded, their instructions stand, and this leads directly to Ziva's captivity and torture at Saleem's hands. Afterward, during the episode ""Good Cop, Bad Cop"", Eli sends Mossad operative Malachi Ben-Gidon to Washington to discredit Ziva and her account of events that led to her capture prior to ""Truth or Consequences"", which prompts her to believe that her father is corrupt: an opinion disproven during the events of ""Enemies Foreign""/""Enemies Domestic"" (season eight), wherein Ziva manages to reconcile with her father after understanding his reasoning, and concluding that she wants to live her life on her own terms instead of her father's. In the 11th episode of Season 10, ""Shabbat Shalom"", Director David comes to the U.S. without any type of protection in hopes of making peace not only with Ziva, but also with Iran via their Intelligence Bureau's Head, David's childhood friend Arash Kazmi (Nasser Faris). Unfortunately, both he and Jackie, Director Vance's wife, are shot and killed in the Vance home during dinner in a drive-by shooting orchestrated by hawkish anti-peace Mossad personnel headed by Deputy Director Ilan Tohar Bodnar (Oded Fehr). The last we see of Director David is Ziva holding his body while sobbing and praying in her native Hebrew. As it turns out, Kazmi was also assassinated that night, an action blamed on the fugitive Bodner, but really undertaken by the CIA in an effort to ""stir the (political) pot"" in Middle East affairs involving Israel and Iran (see season 10, episode 24, ""Damned If You Do)"".


=== Harper Dearing ===

Harper Dearing (Richard Schiff) is the primary antagonist during the last episodes of the ninth season. Initially described as ""an eccentric businessman whose son was killed in a terrorist bombing"", he appears as a domestic terrorist, out for revenge against the Navy due to the death of his son, Evan, which is revealed in ""Up in Smoke"". Dr. Samatha Ryan describes Dearing as ""a sociopathic, paranoid narcissist"". After a series of attacks on Navy ships where his hired arsonist Andre Fullerton was apprehended in ""Playing with Fire"", Dearing now knows that NCIS is onto him after Fullerton was forced to divulge the identity of the man who hired him. With NCIS onto him, Dearing plants a bomb at the NCIS Headquarters in the season finale, ""Till Death Do Us Part"". The resulting cliffhanger leaves most of the main characters' fates unclear. These events spur Gibbs to seek personal revenge against Dearing, culminating in a confrontation in which Gibbs fatally stabs Dearing in self-defense.


=== Anthony DiNozzo, Sr. ===

Anthony DiNozzo Sr. (Robert Wagner) is the father of Tony DiNozzo.  They typically refer to each other as ""Junior"" and ""Senior"". They are estranged in the early seasons of the show, but Tony makes it clear that his father has money. When Senior first appears in the season 7 episode Flesh and Blood, Tony realizes that, although still living large, Senior is using his considerable charm to schmooze rich friends into paying his expenses, and is actually broke.  Tony concludes that his father has just been a con man all those years.  When Senior finally hears about this in the season 12 episode The Artful Dodger, he denies the accusation: he says he is an entrepreneur, the difference being that he has always believed in the dreams he was selling. Over time, the two attempt to rebuild their relationship.


=== Ned Dorneget ===
Special Agent Ned Dorneget (Matt L. Jones) is a probationary agent first introduced in the Season 9 episode ""Sins of the Father"". Usually known as ""Dorney"" to the rest of the team, he is often assigned to the evidence locker against his wishes and desires to become a full field agent. In ""Need to Know"", Gibbs decides that he is ready and hands him his first field assignment. Like McGee during his days as a probie, Dorneget is often the butt of Tony's hazing pranks in Season 10, most notably in the episode ""Prime Suspect"". The character does not return for Season 11 but is briefly mentioned in the Season 12 episode ""The San Dominick"", when he calls McGee for updates regarding Gibbs and the hostage situation. Later in Season 12, Dorneget returns in the episode ""Troll"", where it is revealed that he has become a full-fledged NCIS Special Agent and that he also works for NCIS Cyber Operations. In the next episode, ""The Lost Boys"", Dorneget is killed in Cairo in a terrorist bomb attack after saving dozens of people at a hotel. His mother, CIA officer Joanna Teague (Mimi Rogers), works with NCIS to find the terrorist group responsible for his death.


=== Chad Dunham ===
Special Agent Chad Dunham (Todd Lowe) first appears in the episode ""Truth or Consequences"". Chad Dunham is a recurring NCIS Special Agent who was stationed in the Horn of Africa when Ziva was being held captive by a group of terrorists in the beginning of season seven. He returned in episode four, ""Good Cop, Bad Cop"". His third appearance (and the last to date) is in season seven, episode seven, ""Endgame"", although this time it was in person in DC, when Ziva notices that he ""cleans up nice"".


=== Orli Elbaz ===
Orli Elbaz (Marina Sirtis) is the Director of Mossad, protégée of Eli David, and a close friend to Ziva. In the distant past, prior to her appointment to Mossad, Orli had an affair with Eli David that led to the dissolution of his marriage to Rivka David. In the aftermath of Eli's murder, with Ilan Bodnar going on the run until killed in a fight with Special Agent Ziva David, Orli becomes the new director of Mossad. Though she and Ziva are initially resentful of one another, they reconcile in the season following Ziva's departure from NCIS — and Elbaz is one of the only people she confides in about the paternity of Tali. Orli is last seen transporting the child to NCIS, and relinquishing custody to DiNozzo.


=== Adam Eshel ===
Adam Eshel (Damon Dayoub) works for the Shin Bet, Israeli Secret Service, and is also Ziva David's contact. During Eshel's first appearance, he assists in the investigation into Ilan Bodnar, working with Tony and Ziva. In ""Whiskey Tango Foxtrot"", Eshel lends his expertise in order to give DiNozzo an insight into Ziva's personal life and current whereabouts. He is mentioned in ""Family First"", with DiNozzo stating he has asked Eshel about Ziva's current location, but that Adam says he has not had contact with her in over a year. In Season 17, it is revealed that, after Ziva has escaped the mortar attack, she brought Tali to Adam who then brings the child to Orli. Eshel returns in the NCIS Season 17 episode, ""The North Pole"" where he was captured by henchmen working for terrorist Sahar who has been hunting Ziva and tortured Adam. Despite Gibbs and Ziva's efforts, they arrive too late to save Eshel who ultimately succumbs to his injuries and dies although Eshel tells them that the real Sahar they've been looking for is someone they know before dying, leading the two to realize that the real Sahar is Gibbs's neighbor, Sarah.


=== Delilah Fielding ===
Delilah Fielding McGee (Margo Harshman) is a Department of Defense analyst and McGee's girlfriend and later his wife. An agent with the Department of Defense, Delilah is first mentioned during the Season 10 finale ""Damned If You Do"" as a woman McGee has been flirting with who sends him some confidential information relating to a case. She first appears in the Season 11 premiere episode, ""Whiskey Tango Foxtrot"", during a coffee date with McGee and later becomes an ally, assisting the NCIS team in their hunt for terrorist Benham Parsa. In the Season 11 episodes ""Kill Chain"" and ""Double Back"", Delilah is left badly injured in a missile attack at a black-tie event she and McGee are attending. While McGee is not seriously injured, Delilah is left permanently paralyzed due to shrapnel embedded in her spine, and she thereafter uses a wheelchair. She soon recovers from the incident and continues to assist the NCIS team. In the episode ""Page Not Found"", McGee confides in Tony that he is planning to ask Delilah to move in with him; Delilah later reveals to Tony that she wants to take a job opening for a senior intelligence analyst, which would require her to move to Dubai for a year. Tony then separately tells the two about their other half's plans; McGee allows her to take the job, and they agree to continue their relationship long-distance. McGee also gives her a copy of his house key, which she accepts, reiterating her intent to move in with him after her assignment is over.
After spending almost a year in Dubai, Delilah returns in the episode ""Status Update"". When she returns as team leader now based in the US, she and McGee move in together. McGee later buys an engagement ring, with the intent of proposing to Delilah. When McGee spontaneously proposes to Delilah in the elevator in the episode ""Love Boat"", she accepts. During ""Something Blue"", McGee and Delilah have been planning their wedding when Delilah collapses. While she recovers in the hospital, she and McGee find out that she is pregnant. They change their minds about wedding planning and marry in a private ceremony in their apartment surrounded by the NCIS team. In the episode ""Ready or Not"", Delilah goes into labor and Abby takes her to the hospital. A hostage situation occurs in the hospital and McGee is caught up in it while Delilah gives birth to twins, John (a boy), named after McGee's father Admiral John McGee, and Morgan (a girl), named after ER guard (and former law enforcement officer) Morgan Cade, who was fatally shot trying to help McGee arrest an arms dealer. McGee is unharmed and eventually is able to be with Delilah when she gives birth.


=== Jenna Flemming ===
Jenna Flemming (Mary Stuart Masterson) is a Congresswoman in the United States House of Representatives, representing Maryland's 9th district. Her political career started when she was elected to the School Board; she has been a member of the House since 2001. Since ""A Many Splendored Thing"", Congresswoman Flemming is the ranking member of the House Counterterrorism Subcommittee. She was a descendant of Attila the Hun.
Congresswoman Flemming starts a romantic relationship with Director Vance after his team investigates death threats against her and the death of her aide. She is interested in grooming Vance for a political career, and even offered to help Gibbs become the new Director of NCIS should Vance leave. When Flemming and Vance come to blows over their different views of politics, the two agree that they are not good at not letting these differences interfere with their relationship and decide to take a break from it to figure things out.


=== Stephanie Flynn ===
Stephanie Bronwyn Flynn (Kathleen York) is Gibbs' third ex-wife. She first appears in ""Ex-File"".


=== Emily Fornell ===
Emily Fornell (Juliette Angelo) was the daughter of Agent Tobias Fornell and Diane Sterling. Emily first appears during season four, played by Payton Spencer. During season eleven, ""Devil's Triad"", Emily is kidnapped and subsequently rescued by NSA Analyst Eleanor Bishop, while in season twelve she is visibly distraught following her mother's death. In ""Cabin Fever"", she enlists Gibbs' assistance when Tobias is arrested for DUI. She later appears in person in the episode ""Dead Letter"", where she quickly learns about her father being critically wounded by an unknown assassin. Out of anger and grief (especially as it happens just a year after her mother has been murdered), she demands that Gibbs swear to her to find the one who did this and make him pay. She later calls Gibbs requesting his help, as the nurse at the hospital refuses to resuscitate Fornell due to a ""do not resuscitate"" clause he had written when he was still grieving for her mom's death. While waiting for him to wake up, she attempts to paint his toenails to look like watermelons, but then she notices he is waking up and tries to talk to him. He is only awake for a few moments, but he tells her to tell Gibbs some vital information relating to SISCO regarding stolen cell-phones. This information allows them to track down Jacob Scott (whom they had believed was the man who murdered Terdei and left Fornell under critical condition at the time) who, much to everyone's surprise, has surrendered to NCIS custody at the Navy Yard. In ""Family First"", she is still waiting for her dad's recovery. During this time, she also runs out of nail-polish, thus leaving her pedicure on her dad incomplete. In addition, Gibbs, under the pretense of helping to catch the man who tried to kill Tobias (although it is heavily implied that it is actually to help Emily come to terms with what might happen), brings his shrink, Dr. Grace Confalone, who also proceeds to help her with the project. She affectionately calls Gibbs ""Uncle Gibbs"". She dies of a drug overdose in the Season 18 episode ""Winter Chill"".


=== Tobias Fornell ===
Senior FBI Special Agent Tobias C. Fornell (Joe Spano), later a private investigator, first appears in the series premiere episode ""Yankee White"". He is often involved in ""inter-agency turf wars"" with Gibbs' NCIS team. The two frequently pretend to be furiously angry at each other in front of their agents, while privately they are on friendly terms. When their teams have to share jurisdiction on a case, Gibbs usually asks for operational control; in exchange, credit for successes is claimed by Fornell's team. Their friendship is close enough for Gibbs to delay his retirement in the episode ""Escaped"" to assist Fornell in recapturing a fugitive. In the episode ""The Bone Yard"", Fornell comes to Gibbs for help when he is accused of being a mole for the mafia. In the same episode, he reveals that Gibbs is likely his only friend. Gibbs seems to feel similarly about Fornell, going so far as to fake Fornell's death to further the investigation to clear him of guilt. It is revealed in the episode ""Twilight"", that Fornell was married to Gibbs' second wife (Diane) after she and Gibbs divorced, something that Gibbs warned him against. Fornell often refers to Diane as ""our ex-wife"" to Gibbs.  Fornell and Diane have a daughter, Emily. After a period of estrangement, the two reunite and agree to marry. Diane is later murdered, and Fornell turns to alcoholism for a short time.
After being shot by an unknown assailant (later revealed to be Trent Kort) in ""Homefront"", Fornell spends the next few months convalescing on Gibbs' couch, before finally returning to his own place around Christmas.
In season 15, Gibbs discovers that Fornell had falsified evidence to get Gabriel Hicks convicted as a serial killer and is forced to testify against him. Fornell is fired from the FBI and becomes a private investigator; this causes a temporary break in their friendship. They make up when Hicks is eventually found to indeed be guilty and is arrested, exonerating Fornell. Despite being offered back a position in the FBI, Fornell chooses to stay in his new career.
Fornell is the only recurring character to appear in every season, except season 17 due to COVID-19 shutting down production early and season 22, of NCIS. Following David McCallum's death in September 2023, Fornell is currently the only remaining character still appearing on the show that appeared in the series premiere, ""Yankee White"".


=== Michael ""Mike"" Franks ===
Special Agent-in-Charge Michael Aaron Franks, NIS/NCIS (Ret.) (Muse Watson) is introduced in episode flashbacks in the episode ""Hiatus"" (Part 1). He is Gibbs' former boss, mentor and partner, still referring to Gibbs as ""Probie"", just as DiNozzo does with McGee. In ""Hiatus"" (Part 2), it is stated that he retired to Mexico in 1996, roughly five years after Gibbs joined NIS/NCIS, after becoming outraged with the government's failure to prevent the Khobar Towers bombing. He comes across as callous and uncaring, keeping his feelings and his personal life tightly under wraps, even hiding the fact that he had a grown son until he needed Gibbs' help to protect his granddaughter and the girl's mother, Leyla, after his son is killed. Gibbs has picked up many of his traits, including the trademark head slap he gives to DiNozzo, and his ability to find a way around red tape. NCIS Director Jenny Shepard brings him back in hopes of helping Gibbs regain his memory after suffering a concussion in part 2 of ""Hiatus"". Franks is the only survivor of the gun battle that ends Director Shepard's life, and is the last living person to know about her incurable illness during her lifetime, as Gibbs only has suspicions at the time of ""Judgment Day"" (Part 1). In his visit to Gibbs' bedside in season three, it is revealed in flashbacks that he warned members of the intelligence community about the threat that Osama bin Laden posed to American servicemen abroad some time before the Khobar Towers bombing. After the deaths of a number of Air Force personnel in the bombing, Franks retired to Mexico and handed control of the MCRT to Gibbs.
In season seven, Franks is seemingly ambushed by Colonel Merton Bell's henchmen and hitmen from the Reynosa drug cartel. His fate is left ambiguous and whether he is killed or captured in the attack is unknown until he reappears to assist DiNozzo in investigating Alejandro. As a result of the gunfight between Bell and the Reynosa Cartel's men, Franks loses his right index finger. In the beginning of season eight, in the episode ""Spider and the Fly"", he appears after four months, showing up at Gibbs' house to help him, the team, Vance, and Jackson Gibbs destroy Paloma and Alejandro once and for all. Franks is killed by Jonas Cobb, the ""Port-to-Port Killer"", outside of Gibbs' house in the season-eight episode ""Swan Song"" as he attempts to apprehend Cobb. Franks, a Marine veteran like Gibbs, is given a full military burial at the end of the season-eight finale. It was also revealed in this episode that Franks was dying of cancer and Gibbs was making him a coffin. In the episode ""Newborn King"", Leyla and her daughter are revealed to have moved to Washington, D.C., following Franks' death. In ""Outlaws and In-Laws"", Gibbs is stated to be godfather to Leyla's daughter Amira. In ""Anonymous Was a Woman"" Franks is shown (in flashback) as having conducted a rescue program for Afghan women. Mike continues to appear, or to be heard, as a figment of Gibbs' imagination, throughout the succeeding several seasons.
Franks is a main character in the prequel series NCIS: Origins, and is portrayed by Kyle Schmid.


=== Jackson Gibbs ===
Jackson Gibbs (Ralph Waite) is the father of Leroy Jethro Gibbs. After his son left to join the Marines, Jackson Gibbs continued to live in the town of Stillwater, Pennsylvania. He was widowed some years before the events in the season six episode ""Heartland"". In ""Heartland"", it is revealed that Jackson and his son are estranged, but in later appearances, they reconcile and become close. Gibbs also starts to call his father ""Dad"" instead of ""Jack"". It is eventually revealed that Gibbs' resentment for his father came from the difficult relationship between his parents. Gibbs' mother, Ann, was a hard woman to live with and they mutually had affairs despite their strong feelings for one another. Gibbs blamed his father's affairs for his mother leaving. The only thing that kept Gibbs and his father in contact after that was Gibbs' wife, Shannon and his granddaughter Kelly.
During the episode ""Frame Up"", Gibbs mentions that his father painted pin-up girl Betty Grable on the nose of his P-51 Mustang. Jackson served as a pilot in the United States Army Air Forces during World War II. Disoriented once while returning from a mission, Jackson was saved by an enemy German pilot. The pilots' reunion is the subject of the eleventh season's episode Better Angels. In the season seven finale, ""Rule Fifty-One"", Paloma Reynosa of the Reynosa cartel enters Gibbs' store and turns the sign on the door from open to closed. This is following Reynosa's warning to Gibbs that if he does not do exactly as she says she will kill everyone he ever met and is all part of Paloma's plan to get revenge on Gibbs who killed her father twenty years previously. However, in the season eight opening, ""Spider and the Fly"", it is revealed that Gibbs managed to warn his father about the approaching danger just in time and Jackson is able to fight back against Paloma's men and escape before they could manage to kill him. The two went into hiding until Paloma was killed.
In ""The Namesake"", it is revealed that Jackson named his son after LJ — Leroy Jethro Moore (Billy Dee Williams). According to Jethro, it was LJ who inspired him to join the Marine Corps as a teenager. LJ revealed to Gibbs that he, Jackson and the latter's wife Ann were friends growing up and both men fell in love with Ann. Due to segregation, Jackson married Ann as LJ was African-American and an inter-racial marriage was a social taboo during that time. The strained relationship between Gibbs and Jackson starts to mend after they bond during the case and they get an insight into what the other is feeling. Gibbs finally starts to forgive his father when he learns that he has finished restoring the car that had been Gibbs' only dream during his teenage years. Jackson later tells Gibbs to take the car and they promise to keep in touch. In the season 11 finale, ""Honor Thy Father"" (which aired exactly three months after Waite's death in February 2014), Vance tells Gibbs that Jackson suffered a fatal stroke. Jackson is buried with full military honors, with the USAF honor guards presenting Gibbs with Old Glory from Jackson's casket and performing Taps. LJ and Gibbs' team are present at the funeral.
Jackson also appears in the prequel series NCIS: Origins, played by Robert Taylor.


=== Kelly Gibbs ===
Kelly Gibbs is the daughter of Leroy Jethro Gibbs and his first wife, Shannon. Both Shannon and Kelly were killed in a car wreck caused by Mexican drug dealer Pedro Hernandez in Oceanside, California, while Gibbs was deployed during Desert Storm. She first appears in a brief flashback, identified in the credits only as ""Gibbs' daughter"", in ""Honor Code"".


=== Shannon Gibbs ===
Shannon Gibbs (née Fielding) (Darby Stanchfield) is the late wife of Leroy Jethro Gibbs and the mother of his daughter, Kelly.  Both Shannon and Kelly were killed in a car wreck caused by Mexican drug dealer Pedro Hernandez in Oceanside, California, while Gibbs was deployed during Desert Storm. She first appears in ""Hiatus"" (Part 1).


=== Jordan Hampton ===
Dr. Jordan Hampton (Torri Higginson) first appears in the episode ""Identity Crisis"". When a ""John Doe"" is donated to science and Ducky finds mercury in his brain, he is outraged that the medical examiner who performed the autopsy did not think to check his brain before donating him. As he and Gibbs go to confront ""him"" (Ducky mistakenly assumed that Dr. Hampton was male), he asks Gibbs to think no less of him for giving the M.E. a piece of his mind. After finding out that Dr. Hampton was not male, Ducky was visibly placated. Jordan came back to Ducky's autopsy room to help him find anything else she might have missed, and decodes the tattoo on his arm, helping Gibbs and his team eventually solve the case. She also reveals in this episode that she likes things neat and clean. She made a reappearance in the episode ""Broken Bird"" to help Ducky overcome grief and guilt for euthanizing a tortured Afghan when he was a doctor in the military. The two show some romantic interest in both episodes. Also, although she did not appear in the episode, she gave Ducky the autopsy report for La Grenouille in the episode ""Internal Affairs"".


=== Margaret Allison Hart ===
M. Allison Hart (Rena Sofer) is an attorney. She is contacted by Colonel Merton Bell while he is being tried by the Mexican authorities for bounty hunting in their country. Hart successfully gets Bell released from prison on the condition that he not leave Mexico. Vengeful against the man who sent him to prison, Bell sends Hart to Washington to defend any accused who are involved in Gibbs' investigations. Hart starts to take up every case that involves Gibbs. Hart's skills as a lawyer are a match for Gibbs' skills as an investigator. Despite their animosity, they appear to be attracted to one another. It is implied that they share a kiss at the end of one episode. In the episode ""Mother's Day"", when Gibbs' former mother-in-law (Shannon's mother) becomes a suspect in a murder investigation in which the victim was linked to the cartel responsible for the deaths of Shannon and Kelly, Gibbs covertly hires Hart to defend her. He then deliberately makes procedural errors to prevent her arrest and prosecution, permitting Hart to get her out of NCIS' custody. In the episode ""Patriot Down"", Abby writes a report on the murder of Mexican drug dealer Pedro Hernandez, a crime committed by Gibbs in 1991 in retaliation for Hernandez' murder of Gibbs' wife and daughter. The report never makes it to Mexico as it is intercepted by Hart, indicating that she has switched her allegiances. Her last appearance is ""Rule Fifty-One"", in which she confronts Gibbs over the report, and though she states that the report will end his career, she offers to defend him in court if it comes to that. Off-screen in ""The Spider and the Fly"", Hart resigns from her job at NCIS and moves away, taking the report with her in order to protect Gibbs from Paloma Reynosa and Alejandro Rivera, Hernandez's two children hell bent on revenge on Gibbs for their father's murder. After Alejandro accidentally kills Paloma, mistaking her for Gibbs, and is arrested, Hart mails the report back to Vance, who then puts it in storage.


=== Ari Haswari ===
Ari Haswari (portrayed by Rudolf Martin) is a terrorist who attacks and wounds both Gibbs and Gerald Jackson when he infiltrates the NCIS morgue during the episode ""Bête Noire"". NCIS initially identifies him as an undercover Mossad agent in the episode ""Reveille"", but he is really a rogue agent working for Hamas, and he is later found to be the leader of an Al-Qaeda cell in Washington, D.C., the latter info a correct summation made by Gibbs in ""Twilight"". Ari is an early archenemy of Agent Gibbs, as well as Eli David's first-born child. Both of his parents were medical doctors; Ari's mother, Hasmia Haswari, was Palestinian and his father, Dr. Benjamin Weinstein (actually Eli David using an alias), was Israeli. He underwent medical training in Scotland at the University of Edinburgh Medical School in order to serve undercover inside the Gaza Strip, where his mother was killed during a retaliatory bombardment by Israel. The event prompted Ari to join the radical Islamic cause. It is shown that he hates his Israeli father since Eli David arranged for the attack on Gaza on a day when Ari was in the city. He preferred to be referred to as Haswari in school instead of Ari. Ari's motivation for his actions is his hatred of his father, who groomed him from birth to be a spy within Al-Qaeda, and was very likely the reason why Gibbs later suspects him in ""Twilight"" to be the head of an Al-Qaeda cell in Washington, D.C.
After murdering Special Agent Kate Todd in the episode ""Twilight"" and mounting several further attacks on NCIS members (including Gibbs) in the episodes ""Kill Ari (Part I)"" and ""Kill Ari (Part 2)"", his reign of terror finally comes to an end when he is killed by his half-sister, Mossad officer Ziva David, who is later offered and accepts a position at NCIS as Mossad liaison officer. It is revealed in the episode ""Aliyah"" by Director Vance that Ziva had been under orders to kill Ari, as he was out of control and planning a massive terrorist attack, and to gain Gibbs' trust in the process, which ended whatever secret Gibbs and Ziva could keep from the rest of NCIS. Ziva initially does not believe that Ari was an enemy agent and becomes his control officer in hopes of protecting him, until he nearly kills Gibbs. Ziva does not fully come to terms with killing her brother, and experiences moments of guilt and hurt, even with her departure from Mossad (after the beginning of season 7) and her new American citizenship coming through (in that season's finale episode ""Rule Fifty-One""). Haswari is mentioned various times even after the character's death and Ziva's departure from NCIS. In the season 12 premiere, he is mentioned by terrorist Sergei Mishnev, the main antagonist of the season (Alex Veadov) (and Ari's own half-brother on their mother's side), who attempts to kill Gibbs in revenge.


=== Gerald Jackson ===
Gerald Jackson (Pancho Demmings) first appears in the episode ""Yankee White"". Gerald Jackson is Dr. Mallard's original assistant until being incapacitated by Ari Haswari after being held hostage in the morgue While recuperating from the gunshot wound to his shoulder, his position is filled by Jimmy Palmer. Approximately a year and a half later, a week before he was scheduled to return to work, Gerald is again captured by Ari Haswari in an effort to secure Dr. Mallard's attention. After Ari released him, Gerald was not seen again until ""Kill Ari (Part 1)"" and was replaced by Jimmy Palmer.


=== Nikki Jardine ===
NCIS Intelligence Analyst Nikki Jardine (Susan Kelechi Watson) first appears in the episode ""Leap of Faith"". She assists Gibbs' team in keeping watch on communications, and speaks fluent Arabic and Kurdish. When she is first introduced, Tony and the rest of the team are turned off by her germaphobic behaviour: reluctance to shake hands, wiping down phones with wet wipes before using them. In the episode ""In the Zone"", despite being a germaphobe, revolted at the idea of field work, Jardine asks to go to Baghdad with Tony. She ostensibly goes there on a case, but she also has her own reasons. Her brother had been injured while serving there, and a local villager, mistaken by Marines as an insurgent, was killed while attempting to help him, prompting Jardine to help the villager's children. Her last appearance is ""In the Zone"".


=== Clayton Jarvis ===
Clayton Jarvis (Matt Craven) is the Secretary of the Navy appointed after the events of the season eight finale, ""Pyramid"", which led to the resignation of Secretary Davenport. Jarvis is an old friend of Director Leon Vance and it seems that he comes highly recommended in D.C. Jarvis is introduced in the final scene in a meeting between himself, Director Vance and Anthony DiNozzo. In the meeting, Jarvis appoints DiNozzo to NCIS' black operations program and orders him to investigate an NCIS agent suspected of leaking information. When Jarvis hands DiNozzo the file with the agent's name, he recognizes the name but it remains unknown to viewers. In season nine's ""Nature of the Beast"", it is revealed that the mole is none other than Simon Cade, a member of E.J. Barrett's team. However, it is also revealed that Cade was framed earlier, and that Jarvis was supplied with misinformation by Sean Latham. Nevertheless, Jarvis proves to be an asset to the team such as when E.J. Barrett reappears. Jarvis lies to Sean Latham, knowing that he will leak the information to E.J.'s tracker, so that they can lead him into a trap. He later also helps a joint NCIS/PsychOps operation to apprehend the person who is blackmailing him with a copy of a top secret file. The blackmailer is believed to be Jarvis's childhood friend, Philip Wickes, whose company is about to lose its contracts with the Navy. The operation involves a faked assassination attempt on Jarvis to destabilize Wickes. Jarvis later dies in the Season 11 premiere episode, ""Whiskey Tango Foxtrot"" where he is the victim of a bombing; his death leaves Vance devastated. Following Jarvis's death, he is replaced by Sarah Porter (Leslie Hope).


=== Zoe Keates ===
Special Agent Zoe Keates (Marisol Nichols) is employed by the Bureau of Alcohol, Tobacco, Firearms and Explosives (ATF). Prior to 2001, Zoe worked for the Philadelphia Police Department alongside Anthony DiNozzo, where they were both rookie patrol officers at the same time. They were partners until DiNozzo transferred to Baltimore. In season twelve, Zoe and Tony meet during an investigation into a jihadist group. Sometime later, they begin a relationship, and DiNozzo introduces her to his father. In ""Sister City"", DiNozzo informs McGee and Bishop that he and Zoe have split up.


=== Trent Kort ===
Trent Kort (David Dayan Fisher) first appears in the episode ""Smoked"". He works for the CIA; while he usually manages to avoid getting caught for illegalities, he nevertheless almost always has his own agenda. He has a tendency to lie to peoples' faces, even Gibbs'. (In the episode ""Dead Reckoning"", he tells Gibbs that trust is elusive at best; Gibbs responds that, between them, it is not elusive but impossible.) He manages to keep a neutral relationship with everyone on Gibbs' team except DiNozzo, as he blows up Tony's car in the episode ""Bury Your Dead"" and keeps La Grenouille informed about Tony's relationship with his daughter, even though it is an undercover mission. However, Kort is shown to have some strong ties within the CIA, as he is able to get files for Gibbs on Ducky and Director Vance. It is also speculated that Kort killed La Grenouille, though it is implied Jenny Shepard may have also been responsible, as her Glock 19 magazine is found to have left the same imprints on a 9mm bullet as the one that killed ""The Frog"". Following the La Grenouille incident, Kort is assigned to a desk. After engineering a double murder, Kort approaches Gibbs for help in tracking down one of NCIS' most-wanted criminals, and seizes $300 million in illegal assets for the CIA's use—attempting to get his old field-agent job back. Gibbs believes that Kort may be more dangerous behind a desk than when he is in the field.
Kort returns in season eight, tracking down Lt. Jonas Cobb—also known as the Port-to-Port Killer—at the behest of the CIA. Aware of Cobb's identity from the beginning of the investigation, Kort tries to save one of Cobb's victims; but the effort costs him his left eye, which he sends to the NCIS team. Kort is later revealed to have been the training officer for Operation Frankenstein, the ""super soldier"" program in which Cobb participated. Cobb wants revenge on all those who made him a killer and that includes Kort, whom he kidnaps along with Jimmy Palmer and E.J. Barrett in the season finale. However, his real goal is to have revenge on the man who authorized the operation: SecNav Phillip Davenport. As he is waiting for Davenport to arrive, Cobb tortures Kort, Palmer, and E.J. with a water hose as a reminder of what he was put through during his training. Cobb is killed before he can kill any of the hostages. CIA agent Ray Cruz later receives a text message saying that Kort is in Tel Aviv and that he has to go there straight away. Kort also makes an appearance in NCIS: Los Angeles, revealing that he has worked with Agent G. Callen in the past.
Kort returns in Season 13 ""Dead Letter"", with a glass eye replacing his lost one. He is found assaulting an MI6 agent, Clayton Reeves. Later in the season, it is revealed that Kort is the man responsible for framing British agent Jacob Scott, with Kort being revealed as the person who sold nuclear secrets to the Russians, therefore being shown as the main antagonist of that season, and later also being responsible for the apparent death of Ziva David, after hiring a contract killer to burn down Eli David's farmhouse in Israel in a mortar attack. Eventually, he is confronted and killed by Reeves and the NCIS team and FBI agent Tess Monroe when they arrive on the scene and confront him over his actions.


=== Brent Langer ===
Special Agent Brent Langer (Jonathan LaPaglia) first appears in the episode ""Tribes"". He is killed in the episode ""Last Man Standing"" by Agent Michelle Lee, and initially suspected of being a mole. Lee is, in fact, the mole, as Langer learns, and she kills him to preserve her cover. He was mentored by Gibbs at NCIS before joining the FBI and is transferred back to NCIS at Gibbs' recommendation. He works with Gibbs' team in the episode ""Tribes"", where he assists the team in tracking down a terrorist recruiter. Gibbs places his voided FBI agent ID card on a wall commemorating fallen personnel in the episode, ""Collateral Damage"", just as Gibbs is turning his suspicion back to Agent Lee.


=== Michelle Lee ===
Special Agent Michelle Lee (Liza Lapira) first appears in the episode ""Shalom"". She is brought in between season three and four to bring the team back up to full strength following the departure of Gibbs. Following Gibbs' return early on in the season she is transferred to the legal department and is frequently seen delivering warrants to the team, also having a covert intimate relationship with the medical examiner's assistant, Jimmy Palmer. She returns to the series in season six as part of Gibbs' new team, but is reassigned after the first episode. It is revealed that she is a mole in NCIS who has accessed for a foreign power at least the Joint Chiefs' strategic battle plans for a potential Middle Eastern operation, if Israel's enemies were to once again make war upon her. In the course of her espionage, Lee kills Special Agent Brent Langer and Petty Officer Steve Vargo, whom she was blackmailing for the aforementioned classified information. Although Gibbs figures out gradually that she is a spy, and affirms his conclusions by inserting a picture of an agent she shot, as if he were the spy, on a barwall ""Slain Heroes"" wall (""Collateral Damage""), she is caught in the next episode ""Cloak"". However, when caught she claims that she was forced to trade government secrets because her daughter Amanda has been kidnapped. But Amanda, it turns out, is actually her sister. The deaths of their parents prompted Lee to raise Amanda as her child. In the episode ""Dagger"", after she learns that Amanda is safe, she gives Gibbs silent permission to kill the Weatherman, the person responsible for the crimes. The Weatherman uses her as a human shield until Gibbs fires into Lee's abdomen, the bullets passing through her body and killing both of them. Director Vance hints that she may have been headed for a death sentence had she survived as punishment for having committed treason against the United States with her actions. When asked by Vance if Lee should be called a hero or a villain, Gibbs responds simply, ""Both"".


=== Gayne Levin ===
Special Agent Gayne Levin (Alimi Ballard) was an NCIS special agent on the team of E. J. Barrett who appears in three episodes in season eight. In the episode ""Swan Song"", he is shot and killed in a shootout with Jonas Cobb.


=== Jake Malloy ===

Jake Malloy (Jamie Bamber) is NCIS Agent Ellie Bishop's ex-husband and an attorney for the National Security Agency.  He becomes friends with Ellie's boss, SSA Leroy Jethro Gibbs. After her transfer from the NSA to NCIS, Jake and Ellie's marriage begins to show signs of stress, which he disingenuously attributes to the fact that they can no longer talk about their day with each other like they used to. However, it is revealed, in the season 13 episode 9 ""Day In Court"", that Jake has been dishonest, having an affair with fellow NSA employee Taylor Matthews. Following this revelation, Bishop returns home to Oklahoma for some time to herself. Then in the ""Spinning Wheel"", Jake comes to Bishop and makes attempts to apologize for the infidelity, but she recognizes that an affair is only a symptom of a wider pattern and tells him that their marriage is over.


=== Hollis Mann ===

Lieutenant Colonel Hollis Mann (Susanna Thompson) is a unit commander in the United States Army Criminal Investigation Command, NCIS's counterpart in the Army. She first appears in the episode ""Sandblast"". Mann is assigned by her superiors to work on a co-operative investigation with NCIS involving a bombing at the Army-Navy Golf Club. She and Gibbs have a serious relationship, even earning the nickname ""future ex-wife number four"" from DiNozzo. Their attraction becomes overt in the episode ""Sharif Returns"", as they discuss their possible relationship but refuse to act on it until Sharif is caught. At the end of the episode, they kiss. Mann is one of few characters who may know how Gibbs removes the boats from his basement, as the episode ends with her asking Gibbs directly of it, but ends before Gibbs gives any sort of response. Although she and Gibbs clearly have serious feelings for each other, she is often frustrated by his reluctance to express his emotions. In the episode ""In the Dark"", she returns from choosing her successor and is upset to find that Gibbs has worked through the night to fix her home's plumbing, seeing it as a sign that he does not want to stick around. She confronts him, saying, ""I'm aware there are three billion men in the world, and not all of them have to want me, but you should want me, and the fact that you don't makes me wonder why I ever wanted you."" He calmly informs her that he worked on the plumbing through the night because he wanted to surprise her, but that ""it's gonna be a bigger job than I thought...it's gonna take a while"". She realizes that this is his oblique way of committing to their relationship for the long haul and kisses him fiercely.
In the episode ""Ex-File"" the relationship with Gibbs ends when she discovers the truth about Shannon and Kelly from Ducky and realizes that Gibbs is still silently mourning their deaths. She is offered a position at NCIS by Director Jenny Shepard, but instead chooses retirement from the Army, in the episode ""In the Dark"". In the episode ""Lost and Found"", the Stars and Stripes military newspaper Shepard is reading reveals that Mann has relocated to the Hawaiian island of Lanai. Mann reappears in the eleventh-season episode ""Kill Chain"", as a special agent for the Defense Criminal Investigative Service, which is the criminal investigative arm of the Department of Defense's Office of the Inspector General, and she later returns in the NCIS Season 12 episode, ""We Build, We Fight"".


=== John McGee ===
Admiral John McGee (Jamey Sheridan) is the father of Timothy McGee. He appears in ""Squall"", where it is revealed that he has cancer.  In ""House Rules"", ADM McGee passes away.


=== Sarah McGee ===
Sarah McGee (portrayed by Sean Murray's real-life stepsister Troian Bellisario) is the younger sister of Timothy McGee. She makes two quick cameos in Seasons 2 and 3 before making a full appearance in ""Twisted Sister"".


=== Tess Monroe ===
Tess Monroe (Sarah Clarke) is an FBI Senior Special Agent. After working with Tobias Fornell, Monroe joins NCIS in the hunt for British spy Jacob Scott during season thirteen. She participates in a shootout with the NCIS team that results in the intentional death of Trent Kort. Executive Producer Gary Glasberg described Monroe as ""full of fire and cynicism and sarcasm and wit and energy and is extremely experienced"". Tess has been divorced multiple times, but has no children. She ""thinks of her team as her family. She's no-nonsense on the outside, but has a big heart underneath with a belief in honor, justice and doing what's right. She'll fight to protect the values she holds dear, and her team, with determination and a bit of sarcasm"".


=== Leroy Jethro ""LJ"" Moore ===
Leroy Jethro ""LJ"" Moore (Billy Dee Williams) is the childhood friend of Jackson Gibbs and his future wife Ann — Jethro Gibbs's parents.  They were all friends growing up together.  Jackson and LJ both fell in love with Ann, but Jackson married her.  LJ is ""The Namesake"" of Jethro Gibbs, and according to Jethro, it was LJ who inspired him to join the Marine Corps as a teenager.  LJ stands next to Jethro Gibbs at Jackson's funeral in Season 11's final episode ""Honor Thy Father"".


=== Thomas Morrow ===
Thomas Morrow (Alan Dale) is the Director of NCIS until the beginning of season three. He first appears in the NCIS two-part pilot episodes, ""Ice Queen"" and ""Meltdown"", before making his official debut in the season one episode, ""Yankee White"", with his final appearance as NCIS Director in the season three opener ""Kill Ari (Part I)"", when he leaves to accept an appointment as a Senior Division Chief in the Department of Homeland Security. He appears in several episodes during seasons one and two, but unlike his replacements, Directors Shepard and Vance, Morrow himself is not part of the main cast, and is credited as either a recurring character or a guest star. He has less direct involvement with the team's cases than either of his successors (exceptions being matters of terrorism and national security), and seems to spend much of his time in MTAC monitoring NCIS' global presence. While he seems to like Gibbs, he is less tolerant of Gibbs' personal style and methods than Jenny or Vance; he has a deeply serious, almost stern demeanor, and Gibbs only ever refers to him as ""sir"".  This is probably due to Gibbs being a former Gunnery Sergeant / Scout-Sniper in the U.S. Marine Corps. and Morrow being a former Rear Admiral in the U.S. Navy. He reappears in his Homeland Security position in the Season 10 episodes, ""Chasing Ghosts"" and ""Berlin"". He also appears in the Season 11 premiere episode, ""Whiskey Tango Foxtrot"" where he is left badly injured in an explosion that kills current SECNAV, Clayton Jarvis. Morrow later informs Vance that a terrorist group, the Brotherhood of Doubt, are responsible for the bombing and are targeting former NCIS Special Agent Ziva David. In the season 13 episode, ""Return to Sender"", Morrow is found dead, having been shot in the head by a sniper the team presume is former British spy Jacob Scott, although it is later revealed that the actual killer is former CIA agent Trent Kort.


=== Chris Pacci ===
Special Agent Christopher ""Chris"" Pacci (Tim Kelleher) is an NCIS special agent who worked at NCIS Headquarters with Special Agent Gibbs for at least three years.  He was murdered in ""Dead Man Talking"".


=== Richard Parsons ===

Richard Parsons (Colin Hanks) is an investigator who works for the Department of Defense Inspector General. He also bears some resemblance to Timothy McGee, causing Anthony DiNozzo and Abby Sciuto to refer to him as McGee's ""evil doppelgänger"". He first appears in ""Double Blind"", the penultimate episode of season 10, in which he is investigating the aftermath of the NCIS team's handling of the Ilan Bodnar case. Initially believed to be pursuing Ziva David, and then Director Vance, the team soon learn his target is Leroy Jethro Gibbs. Parsons goes to great lengths to take Gibbs to court for all of his ""wrongdoings"", but after a bombing that results in the death of SECNAV Clayton Jarvis in the season 11 premiere episode ""Whiskey Tango Foxtrot"", Parsons' perspective on Gibbs' team changes after Gibbs defends him during an ambush in Iran. Parsons repays the debt by saving Gibbs' life during a gunfight. Later, back in Washington, D.C., Parsons drops his investigation into NCIS and also grants McGee, David, and DiNozzo permission to get their badges back and become agents again.


=== Phineas ===
Phineas (Jack Fisher) is a 9-year-old boy who lives across the street from Gibbs. He and Gibbs first make contact after he throws a baseball through Gibbs' window. Gibbs and he spend much time together, including when Gibbs provides help for a science project. In the season 17 episode ""IRL"", Phineas' video-gaming abilities help the team capture a murder suspect. Phineas' parents are said (by his mother Sarah) to have been locked in a custody battle over him. It is later revealed that his mother, whose real name is Sahar, is the woman trying to kill Ziva.


=== Sarah Porter ===
Sarah Porter (Leslie Hope) is the incumbent United States Secretary of the Navy. Recruited without any military background, she is the first female to hold the position. She attended Harvard and attained a business degree, before becoming a career politician. She is divorced and has one daughter, Megan, who is revealed to be a teenager. Gibbs is later tasked with locating her daughter after she is kidnapped in ""React"", an event which leads Porter to question her future as the Secretary of the Navy, although she remains at her post as of season 14.
Secretary Porter has also appeared in an episode of season 2 of NCIS: New Orleans, and has frequently been mentioned on NCIS: Los Angeles, although she never physically appeared in any episodes of the latter series.


=== Paloma Reynosa ===
Paloma Reynosa (Jacqueline Obradors) is the head of the Reynosa drug cartel, the most powerful cartel in Mexico, the daughter of drug dealer Pedro Hernandez and the elder sister of Mexican Justice Department official Alejandro Rivera. Paloma took over control of the cartel when her husband died. During her years in charge, the cartel grew to be powerful enough to infiltrate the US Navy. As a way to try to end the drug war in Mexico, the Mexican government launches a task force project with American law enforcement agencies to strike against the cartels. Paloma is contacted by Colonel Merton Bell, who is seeking revenge against the man who had sent him into a Mexican prison: Agent Gibbs. Bell has uncovered evidence that Gibbs killed Paloma's father with a sniper rifle in 1991. They form a partnership and elaborate a scheme to have revenge on Gibbs. Paloma's brother, Alejandro, uses his position in the task force to get the forensic evidence linking Gibbs to the murder using Abby Sciuto's skills. When the evidence is uncovered, Bell sends Lieutenant Jason Paul Dean to kill Special Agent Lara Macy, who knew about Hernandez' murder but covered up the evidence while still an MP officer, believing it to be a just killing. Later, Bell tries to kill Mike Franks but Paloma needs him alive as leverage so she orders Dean to kill Bell and bring back Franks' severed finger. He also returns with Gibbs taken prisoner. Paloma tells him of her true intention: she doesn't want his death, she wants his life. She wants Gibbs to work for her or she will kill his friends and family, starting with his coworkers and finishing with his father.
Four months later, Paloma is lured to a safe house where she believes Gibbs, Jackson, and Mike Franks have taken refuge. Alejandro arrives separately, having been tricked into believing Paloma is dead through a note purposely left behind by Director Vance and Agent DiNozzo as bait for a trap. He then opens fire on the safe house with a submachine gun, believing Gibbs and his father to be in it. After being arrested, Alejandro soon learns that Paloma was actually in the safe house all along, resulting in Alejandro unintentionally killing his sister. Paloma then recites the poem of the spider and the fly as her last words before dying. Paloma has a fascination for the work of Tennessee Williams, citing him on three occasions: twice in ""Rule Fifty-One"" (""We are all sentenced to solitary confinement within our own skins for life"" and ""Cruel men consider themselves paragons of frankness"") and in ""Spider and the Fly"" (""Don't look forward to the day you stop suffering for when it comes you'll know you're dead."").


=== Alejandro Rivera ===
Alejandro Rivera (Marco Sanchez) is a high-ranking official of the Mexican Justice Department and, secretly, the son of drug dealer Pedro Hernandez and the brother of Paloma Reynosa who is the head of the Reynosa drug cartel. Rivera is assigned by his government to be a liaison with American law enforcement agencies on a special anti-drug project of forming a Mexican-American task force to strike against the drug cartels, notably against Reynosa. Secretly, Rivera's objective is to have revenge for his father's death by using Abby Sciuto's forensic skills to investigate the cold case while training a class of task force forensic specialists in Mexico. It is later revealed that Gibbs killed Hernandez and Rivera was counting on Abby's report to bring Gibbs down but it never reaches Mexico having been intercepted by Margaret Allison Hart, who is working on the task force project. However, Alejandro makes one huge mistake when he arrives at NCIS and later threatens Abby, prompting the entire team, including Leon Vance, to have him removed. He is duped into thinking that his sister, Paloma, had been killed, and goes to the safe house she was at, thinking that he can kill Gibbs and his father. However, he ends up killing Paloma and is then arrested for her death. He reappears in season 11's finale ""Honor Thy Father"" when it is revealed that he used his cartel to fund operations for the Brotherhood of Doubt after Parsa's death, as a result of the two sharing a common enemy— Agent Gibbs.


=== Michael Rivkin ===
Michael Rivkin (Merik Tadros) first appears in the episode ""Last Man Standing"" as a Mossad officer. He is working with Ziva David when she is on an undercover mission for the Mossad in Morocco (Ziva having been dismissed from NCIS in the previous episode). Later on in the episode, he is seen in the office of the head of Mossad, Eli David, Ziva's father, as Ziva talks on the phone to Gibbs. Tony becomes suspicious of the man that Ziva appears to be dating, and keeps trying to find out who he is. For example, in the episode ""Legend (Part 1)"", Tony asks Abby to check the records on Rivkin. In the episode ""Legend (Part 2)"", Michael appears as an undercover Mossad agent who is investigating the same terrorists that NCIS is investigating, killing them off one by one before NCIS can apprehend them. He is asked to leave the U.S. by NCIS agent in charge in Los Angeles, Lara Macy and later by DiNozzo, both of them citing laws that prohibit foreign intelligence operatives from working in the United States but Rivkin ignores both warnings. In the episode ""Semper Fidelis"", what appears to be an open and shut case concerning the death of an Immigrations and Customs Enforcement agent is complicated by the presence of Rivkin, who is still in the US visiting Ziva. It is later revealed that Rivkin killed the ICE agent accidentally while attempting to render him unconscious (not knowing that the agent had an underlying medical condition). Tony traces communication with the terrorist's computer to Ziva's apartment, where he finds Rivkin. After attempting to arrest an intoxicated Rivkin for the murders of the ICE agent and the terrorist handler NCIS was tracking, Rivkin resists and a vicious struggle ensues; Tony is eventually forced to shoot Rivkin in self-defense. Ziva later enters her apartment and attempts to help Rivkin but he succumbs to his injuries and dies in hospital. Finally, in the episode ""Aliyah"", the relationship between Rivkin and Ziva comes out and this leads Gibbs, Leon Vance, and Tony to Israel. There Eli David accuses Tony of killing Rivkin out of jealousy and Ziva, no longer able to trust Tony, stays in Israel.


=== Samantha Ryan ===

Dr. Samantha Ryan (Jamie Lee Curtis) is a psychologist, criminal profiler and Director of PsyOps. She is introduced in the episode ""Psych Out"" when a patient, a Navy warfare psychologist, of her colleague is found dead and Gibbs and his team are called in to investigate. She begins a romantic relationship with Gibbs and frequents his house, even causing him to be uncharacteristically late for work once. Like Gibbs, she has a young child, a son, and is either divorced or separated from her partner/husband. While Gibbs and Ryan try to keep their relationship strictly professional when at the office, Gibbs' agents and Ryan's co-workers frequently speculate on their relationship, as seen in ""The Tell"". Her last appearance is in ""Till Death Do Us Part"" when she is threatened by terrorist Harper Dearing, who is seeking revenge on everything and anyone connected with the Navy for the death of his son.


=== Leyla Shakarji ===
Leyla Shakarji (Tehmina Sunny) is the daughter-in-law of Mike Franks. She was disowned by her family and then smuggled out of Iraq after becoming pregnant with the child of Franks's biological son, Lance Corporal Liam O'Neill, USMC. O'Neill was murdered and Gibbs finds out about Leyla from Franks as he was the lead agent assigned to the case. She and her daughter, Amira, lived with Mike in Mexico until his death in 2011. Gibbs, as Amira's godfather, asks Leyla to move to Washington, D.C., to be nearer to him as he is their closest thing to family. Leyla's mother, Shada Shakarji (Diane Venora), is the tough-as-nails matriarch of one of the most prominent tribes in Iraq, due to the fact that most of her male relatives are now deceased.


=== Charles ""Chip"" Sterling ===
Chip Sterling (Michael Bellisario) first appears in the episode ""The Voyeur's Web"", as a new lab assistant working alongside Abby Sciuto, whom new NCIS Director Jenny Shepard has hired for her much to the displeasure of Abby, who continues to insist she prefers to work alone. As with most newbies, Chip ends up being the butt of Tony's jokes and is told off by Gibbs for lack of concentration on several occasions. Chip, having sinister motives, after being fired from his last job, attempts to frame Tony for murder (in which he almost succeeds) in the episode ""Frame Up"". In a last-ditch effort, he also attempts to attack Abby with a knife after being discovered, but she quickly subdues and hog-ties him with duct tape before asking Gibbs if she can now work alone.


=== Diane Sterling ===
Diane Sterling (formerly Gibbs, Fornell) (Melinda McGraw) is the first ex-wife of Leroy Jethro Gibbs, the ex-wife of FBI Special Agent Tobias Fornell and DHS Special Agent Victor Sterling, and the mother of Emily Fornell. She makes her first full appearance in ""Devil's Triangle"" in 2011, but appears in a brief cameo (portrayed by an uncredited actress, Heather Scobie) in ""Angel of Death"" in 2007. When she divorced Gibbs, Diane took his money, including his grandfather's watch. Similarly, after her divorce from Fornell, she got his money as well, in addition to joint custody of their daughter. Before Emily was born, Diane worked for the IRS as a tax auditor; in 2012, she returns to the IRS and is made a special agent / criminal investigator with the Internal Revenue Service Criminal Investigations Division (IRS-CID), much to the shock of her federal agent ex-husbands. In ""Check"", Diane is murdered by Sergei Mishnev in a re-creation of Special Agent Caitlin Todd's death at the hands of Ari Haswari in ""Twilight"" with Diane dying after being shot in the head by Sergei who uses a sniper rifle. In ""Cabin Fever"", Diane is avenged when Fornell finally kills Sergei Mishnev.


=== Cyril Taft ===
Captain Cyril Taft, M.D., USNR (Jon Cryer) is a doctor who appears in the NCIS Season 13 premiere episode, ""Stop the Bleeding"" where he performs surgery on Gibbs, who has been left badly injured after being shot by Luke Harris. Taft is a former surgeon at the Walter Reed Memorial Hospital. Taft's son died at a young age. Taft later begins a friendship with Gibbs, and the two are shown to mutually support each other through their respective struggles. He also convinces Gibbs to seek counseling and eventually is able to make an introduction to his therapist, Grace Confalone.


=== Joanna Teague ===
Joanna Teague (Mimi Rogers) is a senior CIA officer. The mother of Ned Dorneget, Teague works with both DiNozzo and Gibbs in the aftermath of his death.


=== Jackie Vance ===
Jackie Vance (Paula Newsome) was the wife of NCIS Director Leon Vance. In the season 10 episode ""Shabbat Shalom"", Jackie is shot in a drive-by shooting that kills Mossad Director Eli David, who was having dinner with the Vances at the time alongside Ziva, and dies in surgery. Jackie's estranged biological father, Lamar Addison, who was never married to her mother, walked out on Jackie and her mother and brother (Michael Thomas) when she was young. Vance and Jackie have two children: a daughter, Kayla, and a son, Jared. Jackie and Vance met while attending a University of Maryland basketball game where Len Bias was playing.


=== Kayla Vance ===
Special Agent Kayla Vance is an NCIS agent and the daughter of Leon and Jackie Vance. She is played by Naomi Grace as an adult, and was played by China Anne McClain and Kiara Muhammad as a child.


=== Carol Wilson ===
Carol Wilson (Meredith Eaton) is an immunologist who works for the Centers for Disease Control and Prevention (CDC). She first appears in the season 7 episode ""Faith"" when she visits her good friend Abby Sciuto at NCIS headquarters to ask for a favor. The character also makes a guest appearance in the spin-off NCIS: New Orleans, in the episode ""Carrier"", when she is consulted after the New Orleans agents find a Navy officer dead from a strain of bubonic plague.


=== Cassie Yates ===
Cassie Yates (Tamara Taylor), an NCIS special agent, first appears in the episode ""SWAK"" and again in the episode ""Jeopardy"".  In her first appearance, it is revealed that she was trained by the late Special Agent Chris Pacci.


== Crossover cast and characters ==


=== JAG ===


==== Vivian Blackadder ====

Special Agent Vivian Blackadder (Robyn Lively) is a former FBI agent who joins NCIS after the attack on the USS Cole, in which her brother, Rex, was killed. Despite being a special agent, she seemed to be more focused on avenging her brother's death by any means possible rather than attempting to work with the rest of the team. Her obsession with getting revenge often drew Gibbs' ire—Gibbs told her to stay focused on their case or he would send her back to the FBI. Later, in the JAG episode ""Meltdown"", she blew an NCIS operation to capture a terrorist planning another attack. Although it is not shown, it is implied that she either returned to the FBI or was fired from NCIS for good because of her mistakes. She is the only major character who appeared in the NCIS backdoor pilot episodes from JAG, and then not in the series NCIS. Vivian Blackadder appeared in the JAG episodes ""Ice Queen"" and ""Meltdown"".


==== Faith Coleman ====
Lieutenant Commander Faith Coleman (Alicia Coppola) is a prosecutor for the Judge Advocate General's office. Coleman first appeared in the JAG episode ""Meltdown"" and went on to make several appearances on NCIS, assisting Gibbs and his team. She successfully defended Commander Harmon Rabb when he was accused of the murder of fellow JAG lawyer Lieutenant Loren Singer. Her last appearance to date was in the episode ""Hometown Hero"", although she was mentioned in the episode ""Head Case"". Faith Coleman recurred on NCIS, following several guest appearances on JAG.


==== Other appearances ====
Adam Baldwin as Commander Michael Rainer, a US Navy SEAL assigned to Naval Amphibious Base Little Creek.
Patrick Labyorteaux as Bud Roberts, a JAG officer.  He first appeared during season 1 (concurrent with JAG season 9), during which time he was still a lieutenant at JAG Headquarters. He later reappeared in season 14 and 15 as a captain; the latter of which revealed that he was now the commanding officer of the Regional Legal Service Office Mid-Atlantic at Naval Station Norfolk.
John M. Jackson as Rear Admiral A.J. Chegwidden (Ret.), a former Judge Advocate General of the United States Navy who joined the private sector after retiring from the navy. He appeared in season 10 to represent SSA Leroy Jethro Gibbs during a Department of Defense Inspector General investigation.


=== NCIS: Los Angeles ===


==== Lara Macy ====
Lara Macy (Louise Lombard) was a former USMC Lieutenant working as a military police officer, and almost two decades earlier had investigated then-USMC Gunnery Sergeant Leroy Jethro Gibbs' role in the murder of Mexican drug lord Pedro Hernandez. Due to the past investigation, their relationship was volatile until the OSP's operational psychologist Nate Getz revealed to Gibbs that Macy had been protecting him for eighteen years by covering up the evidence. Since Hernandez was responsible for the slaying of Gibbs' wife and daughter, Macy felt that his actions against Hernandez were justified, a move that would end up costing Macy her own life years later. In the NCIS: Los Angeles episode ""Ambush"", Hetty remarks to Director Vance that the last she'd heard, as the result of a political ""witch-hunt"", Macy was ""working out of a quonset hut in Djibouti"". This was contradicted on a subsequent episode of NCIS, where Macy's personnel file states that she never worked in Djibouti but was instead reassigned to Marseille, to head up an NCIS undercover team there. It is likely that the Los Angeles branch had been fed misinformation due to the covert nature of Macy's new assignment.
While in Marseille, Macy began working on a rape case involving a Petty Officer Second Class before later returning to the United States. In ""Patriot Down"", badly burnt remains were discovered in Annapolis with NCIS Special Agent Timothy McGee confirming that the remains were those of Macy, leaving the NCIS team and agency itself devastated. It was later revealed that Macy had been brutally murdered and her body set alight with her killer being revealed as Jason Paul Dean, a mercenary and former U.S. Army Ranger, as part of a plot to get to Gibbs in relation to the Hernandez case.
Lara Macy appeared in the NCIS episodes ""Legend (Part I)"" and ""Legend (Part II)"".


==== Other appearances ====
Chris O'Donnell as G. Callen
LL Cool J as Sam Hanna
Daniela Ruah as Kensi Blye
Barrett Foa as Eric Beale
Peter Cambor as Nate Getz
Brian Avers as Mike Renko
Kelly Hu as Lee Wuan Kai


=== NCIS: New Orleans ===
Scott Bakula as Dwayne Pride
Lucas Black as Chris LaSalle
Zoe McLellan as Meredith Brody
CCH Pounder as Loretta Wade
Shalita Grant as Sonja Percy


=== NCIS: Hawaiʻi ===
Vanessa Lachey as Jane Tennant, NCIS Special Agent in Charge
Jason Antoon as Ernie Malik, NCIS cyber intelligence specialist
Noah Mills as Jesse Boone, NCIS second-in-command


== Explanatory notes ==


== References ==","Armin Mueller-Stahl plays ""The Frog"" (La Grenouille) on NCIS.","This is an overview of the regular, recurring, and other characters of the TV series NCIS .",0,1,unsupported,0.444686812593,-0.11282079117097812,-2.2564158234195624,20,,0.874981701374054,0.312606911008,1.23267483065,0.6722215405107279,3,-0.99808324098,0.0,0.0,0.0,1.0,0.404541015625,0.0865478515625,0.5087890625,-0.020850570792321055,0.4947875461418048,0.634455180452782,0.5131736523778971,0.5,abstain
Q1291_639,wikiqa,when do i plant triticale,"Triticale (; × Triticosecale) is a hybrid of wheat (Triticum) and rye (Secale) first bred in laboratories during the late 19th century in Scotland and Germany. Commercially available triticale is almost always a second-generation hybrid, i.e., a cross between two kinds of primary (first-cross) triticales. As a rule, triticale combines the yield potential and grain quality of wheat with the disease and environmental tolerance (including soil conditions) of rye. Only in 1970 did the first commercial variety become available. Depending on the cultivar, triticale can more or less resemble either of its parents. It is grown mostly for forage or fodder, although some triticale-based foods can be purchased at health food stores and can be found in some breakfast cereals.
When crossing wheat and rye, wheat is used as the female parent and rye as the male parent (pollen donor). The resulting hybrid is sterile and must be treated with colchicine to induce polyploidy and thus the ability to reproduce itself.
The primary producers of triticale are Poland, Germany, Belarus, France and Russia. In 2014, according to the Food and Agriculture Organization (FAO), 17.1 million tons were harvested in 37 countries across the world.
The triticale hybrids are all amphidiploid, which means the plant is diploid for two genomes derived from different species. In other words, triticale is an allotetraploid. In earlier years, most work was done on octoploid triticale. Different ploidy levels have been created and evaluated over time. The tetraploids showed little promise, but hexaploid triticale was successful enough to find commercial application.
The CIMMYT (International Maize and Wheat Improvement Center) triticale improvement program was intended to improve food production and nutrition in developing countries. Triticale was thought to have potential in the production of bread and other food products, such as cookies, pasta, pizza dough and breakfast cereals. The protein content is higher than that of wheat, although the glutenin fraction is less. The grain has also been stated to have higher levels of lysine than wheat. Acceptance would require the milling industry to adapt to triticale, as the milling techniques employed for wheat are unsuited to triticale. Past research indicated that triticale could be used as a feed grain and, particularly, later research found that its starch is readily digested. As a feed grain, triticale is already well established and of high economic importance. It has received attention as a potential energy crop, and research is currently being conducted on the use of the crop's biomass in bioethanol production. Triticale has also been used to produce vodka.


== History ==

In the 19th century, crossing cultivars or species became better understood, allowing the controlled hybridization of more plants and animals. In 1873, Alexander Wilson first managed to manually fertilize the female organs of wheat flowers with rye pollen (male gametes), but found that the resulting plants were sterile, much the way the offspring of a horse and donkey is an infertile mule. Fifteen years later in 1888, a partially-fertile hybrid was produced by Wilhelm Rimpau, ""Tritosecale Rimpaui Wittmack"". Such hybrids germinate only when the chromosomes spontaneously double.
Up until 1937, ""partially fertile"" was all that was produced. In that year, it was discovered that the chemical colchicine, which is used both for general plant germination and as a treatment for gout, would force chromosome doubling by keeping them from pulling apart during cell division. Triticale had become viable, though at that point the cost of producing the seeds was disproportionate to the yield.
By the 1960s, triticale was being produced that was far more nutritious than normal wheat. However, it was a poorly-producing crop, sometimes yielding shriveled kernels, germinating poorly or prematurely, and did not bake well.
Modern triticale has overcome most of these problems, after decades of additional breeding and gene transfer with wheat and rye. Millions of acres/hectares of the crop are grown around the world, slowly increasing toward becoming a significant source of food-calories.


== Species ==
Triticale hybrids are currently classified by ploidy into three nothospecies:

× Triticosecale semisecale (Mackey) K.Hammer & Filat. – tetraploid triticale. Unstable, but used in breeding bridging. Includes the following crosses:
Triticum monococcum × Secale cereale, genome AARR;
Alternative crosses, genome ABRR (mixogenome A/B).
× Triticosecale neoblaringhemii A.Camus – hexaploid triticale. Stable, currently very successful in agriculture. May be produced by Secale cereale × Triticum turgidum, genome AABBRR.
× Triticosecale rimpaui Wittm. – octaploid triticale. Not completely stable, mainly historical importance. May be produced by Secale cereale × Triticum aestivum, genome AABBDDRR.
The current treatment follows the Mac Key 2005 treatment of Triticum using a broad species concept based on genome composition. Traditional classifications used a narrow species concept based on the treatment of wheats by Dorofeev et al., 1979, and hence produced many more species names. The genome notation follows Taxonomy of wheat § Genome, with the rye genome notated as R.


== Biology and genetics ==

Earlier work with wheat-rye crosses was difficult due to low survival of the resulting hybrid embryo and spontaneous chromosome doubling. These two factors were difficult to predict and control. To improve the viability of the embryo and thus avoid its abortion, in vitro culture techniques were developed (Laibach, 1925). Colchicine was used as a chemical agent to double the chromosomes. After these developments, a new era of triticale breeding was introduced. Earlier triticale hybrids had four reproductive disorders, namely meiotic instability, high aneuploid frequency, low fertility and shriveled seed (Muntzing 1939; Krolow 1966). Cytogenetical studies were encouraged and well funded to overcome these problems.
It is especially difficult to see the expression of rye genes in the background of wheat cytoplasm and the predominant wheat nuclear genome. This makes it difficult to realise the potential of rye in disease resistance and ecological adaptation.
Triticale is essentially a self-fertilizing, or naturally inbred crop. This mode of reproduction results in a more homozygous genome. The crop is, however, adapted to this form of reproduction from an evolutionary point of view. Cross-fertilization is also possible, but it is not the primary form of reproduction.
 Sr27  is a stem rust resistance gene which is commonly found in triticale. Originally from rye (Imperial rye), now (as of 2021) widely found in triticale. Located on the 3A chromosome arm, originally from 3R. Virulence has been observed in field by Puccinia graminis f. sp. secalis (Pgs) and in an artificial cross Pgs  ×  Puccinia graminis f. sp. tritici (Pgt). When successful, Sr27 is among the few Srs that does not even allow the underdeveloped uredinia and slight degree of sporulation commonly allowed by most Srs. Instead there are necrotic or chlorotic flecks. Deployment in triticale in New South Wales and Queensland, Australia, however, rapidly showed virulence between 1982 and 1984 – the first virulence on this gene in the world. (This was especially associated with the cultivar Coorong.) Therefore, the International Maize and Wheat Improvement Center's triticale offerings were tested and many were found to depend solely on Sr27. Four years later, in 1988 virulence was found in South Africa. Sr27 has become less common in CIMMYT triticales since the mid-'80s.


== Conventional breeding approaches ==

The aim of a triticale breeding programme is mainly focused on the improvement of quantitative traits, such as grain yield, nutritional quality and plant height, as well as traits which are more difficult to improve, such as earlier maturity and improved test weight (a measure of bulk density). These traits are controlled by more than one gene. Problems arise, however, because such polygenic traits involve the integration of several physiological processes in their expression. Thus the lack of single-gene control (or simple inheritance) results in low trait heritability (Zumelzú et al. 1998).
Since the induction of the International Maize and Wheat Improvement Center triticale breeding programme in 1964, the improvement in realised grain yield has been remarkable. In 1968, at Ciudad Obregón, Sonora, in northwest Mexico, the highest yielding triticale line produced 2.4 t/ha. Today, CIMMYT has released high yielding spring triticale lines (e.g. Pollmer-2) which have surpassed the 10 t/ha yield barrier under optimum production conditions.
Based on the commercial success of other hybrid crops, the use of hybrid triticales as a strategy for enhancing yield in favourable, as well as marginal, environments has proven successful over time. Earlier research conducted by CIMMYT made use of a chemical hybridising agent to evaluate heterosis in hexaploid triticale hybrids. To select the most promising parents for hybrid production, test crosses conducted in various environments are required, because the variance of their specific combining ability under differing environmental conditions is the most important component in evaluating their potential as parents to produce promising hybrids. The prediction of general combining ability of any triticale plant from the performance of its parents is only moderate with respect to grain yield. Commercially exploitable yield advantages of hybrid triticale cultivars is dependent on improving parent heterosis and on advances in inbred-line development.
Triticale is useful as an animal feed grain. However, it is necessary to improve its milling and bread-making quality aspects to increase its potential for human consumption. The relationship between the constituent wheat and rye genomes were noted to produce meiotic irregularities, and genome instability and incompatibility presented numerous problems when attempts were made to improve triticale. This led to two alternative methods to study and improve its reproductive performance, namely, the improvement of the number of grains per floral spikelet and its meiotic behaviour. The number of grains per spikelet has an associated low heritability value (de Zumelzú et al. 1998). In improving yield, indirect selection (the selection of correlated/related traits other than that to be improved) is not necessarily as effective as direct selection. (Gallais 1984)
Lodging (the toppling over of the plant stem, especially under windy conditions) resistance is a polygenically inherited (expression is controlled by many genes) trait, and has thus been an important breeding aim in the past. The use of dwarfing genes, known as Rht genes, which have been incorporated from both Triticum and Secale, has resulted in a decrease of up to 20 centimetres (7.9 in) in plant height without causing any adverse effects.
A 2013 study found that hybrids have better yield stability under yield stress than do inbred lines.


== Application of newer techniques ==
Abundant information exists concerning R-genes (for disease resistance) in wheat, and a continuously updated on-line catalogue, the Catalogue of Gene Symbols, of these genes can be found at [1] . Another online database of cereal rust resistance genes is available at [2]. Unfortunately, less is known about rye and particularly triticale R-genes. Many R-genes have been transferred to wheat from its wild relatives, and appear in such papers and catalogues, thus making them available for triticale breeding. The two mentioned databases are significant contributors to improving the genetic variability of the triticale gene pool through gene (or more specifically, allele) provision. Genetic variability is essential for progress in breeding. In addition, genetic variability can also be achieved by producing new primary triticales, which essentially means the reconstitution of triticale, and the development of various hybrids involving triticale, such as triticale-rye hybrids. In this way, some chromosomes from the R genome have been replaced by some from the D genome. The resulting so-called substitution and translocation triticale facilitates the transfer of R-genes.


=== Introgression ===
Introgression involves the crossing of closely related plant relatives, and results in the transfer of 'blocks' of genes, i.e. larger segments of chromosomes compared to single genes. R-genes are generally introduced within such blocks, which are usually incorporated/translocated/introgressed into the distal (extreme) regions of chromosomes of the crop being introgressed. Genes located in the proximal areas of chromosomes may be completely linked (very closely spaced), thus preventing or severely hampering recombination, which is necessary to incorporate such blocks. Molecular markers (small lengths of DNA of a characterized/known sequence) are used to 'tag' and thus track such translocations. A weak colchicine solution has been employed to increase the probability of recombination in the proximal chromosome regions, and thus the introduction of the translocation to that region. The resultant translocation of smaller blocks that indeed carry the R-gene(s) of interest has decreased the probability of introducing unwanted genes.
The Sr59 resistance gene was introgressed into wheat from the 2R chromosome of rye. However this was actually done through triticale. Triticale has been the amphiploid for several such rye ⇨ wheat introgressions.
A 2014 study found that Ddw1 dwarfing gene from the rye 5R chromosome also provides Fusarium head blight (FHB) resistance in this host.


=== Production of doubled haploids ===
Doubled haploid (DH) plants have the potential to save much time in the development of inbred lines. This is achieved in a single generation, as opposed to many, which would otherwise occupy much physical space/facilities. DHs also express deleterious recessive alleles otherwise masked by dominance effects in a genome containing more than one copy of each chromosome (and thus more than one copy of each gene). Various techniques exist to create DHs. The in vitro culture of anthers and microspores is most often used in cereals, including triticale. These two techniques are referred to as androgenesis, which refers to the development of pollen. Many plant species and cultivars within species, including triticale, are recalcitrant in that the success rate of achieving whole newly generated (diploid) plants is very low. Genotype by culture medium interaction is responsible for varying success rates, as is a high degree of microspore abortion during culturing. The response of parental triticale lines to anther culture is known to be correlated to the response of their progeny. Chromosome elimination is another method of producing DHs, and involves hybridisation of wheat with maize (Zea mays L.), followed by auxin treatment and the artificial rescue of the resultant haploid embryos before they naturally abort. This technique is applied rather extensively to wheat. Its success is in large part due to the insensitivity of maize pollen to the crossability inhibitor genes known as Kr1 and Kr2 that are expressed in the floral style of many wheat cultivars. The technique is unfortunately less successful in triticale. However, Imperata cylindrica (a grass) was found to be just as effective as maize with respect to the production of DHs in both wheat and triticale.


=== Application of molecular markers ===
An important advantage of biotechnology applied to plant breeding is the speeding up of cultivar release that would otherwise take 8–12 years. It is the process of selection that is actually enhanced, i.e., retaining that which is desirable or promising and ridding that which is not. This carries with it the aim of changing the genetic structure of the plant population. The website [3] is a valuable resource for marker assisted selection (MAS) protocols relating to R-genes in wheat. MAS is a form of indirect selection. The Catalogue of Gene Symbols mentioned earlier is an additional source of molecular and morphological markers. Again, triticale has not been well characterised with respect to molecular markers, although an abundance of rye molecular markers makes it possible to track rye chromosomes and segments thereof within a triticale background.
Yield improvements of up to 20% have been achieved in hybrid triticale cultivars due to heterosis. This raises the question of what inbred lines should be crossed (to produce hybrids) with each other as parents to maximize yield in their hybrid progeny. This is termed the 'combining ability' of the parental lines. The identification of good combining ability at an early stage in the breeding programme can reduce the costs associated with 'carrying' a large number of plants (literally thousands) through it, and thus forms part of efficient selection. Combining ability is assessed by taking into consideration all available information on descent (genetic relatedness), morphology, qualitative (simply inherited) traits and biochemical and molecular markers. Exceptionally little information exists on the use of molecular markers to predict heterosis in triticale. Molecular markers are generally accepted as better predictors than morphological markers (of agronomic traits) due to their insensitivity to variation in environmental conditions.
A useful molecular marker known as a simple sequence repeat (SSR) is used in breeding with respect to selection. SSRs are segments of a genome composed of tandem repeats of a short sequence of nucleotides, usually two to six base pairs. They are popular tools in genetics and breeding because of their relative abundance compared to other marker types, a high degree of polymorphism (number of variants), and easy assaying by polymerase chain reaction. However, they are expensive to identify and develop. Comparative genome mapping has revealed a high degree of similarity in terms of sequence colinearity between closely related crop species. This allows the exchange of such markers within a group of related species, such as wheat, rye and triticale. One study established a 58% and 39% transferability rate to triticale from wheat and rye, respectively. Transferability refers to the phenomenon where the sequence of DNA nucleotides flanking the SSR locus (position on the chromosome) is sufficiently homologous (similar) between genomes of closely related species. Thus, DNA primers (generally, a short sequence of nucleotides used to direct the copying reaction during PCR) designed for one species can be used to detect SSRs in related species. SSR markers are available in wheat and rye, but very few, if any, are available for triticale.


=== Genetic transformation ===
The genetic transformation of crops involves the incorporation of 'foreign' genes or, rather, very small DNA fragments compared to introgression discussed earlier. Amongst other uses, transformation is a useful tool to introduce new traits or characteristics into the transformed crop. Two methods are commonly employed: infectious bacterial-mediated (usually Agrobacterium) transfer and biolistics, with the latter being most commonly applied to allopolyploid cereals such as triticale. Agrobacterium-mediated transformation, however, holds several advantages, such as a low level of DNA rearrangement in the transgenic plant, a low number of introduced copies of the transforming DNA, stable integration of an a-priori characterized T-DNA fragment (containing the DNA expressing the trait of interest) and an expected higher level of transgene expression. Triticale has, until recently, only been transformed via biolistics, with a 3.3% success rate. Little has been documented on Agrobacterium-mediated transformation of wheat: while no data existed with respect to triticale until 2005, the success rate in later work was nevertheless low.


== Research ==

Triticale holds much promise as a commercial crop, as it has the potential to address specific problems within the cereal industry. Research is currently being conducted worldwide in places like Stellenbosch University in South Africa.
Conventional plant breeding has helped establish triticale as a valuable crop, especially where conditions are less favourable for wheat cultivation. Triticale being a synthesized grain notwithstanding, many initial limitations, such as an inability to reproduce due to infertility and seed shrivelling, low yield and poor nutritional value, have been largely eliminated.
Tissue culture techniques with respect to wheat and triticale have seen continuous improvements, but the isolation and culturing of individual microspores seems to hold the most promise. Many molecular markers can be applied to marker-assisted gene transfer, but the expression of R-genes in the new genetic background of triticale remains to be investigated. More than 750 wheat microsatellite primer pairs are available in public wheat breeding programmes, and could be exploited in the development of SSRs in triticale. Another type of molecular marker, single nucleotide polymorphism (SNP), is likely to have a significant impact on the future of triticale breeding.


== Health concerns ==

Like both its hybrid parents – wheat and rye – triticale contains gluten and is therefore unsuitable for people with gluten-related disorders, such as celiac disease, non-celiac gluten sensitivity and wheat allergy, among others.


== In fiction ==
An episode of the popular TV series Star Trek, ""The Trouble with Tribbles"", revolved around the protection of a grain developed from triticale. This grain was named ""quadro-triticale"" by writer David Gerrold at the suggestion of producer Gene Coon, with four distinct lobes per kernel. In that episode Mr. Spock attributes the ancestry of the nonfictional grain to 20th-century Canada.
Indeed, in 1953 the University of Manitoba began the first North American triticale breeding program. Early breeding efforts concentrated on developing a high-yield, drought-tolerant human food crop species suitable for marginal wheat-producing areas. (Later in the episode, Chekov claims that the fictional quadro-triticale was a ""Russian invention"".)
A later episode titled ""More Tribbles, More Troubles"", in the animated series, also written by Gerrold, dealt with ""quinto-triticale"", an improvement on the original, having apparently five lobes per kernel.
Three decades later the spinoff series Star Trek: Deep Space Nine revisited quadro-triticale and the depredations of the Tribbles in the episode ""Trials and Tribble-ations"".


== References ==","Triticale is typically planted in the fall or early spring, depending on the climate and intended use, with the goal of harvesting it for forage or grain.","Triticale (× Triticosecale), () is a hybrid of wheat (Triticum) and rye (Secale) first bred in laboratories during the late 19th century.",0,1,unsupported,0.987719675841,-0.17558258727396123,-5.794225380040721,33,,0.9491196870803833,-0.200736035137,1.80911462082,0.6954902562538892,4,-1.23563935083,0.0,0.0,0.0,1.0,0.251220703125,0.01318359375,0.7353515625,-0.027496115937559518,0.49312640406754227,0.6322076101616706,0.5131736523778971,0.5,abstain
Q605_364,wikiqa,what does the professional designation master mean,"Professional certification, trade certification, or professional designation, often called simply certification or qualification, is a designation earned by a person to assure qualification to perform a job or task. Not all certifications that use post-nominal letters are an acknowledgement of educational achievement, or an agency appointed to safeguard the public interest.


== Overview ==

A certification is a third-party attestation of an individual's level of knowledge or proficiency in a certain industry or profession. They are granted by authorities in the field, such as professional societies and colleges, or by private certificate-granting agencies. Most certifications are time-limited; some expire after a period of time (e.g., the lifetime of a product that requires certification for use), while others can be renewed indefinitely as long as certain requirements are met. Renewal usually requires ongoing education to remain up-to-date on advancements in the field, evidenced by earning the specified number of continuing education credits (CECs), or continuing education units (CEUs), from approved professional development courses.
Certification is different from occupational licensing. In the United States, licenses are typically issued by state agencies, whereas certifications are usually awarded by professional societies or educational institutes. Obtaining a certificate is voluntary in some fields, but in others, certification from a government-accredited agency may be legally required to perform certain jobs or tasks. In other countries, licenses are typically granted by professional societies or universities and require a certificate after about three to five years and so on thereafter. The assessment process for certification may be more comprehensive than that of licensure, though sometimes the assessment process is very similar or even the same, despite differing in terms of legal status.
According to The Guide to National Professional Certification Programs (1997) by Phillip Barnhart, ""certifications are portable, since they do not depend on one company's definition of a certain job"" and they provide potential employers with ""an impartial, third-party endorsement of an individual's professional knowledge and experience"".
Many certification programs are affiliated with professional associations, trade organizations, or private vendors interested in raising industry standards. Certification programs are often created or endorsed by professional associations, but are typically completely independent from membership organizations. Certifications are very common in fields such as aviation, construction, technology, environment, and other industrial sectors, as well as healthcare, business, real estate, and finance.
The American National Standards Institute (ANSI) defines the standard for being a certifying agency as meeting the following two requirements:

Delivering an assessment based on industry knowledge that is independent from training courses or course providers
Granting a time-limited credential to anyone who meets the assessment standards
The Institute for Credentialing Excellence (ICE) is a U.S.-based organization that sets standards for the accreditation of personnel certification and certificate programs based on the Standards for Educational and Psychological Testing, a joint publication of the American Educational Research Association (AERA), the American Psychological Association (APA), and the National Council on Measurement in Education (NCME). Many members of the Association of Test Publishers (ATP) are also certification organizations.


== Categorization ==
There are three general types of certification. Listed in order of development level and portability, they are: corporate (internal), product-specific, and profession-wide.
Corporate, or ""internal"" certifications, are made by a corporation or low-stakes organization for internal purposes. For example, a corporation might require a one-day training course for all sales personnel, after which they receive a certificate. While this certificate has limited portability – to other corporations, for example – it is the most simple to develop.
Product-specific certifications are more involved, and are intended to be referenced to a product across all applications. This approach is very prevalent in the information technology (IT) industry, where personnel are certified on a version of software or hardware. This type of certification is portable across locations (for example, different corporations that use that software), but not across other products. Another example could be the certifications issued for shipping personnel, which are under international standards even for the recognition of the certification body, under the International Maritime Organization (IMO).
The most general type of certification is profession-wide. Certification in the medical profession is often offered by particular specialties. In order to apply professional standards, increase the level of practice, and protect the public, a professional organization might establish a certification. This is intended to be portable to all places a certified professional might work. Of course, this generalization increases the cost of such a program; the process to establish a legally defensible assessment of an entire profession is very extensive. An example of this is a certified public accountant (CPA), which would not be certified for just one corporation or one piece of accountancy software but for general work in the profession.


== Professional certificates awarded by tertiary education providers ==

Many tertiary education providers grant professional certificates as an award for the completion of an educational program. The curriculum of a professional certificate is most often in a focused subject matter. Many professional certificates have the same curriculum as master's degrees in the same subject. Many other professional certificates offer the same courses as master's degrees in the same subject, but require the student to take fewer total courses to complete the program. Some professional certificates have a curriculum that more closely resembles a baccalaureate major in the same field.  The typical professional certificate program is between 200 and 300 class-hours in size. It is uncommon for a program to be larger or smaller than that. Most professional certificate programs are open enrollment, but some have admissions processes. A few universities put some of their professional certificates into a subclass they refer to as advanced professional certificates.


=== Advanced professional certificate ===
Advanced professional certificates are professional credentials designed to help professionals enhance their job performance and marketability in their respective fields. In many other countries, certificates are qualifications in higher education. In the United States, a certificate may be offered by an institute of higher education. These certificates usually signify that a student has reached a standard of knowledge of a certain vocational subject. Certificate programs can be completed more quickly than associate degrees and often do not have general education requirements.
An advanced professional certificate is a result of an educational process designed for individuals. Certificates are designed for both newcomers to the industry as well as seasoned professionals. Certificates are awarded by an educational program or academic institution. Completion of a certificate program indicates completion of a course or series of courses with a specific concentration that is different from an educational degree program. Course content for an advanced certificate is set forth through a variety of sources i.e. faculty, committee, instructors, and other subject matter experts in a related field. The end goal of an advanced professional certificate is so that professionals may demonstrate knowledge of course content at the end of a set period in time.


== Areas of certification ==


=== Accountancy, auditing and finance ===

There are many professional bodies for accountants and auditors throughout the world; some of them are legally recognized in their jurisdictions.
Public accountants are the accountancy and control experts that are legally certified in different jurisdictions to work in public practices, certifying accounts as statutory auditors, eventually selling advice and services to other individuals and businesses. Today, however, many work within private corporations, financial industry, and government bodies.


==== Accounting and external auditing ====
Cf. Accountancy qualifications and regulation

CPA (Chartered Professional Accountant), the unified accounting designation in Canada conferred by CPA Canada.
CA or Chartered Accountant conferred by the Institute of Chartered Accountants of India.
Institute of Chartered Accountants within the Commonwealth e.g. Australia and New Zealand, South Africa, Canada (before merger into CPA).  With mutual recognition with each other and with the UK
ACA, FCA or CA (Chartered Accountant) conferred by Institutes of Chartered Accountants in various territories, namely the United Kingdom of Great Britain and Northern Ireland and the Republic of Ireland.
ACMA or FCMA (Associate or Fellow Chartered Management Accountant) conferred by the Chartered Institute of Management Accountants (UK)
Associate or Fellow Chartered Certified Accountant (ACCA or FCCA) conferred by Association of Chartered Certified Accountants (UK)
AFA or FFA (Associate or Fellow Incorporated Financial Accountant) conferred by the Institute of Financial Accountants (UK)
AAIA or FAIA (Associate or Fellow International Accountant) conferred by Association of International Accountants
MIPA or FIPA (Member or Fellow of the Institute of Public Accountants who use the designation ""Public Accountant"") conferred by the Institute of Public Accountants (Australia)
CPA (Certified Public Accountant) conferred by State Accountancy Boards in the US, Hong-Kong, Canada ...
CMA (Certified Management Accountant) conferred by Institute of Certified Management Accountants (ICMA in Australia), Institute of Management Accountants (IMA in US)
CCC (Chartered Cost Controllers) issued and conferred by the American Academy of Financial Management USA Certifying Board (AAFM)
CFS (Certified Finance Specialist) conferred by IQN


==== Internal auditing and fraud combat ====
CIA (Certified Internal Auditor): CCSA, Certification in Control Self Assessment; CGAP, Certified Government Auditing Professional; CRMA, Certification in Risk Management Assurance; QIAL, Qualification in Internal Audit Leadership, conferred by the internationally recognized Institute of Internal Auditors (IIA) headquartered in Lake Mary, Florida, with chapters in many countries
CFE (Certified Fraud Examiner) conferred by the Association of Certified Fraud Examiners (ACFE) headquartered in Texas with chapters in many countries
CFF (Certified in Financial Forensics) awarded by the American Institute of CPAs
CISA (Certified Information Systems Auditor) awarded by the Information Systems Audit and Control Association headquartered in the US with chapters in many countries
CAMS (Certified Anti-Money Laundering Specialist) offered by Association of Certified Anti-Money Laundering Specialists (ACAMS) and advanced CAMS
CGSS (Certified Global Sanctions Specialist) conferred by Association of Certified Anti-Money Laundering Specialists (ACAMS)


==== Finance ====
CFA (Chartered Financial Analyst) conferred by CFA Institute (CFA)
CIIA (Certified International Investment Analyst) conferred by the Association of Certified International Investment Analysts (ACIIA)


===== Investments =====
CFA (Chartered Financial Analyst) conferred by CFA Institute (CFA)
CFOA (Certified Futures and Options Analyst), conferred by the International Council for Derivative Trading (ICFDT)
CIPM (Certificate in Investment Performance Measurement) conferred by CFA Institute (CFA)
CIIA (Certified International Investment Analyst) conferred by the Association of Certified International Investment Analysts (ACIIA)
ASA (Accredited Senior Appraiser), AM (Accredited Member), and CEIV (Certified in Entity and Intangible Valuations) conferred by the American Society of Appraisers
CBV (Chartered Business Valuator) conferred by the CBV Institute.
CAIA (Chartered Alternative Investment Analyst) conferred by the CAIA Association
FRM (Financial Risk Manager) conferred by Global Association of Risk Professionals (GARP)
PRM (Professional Risk Manager) conferred by Professional Risk Managers' International Association (PRMIA)
FMVA (Financial Modeling and Valuation Analyst) conferred by Corporate Finance Institute (CFI).
CQF (Certificate in Quantitative Finance), conferred by the CQF Institute 


===== Payroll =====
CPP (Certified Payroll Professional) and FPC (Fundamental Payroll Specialist) conferred by the American Payroll Association.
Payroll Compliance Practitioner (PCP) and Certified Payroll Manager (CPM) conferred by the National Payroll Institute


===== Personal finance =====
CFA (Chartered Financial Analyst) conferred by CFA Institute (CFA)
CFP (Certified Financial Planner) conferred by Certified Financial Planner Board of Standards and Financial Planning Standards Board
EA (Enrolled Agent) by the Internal Revenue Service (IRS)


===== Public finance =====
CCMT (Certified California Municipal Treasurer) conferred by California Municipal Treasurers Association (CMTA)
CGAP (Certified Government Auditing Professional) conferred by the Institute of Internal Auditors, based on the US Government Auditing Standards (Yellow Book) and additionally on COSO, IIA standards and INTOSAI ISSAI standards recognized worldwide in public finance
CDFM (Certified Defense Financial Manager) conferred by Society of Defense Financial Management (SDFM) (previously named American Society of Military Comptrollers (ASMC))
CFO (Certified Financial Officer) conferred by the Carl Vinson Institute of Government of the University of Georgia
CGFM (Certified Government Financial Manager) conferred by Association of Government Accountants (AGA)
CGAT (Certified Governmental Accounting Technician), conferred by Government Finance Officers Association of Alabama
CGFO (Certified Government Finance Officer) conferred by Government Finance Officers Association of Texas (GFOAT)
CMFO (Certified Municipal Finance Officer) conferred by Government Finance Officers of New Jersey, Rutgers University, and the State of New Jersey
CMFO (Certified Municipal Finance Officer) conferred by Tennessee Comptroller of the Treasury and the Municipal Technical Advisory Service
CPFO (Certified Public Finance Officer) conferred by Government Finance Officers Association
CPFA (Certified Public Finance Administrator) conferred by Association of Public Treasurers of the United States and Canada (APTUSC)


=== Architecture ===
AIA (Member, American Institute of Architects) conferred by American Institute of Architects
FAIA (Fellow, American Institute of Architects) conferred by American Institute of Architects
RA (Registered Architect) conferred by National Council of Architecture Registration Boards
NCARB (Certified) issued by National Council of Architecture Registration Boards – this allows for state-state reciprocity.


=== Archival science, information privacy, and records management ===
CA (Certified Archivist), conferred by Academy of Certified Archivists
CIPM (Certified Information Privacy Manager) conferred by International Association of Privacy Professionals
CIPP (Certified Information Privacy Professional) conferred by International Association of Privacy Professionals
CIPT (Certified Information Privacy Technologist) conferred by International Association of Privacy Professionals
CRA (Certified Records Analyst) conferred by Institute of Certified Records Managers
CRM (Certified Records Manager) conferred by Institute of Certified Records Managers
IGP (Information Governance Professional) conferred by ARMA International


=== Aviation ===
Aviators are certified through theoretical and in-flight examinations. Requirements for certifications are quite equal in most countries and are regulated by each National Aviation Authority. The existing certificates or pilot licenses are:

SPL (Sport Pilot License) conferred by the FAA (Federal Aviation Administration)
PPL (Private Pilot License) conferred by the FAA (Federal Aviation Administration) or JAA (Joint Aviation Authorities)
CPL (Commercial Pilot Licence) conferred by the FAA (Federal Aviation Administration) or JAA (Joint Aviation Authorities)
ATP (Airline Transport Pilot) conferred by the FAA (Federal Aviation Administration) or JAA (Joint Aviation Authorities)
Licensing in these categories require not only examinations but also a minimum number of flight hours. All categories are available for Fixed-Wing Aircraft (airplanes) and Rotatory-Wing Aircraft (helicopters). Within each category, aviators may also obtain certifications in:

Instrument Flight Rules (IFR)
Multi-engine aircraft
Turbojet Engines
Jet Engines
Experimental aircraft
Amphibious aircraft
Seaplanes
Usually, aviators must be certified also in their log books for the type and model of aircraft they are allowed to fly. Currency checks as well as regular medical check-ups with a frequency of 6 months, 12 months, or 36 months, depending on the type of flying permitted, are obligatory. An aviator can fly only if holding:

A valid pilot license
A valid medical certificate
Valid certifications for the type of aircraft and type of flight.
In Europe, the ANSP, ATCO & ANSP technicians are certified according to EUROCONTROL Safety Regulatory Requirement (ESARRs) (according to EU regulation 2096/2005 ""Common Requirements"").


=== Biomedical ===
BMD (Biomedical Electronics Technician) conferred by Electronics Technicians Association
BIET (Biomedical Imaging Electronics Technician) conferred by Electronics Technicians Association


=== Chiropractic ===


=== Communications ===
In the United States, several communications certifications are conferred by the Electronics Technicians Association.


=== Computer technology ===
Certification is often used in the professions of software engineering and information technology.

CITP (Chartered IT Professional) conferred by British Computer Society, The Institution of Engineering and Technology and by other professional engineering institutions in the UK and commonwealth


=== Dance ===
Conferred by the International Dance Council CID at UNESCO, the International Certification of Dance Studies is awarded to students who have completed 150 hours of classes in a specific form of dance for Level 1. Another 150 hours are required for Level 2 and so on till Level 10. This is the only international certification for dance since the International Dance Council CID is the official body for all forms of dance; it is usually given in addition to local or national certificates, that is why it is colloquially called ""the dancer's passport"". Students cannot apply for this certification directly – they have to ask their school to apply on their behalf. This certification is awarded free of charge, there is no cost other than membership fees.
International Dance Council CID at UNESCO administers the International Certification of Dance Studies.


=== Data management ===
Business Intelligence and Data Analyst (BIDA) by Corporate Finance Institute (CFI).
Certified Data Management Professional (CDMP) by DAMA International.


=== Dentistry ===


=== Electronics ===
In the United States, several electronics certifications are provided by the Electronics Technicians Association.


=== Emergency management ===

The Federal Emergency Management Agency's EMI offers credentials and training opportunities for United States citizens. Students do not have to be employed by FEMA or be federal employees for some of the programs.


=== Engineering ===

Professional engineering is any act of planning, designing, composing, measuring, evaluating, inspecting, advising, reporting, directing or supervising, or managing any of the foregoing, that requires the application of engineering principles and that concerns the safeguarding of life, health, property, economic interests, the public interest or the environment.

P.Eng. (Professional Engineer), conferred by provincial licensing bodies in Canada.
Ir. or P.Eng. (Professional Engineer), conferred by Board of Engineers Malaysia (BEM) in Malaysia.
PE (Professional Engineer), conferred by Pakistan Engineering Council (PEC) and state licensing bodies in the United States.
PE (Power Engineer), conferred by provincial safety authorities in Canada.
EUR ING (European Engineer), conferred by the European Federation of National Engineering Associations (FEANI).
C.Eng. (Chartered Engineer), conferred by professional engineering institutions in the UK and commonwealth.
SMIEEE (Senior member of the IEEE), a professional designation throughout all of the United States.
CET (certified engineering technologist) or AScT (applied science technologist), conferred by provincial licensing bodies in Canada.
SPE Society of Petroleum Engineers Certificate Is a program whereby it certifies the technical knowledge of petroleum engineers. The certification is granted based on an examination in conjunction with experience of the applicant.


=== Event planning ===
Event planning includes budgeting, scheduling, site selection, acquiring necessary permits, coordinating transportation and parking, arranging for speakers or entertainers, arranging decor, event security, catering, coordinating with third-party vendors, and emergency plans.


=== Warehousing management ===
A warehouse management system (WMS) is a part of the supply chain and primarily aims to control the movement and storage of materials within a warehouse and process the associated transactions, including shipping, receiving, putaway and picking. The systems also direct and optimize stock putaway based on real-time information about the status of bin utilization. A WMS monitors the progress of products through the warehouse. It involves the physical warehouse infrastructure, tracking systems, and communication between product stations.
More precisely, warehouse management involves the receipt, storage and movement of goods, (normally finished goods), to intermediate storage locations or to a final customer. In the multi-echelon model for distribution, there may be multiple levels of warehouses. This includes a central warehouse, a regional warehouses (serviced by the central warehouse) and potentially retail warehouses (serviced by the regional warehouses).


=== Environment ===
CEnvP – Certified Environmental Practitioner of Australia and New Zealand (CEnvP)


=== Environmental health ===
CPHI(C) – Certified Public Health Inspector (Canada)


=== Explosive atmospheres ===
IECEx covers the specialized field of explosion protection associated with the use of equipment in areas where flammable gases, liquids and combustible dusts may be present. This system provides the assurance that equipment is manufactured to meet safety standards, and that services such as installation, repair and overhaul also comply with IEC International Standards on 60079 series. The UNECE (United Nations Economic Commission for Europe), cited IECEx as one example of a practice model for the verification of conformity to IEC Standards, for European smaller countries with no certification schemes for such equipment. It published a ""Common Regulatory Framework"" as a suggestion for those countries implementing a certification program for the explosive atmospheres' segment.


=== Fiber optics and data cabling ===
DCI (Data Cabling Installer) conferred by Electronics Technicians Association
FOI (Fiber Optics Installer) conferred by Electronics Technicians Association
FOT (Fiber Optics Technician) conferred by Electronics Technicians Association
FOT-OSP (Fiber Optics Technician-Outside Plant) conferred by Electronics Technicians Association
FOD (Fiber Optics Designer) conferred by Electronics Technicians Association
TTT (Termination and Testing Technician) conferred by Electronics Technicians Association


=== Genealogy ===
CG (Certified Genealogist) conferred by the Board for Certification of Genealogists (BCG).
CGL (Certified Genealogical Lecturer) conferred by the Board for Certification of Genealogists (BCG).


=== Health leadership ===
CHE (Certified Health Executive) conferred by the Canadian College of Health Leaders (CCHL)


=== Hospitality and tourism ===
CHA (Certified Hotel Administrator) conferred by American Hotel & Lodging Association
CMP (Certified Meeting Professional) conferred by Convention Industry Council
CEM (Certified in Exhibition Management) conferred by International Association of Exhibitions and Events


=== Insurance and risk management ===
In the United States, insurance professionals are licensed separately by each state. Many individuals seek one or more certifications to distinguish themselves from their peers.

American College of Financial Services:
Chartered Life Underwriter (CLU)
Chartered Financial Consultant (ChFC)
Academy of Professional Certification (APC) NGO:
Certified Professional - Enterprise Risk Management (CP-ERM)
ISO31000 Lead Risk Manager & Auditor  (ISO 31000 LRMA )
American Institute For Chartered Property Casualty Underwriters (The Institutes):
Chartered Property Casualty Underwriter (CPCU®)
Associate in Risk Management (ARM)
National Alliance for Insurance Education & Research administers the Certified Insurance Counselor (CIC)
 Professional Liability Underwriting Society (PLUS) administers Registered Professional Liability Underwriter (RPLU).


=== Language education ===
TESOL is a large field of employment with widely varying degrees of regulation. Most provision worldwide is through the state school system of each individual country, and as such, the instructors tend to be trained primary- or secondary school teachers who are native speakers of the language of their pupils, and not of English. Though native speakers of English have been working in non-English speaking countries in this capacity for years, it was not until the last twenty-five years or so that there was any widespread focus on training particularly for this field. Previously, workers in this sort of job were people engaging in backpacker tourism hoping to earn some extra travel money or well-educated professionals in other fields volunteering, or retired people. These sorts of people are certainly still to be found, but there are many who consider TESOL their main profession.
One of the problems facing these full-time teachers is the absence of an international governing body for the certification or licensure of English language teachers. However, Cambridge University and its subsidiary body UCLES are pioneers in trying to get some degree of accountability and quality control to consumers of English courses, through their CELTA and DELTA programs. Trinity College London has equivalent programs, the CertTESOL and the LTCL DipTESOL. They offer initial certificates in teaching, in which candidates are trained in language awareness and classroom techniques, and given a chance to practice teaching, after which feedback is reported. Both institutions have as a follow-up a professional diploma, usually taken after a year or two in the field. Although the initial certificate is available to anyone with a high school education, the diploma is meant to be a post-graduate qualification and can in fact be incorporated into a master's degree program.


=== Legal affairs ===

An increasing number of attorneys are choosing to be recognized as having special expertise in certain fields of law. According to the American Bar Association, a lawyer who is a certified specialist has been recognized by an independent professional certifying organization as having an enhanced level of skill and expertise, as well as substantial involvement in an established legal specialty. These organizations require a lawyer to demonstrate special training, experience and knowledge to ensure that the lawyer's recognition is meaningful and reliable. Lawyer conduct with regard to specialty certification is regulated by the states.
Legal administrators vary in their day-to-day responsibilities and job requirements. The Association of Legal Administrators (ALA) is the credentialing body of the Certified Legal Manager (CLM) certification program. CLMs are recognized as administrators who have passed a comprehensive examination and have met other eligibility requirements.:


=== Logistics and transport ===
Logistician is the profession in the logistics and transport sectors, including sea, air, land and rail modes. Professional qualification for logisticians usually carries post-nominal letters.
Certification granting bodies include, but are not limited to, Institute for Supply Management (ISM), Association for Operations Management (APICS), Chartered Institute of Logistics and Transport (CILT), International Society of Logistics (SOLE), Canadian Institute of Traffic and Transportation (CITT), and Allied Council for Commerce and Logistics (ACCL).


=== Management Consulting ===
Management consulting is the practice of providing consulting services to organizations to improve their performance or in any way to assist in achieving any sort of organizational objectives.
The profession's primary certification is the ""Certified Management Consultant"" (CMC) designation.
Certification granting bodies are the approximately 50 Institutes of Management Consulting belonging to the International Council of Management Consulting Institutes (ICMCI).


=== Marketing ===
CME (Certified Marketing Executive), conferred by Sales & Marketing Executives International, Inc..


=== Ministers ===
Churches have their own process of who may use various religious titles. Protestant churches typically require a Masters of Divinity, accreditation by the denomination and ordination by the local church in order for a minister to become a ""Reverend"". Those qualifications may or may not also give government authorization to solemnize marriages.


=== Medicine ===

Board certification is the process by which a physician in the United States documents by written, practical or computer based testing, illustrating a mastery of knowledge and skills that define a particular area of medical specialization. The American Board of Medical Specialties, a not-for-profit organization, assists 24 approved medical specialty boards in the development and use of standards in the ongoing evaluation and certification of physicians.
Medical specialty certification in the United States is a voluntary process. While medical licensure sets the minimum competency requirements to diagnose and treat patients, it is not specialty specific. Board certification demonstrates a physician's exceptional expertise in a particular specialty or sub-specialty of medical practice.
Patients, physicians, health care providers, insurers and quality organizations regard certification as an important measure of a physician's knowledge, experience and skills to provide quality health care within a given specialty.
Other professional certifications include certifications such as medical licenses, Membership of the Royal College of Physicians, Fellowship of the Royal College of Physicians and Surgeons of Canada, nursing board certification, diplomas in social work. The Commission for Certification in Geriatric Pharmacy certifies pharmacists that are knowledgeable about principles of geriatric pharmacotherapy and the provision of pharmaceutical care to the elderly. Additional certifying bodies relating to the medical field include:

Royal Australian and New Zealand College of Radiologists
American College of Emergency Physicians
Royal Australasian College of Physicians
Fellowship of the Royal College of Surgeons
Membership of the College of Emergency Medicine
Joint Commission on Allied Health Personnel in Ophthalmology
American Registry for Diagnostic Medical Sonography


=== Peer support ===
NCPRP stands for ""National Certified Peer Recovery Professional"", and the NCPRP credential and exam were developed in collaboration with the International Certification Board of Recovery Professionals (ICBRP) and is currently being administered by PARfessionals.
PARfessionals is a professional organization and all of the available courses are professional development and pre-certification courses.
The NCPRP credential and exam focus primarily on the concept of peer recovery through mental health and addiction recovery. It has the main purpose of training student-candidates on how to become peer recovery professionals who can provide guidance, knowledge or assistance for individuals who have had similar experiences.
Each student-candidate must complete several key steps which include initial registration; the pre-certification review course; and all applicable sections of the official application in order to become eligible to complete the final step, which is the NCPRP certification exam.
The NCPRP credential is obtained once a participant successfully passes the NCPRP certification exam by the second attempt and is valid for five years.


=== Physical asset management ===
MMP – Maintenance Management Professional


=== Project management ===
Organizations that offer various certifications include:

American Academy of Project Management
Project Management Institute
Stanford University through the Stanford Advanced Project Management Certificate Program
Association for Project Management


=== Public relations ===
In the US, the Universal Accreditation Board, an organization composed of the Public Relations Society of America, the Agricultural Relations Council, the National School Public Relations Association, the Religious Communicators Council and other public relations professional societies, administers the Accreditation in Public Relations (APR), a voluntary certification program for public relations practitioners.


=== Real estate management ===
The Building Owners and Managers Association and the International Facility Management Association offer professional certifications for the operation and management of commercial properties.


=== Renewable energy ===
PVIP (PV Installation Professional) conferred by North American Board of Certified Energy Practitioners
PVDS (PV Design Specialist) conferred by North American Board of Certified Energy Practitioners
PVIS (PV Installation Specialist) conferred by North American Board of Certified Energy Practitioners
PVCMS (PV Commissioning & Maintenance Specialist) conferred by North American Board of Certified Energy Practitioners
PVSI (PV System Inspector) conferred by North American Board of Certified Energy Practitioners
PVTS (PV Technical Sales) conferred by North American Board of Certified Energy Practitioners
SHI (Solar Heating Installer) conferred by North American Board of Certified Energy Practitioners
SHSI (Solar Heating System Inspector conferred by North American Board of Certified Energy Practitioners
EVT (Electronic Vehicle Technician) conferred by Electronics Technicians Association
PVI (Photovoltaic Installer) conferred by Electronics Technicians Association
SWI (Small Wind Installer) conferred by Electronics Technicians Association


=== Safety and Occupational Hygiene ===
Certified Safety Professional offered by the Board of Certified Safety Professionals
Certified Industrial Hygienist


=== Sales ===
Organizations offering certification include:

Sales & Marketing Executives International
Canadian Professional Sales Association


=== Security ===
ASIS International administers the Certified Protection Professional – Board-Certified in Security Management (CPP)
ASIS International administers the Physical Security Professional, Board-Certified (PSP)
ASIS International administers the Professional Certified Investigator, Board-Certified (PCI)
Association of Certified Fraud Examiners administers the Certified Fraud Examiner (CFE)
International Foundation of Protection Officers administers the Certified Protection Officer (CPO)
Society of Payment Security Professionals (SPSP) administers the Certified Payment-Card Industry Security Manager
Certified Information Systems Security Professional (CISSP) from ISC2.org
National Sheriffs' Association administers the Certified Homeland Protection Professional (CHPP) Certification
Associated Locksmiths of America administers the Registered Locksmith (RL) Certification
Associated Locksmiths of America administers the Certified Registered Locksmith (CRL) Certification
Associated Locksmiths of America administers the Certified Professional Locksmith (CPL) Certification
Associated Locksmiths of America administers the Certified Master Locksmith (CML) Certification
Associated Locksmiths of America administers the Certified Professional Safe Technician (CPS) Certification
Associated Locksmiths of America administers the Certified Master Safe Technician (CMST) Certification
Security Industry Association administers the Certified Security Project Manager (CSPM) Certification
The Pennsylvania Security Organization administers the Certified Protection Executive (CPE) and Certified Protection Specialist (CPS) certifications.
ISACA administers the Certified Information Systems Auditor (CISA) certification
ISACA administers the Certified Information Security Manager (CISM) certification
CompTIA administers the CompTIA Security+ certification
EC-Council administers the Certified Ethical Hacker (CEH) certification
GIAC administers the GIAC Security Essentials Certification (GSEC)
ISC2 administers the Systems Security Certified Practitioner (SSCP) certification


=== Sports ===


== Other applications ==
The American Academy of Environmental Engineers board certifies licensed environmental engineers (Board Certified Environmental Engineer—BCEE) and unlicensed environmental engineering practitioners (Board Certified Environmental Engineering Member—BCEEM) for those with a degree in engineering and at least 8 years of practice and responsible charge in environmental engineering.
The American Institute of Floral Designers offers two levels of certification for individuals in the field of professional floral design. Certified Floral Designer (CFD) and accredited membership (AIFD) are both designed to establish a gold standard in professional floral design while ensuring the certified individual maintains that standard through continued education credits. While many state-level floral associations also offer state-level floral design certification known as Master Florist certification, AIFD certification is the highest level of professional floral design awarded in the United States.
The Canadian National Association of Infrared Imaging Technologists (AIIT) awards the IIT designation to infrared thermographers who meet the training standards regulated by the association. AIIT aims to ensure service delivery standards and public trust through regulating training standards, codes of conduct and continuing education.
The Society for Technical Communication (STC) is planning to create a certification program for technical writers in 2011.
The International Society of Arboriculture (ISA) is the International body who administers ANSI-accredited certification programs for arborists and tree care specialists. Certifications vary from Tree Worker to Certified Arborist to Master Arborist.


== Criticisms ==
Political commentators have criticized professional or occupational licensing, especially medical and legal licensing, for restricting the supply of services and therefore making them more expensive, often putting them out of reach of the poor.


== See also ==
Academic inflation
European professional qualification directives
Homologation
Institute for Certification of Computing Professionals
Occupational licensing
Product certification
Professional certification (business)
Professional degree
Tech certificate


== References ==","The professional designation ""Master"" typically refers to a higher level of certification or qualification within a specific field, often indicating advanced expertise, experience, and mastery of the subject matter. It is usually attained through additional education, training, and examination beyond the initial certification level. However, the exact meaning and requirements can vary depending on the profession and the certifying body.","Professional certification, trade certification, or professional designation, often called simply certification or qualification, is a designation earned by a person to assure qualification to perform a job or task.",0,1,unsupported,0.801647531564,-0.15407703435087405,-11.093546473262933,72,,0.7793979644775391,0.974443574556,1.49068280846,0.6055757780872411,4,0.890147818809,1.0,1.0,0.0,0.0,0.9651692708333334,0.011639912923177084,0.023259480794270832,-0.07686233882023957,0.4807938698926153,0.6153370175974993,0.5131736523778971,0.5,abstain
Q412_252,wikiqa,how many championships brian kelly coached,"Brian Keith Kelly (born October 25, 1961) is an American college football coach. He served as the head football coach at Grand Valley State University from 1991 to 2003, Central Michigan University from 2004 to 2006, the University of Cincinnati from 2006 to 2009, the University of Notre Dame from 2010 to 2021 and Louisiana State University (LSU) from 2022 to 2025. He led the Grand Valley State Lakers to consecutive NCAA Division II Football Championships in 2002 and 2003. Kelly's 2012 Notre Dame team reached the 2013 BCS National Championship Game, while his 2018 and 2020 Fighting Irish teams made appearances in the College Football Playoff.


== Early life ==
Kelly was born in Everett, Massachusetts and raised in a Catholic Irish-American family in Chelsea, Massachusetts. He attended St. John's Preparatory School in Danvers, Massachusetts. His father was a Boston politician. He was a four-year club football player at Assumption University as a linebacker. After graduating from Assumption in 1983 with a bachelor's degree in political science, he served as linebackers coach, defensive coordinator and softball coach from 1983 to 1986.


== Coaching career ==


=== Grand Valley State ===
Kelly joined the Grand Valley State University staff in 1987 as a graduate assistant and defensive backs coach for Tom Beck and became the defensive coordinator and recruiting coordinator in 1989. Kelly took over as head coach in 1991. In his final three seasons the Lakers went 41–2, at one point winning 32 consecutive games. The Lakers went 14–0 in 2002 en route to their first national title and went 14–1 in 2003 when they claimed their second national championship. Kelly was named the AFCA Division II Coach of the Year after each of these championship years.
In his 13 years as head coach at Grand Valley State, the Lakers won five conference titles and made six Division II Playoff appearances.
The 2001 Grand Valley team set 77 NCAA, GLIAC, and school records, including the all-time Division II scoring record, averaging 58.4 points per game.
Kelly's record in 13 years at Grand Valley State was 118–35–2.


=== Central Michigan ===
Kelly became the 24th head coach at Central Michigan University after the departure of Mike DeBord following the 2003 season.


==== 2004 season ====
Kelly inherited a team with limited success. Central Michigan had won more than three games only once in the previous four seasons. CMU finished with a 4–7 record in 2004.


==== 2005 season ====
In Kelly's second year at Central Michigan, he coached the team to a 6–5 record—the first winning season in seven years for the Chippewas.


==== 2006 season ====
In his third season, the Chippewas posted a 9–4 record under Kelly en route to winning the MAC Championship over Ohio and qualifying for the Motor City Bowl. At the end of the 2006 season, Kelly left to accept the Cincinnati coaching vacancy three days after CMU won the 2006 MAC Championship. Jeff Quinn was named the interim for Central Michigan's contest in the Motor City Bowl against Middle Tennessee. Kelly's record at Central Michigan in three seasons was 19–16.


=== Cincinnati ===
Kelly was named Cincinnati's head coach on December 3, 2006, following the departure of Mark Dantonio.


==== 2006 season ====
In an unusual move, Cincinnati elected not to appoint an interim coach and asked Kelly to assume his duties immediately by coaching the Bearcats in their bowl game. Central Michigan was also preparing for a bowl appearance, so while Kelly was in Cincinnati preparing the Bearcats, much of his staff remained at Central Michigan to coach the Chippewas. Following Central Michigan's 31–14 win in the Motor City Bowl on December 26, most of his staff joined him in Cincinnati, where they went on to coach Cincinnati to a 27–24 victory over Western Michigan University in that year's International Bowl on January 6.  Cincinnati's victory gave Kelly the unique distinction of having defeated the same team twice in a season as coach of two different teams (Central Michigan had defeated Western Michigan 31–7 earlier that season).


==== 2007 season ====
In his first full season, Kelly led Cincinnati to a competitive position in the Big East; the Bearcats' second ever 10-win season (its first since 1949); and a top-25 ranking. On December 5, 2007, Kelly was named Big East Coach of the Year after leading the Bearcats to a 9–3 record. Coach Kelly later led the Bearcats to a 31–21 victory in the PapaJohns.com Bowl over Southern Miss.


==== 2008 season ====
In 2008, Kelly led Cincinnati to its first ever outright Big East title with key wins over #20 West Virginia and #20 Pittsburgh. The Bearcats had never defeated either team in Big East conference play. Kelly also became the first coach to win all three of the Bearcats' traveling trophies— the Victory Bell (Miami [OH]), the Keg of Nails (Louisville), and the River City Rivalry Trophy (Pitt). The Bearcats played in the Orange Bowl versus the ACC champion, #21 Virginia Tech on January 1, 2009, but lost 20–7. He won Big East Coach of the Year for the 2008 season.


==== 2009 season ====
After beginning the 2009 season unranked in all polls, Kelly's Bearcats reeled off 12 straight victories and finished the regular season undefeated. Going into the bowl season, they were ranked #3 in the BCS Standings and faced the Florida Gators in the Sugar Bowl. Kelly did not coach the team in the 51–24 loss to the Florida Gators because of his departure to Notre Dame.
Among the honors that Cincinnati football achieved in 2009 was the highest academic rating among teams in the top 10 of the current BCS standings, according to the 2009 Graduation Success Rates, released Wednesday, November 18, by the NCAA. Cincinnati, which was fifth in the BCS standings, checked in with a 75 percent NCAA graduation rate and a 71 percent federal government rate, the only team in the BCS top 10 to surpass the 70 percent plateau in both. He won Big East Coach of the Year for the third time. In addition, he won the Home Depot Coach of the Year.
Kelly finished his tenure at Cincinnati with a 34–6 record. He finished second in school history in wins.


=== Notre Dame ===

In December 2009, Kelly agreed to replace Charlie Weis as Notre Dame's head coach. On December 10, Kelly announced that he had taken the position at Notre Dame. He made the decision not to coach the Bearcats in the Sugar Bowl on January 1, 2010, which the Bearcats lost in a blowout to the University of Florida Gators.


==== 2010 season ====
In 2010, Kelly beat Purdue 23–12 in his first game at Notre Dame but lost to Michigan 28–24 the following week. In the following game, they lost on a fake field goal in overtime against Michigan State 34–31. His team lost again at home against #16 Stanford before beating Boston College to put the Irish at 2–3. On October 9, Kelly led the Fighting Irish to a 23–17 win over Pitt, snapping Notre Dame's 2-game losing streak to the Panthers taking the Irish to a 3–3 record on the season.
In late October, Declan Sullivan, a student videographer, was killed during practice when the hydraulic lift he was using collapsed due to high winds. Kelly acknowledged it was his decision to hold practice outdoors that day. The university was fined $77,500 by the Indiana Occupational Health and Safety Administration for safety violations related to the incident.
Kelly led Notre Dame to a 44–20 win over Western Michigan to extend the Irish's winning streak to three games. The next week they faced Navy, losing 35–17 to drop to 4–4 overall.

When the Irish faced Tulsa, they were upset 28–27. They sent out second-string quarterback Tommy Rees who threw an interception with 30 seconds left in the game as the Irish had driven to the Tulsa 28-yard line and a potential game-winning field goal attempt. Two weeks later Notre Dame played against No. 15 Utah, who was heavily favored. Utah was leading 3–0 early, but a special teams touchdown after a deflected punt and three Rees touchdown passes lifted the Notre Dame lead to 28–3. The victory over Utah gave Kelly a 5–5 record. Notre Dame followed that win up with a 27–3 victory over Army to make Kelly and the Fighting Irish bowl eligible. In the final game of the season, Notre Dame snapped an 8-game losing streak against its rival USC, winning 20–16 due to a strong defensive display, despite four turnovers by the Fighting Irish's offense. Kelly's first Fighting Irish team was invited to play in the Sun Bowl, where they beat Miami 33–17.


==== 2011 season ====
In 2011, Notre Dame returned numerous starters from the previous year and was thought to be in contention for a BCS bowl bid. However, in the opening game against South Florida, Notre Dame outgained its opponent 508–254 in yardage but lost 23–20 due to five turnovers (most within scoring range). The next week the Irish built a 24–7 lead against its rival Michigan but lost yet again 35–31 due to five turnovers.
The following week the Irish defeated #15 Michigan State 31–13; the one-sided victory over the Spartans was the first of four wins in a row until the USC Trojans came to South Bend. The Fighting Irish were behind early in the game but were driving toward an apparent tie when a fumbled snap on the Trojan three-yard line was returned by USC for a touchdown. Notre Dame never recovered, turning the ball over three times in the loss.
Notre Dame then went on its second four-game win streak until losing to #4 Stanford 28–14 in the regular season finale. At 8–4, the Irish secured a bid to the Champs Sports Bowl, where they played Florida State. Against Florida State, Notre Dame again built a lead (14–3 after three quarters) but lost 18–14 due to three crucial turnovers, ending the season with an 8–5 record.


==== 2012 season ====

Notre Dame opened their 2012 season with a special season opener in Dublin, Ireland. In the game, they defeated Navy 50–10. Notre Dame won their week 2 game against Purdue at home, winning 20–17, on a field goal by sophomore Kyle Brindza. In week 3, Notre Dame defeated #10 Michigan State by a score of 20–3. In week 4, #11 Notre Dame defeated #18 Michigan by a score of 13–6, recovering six turnovers in the process. The Irish defeated Miami, #17 Stanford, and BYU before playing Oklahoma. At 7–0, Notre Dame traveled to Norman and defeated #8 Oklahoma 30–13, only the fifth home loss for the Sooners under Bob Stoops. On November 3, the Irish narrowly avoided an upset by beating Pittsburgh 29–26 in three overtimes. Notre Dame had rallied from a fourth quarter deficit of 14 points to tie the game late in regulation. On November 10, #4 ranked Notre Dame traveled to Boston College and faced a team known for spoiling Notre Dame perfect seasons. Notre Dame won 21–6, not allowing Boston College to score a touchdown and improving to 10–0. On November 17, Notre Dame went undefeated at home for the first time since 1998 with a 38–0 victory over Wake Forest. On November 18, following the losses of #1 Kansas State and #2 Oregon, Notre Dame was voted the #1 team in the nation for the first time since 1993 and was #1 in the BCS rankings for the first time ever. With a 22–13 defeat of USC, Notre Dame finished the regular season 12–0. On Monday, January 7, 2013, Kelly and the Fighting Irish lost, 42–14, to the Alabama Crimson Tide in the 2013 BCS National Championship Game. Kelly's Irish finished the season ranked #3 in the USA Today Coaches poll and #4 in the Associated Press Top 25 poll. In 2014, Notre Dame discovered that an athletic trainer had provided impermissible help to eight players during this and the following season. Notre Dame reported this violation to the NCAA, and was then controversially forced on November 22, 2016, to vacate all of their 2012 (and 2013) victories, finishing the season with an adjusted record of 0–1, after the NCAA rejected Notre Dame's appeal on February 13, 2018. Kelly earned AFCA Coach of the Year, AP Coach of the Year, Eddie Robinson Coach of the Year, Bear Bryant Coach of the Year, Walter Camp Coach of the Year, and Home Depot Coach of the Year for his 2012 season.


==== 2013 season ====
The Spring of the 2013 season saw Notre Dame lose its starting quarterback Everett Golson for academic violations(later revealed to be cheating on a test) leading Brian Kelly to name Tommy Rees as the starting quarterback. Notre Dame opened the season playing Temple and won 28–6. The following week was against Michigan in Ann Arbor with Notre Dame losing 30–41. Due to academic violations, Notre Dame was controversially forced on November 22, 2016, to vacate all nine of their 2013 victories, finishing the season with an adjusted record of 0–4, after the NCAA rejected Notre Dame's appeal on February 13, 2018.


==== 2014 season ====
In 2014, #17 Notre Dame started off the season with a 48–17 victory over Rice. In the next game, they defeated Michigan by a score of 31–0. The team won their next four games to go to 6–0 and a #5 ranking. The Irish dropped their matchup with #2 Florida State 31–27. The Irish closed the season by losing four of the next five games before upsetting LSU 31–28 in the Music City Bowl to finish 8–5.


==== 2015 season ====
Notre Dame started the season with a #11 ranking in the AP Poll. They opened their 2015 season against Texas with a 38–3 win. During the game, starting running back Tarean Folston sustained an injury to his right knee ending his season. In the following game against Virginia, starting quarterback Malik Zaire suffered a broken ankle  leading to DeShone Kizer finishing the game for Notre Dame. Kizer remained the Notre Dame quarterback for the rest of the season, a campaign in which the Irish won 10 games against 3 losses, the latter including a loss to #7 Ohio State in the Fiesta Bowl.


==== 2016 season ====
Notre Dame's season started with #10 ranking in the AP Poll. Their first game was a back-and-forth 2OT 50–47 loss to Texas. Kelly's Irish lost three games in which they held a double-digit first-half lead, while also losing three games to teams who were not bowl-eligible in 2016. In particular, Kelly faced criticism after a 10–3 loss to NC State. In this game, Kelly called 31 passing plays in Hurricane Matthew, resulting in 17 incompletions, five sacks, and only 113 yards of total offense. Notre Dame brought about a change in their defense by firing their defensive coordinator Brian VanGorder after a 38–35 home loss to Duke. In 2016, Notre Dame finished 4–8, which was its worst record in a decade.


==== 2017 season ====
The Irish were considered to be playoff contenders for the majority of the season despite a 20–19 early loss to the Georgia Bulldogs, who went on to win the SEC Championship. The Irish continued to do well on the strength of running back and Heisman Trophy hopeful Josh Adams's performance. The Irish were 8–1 before dropping two of their last three games to Miami and Stanford. In 2017, the Irish bounced back from a 4–8 season by going 10–3, including a win over the #16 LSU Tigers in the Citrus Bowl. The team had two offensive linemen drafted in the top 10 of the 2018 NFL draft, Quenton Nelson by the Indianapolis Colts and Mike McGlinchey by the San Francisco 49ers.


==== 2018 season ====
The Irish opened the 2018 season at home against Michigan and won, 24–17. The Irish then won the remainder of their regular season games, including victories over #7 Stanford, #24 Virginia Tech,  #12 Syracuse, and Northwestern. This led to Notre Dame's first undefeated regular season since 2012. They were ranked #3 in the nation by the College Football Playoff committee as of December 2, 2018, and selected to play in the College Football Playoff Semifinal at the Goodyear Cotton Bowl Classic against Clemson on December 29, 2018. Notre Dame's undefeated streak came to an end after losing to Clemson 30–3 to finish the season at 12–1. He was named AP Coach of the Year and Home Depot Coach of the Year for the 2018 season.


==== 2019 season ====
Kelly and the Fighting Irish started off the season with a #9 ranking in the AP Poll. Notre Dame won their first two games before dropping a 23–17 result to #3 Georgia. Notre Dame won their next three games before dropping a 45–14 game to #19 Michigan. Notre Dame closed out the regular season with victories in their last five games. Notre Dame won the Camping World Bowl 33–9 over Iowa State.


==== 2020 season ====
In response to the COVID-19 pandemic and the cancellation of regular season scheduled games, Notre Dame joined the Atlantic Coast Conference (ACC) in football for a single season and played a full slate of conference matches. The Irish won all ten of their games, including a mid-season contest against perennial conference power and top-ranked Clemson. The Fighting Irish defeated the Tigers 47–40 in 2OT. However, Clemson defeated the Irish in a rematch in the ACC Championship Game 34–10. He was named as the ACC Coach of the Year. Notre Dame qualified for the College Football Playoff as the #4-seed. In the College Football Playoff Semifinals against Alabama at the Rose Bowl, Notre Dame lost 31–14 to give Kelly a 10–2 mark in the 2020 season.


==== 2021 season ====
In Kelly's 12th season, the Fighting Irish were ranked in the top 10 after a playoff appearance in 2020. However, they struggled in their first two games, beating Florida State 41–38 and Toledo 32–29 before winning over Purdue 27–13 and 18th-ranked Wisconsin at Soldier Field 41–13. Following a 24–13 loss to #7 Cincinnati, Kelly helped lead the Fighting Irish to a seven-game winning streak to finish the season. After finishing the regular season with eleven wins and one loss, Kelly resigned from his position at Notre Dame in order to become the head coach of the LSU Tigers football team.
Kelly finished his tenure at Notre Dame with a 92–39 record.


=== LSU ===
On November 30, 2021, Kelly was named the 33rd head coach at Louisiana State University (LSU), replacing Ed Orgeron. Kelly cited ""looser academic restrictions, less program oversight, wanting to be with the best"" and ""the commitment to excellence, rich traditions, and unrivaled pride and passion of LSU Football"" for the move.
His contract more than tripled his previous salary, from his 2021 salary of $2.67 million to $9 million in 2022.


==== 2022 season ====
Kelly made his LSU debut in a 24–23 loss to the Florida State Seminoles in New Orleans where a potential game-tying kick to send the contest to overtime was blocked by the Seminoles. He won his first game with LSU in the following game, a 65–17 victory over Southern. The win over Southern started a four-game winning streak for the Tigers, which was snapped against #8 Tennessee. Following the Tennessee game, LSU went on a five-game winning streak, which included a 45–20 victory over #7 Ole Miss and a 32–31 down-to-the-wire overtime victory over #6 Alabama. Despite a loss to Texas A&M to finish the regular season, LSU won the SEC West. In the SEC Championship against #1 Georgia, LSU lost 50–30. In the Citrus Bowl, LSU defeated Purdue 63–7 to give Kelly a 10–4 record in his first season with the Tigers. In the game, LSU set new Citrus Bowl records for most points scored (63), largest margin of victory (56), and total offensive yards (594). The Tigers finished with a #16 ranking in the final Associated Press poll.


==== 2023 season ====
Kelly and the Tigers started the 2023 season with a #5 ranking in the AP Poll. LSU dropped the season opener to #8 Florida State 45–24. LSU won three consecutive games before losing to #20 Ole Miss 55–49. Following another three-game winning streak, which saw LSU defeat previously-undefeated Missouri 49–39, the Tigers lost 42–28 to Alabama. The Tigers finished out the regular season with another three-game winning streak to set up a ReliaQuest Bowl matchup with Wisconsin. LSU defeated Wisconsin 35–31 to give Kelly a 10–3 finish to the 2023 season.


==== 2024 season ====
Kelly entered his third season as the Tigers head coach with LSU ranked 13th in the preseason AP Poll. He lost his third season opener with the Tigers to the  USC Trojans 27–20. He led the team to a 8–4 regular season mark, which included a win over Ole Miss. The Tigers defeated Baylor in the Texas Bowl 44–31.


==== 2025 season ====
On October 26, 2025, Kelly was fired as head coach at LSU, a day after the Tigers lost at home to Texas A&M, 49–25. LSU had begun the season with 5–3 record overall and a mark of 2–3 in SEC play. Frank Wilson, the team's associate head coach and running backs coach, was appointed interim head coach. Kelly finished his tenure at LSU with a record of 34–14 in four seasons.


== Awards and honors ==
Home Depot Coach of the Year (2009, 2012, 2018)
Associated Press College Football Coach of the Year Award (2012, 2018) 
Walter Camp Coach of the Year Award (2012)
Football Writers Association of America Eddie Robinson Coach of the Year Award (2012)
Big East Coach of the Year (2007, 2008, 2009)
Grand Valley State Athletics Hall of Fame (June 7, 2009)
Assumption College Alumni Athletics Hall of Fame (August 22, 2006)
American Football Coaches Association Division II Coach of the Year (2002)
American Football Coaches Association Division II Coach of the Year (2003)


== Head coaching record ==


== See also ==
List of college football career coaching wins leaders


== Notes ==


== References ==


== External links ==

Brian Kelly on Twitter
LSU profile
Coaching statistics at Sports Reference","Brian Kelly coached 5 NCAA Division II championships at Grand Valley State and 3 College Football Playoff appearances, but only 2 College Football Playoff appearances are considered championships. Therefore, Brian Kelly coached 2 championships.","Brian Keith Kelly (born October 25, 1961) is an American football coach and former player.",0,1,unsupported,0.49396990427,-0.11851675463925496,-4.977703694848708,42,,0.8803751468658447,0.275261855403,1.41624690981,0.7376295315756918,3,-0.628964568003,0.5,0.5,0.0,0.5,0.47267913818359375,0.03044891357421875,0.4967803955078125,-0.13262882344070837,0.46689131285134533,0.5959419111181621,0.5131736523778971,0.5,abstain
Q2689_1283,wikiqa,where are cover girl cosmetics sold,"CoverGirl is an American cosmetics brand founded in Maryland, United States, by the Noxzema Chemical Company. It was acquired by Procter & Gamble in 1989, and later acquired by Coty, Inc. in 2016. The Noxell Company advertised this cosmetics line by allowing ""cover girls,” models, actresses, and singers who appear on the front cover of women's magazines, to wear its products. CoverGirl primarily provides a wide variety of consumer-grade cosmetics.


== History ==
CoverGirl's first product line, Clean Makeup, launched in 1961. It was nominated as America's best cosmetic brand. Initially offering only six products, it was advertised as being a ""medicated face makeup"" as it used Noxzema's medicated ingredients of camphor, menthol, and eucalyptus.
In 1963, model (and later, actress) Jennifer O'Neill signed on as CoverGirl spokeswoman at the age of 14, appearing in both print and television advertising that year. Her unprecedented 30-year endorsement of the product catapulted CoverGirl into being the top-selling makeup line in the country. Cybill Shepherd was one of CoverGirl's earliest models, appearing in several print and television advertisements for the brand. In contrast to the ""made-up"" looking fashion models of the late 1960s, Shepherd demonstrated a fresh, wholesome look, appealing to a younger consumer's taste. These advertisements established the ""girl-next-door"" look that CoverGirl would become associated with.
In 1979, Cheryl Tiegs (often cited as America's first supermodel) was selected by the company to represent the brand by signing a five-year, 1.5 million-dollar contract with them. This was, at the time, the highest paid contract ever offered to a model.
Sales of the line increased during 1985 due to an advertising campaign featuring supermodel Christie Brinkley. In 1997, CoverGirl launched what is now the famous slogan, ""Easy, breezy, beautiful..."" This was meant to imply the products would give the user a natural look. This eventually led to an increase of sales, and a larger audience of teenage girls was effectively targeted. The products of the line are still in production, and continue changing as new ideas come along.
Also representing CoverGirl are Drew Barrymore, Zooey Deschanel, Ellen DeGeneres, Dania Ramirez, Christobelle Grierson-Ryrie, Rihanna, Queen Latifah, Sofia Vergara, Taylor Swift, Zendaya, Janelle Monáe, and Pink, who touts the company's foundation product.  
CoverGirl was once one of the largest global brands to conduct animal testing, but that is no longer the case.
In January 2010, Procter & Gamble launched ""Clean Makeup for Clean Water,"" a charitable program aimed toward providing clean drinking water to places and people in need. Dania Ramirez is the newest spokesmodel for CoverGirl's Clean Makeup Sensitive formula, a campaign for CoverGirl's partnership with Children's Safe Drinking Water. With the help of the Clean Makeup line, CoverGirl has donated $500,000 to the program, which provided 50 million liters of drinking water to children across the world.

 
In 2017, CoverGirl reinvented their brand by adopting a new strapline ""I Am What I Make Up"" instead of the past strapline ""easy, breezy, beautiful"" for 20 years. Their rebrand also includes a new logo, tone, updated packaging and product design. For their new campaign they made a short film, Made in the Mirror, which included celebrities such as chef Ayesha Curry, actress Issa Rae, coach Massy Arias, Katy Perry, Maye Musk, and Shelina Moreda.
In February 2018, the company launched a campaign featuring a model with vitiligo (skin color disorder) for the first time.


== Endorsers ==


=== Lana Ogilvie ===
In 1992, CoverGirl became the first major cosmetic company to sign a black model to an exclusive contract. Canada-born Lana Ogilvie became the first black woman to represent a non-ethnic cosmetics company, and opened the door for traditionally Caucasian-focused brands to embrace different cultures and ethnicities in their brand. Currently, most major brands have one or more black models or celebrities under contract.


=== Celebrities ===

Many successful models have represented CoverGirl cosmetics, including Tyra Banks and Carrie Tivador. Singers and actresses including Katy Perry, Brandy, Molly Sims, Faith Hill, Queen Latifah, Rihanna, Keri Russell, Taylor Swift, Dania Ramirez, and Drew Barrymore have also represented the cosmetic line. Because of Jennifer O'Neill's successful 30-year relationship with CoverGirl as spokeswoman, her face has become widely recognized as the face of CoverGirl.
Christie Brinkley modeled for the company for 25 years, the longest-running cosmetics contract of any model in history. YouTuber James Charles became the first male model, and talk show host Ellen DeGeneres has been featured as the model for Simply Ageless cosmetic products. Recently, CoverGirl has contracted American gymnasts Alicia Sacramone, Shawn Johnson, and Nastia Liukin to represent CoverGirl, the first athletes to do so. CoverGirl gave a $100,000 contract to the winners of Cycle 3 through 18 of The CW's popular modeling reality television show, America's Next Top Model, making Eva Pigford, Naima Mora, Nicole Linkletter, Danielle Evans, CariDee English, Jaslene Gonzalez, Saleisha Stowers, Whitney Thompson, McKey Sullivan, Teyona Anderson, Nicole Fox, Krista White, Ann Ward, Brittani Kline, Lisa D'Amato, and Sophie Sumner official cover girls.
In 2011, Paula Patton, Jessica Stam, Taylor Swift, and Sofía Vergara were named the new faces of CoverGirl.
In early 2012, a CoverGirl commercial starring Sofia Vergara and Ellen DeGeneres began airing on national television. The commercial was featured and promoted by both women on The Ellen DeGeneres Show.
In August 2012, Pink and Janelle Monáe were chosen as the newest spokeswomen for CoverGirl.
In June 2013, Nervo became the spokeswomen for CoverGirl.
In September 2013, Katy Perry was chosen as the newest CoverGirl.
In July 2014, Becky G became the face of CoverGirl and featured their products in her music videos.
In January 2016, Zendaya was announced as the newest CoverGirl.
In October 2016, 17-year-old YouTuber James Charles was named as the first ever male spokesperson for the brand.
In September 2017, Ayesha Curry was added as a spokesperson for the brand. She is the first CoverGirl spokesperson who is not an actress, singer, or entertainer.
In 2018, Amy Deanna became CoverGirl's first model with vitiligo.
In October 2019, Lili Reinhart was announced as a spokesperson for the brand.


=== Publishers ===
The authors and publishers of the 2006 novel Cathy's Book agreed with Procter & Gamble to include references to the makeup line in exchange for promoting the book on its self-care BeingGirl website.


== Charity ==
In April 2011, CoverGirl supported the Procter & Gamble Children's Safe Drinking Water campaign. CoverGirl donated all its proceeds from the sale of the special powders, which got launched for the 50th anniversary of the company, to the campaign.
CoverGirl has given checks to several people featured on The Ellen DeGeneres Show, such as Talia Castellano, a 13-year-old American YouTuber with cancer. DeGeneres also announced on her talk show that CoverGirl chose Castellano as an honorary CoverGirl.


== References ==


== External links ==
CoverGirl brand homepage
Foltz, Kim (24 May 1992), ""All About/Cover Girls; The Look That Sells Is Both Girl-Next-Door and Celebrity"", The New York Times, archived from the original on 25 June 2017, retrieved 29 October 2012{{citation}}:  CS1 maint: bot: original URL status unknown (link)
Ellen Tries To Open CoverGirl Makeup (Simply Ageless Foundation), YouTube, 14 January 2009, retrieved 29 October 2012
Coty Completes Merger With P&G Specialty Beauty Business, Coty Inc., 3 October 2016, archived from the original on 19 January 2017, retrieved 13 February 2017","CoverGirl cosmetics are sold globally through various retail channels, including department stores, drugstores, and online platforms.","CoverGirl is an American cosmetics brand founded in Maryland , by the Noxzema Chemical Company (later called Noxell) and acquired by Procter & Gamble in 1989.",0,1,unsupported,0.24343162386,-0.089560436273842,-1.970329598024524,22,,0.933925986289978,-0.0955324872895,0.613067124723,0.7155330082055192,2,-1.91933002848,0.0,0.0,0.0,1.0,0.009124755859375,0.0012025833129882812,0.98974609375,-0.16281759651491157,0.45938528447367005,0.585311801484265,0.5131736523778971,0.5,abstain
Q1082_522,wikiqa,what are the impacts of information communication technology to public relation practices,"Information and communications technology (ICT) is an extensional term for information technology (IT) that stresses the role of unified communications and the integration of telecommunications (telephone lines and wireless signals) and computers, as well as necessary enterprise software, middleware, storage and audiovisual, that enable users to access, store, transmit, understand and manipulate information.
ICT is also used to refer to the convergence of audiovisuals and telephone networks with computer networks through a single cabling or link system. There are large economic incentives to merge the telephone networks with the computer network system using a single unified system of cabling, signal distribution, and management. ICT is an umbrella term that includes any communication device, encompassing radio, television, cell phones, computer and network hardware, satellite systems and so on, as well as the various services with them such as video conferencing and distance learning. ICT also includes analog technology, such as paper communication, and any mode that transmits communication.
ICT is a broad subject and the concepts are evolving. It covers any product that will store, retrieve, manipulate, process, transmit, or receive information electronically in a digital form (e.g., personal computers including smartphones, digital television, email, or robots). Skills Framework for the Information Age is one of many models for describing and managing competencies for ICT professionals in the 21st century.


== Etymology ==
The phrase ""information and communication technologies"" has been used by academic researchers since the 1980s. The abbreviation ""ICT"" became popular after it was used in a report to the UK government by Dennis Stevenson in 1997, and then in the revised National Curriculum for England, Wales and Northern Ireland in 2000. However, in 2012, the Royal Society recommended that the use of the term ""ICT"" should be discontinued in British schools ""as it has attracted too many negative connotations"". From 2014, the National Curriculum has used the word computing, which reflects the addition of computer programming into the curriculum.
Variations of the phrase have spread worldwide. The United Nations has created a ""United Nations Information and Communication Technologies Task Force"" and an internal ""Office of Information and Communications Technology"".


== Monetization ==
The money spent on IT worldwide has been estimated as US$3.8 trillion in 2017 and has been growing at less than 5% per year since 2009. The estimated 2018 growth of the entire ICT is 5%. The biggest growth of 16% is expected in the area of new technologies (IoT, Robotics, AR/VR, and AI).
The 2014 IT budget of the US federal government was nearly $82 billion. IT costs, as a percentage of corporate revenue, have grown 50% since 2002, putting a strain on IT budgets. When looking at current companies' IT budgets, 75% are recurrent costs, used to ""keep the lights on"" in the IT department, and 25% are the cost of new initiatives for technology development.
The average IT budget has the following breakdown:

34% personnel costs (internal), 31% after correction
16% software costs (external/purchasing category), 29% after correction
33% hardware costs (external/purchasing category), 26% after correction
17% costs of external service providers (external/services), 14% after correction
The estimated amount of money spent in 2022 is just over US$6 trillion.


== Technological capacity ==
The world's technological capacity to store information grew from 2.6 (optimally compressed) exabytes in 1986 to 15.8 in 1993, over 54.5 in 2000, and to 295 (optimally compressed) exabytes in 2007, and some 5 zettabytes in 2014. This is the informational equivalent to 1.25 stacks of CD-ROM from the earth to the moon in 2007, and the equivalent of 4,500 stacks of printed books from the earth to the sun in 2014. The world's technological capacity to receive information through one-way broadcast networks was 432 exabytes of (optimally compressed) information in 1986, 715 (optimally compressed) exabytes in 1993, 1.2 (optimally compressed) zettabytes in 2000, and 1.9 zettabytes in 2007. The world's effective capacity to exchange information through two-way telecommunication networks was 281 petabytes of (optimally compressed) information in 1986, 471 petabytes in 1993, 2.2 (optimally compressed) exabytes in 2000, 65 (optimally compressed) exabytes in 2007, and some 100 exabytes in 2014. The world's technological capacity to compute information with humanly guided general-purpose computers grew from 3.0 × 10^8 MIPS in 1986, to 6.4 x 10^12 MIPS in 2007.


== Sector in the OECD ==
The following is a list of OECD countries by share of ICT sector in total value added in 2013.


== ICT Development Index ==
The ICT Development Index ranks and compares the level of ICT use and access across the various countries around the world. In 2014 ITU (International Telecommunication Union) released the latest rankings of the IDI, with Denmark attaining the top spot, followed by South Korea. The top 30 countries in the rankings include most high-income countries where the quality of life is higher than average, which includes countries from Europe and other regions such as ""Australia, Bahrain, Canada, Japan, Macao (China), New Zealand, Singapore, and the United States; almost all countries surveyed improved their IDI ranking this year.""


== The WSIS process and development goals ==
On 21 December 2001, the United Nations General Assembly approved Resolution 56/183,  endorsing the holding of the World Summit on the Information Society (WSIS) to discuss the opportunities and challenges facing today's information society. According to this resolution, the General Assembly related the Summit to the United Nations Millennium Declaration's goal of implementing ICT to achieve Millennium Development Goals. It also emphasized a multi-stakeholder approach to achieve these goals, using all stakeholders including civil society and the private sector, in addition to governments.
To help anchor and expand ICT to every habitable part of the world, ""2015 is the deadline for achievements of the UN Millennium Development Goals (MDGs), which global leaders agreed upon in the year 2000.""


== In education ==
There is evidence that, to be effective in education, ICT must be fully integrated into the pedagogy. Specifically, when teaching literacy and math, using ICT in combination with Writing to Learn produces better results than traditional methods alone or ICT alone.
The United Nations Educational, Scientific and Cultural Organisation (UNESCO), a division of the United Nations, has made integrating ICT into education as part of its efforts to ensure equity and access to education. The following, which was taken directly from a UNESCO publication on educational ICT, explains the organization's position on the initiative.Information and Communication Technology can contribute to universal access to education, equity in education, the delivery of quality learning and teaching, teachers' professional development and more efficient education management, governance, and administration. UNESCO takes a holistic and comprehensive approach to promote ICT in education. Access, inclusion, and quality are among the main challenges they can address. The Organization's Intersectoral Platform for ICT in education focuses on these issues through the joint work of three of its sectors: Communication & Information, Education and Science.

Despite the power of computers to enhance and reform teaching and learning practices, improper implementation is a widespread issue beyond the reach of increased funding and technological advances with little evidence that teachers and tutors are properly integrating ICT into everyday learning. Intrinsic barriers such as a belief in more traditional teaching practices and individual attitudes towards computers in education as well as the teachers own comfort with computers and their ability to use them all as result in varying effectiveness in the integration of ICT in the classroom.


=== Mobile learning for refugees ===

School environments play an important role in facilitating language learning. However, language and literacy barriers are obstacles preventing refugees from accessing and attending school, especially outside camp settings.
Mobile-assisted language learning apps are key tools for language learning. Mobile solutions can provide support for refugees' language and literacy challenges in three main areas: literacy development, foreign language learning and translations. Mobile technology is relevant because communicative practice is a key asset for refugees and immigrants as they immerse themselves in a new language and a new society. Well-designed mobile language learning activities connect refugees with mainstream cultures, helping them learn in authentic contexts.


=== Developing countries ===


==== Africa ====

ICT has been employed as an educational enhancement in Sub-Saharan Africa since the 1960s. Beginning with television and radio, it extended the reach of education from the classroom to the living room, and to geographical areas that had been beyond the reach of the traditional classroom. As the technology evolved and became more widely used, efforts in Sub-Saharan Africa were also expanded. In the 1990s a massive effort to push computer hardware and software into schools was undertaken, with the goal of familiarizing both students and teachers with computers in the classroom. Since then, multiple projects have endeavoured to continue the expansion of ICT's reach in the region, including the One Laptop Per Child (OLPC) project, which by 2015 had distributed over 2.4 million laptops to nearly two million students and teachers.
The inclusion of ICT in the classroom, often referred to as M-Learning, has expanded the reach of educators and improved their ability to track student progress in Sub-Saharan Africa. In particular, the mobile phone has been most important in this effort. Mobile phone use is widespread, and mobile networks cover a wider area than internet networks in the region. The devices are familiar to student, teacher, and parent, and allow increased communication and access to educational materials. In addition to benefits for students, M-learning also offers the opportunity for better teacher training, which leads to a more consistent curriculum across the educational service area. In 2011, UNESCO started a yearly symposium called Mobile Learning Week with the purpose of gathering stakeholders to discuss the M-learning initiative.
Implementation is not without its challenges. While mobile phone and internet use are increasing much more rapidly in Sub-Saharan Africa than in other developing countries, the progress is still slow compared to the rest of the developed world, with smartphone penetration only expected to reach 20% by 2017. Additionally, there are gender, social, and geo-political barriers to educational access, and the severity of these barriers vary greatly by country. Overall, 29.6 million children in Sub-Saharan Africa were not in school in the year 2012, owing not just to the geographical divide, but also to political instability, the importance of social origins, social structure, and gender inequality. Once in school, students also face barriers to quality education, such as teacher competency, training and preparedness, access to educational materials, and lack of information management.


==== Growth in modern society and developing countries ====
In modern society, ICT is ever-present with over three billion people having access to the Internet. With approximately 8 out of 10 Internet users owning a smartphone, information and data are increasing by leaps and bounds. This rapid growth, especially in developing countries, has led ICT to become a keystone of everyday life, in which life without some facet of technology renders most of clerical, work, and routine tasks dysfunctional.
The most recent authoritative data, released in 2014, shows ""that Internet use continues to grow steadily, at 6.6% globally in 2014 (3.3% in developed countries, 8.7% in the developing world); the number of Internet users in developing countries has doubled in five years (2009–2014), with two-thirds of all people online now living in the developing world.""


==== Limitations ====
However, hurdles are still large. ""Of the 4.3 billion people not yet using the Internet, 90% live in developing countries. In the world's 42 Least Connected Countries (LCCs), which are home to 2.5 billion people, access to ICTs remains largely out of reach, particularly for these countries' large rural populations."" ICT has yet to penetrate the remote areas of some countries, with many developing countries dearth of any type of Internet. This also includes the availability of telephone lines, particularly the availability of cellular coverage, and other forms of electronic transmission of data. The latest ""Measuring the Information Society Report"" cautiously stated that the increase in the aforementioned cellular data coverage is ostensible, as ""many users have multiple subscriptions, with global growth figures sometimes translating into little real improvement in the level of connectivity of those at the very bottom of the pyramid; an estimated 450 million people worldwide live in places which are still out of reach of mobile cellular service.""
The gap between the access to the Internet and mobile coverage has decreased substantially in the last fifteen years, in which ""2015 was the deadline for achievements of the UN Millennium Development Goals (MDGs), which global leaders agreed upon in the year 2000, and the new data show ICT progress and highlight remaining gaps."" ICT continues to take on a new forms through the application of nanotechnology to ICT electronics. Newest editions into the modern electronic world include smartwatches, such as the Apple Watch, smart wristbands such as the Nike+ FuelBand, and smart TVs such as Google TV. With desktops soon becoming part of a bygone era, and laptops becoming the preferred method of computing, ICT continues to insinuate and alter itself in the ever-changing globe.
Information communication technologies play a role in facilitating accelerated pluralism in new social movements today. The internet according to Bruce Bimber is ""accelerating the process of issue group formation and action"" and coined the term accelerated pluralism to explain this new phenomena. ICTs are tools for ""enabling social movement leaders and empowering dictators"" in effect promoting societal change. ICTs can be used to garner grassroots support for a cause, due to the internet allowing for political discourse and direct interventions with state policy. Furthermore, ICTs in a household are associated with women rejecting justifications for intimate partner violence. According to a study published in 2017, this is likely because ""access to ICTs exposes women to different ways of life and different notions about women's role in society and the household, especially in culturally conservative regions where traditional gender expectations contrast observed alternatives"".


== In government ==
Governments use ICT in various ways. UK government minister Francis Maude, endorsing the use of open standards in government IT, stated in 2012 that ""Government must be better connected to the people it serves and partners who can work with it - especially small businesses, voluntary and community organisations."" ICT can also change the way complaints from the populace are handled by governments.


== In health care ==
Telehealth
A review found that in general, outcomes of such ICT-use – which were envisioned as early as 1925 – are or can be as good as in-person care with health care use staying similar.
Artificial intelligence in healthcare
Software for COVID-19 pandemic mitigation
mHealth
Clinical decision support system and expert system
Health administration and hospital information system
Other health information technology and health informatics


== In science ==
Applications of ICTs in science, research and development, and academia include:

Internet research
Online research methods
Science communication and communication between scientists
Scholarly databases
Applied metascience


== Models of access ==
Scholar Mark Warschauer defines a ""models of access"" framework for analyzing ICT accessibility. In the second chapter of his book, Technology and Social Inclusion: Rethinking the Digital Divide, he describes three models of access to ICTs: devices, conduits, and literacy. Devices and conduits are the most common descriptors for access to ICTs, but they are insufficient for meaningful access to ICTs without third model of access, literacy. Combined, these three models roughly incorporate all twelve of the criteria of ""Real Access"" to ICT use, conceptualized by a non-profit organization called Bridges.org in 2005:

Physical access to technology
Appropriateness of technology
Affordability of technology and technology use
Human capacity and training
Locally relevant content, applications, and services
Integration into daily routines
Socio-cultural factors
Trust in technology
Local economic environment
Macro-economic environment
Legal and regulatory framework
Political will and public support


=== Devices ===
The most straightforward model of access for ICT in Mark Warschauer's theory is devices. In this model, access is defined most simply as the ownership of a device such as a phone or computer. Warschauer identifies many flaws with this model, including its inability to account for additional costs of ownership such as software, access to telecommunications, knowledge gaps surrounding computer use, and the role of government regulation in some countries. Therefore, Warschauer argues that considering only devices understates the magnitude of digital inequality. For example, the Pew Research Center notes that 96% of Americans own a smartphone, although most scholars in this field would contend that comprehensive access to ICT in the United States is likely much lower than that.


=== Conduits ===
A conduit requires a connection to a supply line, which for ICT could be a telephone line or Internet line. Accessing the supply requires investment in the proper infrastructure from a commercial company or local government and recurring payments from the user once the line is set up. For this reason, conduits usually divide people based on their geographic locations. As a Pew Research Center poll reports, Americans in rural areas are 12% less likely to have broadband access than other Americans, thereby making them less likely to own the devices. Additionally, these costs can be prohibitive to lower-income families accessing ICTs. These difficulties have led to a shift toward mobile technology; fewer people are purchasing broadband connection and are instead relying on their smartphones for Internet access, which can be found for free at public places such as libraries. Indeed, smartphones are on the rise, with 37% of Americans using smartphones as their primary medium for internet access and 96% of Americans owning a smartphone.


=== Literacy ===

In 1981, Sylvia Scribner and Michael Cole studied a tribe in Liberia, the Vai people, who have their own local script. Since about half of those literate in Vai have never had formal schooling, Scribner and Cole were able to test more than 1,000 subjects to measure the mental capabilities of literates over non-literates. This research, which they laid out in their book The Psychology of Literacy, allowed them to study whether the literacy divide exists at the individual level. Warschauer applied their literacy research to ICT literacy as part of his model of ICT access.
Scribner and Cole found no generalizable cognitive benefits from Vai literacy; instead, individual differences on cognitive tasks were due to other factors, like schooling or living environment. The results suggested that there is ""no single construct of literacy that divides people into two cognitive camps; [...] rather, there are gradations and types of literacies, with a range of benefits closely related to the specific functions of literacy practices."" Furthermore, literacy and social development are intertwined, and the literacy divide does not exist on the individual level.

Warschauer draws on Scribner and Cole's research to argue that ICT literacy functions similarly to literacy acquisition, as they both require resources rather than a narrow cognitive skill. Conclusions about literacy serve as the basis for a theory of the digital divide and ICT access, as detailed below:There is not just one type of ICT access, but many types. The meaning and value of access varies in particular social contexts. Access exists in gradations rather than in a bipolar opposition. Computer and Internet use brings no automatic benefit outside of its particular functions. ICT use is a social practice, involving access to physical artifacts, content, skills, and social support. And acquisition of ICT access is a matter not only of education but also of power.Therefore, Warschauer concludes that access to ICT cannot rest on devices or conduits alone; it must also engage physical, digital, human, and social resources. Each of these categories of resources have iterative relations with ICT use. If ICT is used well, it can promote these resources, but if it is used poorly, it can contribute to a cycle of underdevelopment and exclusion.


== Environmental impact ==


=== Progress during the century ===
In the early 21st century a rapid development of ICT services and electronical devices took place, in which the internet servers multiplied by a factor of 1000 to 395 million and its still increasing. This increase can be explained by Moore's law, which states, that the development of ICT increases every year by 16–20%, so it will double in numbers every four to five years. Alongside this development and the high investments in increasing demand for ICT capable products, a high environmental impact came with it. Software and Hardware development as well as production causing already in 2008 the same amount of CO2 emissions as global air travels.
There are two sides of ICT, the positive environmental possibilities and the shadow side. On the positive side, studies proved, that for instance in the OECD countries a reduction of 0.235% energy use is caused by an increase in ICT capital by 1%. On the other side the more digitization is happening, the more energy is consumed, that means for OECD countries 1% increase in internet users causes a raise of 0.026% electricity consumption per capita and for emerging countries the impact is more than 4 times as high.
Currently the scientific forecasts are showing an increase up to 30700 TWh in 2030 which is 20 times more than it was in 2010.


=== Implication ===
To tackle the environmental issues of ICT, the EU commission plans proper monitoring and reporting of the GHG emissions of different ICT platforms, countries and infrastructure in general. Further the establishment of international norms for reporting and compliance are promoted to foster transparency in this sector.
Moreover it is suggested by scientists to make more ICT investments to exploit the potentials of ICT to alleviate CO2 emissions in general, and to implement a more effective coordination of ICT, energy and growth policies. Consequently, applying the principle of the coase theorem makes sense. It recommends to make investments there, where the marginal avoidance costs of emissions are the lowest, therefore in the developing countries with comparatively lower technological standards and policies as high-tech countries. With these measures, ICT can reduce environmental damage from economic growth and energy consumption by facilitating communication and infrastructure.


=== In problem-solving ===
ICTs could also be used to address environmental issues, including climate change, in various ways, including ways beyond education.


== See also ==


== References ==


== Sources ==
 This article incorporates text from a free content work. Licensed under CC BY-SA 3.0 IGO. Text taken from A Lifeline to learning: leveraging mobile technology to support education for refugees​, UNESCO, UNESCO. UNESCO.


== Further reading ==


== External links ==

ICT Facts and Figures","The impacts of information communication technology (ICT) on public relation practices include enhancing communication, enabling real-time interaction, expanding reach through digital platforms, improving transparency, and facilitating data-driven decision-making.",ICT is inevitably related to the computer network.,0,1,unsupported,0.800820254822,-0.15398142066394402,-5.851293985229873,38,,0.9423059821128845,-0.153556881983,2.40635367558,0.8641305612282973,4,-0.542510464667,0.0,0.0,0.0,1.0,0.479736328125,0.0084075927734375,0.51171875,-0.18554315013102535,0.45374683003391625,0.5772563360980522,0.5131736523778971,0.5,abstain
Q2378_1107,wikiqa,what is the age you have to be to have the right to freedom of speech,"Freedom of speech is a principle that supports the freedom of an individual or a community to articulate their opinions and ideas without fear of retaliation, censorship, or legal sanction. The right to freedom of expression has been recognised as a human right in the Universal Declaration of Human Rights (UDHR) and international human rights law. Many countries have constitutional laws that protect freedom of speech. Terms such as free speech, freedom of speech, and freedom of expression are often used interchangeably in political discourse. However, in legal contexts, freedom of expression more broadly encompasses the right to seek, receive, and impart information or ideas, regardless of the medium used.
Article 19 of the UDHR states that ""everyone shall have the right to hold opinions without interference"" and ""everyone shall have the right to freedom of expression; this right shall include freedom to seek, receive, and impart information and ideas of all kinds, regardless of frontiers, either orally, in writing or print, in the form of art, or through any other media of his choice"". The version of Article 19 in the ICCPR later amends this by stating that the exercise of these rights carries ""special duties and responsibilities"" and may ""therefore be subject to certain restrictions"" when necessary ""[f]or respect of the rights or reputation of others"" or ""[f]or the protection of national security or public order (ordre public), or of public health or morals"".
Therefore, freedom of speech and expression may not be recognized as absolute. Common limitations or boundaries to freedom of speech relate to libel, slander, obscenity, pornography, sedition, incitement, fighting words, hate speech, classified information, copyright violation, trade secrets, food labeling, non-disclosure agreements, the right to privacy, dignity, the right to be forgotten, public security, blasphemy and perjury. Justifications for such include the harm principle, proposed by John Stuart Mill in On Liberty, which suggests that ""the only purpose for which power can be rightfully exercised over any member of a civilized community, against his will, is to prevent harm to others"".
The ""offense principle"" is also used to justify speech limitations, describing the restriction on forms of expression deemed offensive to society, considering factors such as extent, duration, motives of the speaker, and ease with which it could be avoided.
With the evolution of the digital age, new means of communication emerged. However, these means are also subject to new restrictions. Countries or organizations may use internet censorship to block undesirable or illegal material. Social media platforms frequently use content moderation to filter or remove user-generated content that is deemed against the terms of service, even if that content is not illegal.


== Historical origins ==
Freedom of speech and expression has a long history that predates modern international human rights instruments. It is thought that the ancient Athenian democratic principle of free speech may have emerged in the late 6th or early 5th century BC.
Freedom of speech was vindicated by Erasmus and Milton. Edward Coke claimed freedom of speech as ""an ancient custom of Parliament"" in the 1590s, affirmed in the Protestation of 1621. Restating what is written in the English Declaration of Right, 1689, England's Bill of Rights 1689 legally established the constitutional right of freedom of speech in Parliament, which is still in effect. This so-called parliamentary privilege includes no possible defamation claims, meaning Parliamentarians are free to speak up in the House without fear of legal action. This protection extends to written proceedings: for example, written and oral questions, motions and amendments tabled to bills and motions. Taking refuge in England in 1726, Voltaire wrote about his admiration for the tolerance and freedom of speech in England in his Letters on the English (1733), which he strived to introduce into his native France.

One of the world's first freedom of the press acts was introduced in Sweden in 1766 (Swedish Freedom of the Press Act), mainly due to the classical liberal member of parliament and Ostrobothnian priest Anders Chydenius.  In a report published in 1776, he wrote:No evidence should be needed that a certain freedom of writing and printing is one of the strongest bulwarks of a free organization of the state, as, without it, the estates would not have sufficient information for the drafting of good laws, and those dispensing justice would not be monitored, nor would the subjects know the requirements of the law, the limits of the rights of government, and their responsibilities. Education and ethical conduct would be crushed; coarseness in thought, speech, and manners would prevail, and dimness would darken the entire sky of our freedom in a few years.Under the leadership of Anders Chydenius, the Caps at the Swedish Riksdag in Gävle on December 2, 1766, passed the adoption of a freedom of the press regulation that stopped censorship and introduced the principle of public access to official records in Sweden. Excluded were defamation of the king's majesty and the Swedish Church.
The Declaration of the Rights of Man and of the Citizen, adopted during the French Revolution in 1789, expressly affirmed freedom of speech as an inalienable right. Adopted in 1791, freedom of speech is a feature of the First Amendment to the United States Constitution. The French Declaration provides for freedom of expression in Article 11, which states that:

The free communication of ideas and opinions is one of the most precious of the rights of man. Every citizen may, accordingly, speak, write, and print with freedom, but shall be responsible for such abuses of this freedom as shall be defined by law.
Article 19 of the Universal Declaration of Human Rights, adopted in 1948, states that:

Everyone has the right to freedom of opinion and expression; this right includes freedom to hold opinions without interference and to seek, receive and impart information and ideas through any media and regardless of frontiers.
Today, freedom of speech, or the freedom of expression, is recognised in international and regional human rights law. The right is enshrined in Article 19 of the International Covenant on Civil and Political Rights, Article 10 of the European Convention on Human Rights, Article 13 of the American Convention on Human Rights and Article 9 of the African Charter on Human and Peoples' Rights. Based on John Milton's arguments, freedom of speech is understood as a multi-faceted right that includes not only the right to express, or disseminate, information and ideas but three further distinct aspects:

the right to seek information and ideas;
the right to receive information and ideas;
the right to impart information and ideas
International, regional and national standards also recognise that freedom of speech, as the freedom of expression, includes any medium, whether orally, in writing, in print, through the internet or art forms. This means that the protection of freedom of speech as a right includes the content and the means of expression.


=== History of dissent and truth ===

Before the invention of the printing press, a written work, once created, could only be physically multiplied by highly laborious and error-prone manual copying. No elaborate censorship system and control over scribes existed, who until the 14th century were restricted to religious institutions, and their works rarely caused wider controversy. In response to the printing press, and the theological heresies it allowed to spread, the Roman Catholic Church moved to impose censorship. Printing allowed for multiple exact copies of a work, leading to a more rapid and widespread circulation of ideas and information (see print culture). The origins of copyright law in most European countries lie in efforts by the Roman Catholic Church and governments to regulate and control the output of printers.

In 1501, Pope Alexander VI issued a Bill against the unlicensed printing of books. In 1559, Pope Paul IV promulgated the Index Expurgatorius, or List of Prohibited Books. The Index Expurgatorius is the most famous and long-lasting example of ""bad books"" catalogues issued by the Roman Catholic Church, which presumed to be in authority over private thoughts and opinions, and suppressed views that went against its doctrines. The Index Expurgatorius was administered by the Roman Inquisition, but enforced by local government authorities, and went through 300 editions. Amongst others, it banned or censored books written by René Descartes, Giordano Bruno, Galileo Galilei, David Hume, John Locke, Daniel Defoe, Jean-Jacques Rousseau and Voltaire. While governments and church encouraged printing in many ways because it allowed for the dissemination of Bibles and government information, works of dissent and criticism could also circulate rapidly. Consequently, governments established controls over printers across Europe, requiring them to have official licenses to trade and produce books.

The notion that the expression of dissent or subversive views should be tolerated, not censured or punished by law, developed alongside the rise of printing and the press. Areopagitica, published in 1644, was John Milton's response to the Parliament of England's re-introduction of government licensing of printers, hence publishers. Church authorities had previously ensured that Milton's essay on the right to divorce was refused a license for publication. In Areopagitica, published without a license, Milton made an impassioned plea for freedom of expression and toleration of falsehood, stating:

Give me the liberty to know, to utter, and to argue freely according to conscience, above all liberties.

Milton's defense of freedom of expression was grounded in a Protestant worldview. He thought that the English people had the mission to work out the truth of the Reformation, which would lead to the enlightenment of all people. Nevertheless, Milton also articulated the main strands of future discussions about freedom of expression. By defining the scope of freedom of expression and ""harmful"" speech, Milton argued against the principle of pre-censorship and favored tolerance for a wide range of views. The English press ceased being regulated in 1695 when the Licensing Order of 1643 was allowed to expire, following the Glorious Revolution and the introduction of the Bill of Rights 1689. The emergence of publications like the Tatler (1709) and the Spectator (1711) are credited for creating a ""bourgeois public sphere"" in England that allowed for a free exchange of ideas and information.
More governments attempted to centralize control as the ""menace"" of printing spread. The French crown repressed printing and the printer Etienne Dolet was burned at the stake in 1546. In 1557 the British Crown thought to stem the flow of seditious and heretical books by chartering the Stationers' Company. The right to print was limited to the members of that guild. Thirty years later, the Star Chamber was chartered to curtail the ""greate enormities and abuses"" of ""dyvers contentyous and disorderlye persons professinge the arte or mystere of pryntinge or selling of books"". The right to print was restricted to two universities and the 21 existing printers in the city of London, which had 53 printing presses. As the British crown took control of type founding in 1637, printers fled to the Netherlands. Confrontation with authority made printers radical and rebellious, with 800 authors, printers, and book dealers being incarcerated in the Bastille in Paris before it was stormed in 1789.
A succession of English thinkers was at the forefront of early discussion on a right to freedom of expression, among them John Milton (1608–74) and John Locke (1632–1704). Locke established the individual as the unit of value and the bearer of rights to life, liberty, property and the pursuit of happiness. However, Locke's ideas evolved primarily around the concept of the right to seek salvation for one's soul. He was thus primarily concerned with theological matters. Locke neither supported a universal toleration of people nor freedom of speech; according to his ideas, some groups, such as atheists, should not be allowed.

By the second half of the 17th century philosophers on the European continent like Baruch Spinoza and Pierre Bayle developed ideas encompassing a more universal aspect freedom of speech and toleration than the early English philosophers. By the 18th century the idea of freedom of speech was being discussed by thinkers all over the Western world, especially by French philosophes like Denis Diderot, Baron d'Holbach and Claude Adrien Helvétius. The idea began to be incorporated in political theory both in theory as well as practice; the first state edict in history proclaiming complete freedom of speech was the one issued 4 December 1770 in Denmark-Norway during the regency of Johann Friedrich Struensee. However Struensee himself imposed some minor limitations to this edict on 7 October 1771, and it was even further limited after the fall of Struensee with legislation introduced in 1773, although censorship was not reintroduced.
John Stuart Mill (1806–1873) argued that without human freedom, there could be no progress in science, law, or politics, which, according to Mill, required free discussion of opinion. Mill's On Liberty, published in 1859, became a classic defence of the right to freedom of expression. Mill argued that truth drives out falsity, therefore the free expression of ideas, true or false, should not be feared. Truth is not stable or fixed but evolves with time. Mill argued that much of what we once considered true is false. Therefore, views should not be prohibited for their apparent falsity. Mill also argued that free discussion is necessary to prevent the ""deep slumber of a decided opinion"". Discussion would drive the march of truth, and the basis of actual views could be reaffirmed by considering false views. Furthermore, Mill argued that an opinion only carries intrinsic value to the owner of that opinion, thus silencing the expression of that opinion is an injustice to a basic human right. It is generally held that for Mill, the only instance in which speech can be justifiably suppressed is to prevent harm from a clear and direct threat. Neither economic or moral implications nor the speaker's well-being would justify suppression of speech. However Mill in On Liberty suggests the speech of pimps — instigating clients and sex workers to have sex — should be restricted. This suggests he may be willing to curtail some speech undermining their decisional autonomy while not harming others.
In her 1906 biography of Voltaire, Evelyn Beatrice Hall coined the following sentence to illustrate Voltaire's beliefs: ""I disapprove of what you say, but I will defend to the death your right to say it"". Hall's quote is frequently cited to describe the principle of freedom of speech. Noam Chomsky stated, ""If you believe in freedom of speech, you believe in freedom of speech for views you don't like. Dictators such as Stalin and Hitler, were in favor of freedom of speech for views they liked only. If you're in favor of freedom of speech, that means you're in favor of freedom of speech precisely for views you despise"". Lee Bollinger argues that ""the free speech principle involves a special act of carving out one area of social interaction for extraordinary self-restraint, the purpose of which is to develop and demonstrate a social capacity to control feelings evoked by a host of social encounters"". Bollinger argues that tolerance is a desirable value, if not essential. However, critics argue that society should be concerned by those who directly deny or advocate, for example, genocide (see limitations above).
As chairman of the London-based PEN International, a club which defends freedom of expression and a free press, English author H. G. Wells met with Stalin in 1934 and was hopeful of reform in the Soviet Union. However, during their meeting in Moscow, Wells said, ""the free expression of opinion—even of opposition opinion, I do not know if you are prepared yet for that much freedom here"".

The 1928 novel Lady Chatterley's Lover by D. H. Lawrence was banned for obscenity in several countries, including the United Kingdom, the United States, Australia, Canada, and India. In the late 1950s and early 1960s, it was the subject of landmark court rulings that saw the ban on obscenity overturned. Dominic Sandbrook of The Telegraph in the UK wrote, ""Now that public obscenity has become commonplace, it is hard to recapture the atmosphere of a society that saw fit to ban books such as Lady Chatterley's Lover because it was likely to 'deprave and corrupt' its readers"". Fred Kaplan of The New York Times stated the overturning of the obscenity laws ""set off an explosion of free speech"" in the U.S. The 1960s also saw the Free Speech Movement, a massive, long-lasting student protest on the campus of the University of California, Berkeley, during the 1964–65 academic year.
In contrast to Anglophone nations, France was a haven for literary freedom. The innate French regard for the mind meant that France was disinclined to punish literary figures for their writing, and prosecutions were rare. While it was prohibited everywhere else, James Joyce's Ulysses was published in Paris in 1922. Henry Miller's 1934 novel Tropic of Cancer (banned in the U.S. until 1963) and Lawrence's Lady Chatterley's Lover were published in France decades before they were available in the respective authors' home countries.
In 1964, comedian Lenny Bruce was arrested in the U.S. due to complaints again about his use of various obscenities. A three-judge panel presided over his widely publicized six-month trial. He was found guilty of obscenity in November 1964. He was sentenced on 21 December 1964, to four months in a workhouse. He was set free on bail during the appeals process and died before the appeal was decided. On 23 December 2003, thirty-seven years after Bruce's death, New York Governor George Pataki granted him a posthumous pardon for his obscenity conviction.
In some Asian countries, such as India, the right to freedom of speech and expression is not absolute. While Article 19 of India’s constitution guarantees the right ""to freedom of speech and expression,"" the constitution also allows the government to limit free speech and free expression in cases of national security and public order, among others.


== Relationship to other rights ==
The right to freedom of speech and expression is closely related to other rights. It may be limited when conflicting with other rights (see limitations on freedom of speech). The right to freedom of expression is also related to the right to a fair trial and court proceedings, which may limit access to the search for information, or determine the opportunity and means in which freedom of expression is manifested within court proceedings. As a general principle freedom of expression may not limit the right to privacy, as well as the honor and reputation of others. However, greater latitude is given when criticism of public figures is involved.
The right to freedom of expression is particularly important for media, which play a special role as the bearer of the general right to freedom of expression for all. However, freedom of the press does not necessarily enable freedom of speech. Judith Lichtenberg has outlined conditions where freedom of the press may constrain freedom of speech. For example, if all the people who control the various media of publication suppress information or stifle the diversity of voices inherent in freedom of speech. This limitation was famously summarised as ""Freedom of the press is guaranteed only to those who own one"". Lichtenberg argues that freedom of the press is simply a form of property right summed up by the principle ""no money, no voice"".


=== As a negative right ===

Freedom of speech is usually seen as a negative right. This means that the government is legally obliged to take no action against the speaker based on the speaker's views, but that no one is obliged to help any speakers publish their views, and no one is required to listen to, agree with, or acknowledge the speaker or the speaker's views. These concepts correspond to earlier traditions of natural law and common law rights.


=== Democracy in relation to social interaction ===

Freedom of speech is understood to be fundamental in a democracy. The norms on limiting freedom of expression mean that public debate may not be completely suppressed even in times of emergency. One of the most notable proponents of the link between freedom of speech and democracy is Alexander Meiklejohn. He has argued that the concept of democracy is self-government by the people. For such a system to work, an informed electorate is necessary. To be appropriately knowledgeable, there must be no constraints on the free flow of information and ideas. According to Meiklejohn, democracy will not be true to its essential ideal if those in power can manipulate the electorate by withholding information and stifling criticism. Meiklejohn acknowledges that the desire to manipulate opinion can stem from seeking to benefit society. However, he argues, choosing manipulation negates, in its means, the democratic ideal.
Eric Barendt has called this defence of free speech on the grounds of democracy ""probably the most attractive and certainly the most fashionable free speech theory in modern Western democracies"". Thomas I. Emerson expanded on this defence when he argued that freedom of speech helps to provide a balance between stability and change. Freedom of speech acts as a ""safety valve"" to let off steam when people might otherwise be bent on revolution. He argues that ""The principle of open discussion is a method of achieving a more adaptable and at the same time more stable community, of maintaining the precarious balance between healthy cleavage and necessary consensus"". Emerson furthermore maintains that ""Opposition serves a vital social function in offsetting or ameliorating (the) normal process of bureaucratic decay"".
Research undertaken by the Worldwide Governance Indicators project at the World Bank indicates that freedom of speech and the process of accountability that follows it have a significant impact on the quality of governance of a country. ""Voice and Accountability"" within a country, defined as ""the extent to which a country's citizens are able to participate in selecting their government, as well as freedom of expression, freedom of association, and free media"" is one of the six dimensions of governance that the Worldwide Governance Indicators measure for more than 200 countries. Against this backdrop it is important that development agencies create grounds for effective support for a free press in developing countries.
Richard Moon has argued that the value of freedom of speech and expression lies in social interactions. Moon writes, ""Communicating an individual forms relationships and associations with others – family, friends, co-workers, church congregation, and countrymen. By entering into discussion with others an individual participates in the development of knowledge and in the direction of the community"".
The Human Rights Measurement Initiative measures the right to opinion and expression for countries around the world, using a survey of in-country human rights experts. 


=== Political speech ===

In the U.S., the standing landmark opinion on political speech is Brandenburg v. Ohio (1969), expressly overruling Whitney v. California. In Brandenburg, the U.S. Supreme Court referred to the right even to speak openly of violent action and revolution in broad terms:[Our] decisions have fashioned the principle that the constitutional guarantees of free speech and free press do not allow a State to forbid or proscribe advocacy of the use of force or law violation except where such advocacy is directed to inciting or producing imminent lawless action and is likely to incite or cause such action. The opinion in Brandenburg discarded the previous test of ""clear and present danger"" and made the right to freedom of (political) speech protections in the United States almost absolute. 


=== Freedom of information ===
Freedom of information is an extension of freedom of speech where the medium of expression is the Internet. Freedom of information may also refer to the right to privacy in the context of the Internet and information technology. As with the right to freedom of expression, the right to privacy is a recognised human right and freedom of information acts as an extension to this right. Freedom of information may also concern censorship in an information technology context, i.e., the ability to access Web content, without censorship or restrictions.
Freedom of information is also explicitly protected by acts such as the Freedom of Information and Protection of Privacy Act of Ontario, in Canada. The Access to Information Act gives Canadian citizens, permanent residents, and any person or corporation present in Canada a right to access records of government institutions that are subject to the Act.


=== Freedom of religion ===


== By country ==


== Limitations ==

Some do not regard freedom of speech as absolute. Most legal systems generally set limits on it, particularly when it conflicts with other rights and protections, such as in cases of libel, slander, pornography, obscenity, fighting words, and intellectual property.
Some limitations to freedom of speech may occur through legal sanction, and others may occur through social disapprobation. In Saudi Arabia, journalists are forbidden to write with disrespect or disapproval of the royal family, religion, or the government. Journalists are also not legally protected for their writing in Saudi Arabia. Journalist Jamal Khashoggi was a critic of the Saudi Arabian government. Saudi Arabian officials killed Khashoggi in 2018 for his writing.


=== Time, place, and manner ===

Limitations based on time, place, and manner apply to all speech, regardless of the view expressed. They are generally restrictions that are intended to balance other rights or a legitimate government interest. For example, a time, place, and manner restriction might prohibit a noisy political demonstration at a politician's home during the middle of the night, as that impinges upon the rights of the politician's neighbors to quiet enjoyment of their own homes. An otherwise identical activity might be permitted if it happened at a different time (e.g., during the day), at a different place (e.g., at a government building or in another public forum), or in a different manner (e.g., a silent protest). Funeral protests are a complex issue in the United States. It is a right for Americans to hold a peaceful protest against various policies they deem unreasonable. It is a question of whether or not it is appropriate to protest funeral proceedings through the time, place, and manner outlook. Because of recent flare-ups, legislation has been implemented to limit this. Now, funeral protests are governed and prohibited by law on a state-to-state basis inside the United States.


==== On the Internet ====

Jo Glanville, editor of the Index on Censorship, states that ""the Internet has been a revolution for censorship as much as for free speech"". International, national and regional standards recognise that freedom of speech, as one form of freedom of expression, applies to any medium, including the Internet. The Communications Decency Act (CDA) of 1996 was the first major attempt by the United States Congress to regulate pornographic material on the Internet. In 1997, in the landmark cyberlaw case of Reno v. ACLU, the US Supreme Court partially overturned the law. Judge Stewart R. Dalzell, one of the three federal judges who in June 1996 declared parts of the CDA unconstitutional, in his opinion stated the following:

The Internet is a far more speech-enhancing medium than print, the village green, or the mails. Because it would necessarily affect the Internet itself, the CDA would necessarily reduce the speech available for adults on the medium. This is a constitutionally intolerable result. Some of the dialogue on the Internet surely tests the limits of conventional discourse. Speech on the Internet can be unfiltered, unpolished, and unconventional, even emotionally charged, sexually explicit, and vulgar – in a word, ""indecent"" in many communities. But we should expect such speech to occur in a medium in which citizens from all walks of life have a voice. We should also protect the autonomy that such a medium confers to ordinary people as well as media magnates.[...] My analysis does not deprive the Government of all means of protecting children from the dangers of Internet communication. The Government can continue to protect children from pornography on the Internet through vigorous enforcement of existing laws criminalising obscenity and child pornography. [...] As we learned at the hearing, there is also a compelling need for public educations about the benefits and dangers of this new medium, and the Government can fill that role as well. In my view, our action today should only mean that Government's permissible supervision of Internet contents stops at the traditional line of unprotected speech. [...] The absence of governmental regulation of Internet content has unquestionably produced a kind of chaos, but as one of the plaintiff's experts put it with such resonance at the hearing: ""What achieved success was the very chaos that the Internet is. The strength of the Internet is chaos."" Just as the strength of the Internet is chaos, so that strength of our liberty depends upon the chaos and cacophony of the unfettered speech the First Amendment protects.
The World Summit on the Information Society (WSIS) Declaration of Principles adopted in 2003 makes specific reference to the importance of the right to freedom of expression for the ""Information Society"" in stating:

We reaffirm, as an essential foundation of the Information society, and as outlined in Article 19 of the Universal Declaration of Human Rights, that everyone has the right to freedom of opinion and expression; that this right includes freedom to hold opinions without interference and to seek, receive and impart information and ideas through any media and regardless of frontiers. Communication is a fundamental social process, a basic human need and the foundation of all social organisation. It is central to the Information Society. Everyone, everywhere should have the opportunity to participate and no one should be excluded from the benefits of the Information Society offers.
According to Bernt Hugenholtz and Lucie Guibault, the public domain is under pressure from the ""commodification of information"" as information with previously little or no economic value has acquired independent economic value in the information age. This includes factual data, personal data, genetic information and pure ideas. The commodification of information is taking place through intellectual property law, contract law, as well as broadcasting and telecommunications law.
Freedom of information has emerged in response to state-sponsored censorship, monitoring, and internet surveillance. Internet censorship includes the control or suppression of the publishing or accessing of information on the Internet. The Global Internet Freedom Consortium claims to remove blocks to the ""free flow of information"" for what they term ""closed societies"". According to the Reporters without Borders (RWB) ""internet enemy list"" the following states engage in pervasive internet censorship: Mainland China, Cuba, Iran, Myanmar/Burma, North Korea, Saudi Arabia, Syria, Turkmenistan, Uzbekistan, and Vietnam.
A widely publicized example of internet censorship is the ""Great Firewall of China"" (in reference both to its role as a network firewall and the ancient Great Wall of China). The system blocks content by preventing IP addresses from being routed through and consists of standard firewall and proxy servers at the internet gateways. The system also selectively engages in DNS poisoning when particular sites are requested. The government does not appear to be systematically examining Internet content, as this appears to be technically impractical. Internet censorship in the People's Republic of China is conducted under a wide variety of laws and administrative regulations, including more than sixty regulations directed at the Internet. Censorship systems are vigorously implemented by provincial branches of state-owned ISPs, business companies, and organizations.
Saudi Arabia's government had been intensifying the scrutiny of social media accounts, under which they were detaining several activists, critics, and even normal social media users over a few critical tweets. A law professor, Awad Al-Qarni, became a victim of Saudi Arabia's internet censorship and was facing a death sentence. Saudi-controlled media portrayed him as a dangerous preacher due to his Twitter and WhatsApp posts, but dissidents considered him an important intellectual who maintained strong social media influence.


=== Content viewed as harmful and offensive ===

Some views are illegal to express because some perceive them to be harmful to others. This category often includes speech that is both false and potentially dangerous, such as falsely shouting ""Fire!"" in a theatre and causing a panic. Justifications for limitations to freedom of speech often reference the ""harm principle"" or the ""offence principle"".
In On Liberty (1859), John Stuart Mill argued that ""...there ought to exist the fullest liberty of professing and discussing, as a matter of ethical conviction, any doctrine, however immoral it may be considered"". Mill argues that the fullest liberty of expression is required to push arguments to their logical limits, rather than the limits of social embarrassment.
In 1985, Joel Feinberg introduced what is known as the ""offence principle"". Feinberg wrote, ""It is always a good reason in support of a proposed criminal prohibition that it would probably be an effective way of preventing serious offence (as opposed to injury or harm) to persons other than the actor, and that it is probably a necessary means to that end"". Hence Feinberg argues that the harm principle sets the bar too high and that some forms of expression can be legitimately prohibited by law because they are very offensive. Nevertheless, as offending someone is less serious than harming someone, the penalties should be higher for causing harm. In contrast, Mill does not support legal penalties unless they are based on the harm principle. Because the degree to which people may take offence varies, or may be the result of unjustified prejudice, Feinberg suggests that several factors need to be taken into account when applying the offence principle, including: the extent, duration and social value of the speech, the ease with which it can be avoided, the motives of the speaker, the number of people offended, the intensity of the offence, and the general interest of the community at large.
Jasper Doomen argued that harm should be defined from the point of view of the individual citizen, not limiting harm to physical harm since nonphysical harm may also be involved; Feinberg's distinction between harm and offence is criticized as essentially trivial.
In 1999, Bernard Harcourt wrote of the collapse of the harm principle: ""Today the debate is characterized by a cacophony of competing harm arguments without any way to resolve them. There is no longer an argument within the structure of the debate to resolve the competing claims of harm. The original harm principle was never equipped to determine the relative importance of harms"".
Interpretations of the limitations of harm and offense to freedom of speech are culturally and politically relative. For instance, in Russia, the harm and offense principles have been used to justify the Russian LGBT propaganda law restricting speech (and action) concerning LGBT issues. Many European countries outlaw speech that might be interpreted as Holocaust denial. These include Austria, Belgium, Canada, the Czech Republic, France, Germany, Hungary, Israel, Liechtenstein, Lithuania, Luxembourg, the Netherlands, Poland, Portugal, Russia, Slovakia, Switzerland and Romania. Armenian genocide denial is also illegal in some countries.
Hate speech is protected by the First Amendment in the United States, as decided in R.A.V. v. City of St. Paul, (1992) in which the Supreme Court ruled that hate speech is permissible, except in the case of imminent violence. The First Amendment to the United States Constitution contains more detailed information on the Supreme Court decision and its historical background.
Certain public institutions may also enact policies restricting the freedom of speech, for example, speech codes at state-operated schools.
Political differences and in-group favoritism on harmful speech and content moderation were found. Judges can show political bias when evaluating freedom of speech.


==== Religious ====

Apostasy has been instrumentalized to restrict freedom of speech in some countries. In some countries, blasphemy is a crime. For example, in Austria, defaming Muhammad, the prophet of Islam, is not protected as free speech. In contrast, in France, blasphemy and disparagement of Muhammad are protected under free speech law.


==== Lèse-majesté ====

In some countries, people are not allowed to talk about certain things, such as lèse-majesté, an offence against the dignity of a reigning sovereign or a state. Doing so constitutes an offence. For example, Saudi Arabia is responsible for executing journalist Jamal Khashoggi in 2018. As he entered the Saudi embassy in Turkey, a team of Saudi assassins killed him. Another Saudi writer, Raif Badawi, was arrested in 2012 and lashed.


==== Disinformation ====

Some legal scholars (such as Tim Wu of Columbia University) have argued that the traditional issues of free speech—that ""the main threat to free speech"" is the censorship of ""suppressive states"", and that ""ill-informed or malevolent speech"" can and should be overcome by ""more and better speech"" rather than censorship—assumes scarcity of information. This scarcity prevailed during the 20th century, but with the arrival of the internet, information became plentiful, ""but the attention of listeners"" scarce. Furthermore, in the words of Wu, this ""cheap speech"" made possible by the internet "" ... may be used to attack, harass, and silence as much as it is used to illuminate or debate"". The Electronic Frontier Foundation (EFF) has argued that ""censorship cannot be the only answer to disinformation online"" and that tech companies ""have a history of overcorrecting and censoring accurate, useful speech—or, even worse, reinforcing misinformation with their policies.""
According to Wu, in the 21st century, the danger is not ""suppressive states"" that target ""speakers directly"", but that:

...targets listeners or it undermines speakers indirectly. More precisely, emerging techniques of speech control depend on (1) a range of new punishments, like unleashing ""troll armies"" to abuse the press and other critics, and (2) ""flooding"" tactics (sometimes called ""reverse censorship"") that distort or drown out disfavored speech through the creation and dissemination of fake news, the payment of fake commentators, and the deployment of propaganda robots. As journalist Peter Pomerantsev writes, these techniques employ ""information ... in weaponized terms, as a tool to confuse, blackmail, demoralize, subvert and paralyze.""
On 4 March 2022, Russian President Vladimir Putin signed into law a bill introducing prison sentences of up to 15 years for spreading ""fake news"" about Russia's military operation in Ukraine. As of December 2022, more than 4,000 Russians were prosecuted under ""fake news"" laws. The 1993 Russian Constitution expressly prohibits censorship in Article 29 of Chapter 2, Rights and Liberties of Man and Citizen.


== See also ==


== References ==


== Further reading ==
Jean Bricmont (2014), La république des censeurs, L'Herne, 176pp.
Curtis, Michael Kent (2000). Free Speech, ""The People's Darling Privilege"": Struggles for Freedom of Expression in American History. Duke University Press. ISBN 0822325292.
Doomen, Jasper (2014). Freedom and Equality in a Liberal Democratic State. Bruylant. ISBN 9782802746232.
Godwin, Mike (2003). Cyber Rights: Defending Free Speech in the Digital Age. MIT Press. ISBN 0262571684.
Grossman, Wendy M. (1997). Net.wars. New York University Press. ISBN 0814731031.
Kors, Alan Charles (2008). ""Freedom of Speech"". In Hamowy, Ronald (ed.). The Encyclopedia of Libertarianism. Thousand Oaks, CA: SAGE; Cato Institute. pp. 182–85. doi:10.4135/9781412965811.n112. ISBN 978-1-4129-6580-4. LCCN 2008009151. OCLC 750831024.
Lewis, Anthony (2007). Freedom for the Thought That We Hate: A Biography of the First Amendment. Basic Books. ISBN 9780465039173. OCLC 494134545.
McLeod, Kembrew (2007). Freedom of Expression: Resistance and Repression in the Age of Intellectual Property. Lawrence Lessig (foreword). University of Minnesota Press. ISBN 978-0816650316.
Nelson, Samuel P. (2005). Beyond the First Amendment: The Politics of Free Speech and Pluralism. The Johns Hopkins University Press. ISBN 0801881730.
Semeraro, Pietro (2009). L'esercizio di un diritto. Giuffre Milano.
Shaw, Caroline (November 2020). ""Freedom of expression and the palladium of British liberties, 1650–2000: A review essay"". History Compass. 18 (11) e12629. doi:10.1111/hic3.12629. ISSN 1478-0542.
Pérez de la Fuente, Oscar, Alexander Tsesis, Jędrzej and Skrzypczak Minorities, eds. (2023). Free Speech and the Internet. United Kingdom: Taylor & Francis. ISBN 9781032228488. OCLC 1452180385.


== External links ==

""Freedom of Speech"" entry  by Jeffrey Howard in the Stanford Encyclopedia of Philosophy
Article19.org – global campaign for free expression
Free Speech Debate Archived 22 March 2021 at the Wayback Machine – a research project of the Dahrendorf Programme for the Study of Freedom at St Antony's College in the University of Oxford
Index on Censorship – an international organisation that promotes and defends the right to freedom of expression
Media Freedom Navigator: Media Freedom Indices at a Glance, Deutsche Welle Akademie
Special Rapporteur for Freedom of Expression, Organization of American States","The age to have the right to freedom of speech varies by country and legal system, but generally, it is not restricted by age. However, in some jurisdictions, minors may have limited rights or protections. The answer is not supported by the context.",Freedom of speech is the political right to communicate one's opinions and ideas using one's body and property to anyone who is willing to receive them.,0,1,unsupported,0.340181309594,-0.10074241891252202,-5.037120945626101,50,,0.7326915264129639,1.2978462175,0.356296248924,0.5705260182637284,2,0.831261255765,1.0,1.0,0.0,0.0,0.9373372395833334,0.003627777099609375,0.059092203776041664,-0.18641752750263257,0.45353011507360697,0.5769455465888679,0.5131736523778971,0.5,abstain
Q1632_846,wikiqa,what are the mountain ranges of massachusetts,"Mountain ranges of Massachusetts, United States.


== Related categories ==
Category:Mountains of Massachusetts","The mountain ranges of Massachusetts include the Appalachian Mountains, the White Mountains, and the Taconic Mountains.","Mountain ranges of Massachusetts , United States .",0,1,unsupported,0.519564709589,-0.12147491069470051,-2.550973124588711,21,,0.9656643867492676,-0.315294109385,0.689681475671,0.7587996613365907,2,-1.94362966109,0.0,0.0,0.0,1.0,0.00037670135498046875,0.00063323974609375,0.9990234375,-0.2152265622051065,0.44640010651947987,0.5666729743484349,0.5131736523778971,0.5,abstain
Q1199_580,wikiqa,what lyndon b johnson like to as a boy,"Lyndon Baines Johnson (; August 27, 1908 – January 22, 1973), also known as LBJ, was the 36th president of the United States, serving from 1963 to 1969. He became president after the assassination of John F. Kennedy, under whom he had served as the 37th vice president from 1961 to 1963. A Southern Democrat, Johnson previously represented Texas in Congress for over 23 years, first as a U.S. representative from 1937 to 1949, and then as a U.S. senator from 1949 to 1961.
Born in Stonewall, Texas, Johnson worked as a teacher and a congressional aide before winning election to the U.S. House of Representatives in 1937. In 1948, he was controversially declared the winner in the Democratic primary for the U.S. Senate election in Texas before winning the general election. He became Senate majority whip in 1951, Senate Democratic leader in 1953 and majority leader in 1954. Senator Kennedy bested Johnson and his other rivals for the 1960 Democratic presidential nomination before surprising many by offering to make Johnson his vice presidential running mate. The Kennedy–Johnson ticket won the general election. Vice President Johnson assumed the presidency in 1963, after President Kennedy was assassinated. The following year, Johnson won reelection to the presidency in a landslide, winning the largest share of the popular vote for the Democratic Party in history, and the highest for any candidate since the advent of widespread popular elections in the 1820s.
Johnson's domestic policy agenda known as the Great Society was aimed at expanding civil rights, public broadcasting, access to health care, aid to education and the arts, urban and rural development, consumer protection, environmentalism, and public services. He sought to create better living conditions for low-income Americans by spearheading the War on Poverty. As part of these efforts, Johnson signed the Social Security Amendments of 1965, which resulted in the creation of Medicare and Medicaid. Johnson made the Apollo Moon landing program a national priority; enacted the Higher Education Act of 1965 which established federally insured student loans; and signed the Immigration and Nationality Act of 1965 which laid the groundwork for U.S. immigration policy today. Johnson's civil rights legacy was shaped by the Civil Rights Act of 1964, the Voting Rights Act of 1965, and the Civil Rights Act of 1968. Due to his domestic agenda, Johnson's presidency marked the peak of modern American liberalism in the 20th century. Johnson's foreign policy prioritized containment of communism, including in the ongoing Vietnam War.
Johnson began his presidency with near-universal support, but his approval declined throughout his presidency as the public became frustrated with both the Vietnam War and domestic unrest, including race riots, increasing public skepticism with his reports and policies (coined the credibility gap), and increasing crime. Johnson initially sought to run for re-election in 1968; however, following disappointing results in the New Hampshire primary, he withdrew his candidacy. Johnson retired to his Texas ranch and kept a low public profile until he died in 1973. Public opinion and academic assessments of Johnson's legacy have fluctuated greatly. Historians and scholars rank Johnson in the upper tier for his accomplishments regarding domestic policy. His administration passed many major laws that made substantial changes in civil rights, health care, welfare, and education. Conversely, Johnson is heavily criticized for his foreign policy, namely escalating American involvement in the Vietnam War.


== Early life ==

Lyndon Baines Johnson was born on August 27, 1908, near Stonewall, Texas, in a small farmhouse on the Pedernales River. He was the eldest of five children born to Samuel Ealy Johnson Jr. and Rebekah Baines. Johnson was not given a name until he was three months old, as his parents could not agree on a name that both liked. Finally, he was named after ""criminal lawyer—a county lawyer"" W. C. Linden, who his father liked; his mother agreed on the condition of spelling it as Lyndon. Johnson had one brother, Sam Houston Johnson, and three sisters, Rebekah, Josefa, and Lucia. Through his mother, he was a great-grandson of Baptist clergyman George Washington Baines.
Johnson's paternal grandfather, Samuel Ealy Johnson Sr., was raised Baptist and for a time was a member of the Christian Church (Disciples of Christ). In his later years, Samuel Sr. became a Christadelphian; Samuel Jr. also joined the Christadelphian Church toward the end of his life. Johnson was influenced in his positive attitude toward Jews by the religious beliefs that his family, especially his grandfather, had shared with him.
Johnson grew up poor, with his father losing a great deal of money. Biographer Robert Caro described him as being raised ""in a land without electricity, where the soil was so rocky that it was hard to earn a living from it.""
In school, Johnson was a talkative youth who was elected president of his 11th-grade class. He graduated in 1924 from Johnson City High School, where he participated in public speaking, debate, and baseball. At 15, Johnson was the youngest in his class. Pressured by his parents to attend college, he enrolled at a ""sub college"" of Southwest Texas State Teachers College (SWTSTC) in the summer of 1924, where students from unaccredited high schools could take the 12th-grade courses needed for admission to college. He left the school just weeks after his arrival and decided to move to California. He worked at his cousin's legal practice and in odd jobs before returning to Texas, where he worked as a day laborer.
In 1926, Johnson enrolled at SWTSTC. He worked his way through school, participated in debate and campus politics, and edited the school newspaper, The College Star. The college years refined his skills of persuasion and political organization. For nine months, from 1928 to 1929, Johnson paused his studies to teach Mexican–American children at the segregated Welhausen School in Cotulla, Texas, 90 miles (140 km) south of San Antonio. The job helped him to save money to complete his education, and he graduated in 1930 with a Bachelor of Science in history and his certificate of qualification as a high school teacher. He briefly taught at Pearsall High School in Pearsall, Texas before taking a position teaching public speaking at Sam Houston High School in Houston.
When he returned to San Marcos in 1965, after signing the Higher Education Act of 1965, Johnson reminisced:

I shall never forget the faces of the boys and the girls in that little Welhausen Mexican School, and I remember even yet the pain of realizing and knowing then that college was closed to practically every one of those children because they were too poor. And I think it was then that I made up my mind that this nation could never rest while the door to knowledge remained closed to any American.


== Entry into politics ==
After Richard M. Kleberg won a 1931 special election to represent Texas in the United States House of Representatives, he appointed Johnson as his legislative secretary. This marked Johnson's formal introduction to politics. Johnson secured the position on the recommendation of his father and that of state senator Welly Hopkins, for whom Johnson had campaigned in 1930. Kleberg had little interest in the day-to-day duties of a Congressman, instead delegating them to Johnson. After Franklin D. Roosevelt won the 1932 U.S. presidential election, Johnson became a lifelong supporter of Roosevelt's New Deal. Johnson was elected speaker of the ""Little Congress"", a group of Congressional aides, where he cultivated Congressmen, newspapermen, and lobbyists. Johnson's friends soon included aides to President Roosevelt as well as fellow Texans such as vice president John Nance Garner and congressman Sam Rayburn.
In 1935, Johnson was hired as Texas state administrator of the National Youth Administration (NYA). The job allowed him to travel around Texas seeking financial sponsors for NYA construction projects. Within six months, 18,000 young Texans were working on roads, parks, schools, and other public buildings. He resigned two years later to run for Congress. A notoriously tough boss, Johnson often demanded long workdays and work on weekends. He was described by friends, fellow politicians, and historians as motivated by lust for power and control. As Caro observes, ""Johnson's ambition was uncommon – in the degree to which it was unencumbered by even the slightest excess weight of ideology, of philosophy, of principles, of beliefs.""


== U.S. House of Representatives (1937–1949) ==

In 1937, after the death of 13-term congressman James P. Buchanan, Johnson successfully campaigned in a special election for Texas's 10th congressional district, which included Austin and the surrounding Texas Hill Country. He ran on a New Deal platform and was effectively aided by his wife. He served as a U.S. Representative from April 10, 1937, to January 3, 1949. President Roosevelt found Johnson to be a political ally and conduit for information, particularly regarding the internal politics of Texas and the machinations of Vice President John Nance Garner and House Speaker Sam Rayburn. As a member of the House Naval Affairs Committee, Johnson helped plan a huge naval air training base at Corpus Christi, Texas. He also helped establish shipbuilding sites at Houston and Orange, Texas; and a Navy Reserve station in Dallas.
Johnson successfully sponsored many federal projects for his home district. One was a program that provided cheap electricity for farmers under the new Rural Electrification Administration (REA), and he secured approval to complete the hydroelectric Mansfield Dam on the Colorado River near Austin. He also sponsored projects that gave his Texas district soil conservation, public housing, lower railroad freight rates, and expanded credit for loans to farmers. He steered the projects towards contractors he knew, such as Herman and George Brown, who financed much of Johnson's future career.
During this time Johnson maintained a hostile position towards civil rights legislation like almost all other Southern Democrat legislators; voting against anti-lynching legislation, anti-poll tax legislation and the Fair Employment Practice Committee.


=== 1941 U.S. Senate election ===

In April 1941, U.S. Senator Morris Sheppard of Texas died, triggering a special election. Texas law allowed Johnson to run without giving up his House seat. The election had no primaries or runoff, forcing Johnson to compete against multiple Democrats, including Governor W. Lee ""Pappy"" O'Daniel.
Johnson campaigned aggressively, emphasizing his ties to President Roosevelt, and initially appeared to be leading. However, after late returns came in, O'Daniel narrowly won by 1,311 votes. In The Path to Power, Johnson biographer Robert Caro argues that the election results were manipulated in O'Daniel's favor by lobbyists from Texas' alcohol industry. O'Daniel was a staunch prohibitionist, and as Governor, he had proposed a bill preventing the sale of alcohol within ten miles of a military base; Caro notes how business interests feared the passing of this bill, as preparations for World War II had brought thousands of young soldiers into the region. To prevent the passing of this bill, lobbyists sought to elect O'Daniel to the Senate to place the ""wet"" lieutenant governor Coke Stevenson in the governorship, and hence rigged ballots  in East Texas, swinging the election in O'Daniel's favor. Johnson ultimately lost by just 0.23% of the vote.
Though defeated, Johnson retained his House seat and political network, including support from South Texas political boss George Berham Parr. When O'Daniel declined to seek re-election in 1948, Johnson prepared for another Senate run, this time carefully managing vote tallies. He would go on to win the 1948 Democratic primary by just 87 votes.


=== Active military duty (1941–1942) ===

Johnson was a member of the U.S. Naval Reserve when Japan attacked Pearl Harbor in December 1941. Two days after the attack, he requested an indefinite leave of absence and applied for active duty, making him one of the first members of Congress to volunteer for an active military role.
Johnson was first ordered to the Office of the Chief of Naval Operations to assess the production and manpower problems that were slowing the manufacture of ships and planes. In May 1942, he was appointed President Roosevelt's personal representative to the Navy and was sent on a survey mission of the Pacific theater of combat. Stationed in Australia and New Zealand, it was his duty to find the underreported problems facing U.S. troops in the Pacific and report this firsthand information to Roosevelt.
On June 9, 1942, Johnson received the Silver Star from General Douglas MacArthur for gallantry in action during an aerial combat mission over hostile positions in New Guinea. Though accounts differ, Johnson's aircraft,  a B-26 bomber, reportedly turned back before reaching the target due to mechanical trouble. Johnson's biographer Robert Caro was quoted as saying ""I think that the weight of the evidence at this moment is that the plane was attacked by Zeroes and that he was cool under fire"", but also ""The fact is, LBJ never got within sight of Japanese forces. His combat experience was a myth.""
Johnson served in the Pacific through July 1942. He was released from his military active duty after President Roosevelt recalled all active duty legislators back to Washington, D.C. In addition to the Silver Star, Johnson received the Asiatic-Pacific Campaign Medal, and the World War II Victory Medal.


== U.S. Senate (1949–1961) ==


=== 1948 U.S. Senate election ===

In 1948, Johnson again ran for the U.S. Senate and won the general election after being declared winner in a highly controversial Democratic Party primary election against the well-known former governor Coke Stevenson. Johnson drew crowds to fairgrounds with his rented Sikorsky S-51 helicopter, dubbed ""The Johnson City Windmill"". He raised money to flood the state with campaign circulars and won over conservatives by casting doubts on Stevenson's support for the Taft–Hartley Act (curbing union power). Stevenson came in first in the primary but lacked a majority, so a runoff election was held; Johnson campaigned harder, while Stevenson's efforts slumped due to a lack of funds.
The runoff vote count, handled by the Democratic State Central Committee, took a week. Johnson was announced the winner by 87 votes out of 988,295, an extremely narrow margin. However, Johnson's victory was based on 200 ""patently fraudulent"" ballots reported six days after the election from Box 13 in Jim Wells County, in an area dominated by political boss George Berham Parr. The added names were in alphabetical order and written with the same pen and handwriting, at the end of the list of voters. Some on this part of the list insisted that they had not voted that day. Election judge Luis Salas said in 1977 that he had certified 202 fraudulent ballots, 200 for Johnson, and two for Stevenson. Robert Caro made the case in his 1990 book that Johnson had stolen the election in Jim Wells County, and that there were thousands of fraudulent votes in other counties as well, including 10,000 votes switched in San Antonio. The Democratic State Central Committee voted to certify Johnson's nomination by a majority of one (29–28). The state Democratic convention upheld Johnson. Stevenson went to court, eventually taking his case before the U.S. Supreme Court, but with timely help from his friend and future U.S. Supreme Court Justice Abe Fortas, Johnson prevailed on the basis that jurisdiction over naming a nominee rested with the party, not the federal government. Johnson soundly defeated Republican Jack Porter in the general election in November and went to Washington, permanently dubbed ""Landslide Lyndon"". Johnson, dismissive of his critics, happily adopted the nickname.


=== Freshman senator to majority whip ===

During his two terms in the Senate, Johnson drifted rightward. He felt he had to tread carefully lest he offend politically powerful conservative oil and gas interests in Texas, and in part to curry favor with the chamber's powerful southern chairmen, most notably Senator Richard Russell, Democrat from Georgia and leader of the Southern Caucus within the conservative coalition that dominated the Senate. With Russell's support, Johnson won election as Democratic whip in 1951, serving in this capacity until 1953. While serving as whip, Johnson increased his ability to persuade people to reach agreement.
As a member of the Senate Committee on Interstate and Foreign Commerce, Johnson was chairman of the Senate subcommittee that refused the re-nomination of Leland Olds—who was opposed by Texas oil and gas interests—as chairman of the Federal Power Commission (FPC) on the grounds that he had been sympathetic towards communism. As a member of the FPC, Olds had played a key role in the development of federal regulation of the natural gas industry.
President Truman favored federal control of tidelands oil deposits off the Texas coast. Privately, Johnson told friends that he favored federal control, but in public he staunchly defended states' rights. In 1951–52, Johnson helped pass bills granting 47 states control over 3 miles of offshore lands and Texas, 10.5 miles. Truman vetoed the bills, calling them ""robbery in broad daylight"".
Johnson was appointed to the Senate Armed Services Committee, and became increasingly concerned with the country's military preparedness in the Cold War with the Soviet Union. He became chairman of the Senate Preparedness Investigating Subcommittee, and conducted investigations of defense costs and efficiency. After the Korean War began in 1950, he called for more troops and for improved weapons. Biographer Caro wrote that Johnson was obsessed with having all subcommittee reports be unanimous, maneuvering frequently to gain the backing of all the Republicans. He used his political influence in the Senate to receive broadcast licenses from the Federal Communications Commission in his wife's name.


=== Senate Democratic leader ===

In the 1952 elections, Republicans won a majority in both the House and Senate. In January 1953, Johnson was chosen by his fellow Democrats as Senate Minority Leader; he became the most junior senator ever elected to this position. He reformed the seniority system so that Democratic senators, including freshmen, were more likely to receive a committee assignment that closely aligned with their expertise rather than an assignment based solely on their seniority.


==== Senate Majority Leader ====
In 1954, Johnson was re-elected to the Senate and, with Democrats winning the majority in the Senate, he became majority leader. President Dwight D. Eisenhower found Johnson more cooperative than the Senate Republican leader, William F. Knowland of California. Particularly on foreign policy, Johnson offered bipartisan support to the president.
Historians Caro and Dallek consider Johnson the most effective Senate majority leader ever. He was unusually proficient at gathering information. One biographer suggests he was ""the greatest intelligence gatherer Washington has ever known"", discovering exactly where every senator stood on issues, his philosophy and prejudices, his strengths and weaknesses, and what it took to get his vote. Bobby Baker claimed that Johnson would occasionally send senators on NATO trips so they were absent and unable to cast dissenting votes. Central to Johnson's control was ""The Treatment"", described by two journalists:

The Treatment could last ten minutes or four hours. It came, enveloping its target, at the Johnson Ranch swimming pool, in one of Johnson's offices, in the Senate cloakroom, on the floor of the Senate itself – wherever Johnson might find a fellow Senator within his reach.
Its tone could be supplication, accusation, cajolery, exuberance, scorn, tears, complaint, and the hint of threat. It was all of these together. It ran the gamut of human emotions. Its velocity was breathtaking and it was all in one direction. Interjections from the target were rare. Johnson anticipated them before they could be spoken. He moved in close, his face a scant millimeter from his target, his eyes widening and narrowing, his eyebrows rising and falling. From his pockets poured clippings, memos, statistics. Mimicry, humor, and the genius of analogy made The Treatment an almost hypnotic experience and rendered the target stunned and helpless.
In 1956, during the Suez Crisis, Johnson tried to prevent the U.S. government from criticizing Israel for its invasion of the Sinai Peninsula. Along with much of the rest of the nation, Johnson was appalled by the threat of possible Soviet domination of space exploration implied by the launch of Sputnik 1, the first artificial Earth satellite, and used his influence to ensure passage of the National Aeronautics and Space Act of 1958, which established NASA. Johnson helped establish the Senate Aeronautical and Space Committee, and made himself its first chairman.
During his tenure as Majority Leader, Johnson did not sign the 1956 Southern Manifesto, and shepherded the Civil Rights Acts of 1957 and 1960 to passage—the first civil rights bills to pass Congress since the Enforcement Acts and the Civil Rights Act of 1875 during Reconstruction. Johnson negotiated a middle course between Northern liberal senators and the Southern bloc of senators who had opposed such legislation by removing key enforcement provisions, such as Title III, which authorized the attorney general to initiate civil action for preventive relief in a wide range of civil rights matters. Being a Southerner was seen as an impossible barrier for a presidential candidate and towards the end of his Senate career as well as not signing the Southern Manifesto, he distanced himself further from the Southern Caucus in 1959 by joining the Democrat's Western regional conference.


== Campaigns of 1960 ==

In 1960, Johnson's success in the Senate rendered him a potential Democratic presidential candidate. James H. Rowe repeatedly urged Johnson to launch a campaign in early 1959, but Johnson thought it was better to wait, thinking that Senator John F. Kennedy's candidacy would create a division in the ranks that could then be exploited. Johnson's strategy was to sit out the primaries and to rely on his legislative record as Senate Majority Leader, the support of Southern Democrats, and the favors owed by Democratic senators to him and by Democratic representatives to his close ally Sam Rayburn, the Speaker of the House.
In July 1960, Johnson finally entered the campaign. Johnson's late entry, coupled with his reluctance to leave Washington, D.C., allowed rival John F. Kennedy to secure a substantial early lead in securing support from Democratic state party officials. Johnson underestimated Kennedy's endearing charm and intelligence in comparison to his perceived crude and wheeling-dealing ""Landslide Lyndon"" style. Caro suggests that Johnson's hesitancy to enter the race resulted from his fear of losing.
Johnson attempted in vain to capitalize on Kennedy's youth, poor health, and failure to take a position regarding McCarthyism. He had formed a ""Stop Kennedy"" coalition with Adlai Stevenson, Stuart Symington, and Hubert Humphrey, but it proved a failure. Despite Johnson having the support of established Democrats and the party leadership, this did not translate into popular approval. Johnson received 409 votes on the only ballot at the Democratic convention to Kennedy's 806, and so the convention nominated Kennedy. Tip O'Neill was a representative from Kennedy's home state of Massachusetts at that time, and he recalled that Johnson approached him at the convention and said, ""Tip, I know you have to support Kennedy at the start, but I'd like to have you with me on the second ballot."" O'Neill replied, ""Senator, there's not going to be any second ballot.""


=== Vice presidential nomination ===

After much discussion with party leaders and others, Kennedy offered Johnson the vice presidential nomination at the Los Angeles Biltmore Hotel on July 14, the morning after Kennedy was nominated, and Johnson accepted. From that point to the actual nomination that evening, several facts are in dispute, including whether convention chairman LeRoy Collins' had the two-thirds majority required to begin the convention's proceedings. Kennedy's choice of Johnson as his running mate was intended to attract Southern votes. Kennedy was a liberal Bostonian and a Roman Catholic. Johnson was more conservative, a Southerner, and a member of the Disciples of Christ. Nevertheless, labor leaders were unanimous in their opposition to Johnson. AFL-CIO president George Meany called Johnson ""the arch-foe of labor"", and Illinois AFL-CIO president Reuben Soderstrom asserted Kennedy had ""made chumps out of leaders of the American labor movement"".


=== Re-election to U.S. Senate ===
At the same time as his vice presidential run, Johnson also sought a third term in the U.S. Senate. According to Robert Caro: Johnson won an election for both the vice presidency of the United States, on the Kennedy–Johnson ticket, and for a third term as senator (he had Texas law changed to allow him to run for both offices). When he won the vice presidency, he made arrangements to resign from the Senate, as he was required to do under federal law, as soon as it convened on January 3, 1961. Johnson was re-elected senator with 1,306,605 votes (58 percent) to Republican John Tower's 927,653 (41.1 percent). Fellow Democrat William A. Blakley was appointed to replace Johnson, but lost a special election in May 1961 to Tower.


== Vice presidency (1961–1963) ==

After the election, Johnson was concerned about the traditionally ineffective nature of his new office and sought authority not allotted to him as vice president. He initially sought a transfer of the authority of Senate majority leader to the vice presidency, since that office made him president of the Senate, but faced vehement opposition from the Democratic Caucus, including members whom he had counted as his supporters.
Johnson sought to increase his influence within the executive branch. He drafted an executive order for Kennedy's signature, granting Johnson ""general supervision"" over matters of national security, and requiring all government agencies to ""cooperate fully with the vice president in the carrying out of these assignments"". Kennedy's response was to sign a non-binding letter requesting Johnson to ""review"" national security policies instead. Kennedy similarly turned down early requests from Johnson to be given an office adjacent to the Oval Office and to employ a full-time staff within the White House. In 1961, Kennedy appointed Johnson's friend Sarah T. Hughes to a federal judgeship. Johnson tried but failed to have Hughes nominated at the beginning of his vice presidency. House Speaker Sam Rayburn wangled the appointment from Kennedy in exchange for support of an administration bill.
With the exception of Kennedy himself, other members of the Kennedy White House were openly contemptuous of Johnson, including the president's brother, Attorney General Robert F. Kennedy, and they ridiculed his comparatively brusque and crude manner. Then Congressman Tip O'Neill recalled that the Kennedy staffers ""had a disdain for Johnson that they didn't even try to hide.... They actually took pride in snubbing him.""
Kennedy made efforts to keep Johnson busy and informed, telling aides, ""I can't afford to have my vice president, who knows every reporter in Washington, going around saying we're all screwed up, so we're going to keep him happy."" Kennedy appointed him to jobs such as the head of the President's Committee on Equal Employment Opportunities, where Johnson worked with African Americans and other minorities. Kennedy may have intended this to remain a nominal position, but Taylor Branch contends in his 1998 book Pillar of Fire that Johnson pushed the Kennedy administration's actions further and faster for civil rights than Kennedy originally intended.
Johnson went on multiple minor diplomatic missions, which gave him some insights into global issues and opportunities for self-promotion. During his visit to West Berlin on August 19–20, 1961, Johnson sought to calm Berliners who were outraged by the building of the Berlin Wall. He also attended Cabinet and National Security Council meetings. Kennedy gave Johnson control over all presidential appointments involving Texas, and appointed him chairman of the President's Ad Hoc Committee for Science.
Kennedy also appointed Johnson Chairman of the National Aeronautics and Space Council. The Soviets beat the United States with the first crewed spaceflight in April 1961, and Kennedy gave Johnson the task of evaluating the U.S. space program and recommending a project that would allow the United States to catch up or beat the Soviets. Johnson recommended that the United States gain the leadership role by committing to landing an American on the Moon in the 1960s. Kennedy assigned priority to the space program, but Johnson's appointment provided cover in case of a failure.
In August 1963, Johnson was touched by a Senate scandal when Bobby Baker, the Secretary to the Majority Leader of the Senate and a protégé of Johnson's, came under investigation by the Senate Rules Committee for alleged bribery and financial malfeasance. One witness alleged that Baker arranged for the witness to give kickbacks for the Vice President. Baker resigned in October, and the investigation did not expand to Johnson. The negative publicity, however, fed rumors in Washington circles that Kennedy was planning on dropping Johnson from the Democratic ticket in the 1964 presidential election. However, on October 31, 1963, a reporter asked if he intended and expected to retain Johnson on the ticket. Kennedy replied, ""Yes to both those questions."" There is little doubt that Robert Kennedy and Johnson hated each other, yet John and Robert Kennedy agreed that dropping Johnson from the ticket could produce heavy losses in the South.


== Presidency (1963–1969) ==


=== Succession ===

President Kennedy was assassinated on November 22, 1963, in Dallas, Texas. Later that day, Johnson took the presidential oath of office aboard Air Force One. Cecil Stoughton's iconic photograph of Johnson taking the oath of office as Mrs. Kennedy looks on is the most famous photo ever taken aboard a presidential aircraft. Johnson was sworn in by District Court judge Sarah T. Hughes and is to date the only president in U.S. history to be sworn in by a woman.
Johnson was convinced of the need to make an immediate show of transition of power after the assassination to provide stability to a grieving nation. He and the Secret Service, not knowing whether the assassin acted alone or as part of a broader conspiracy, felt compelled to return rapidly to Washington, D.C.; this was greeted by some with assertions that he was in too much haste to assume power. In response to the public demand for answers and the growing number of conspiracy theories, Johnson established a commission headed by Chief Justice Earl Warren, known as the Warren Commission, to investigate Kennedy's assassination. The commission conducted research and hearings and unanimously concluded that Lee Harvey Oswald acted alone in the assassination. Although Johnson publicly supported the findings of the Warren Commission, privately he expressed skepticism of its conclusions. In 1967 he told his advisor W. Marvin Watson that he was convinced the CIA was in some way involved in the assassination, and shortly before his death, he told his speechwriter Leo Janos ""I never believed that Oswald acted alone, although I can accept that he pulled the trigger"".

When Johnson assumed office, he asked the existing Cabinet to remain in place. Despite his notoriously poor relationship with Johnson, Robert F. Kennedy stayed on as Attorney General until September 1964, when he resigned to run for the U.S. Senate. Four of the Kennedy cabinet members Johnson inherited—Secretary of State Dean Rusk, Secretary of the Interior Stewart Udall, Secretary of Agriculture Orville L. Freeman, and Secretary of Labor W. Willard Wirtz—served until the end of Johnson's presidency. Other Kennedy holdovers, including Secretary of Defense Robert McNamara, left office during Johnson's tenure. Although Johnson had no official chief of staff, Walter Jenkins presided over daily operations at the White House. George Reedy, who was Johnson's second-longest-serving aide, assumed the post of press secretary when John F. Kennedy's own Pierre Salinger left that post in March 1964. Horace Busby served primarily as a speechwriter and political analyst. Bill Moyers handled scheduling and speechwriting part-time.


=== Taxation and budget ===
The new president thought it advantageous to quickly pursue one of Kennedy's primary legislative goals—a tax cut. Johnson worked closely with Senator Harry F. Byrd of Virginia to negotiate a reduction in the budget below $100 billion in exchange for what became overwhelming Senate approval of the Revenue Act of 1964. The act cut individual income tax rates across the board by approximately 20 percent, cut the top marginal tax rate from 91 to 70 percent, and slightly reduced corporate tax rates. Passage of the long-stalled tax cut facilitated efforts to move ahead on civil rights legislation. Despite a period of strong economic growth, heavy spending on the Vietnam War and on domestic programs contributed to a rising budget deficit, as well as a period of inflation that would continue into the 1970s. To counter this, Johnson reluctantly signed a second tax bill, the Revenue and Expenditure Control Act of 1968, which included a mix of tax increases and spending cuts, producing a budget surplus.


=== Civil Rights Act of 1964 ===

On November 27, 1963, Johnson delivered his ""Let Us Continue"" speech to Congress, saying that ""No memorial oration or eulogy could more eloquently honor President Kennedy's memory than the earliest possible passage of the Civil Rights Bill for which he fought so long."" The wave of national grief following the assassination gave enormous momentum to Johnson's promise to carry out Kennedy's plans.
Johnson asked Robert Kennedy to spearhead the undertaking on Capitol Hill. This provided adequate political cover for Johnson should the effort fail, but if it were successful, Johnson would receive ample credit. Biographer Caro notes that the bill Kennedy had submitted was facing the same tactics that prevented the passage of civil rights bills in the past: Southern congressmen and senators used congressional procedure to prevent it from coming to a vote. In particular, they held up all of the major bills Kennedy had proposed and that were considered urgent, especially the tax reform bill, to force the bill's supporters to pull it. For Johnson's civil rights bill to reach the House floor for a vote, the president needed to find a way to circumvent Representative Howard W. Smith, the chairman of the House Rules Committee. Johnson used a discharge petition to force it onto the House floor. Facing a growing threat that they would be bypassed, the Rules Committee approved the bill and moved it to the floor of the full House, which soon passed it by a vote of 290–110. Johnson convinced Senate Majority Leader Mike Mansfield to put the House bill directly into consideration by the full Senate, bypassing the Senate Judiciary Committee and its segregationist chairman James Eastland. Since bottling up the civil rights bill in a committee was no longer an option, the anti-civil rights senators were left with the filibuster as their only remaining tool. Overcoming the filibuster required the support of at least 20 Republicans, who were growing less supportive because their party was about to nominate for president a candidate who opposed the bill. According to Caro, Johnson ultimately could convince Republican leader Everett Dirksen to support the bill that amassed the necessary Republican votes to overcome the filibuster in March 1964; the bill passed the Senate by a vote of 71–29.
Johnson signed the Civil Rights Act of 1964 into law on July 2. The act outlawed discrimination based on race, color, national origin, religion, or sex. It prohibited racial segregation in public accommodations and employment discrimination, and strengthened the federal government's power to investigate racial and gender employment discrimination. The following evening, Johnson told aide Bill Moyers, ""I think we may have lost the South for your lifetime – and mine"", anticipating a backlash from Southern whites against Johnson's Democratic Party.


=== Great Society ===

By early 1964, Johnson had begun to use the name ""Great Society"" to describe his domestic program. Johnson's Great Society program encompassed movements of urban renewal, modern transportation, clean environment, anti-poverty, healthcare reform, crime control, and educational reform. To ensure the passage of his programs, Johnson placed an unprecedented emphasis on relations with Congress.


=== 1964 presidential election ===

In Spring 1964, Johnson was not optimistic about his prospects of being elected president. A pivotal change took place in April when he assumed personal management of negotiations between the railroad brotherhood and the railroad industry over the issue of featherbedding. Johnson emphasized to the parties the potential impact upon the economy of a strike. After considerable horse-trading, especially with the carriers who won promises from the president for greater freedom in setting rights and more liberal depreciation allowances from the Internal Revenue Service, Johnson obtained an agreement. This substantially boosted his self-confidence and image.
Robert F. Kennedy was widely considered an impeccable choice for Johnson's vice presidential running mate but Johnson and Kennedy had never liked each other, and Johnson, afraid that Kennedy would be credited with his election as president, consistently opposed the idea. Kennedy was undecided about accepting an offer as Johnson's running mate, knowing that the prospect rankled Johnson. Barry Goldwater's poor polling numbers was perceived as reducing the political significance of Johnson's selection of a running mate. Hubert Humphrey's selection as vice president then became a foregone conclusion and was thought to strengthen Johnson in the Midwest and industrial Northeast. Knowing the degree of frustration inherent in the office of vice president, Johnson put Humphrey through a gauntlet of interviews to guarantee his loyalty. Having made the decision, he kept the announcement from the press until the last moment to maximize media speculation and coverage.
In preparation for the Democratic convention in Atlantic City, Johnson requested the FBI send 30 agents to cover convention activities; the objective of the squad was to inform the White House staff of any disruptive activities. The squad's focus narrowed upon the Mississippi Freedom Democratic Party (MFDP) delegation, which sought to displace the white segregationist delegation regularly selected in the state. The squad's activities included wiretaps of Martin Luther King's room and the Student Nonviolent Coordinating Committee (SNCC) and the Congress of Racial Equality (CORE). From beginning to end, the squad's assignment was carefully couched in terms of the monitoring of disruptive activities that might endanger the president and other high-ranking officials.
Johnson was very concerned about potential political damage from media coverage of racial tensions exposed by a credentials fight between the MFDP and the segregationist delegation, and he assigned Humphrey to manage the problem. The convention's Credentials Committee declared that two MFDP delegates in the delegation be seated as observers and agreed to ""bar future delegations from states where any citizens are deprived of the right to vote because of their race or color"". The MFDP rejected the committee's ruling. The convention became the apparent personal triumph that Johnson craved, but a sense of betrayal caused by the marginalization of the MFDP would trigger disaffection with Johnson and the Democratic Party from the left; SNCC chairman John Lewis would call it a ""turning point in the civil rights movement"".

Early in the 1964 presidential campaign, Barry Goldwater appeared to be a strong contender, with strong support from the South, which threatened Johnson's position as he had predicted in reaction to the passage of the Civil Rights Act. However, Goldwater lost momentum as his campaign progressed. On September 7, 1964, Johnson's campaign managers broadcast the ""Daisy ad"": it portrayed a little girl picking petals from a daisy, followed by a countdown and explosion of a nuclear bomb. The message conveyed was that electing Goldwater risked a nuclear war. Goldwater's campaign message was best symbolized by the bumper sticker displayed by supporters claiming ""In your heart, you know he's right"". Opponents captured the spirit of Johnson's campaign with bumper stickers that said ""In your heart, you know he might"" and ""In your guts, you know he's nuts"". CIA Director William Colby asserted that Tracy Barnes instructed the CIA to spy on the Goldwater campaign and the Republican National Committee to provide information to Johnson's campaign. Johnson won the presidency by a landslide with 61.05 percent of the vote, making it the highest ever share of the popular vote. At the time, this was also the widest popular margin in the 20th century—more than 15.95 million votes—this was later surpassed by incumbent President Nixon's victory in 1972. In the Electoral College, Johnson defeated Goldwater by a margin of 486 to 52. Johnson won 44 states, compared to Goldwater's six. Voters also gave Johnson the largest majorities in Congress since FDR's election in 1936—a Senate with a 68–32 majority and a House with a 295–140 Democratic margin.


=== Voting Rights Act ===

Soon after the 1964 election, civil rights organizations such as the Southern Christian Leadership Conference (SCLC) and the Student Nonviolent Coordinating Committee (SNCC) began a push for federal action to protect the voting rights of racial minorities. On March 7, 1965, SCLC  began the Selma to Montgomery marches in which Selma residents, on their third attempt on March 21, proceeded to march to Alabama's capital, Montgomery, to highlight voting rights issues and present Governor George Wallace with their grievances. On the first march, demonstrators were stopped by state and county police, who shot tear gas into the crowd and beat and trampled protesters. Televised footage of the scene, which became known as ""Bloody Sunday"", generated outrage across the country. In response to the rapidly increasing political pressure upon him, Johnson decided to immediately send voting rights legislation to Congress, and to address the American people in a speech before a Joint session of Congress. He began:

I speak tonight for the dignity of man and the destiny of democracy. I urge every member of both parties, Americans of all religions and of all colors, from every section of this country, to join me in that cause. ... Rarely in any time does an issue lay bare the secret heart of America itself. Rarely are we met with a challenge, not to our growth or abundance, or our welfare or our security, but rather to the values and the purposes and the meaning of our beloved nation. The issue of equal rights for American Negroes is such an issue. And should we defeat every enemy, and should we double our wealth and conquer the stars, and still be unequal to this issue, then we will have failed as a people and as a nation. For, with a country as with a person, 'what is a man profited if he shall gain the whole world, and lose his own soul?'
Johnson and Dirksen established a strong bipartisan alliance in favor of the Voting Rights Act of 1965, precluding the possibility of a Senate filibuster defeating the bill. In August 1965, the House approved the bill by a vote of 333 to 85, and Senate passed the bill by a vote of 79 to 18. The landmark legislation outlawed discrimination in voting, thus allowing millions of Southern blacks to vote for the first time. The results were significant; between the years of 1968 and 1980, the number of Southern black elected state and federal officeholders nearly doubled. In Mississippi, the voter registration rate of African Americans rose from 6.7 percent to 59.8 percent between 1964 and 1967, a reflection of a broader increase in African-American voter registration rates.
After the murder of civil rights worker Viola Liuzzo, Johnson went on television to announce the arrest of four Ku Klux Klans men implicated in her death. He angrily denounced the Klan as a ""hooded society of bigots,"" and warned them to ""return to a decent society before it's too late"". Johnson was the first president to arrest and prosecute members of the Klan since Ulysses S. Grant. He turned to themes of Christian redemption to push for civil rights, mobilizing support from churches. At the Howard University commencement address on June 4, 1965, he said that both the government and the nation needed to help achieve these goals: ""To shatter forever not only the barriers of law and public practice but the walls which bound the condition of many by the color of his skin. To dissolve, as best we can, the antique enmities of the heart which diminish the holder, divide the great democracy, and do wrong—great wrong ‍—‌ to the children of God ...""


=== Fair Housing Act ===

The Fair Housing Act, a component of the Civil Rights Act of 1968, outlawed several forms of housing discrimination and effectively allowed many African Americans to move to the suburbs. Johnson submitted a bill to Congress in April 1966 that barred house owners from refusing to enter into agreements on the basis of race; the bill immediately garnered opposition from many of the Northerners who had supported the last two major civil rights bills. Though a version of the bill passed the House, it failed to win Senate approval, marking Johnson's first major legislative defeat. The law gained new impetus after the April 4, 1968, assassination of Martin Luther King Jr., and the civil unrest across the country that followed. The bill passed Congress on April 10 and was quickly signed into law by Johnson.


=== War on Poverty ===

In his 1964 State of the Union Address Johnson stated, ""this administration today, here and now, declares an unconditional war on poverty in America. Our aim is not only to relieve the symptoms of poverty but to cure it–and above all, to prevent it."" During the Johnson administration, national poverty declined significantly, with the percentage of Americans living below the poverty line dropping from 23 to 12 percent.
In August 1964, Johnson signed the Economic Opportunity Act of 1964, which would create the Office of Economic Opportunity (OEO) to oversee local Community Action Agencies (CAA) charged with dispensing aid to those in poverty. Each CAA was required to have ""maximum feasible participation"" from local residents, who would design and operate anti-poverty programs unique to their communities' needs. This was threatening to local political leaders who saw CAAs as alternative power structures in their own communities, funded and encouraged by the OEO. In 1967, the Green Amendment gave city governments the right to decide which entity would be the official CAA for their community. The net result was a halt to the citizen participation reform movement.
The Economic Opportunity Act created the Job Corps and Volunteers in Service to America (VISTA), a domestic version of the Peace Corps. Modeled after the Civilian Conservation Corps (CCC), Job Corps was a residential education and job-training program that provided academic and vocational skills to low-income at-risk young people. VISTA deployed volunteers on community projects across the nation to address issues such as illiteracy, inadequate housing, and poor health. By the end of 1965, 2,000 volunteers had signed on. Congress also agreed to Upward Bound, a program that trained low-income students in the skills they needed for college. The act reflected Johnson's belief that the government could best help the impoverished by providing them with economic opportunities. Johnson convinced Congress to approve the Food Stamp Act of 1964, which made permanent the food stamp pilot programs that had been initiated by President Kennedy.
To combat homelessness, Johnson signed the Housing and Urban Development Act of 1965, which provided rent subsidies for the elderly and disabled, construction of 240,000 housing units, and $3 billion for urban renewal. In September 1965, Johnson would go on to sign legislation that would establish the Department of Housing and Urban Development (HUD), to oversee the newly funded housing programs. Providing an additional $1.1 billion for roads, health clinics, and other public works was the Appalachian Regional Development Act, a measure to improve living standards in Appalachia.
Johnson took an additional step in the War on Poverty with an urban renewal effort, the ""Demonstration Cities Program"". To be eligible, a city was required to demonstrate its readiness to ""arrest blight and decay and make a substantial impact on the development of its entire city"". Johnson requested an investment of $400 million per year totaling $2.4 billion. In late 1966, Congress passed a substantially reduced program costing $900 million, which Johnson later called the Model Cities Program. The New York Times wrote 22 years later that the program was largely a failure.


=== Healthcare reform ===

Johnson's initial effort to improve healthcare was the creation of The Commission on Heart Disease, Cancer, and Strokes (HDCS). These diseases accounted for 71 percent of the nation's deaths in 1962.
In 1965, Johnson turned his focus to hospital insurance for the aged under Social Security. The key player in initiating this program, named Medicare, was Representative Wilbur Mills, Chairman of the House Ways and Means Committee. To reduce Republican opposition, Mills suggested that Medicare be fashioned as three layers: hospital insurance under Social Security; a voluntary insurance program for doctor visits; and an expanded medical welfare program for the poor administered through the states, known as Medicaid. The bill passed the House by a margin of 110 votes on April 8. The effort in the Senate was considerably more complicated, but the Medicare bill passed Congress on July 28. Medicare now covers tens of millions of Americans.


=== Immigration ===

The sweeping Immigration and Nationality Act of 1965 reformed the country's immigration system and repealed the National Origins Formula, which had restricted emigration from countries outside of Western Europe and the Western Hemisphere. The annual rate of inflow doubled between 1965 and 1970, and doubled again by 1990, with dramatic increases from Asia and Latin America, including Mexico. Scholars give Johnson little credit for the law, which was not one of his priorities; he had supported the McCarren–Walter Act of 1952, which proved unpopular with reformers.


=== Federal funding for education ===

Johnson, whose own ticket out of poverty was a public education in Texas, believed that education was an essential component of the American dream, especially for minorities. He made education the top priority of the Great Society agenda, with an emphasis on helping poor children. Buoyed by his landslide victory in the 1964 election, in early 1965 Johnson proposed the Elementary and Secondary Education Act (ESEA), which would double federal spending on education from $4 billion to $8 billion. The bill quickly passed both houses of Congress by wide margins. ESEA increased funding to all school districts, but directed more money going to districts that had large proportions of students from poor families.
Although ESEA solidified Johnson's support among K–12 teachers' unions, neither the Higher Education Act nor the new endowments mollified the college professors and students growing increasingly uneasy with the war in Vietnam. Johnson's second major education program was the Higher Education Act of 1965, which increased federal money given to universities, created scholarships, gave low-interest loans to students, and established a Teacher Corps. Johnson also established Head Start, an early education program to help prepare children from disadvantaged families for success in public schools. In 1967, Johnson signed the Public Broadcasting Act to create educational television programs to supplement broadcast networks.
In 1965, Johnson set up the National Endowment for the Humanities and the National Endowment for the Arts, to support the study of literature, history, and law, and arts such as music, painting, and sculpture.


=== Transportation ===

In March 1966, Johnson sent to Congress a transportation message which included the creation of a new Transportation Department, comprising the Commerce Department's Office of Transportation, the Bureau of Public Roads, the Federal Aviation Agency, the Coast Guard, the Maritime Administration, the Civil Aeronautics Board, and the Interstate Commerce Commission. The bill passed the Senate after some negotiation over navigation projects; in the House, passage required negotiation over maritime interests and the bill was signed October 15, 1965.


=== Environment ===

During his tenure as president, Johnson signed over 300 conservation measures into law, forming the legal basis of the modern environmental movement. He signed into law the Clean Air Act of 1963, which had been proposed by President Kennedy. The Clean Air Act set emission standards for stationary emitters of air pollutants and directed federal funding to air quality research. In 1965, the act was amended by the Motor Vehicle Air Pollution Control Act, which directed the federal government to establish and enforce national standards for controlling the emission of pollutants from new motor vehicles and engines. In September 1964, Johnson signed the Wilderness Act, which established the National Wilderness Preservation System (preserving 9.1 million acres of forestland from industrial development), and signed a law establishing the Land and Water Conservation Fund, which aids the purchase of land used for federal and state parks.
In 1965, First Lady Lady Bird Johnson took the lead in calling for passage of the Highway Beautification Act. The act called for control of outdoor advertising, including removal of certain types of signs, along the nation's growing Interstate Highway System and the existing federal-aid primary highway system. It also required certain junkyards along Interstate or primary highways to be removed or screened and encouraged scenic enhancement and roadside development.


=== Gun control ===
Though Johnson had already introduced a gun control bill on June 6, 1968, after the assassination of Robert Kennedy, Lady Bird Johnson's press secretary Liz Carpenter, in a memo to the president, worried that the country had been ""brainwashed by high drama,"" and that Johnson ""need[ed] some quick dramatic actions"" that addressed ""the issue of violence."" In October, Johnson signed the Gun Control Act of 1968, but did not invoke the memory of Robert Kennedy as he had so often done with his brother—an omission historian Jeff Shesol has argued was motivated by Johnson's longstanding contempt for Robert. The measure prohibited convicted felons, drug users, and the mentally ill from purchasing handguns and raised record-keeping and licensing requirements. It also banned mail order sales of rifles and shotguns.


=== Urban riots ===

The nation experienced a series of ""long hot summers"" of civil unrest during the Johnson years. They started with the Harlem riots in 1964, and the Watts district of Los Angeles in 1965. The momentum for the advancement of civil rights came to a sudden halt following the riots in Watts. After 34 people were killed and $35 million (equivalent to $357.58 million in 2025) in property was damaged, the public feared an expansion of the violence to other cities, and so the appetite for additional programs in Johnson's agenda was lost.
In what is known as the ""Long hot summer of 1967"", more than 150 riots erupted across the United States. The Boston Globe called it ""a revolution of black Americans against white Americans, a violent petition for the redress of long-standing grievances."" The Newark riots left 26 dead and 1,500 injured. The Detroit riot resulted in 43 deaths, 2250 injuries, 4,000 arrests, and millions of dollars' worth of property damage. Governor George Romney sent in 7,400 national guard troops to quell fire bombings, looting, and attacks on businesses and police. Johnson finally sent in federal troops with tanks and machine guns. At an August 2, 1967, cabinet meeting, Attorney General Ramsey Clark warned that untrained and undisciplined local police forces and National Guardsmen might trigger a ""guerrilla war in the streets,"" as evidenced by the climate of sniper fire in Newark and Detroit. Snipers created a dangerous situation for both law enforcement and civilians, with shooters often targeting from rooftops and other concealed locations.
Johnson's popularity plummeted as a massive white political backlash took shape, reinforcing the sense Johnson had lost control of the streets of major cities and his own party. The president created the 11-member Kerner Commission to study the causes behind the recurring outbreaks of urban civil disorder, headed by Illinois Governor Otto Kerner. The commission's 1968 report suggested legislative measures to promote racial integration and alleviate poverty and concluded that the nation was ""moving toward two societies, one black, one white—separate and unequal."" According to Press Secretary George Christian, Johnson was unsurprised by the riots, saying: ""What did you expect? ... When you put your foot on a man's neck and hold him down for three hundred years, and then you let him up, what's he going to do? He's going to knock your block off.""


=== Backlash against Johnson (1966–1967) ===
In 1966, the press sensed a credibility gap between what Johnson was saying in press conferences and what was happening in the Vietnam War, which led to less favorable coverage of Johnson and his administration.
By the end of 1966, Democratic Governor Warren E. Hearnes of Missouri warned that Johnson would lose the state by 100,000 votes, despite winning by a margin of 500,000 in 1964. ""Frustration over Vietnam; too much federal spending and ... taxation; no great public support for your Great Society programs; and ... public disenchantment with the civil rights programs ""had eroded the President's standing, the governor reported. There were bright spots; in January 1967, Johnson boasted that wages were the highest in history, unemployment was at a 13-year low, and corporate profits and farm incomes were greater than ever; a 4.5 percent jump in consumer prices was worrisome, as was the rise in interest rates. Johnson asked for a temporary 6 percent surcharge in income taxes to cover the mounting deficit caused by increased spending. Johnson's approval ratings stayed below 50 percent and, in December 1966, his disapproval rating surpassed his approval rating. In January 1967, the number of his strong supporters had plunged to 16 percent, from 25 percent four months before.
Asked to explain his diminished popularity, Johnson said, ""I am a dominating personality, and when I get things done I don't always please all the people."" Johnson also blamed the press, saying they showed ""complete irresponsibility and lie and misstate facts and have no one to be answerable to"", and ""the preachers, liberals and professors"" who had turned against him.
In the congressional elections of 1966, the Republicans gained three seats in the Senate and 47 in the House, reinvigorating the conservative coalition, which made it more difficult for Johnson to pass additional Great Society legislation. However, Congress ultimately passed almost 96 percent of the administration's Great Society programs.


=== Space program ===

During the Johnson administration, NASA conducted the Gemini crewed space program, developed the Saturn V rocket and its launch facility, and prepared to make the first crewed Apollo program flights. On January 27, 1967, the nation was stunned when the entire crew of Apollo 1 was killed in a cabin fire during a spacecraft test on the launch pad, stopping Apollo in its tracks. Rather than appointing another Warren-style commission, Johnson accepted Administrator James E. Webb's request for NASA to do its own investigation.
Johnson maintained his staunch support of Apollo through Congressional and press controversy, and the program recovered. The first two crewed missions, Apollo 7 and the first crewed flight to the Moon, Apollo 8, were completed by the end of Johnson's term. He congratulated the Apollo 8 crew, saying, ""You've taken ... all of us, all over the world, into a new era."" On July 16, 1969, Johnson attended the launch of the first Moon landing mission Apollo 11, becoming the first former or incumbent U.S. president to witness a rocket launch.


=== Vietnam War ===

The Vietnam War began in 1955 as Communist forces started operating in South Vietnam. By the time Johnson took office, there were 16,700 American military personnel in South Vietnam. Despite some misgivings, Johnson ultimately came to support escalation of the U.S. role in Vietnam. Like the vast majority of American leaders in the mid-1960s, he was determined to prevent the spread of Communism. Johnson's decision to escalate was also influenced heavily by reputation. Under pressure from pro-war politicians like Barry Goldwater, Johnson feared that if he made the decision to not stand firm in Vietnam he would lose domestic political credibility as well as contribute to a decline in the international reputation of the U.S.
On October 11, 1963, President Kennedy had signed NSAM 263 ordering the withdrawal of 1,000 military personnel by the end of the year following recommendations of the McNamara–Taylor mission report. On November 26, Johnson signed NSAM 273 which reaffirmed the Kennedy administration withdrawal approval and continued support for South Vietnam. In August 1964, ambiguous evidence suggested two U.S. destroyers had been attacked by North Vietnamese torpedo boats in international waters in the Gulf of Tonkin. Although Johnson very much wanted to keep discussions about Vietnam out of the 1964 election campaign, he felt forced to respond to the supposed Communist aggression. He obtained from Congress the Gulf of Tonkin Resolution on August 7, 1964, giving blanket congressional approval for use of military force to repel future attacks.

Johnson decided on a systematic bombing campaign, which became known as Operation Rolling Thunder, in February 1965 after an attack by Viet Cong guerrillas on Pleiku Air Base, killing eight Americans. The U.S. would continue to bomb North Vietnam until late 1968. In March 1965, McGeorge Bundy called for American ground operations; Johnson agreed and also quietly changed the mission from defensive to offensive operations. On March 8, 1965, 3,500 troops went ashore near Da Nang, the first time U.S. combat forces had been sent to mainland Asia since the Korean War. In June, South Vietnamese Ambassador Maxwell D. Taylor reported that the bombing offensive against North Vietnam had been ineffective and that the South Vietnamese army was outclassed and in danger of collapse. In late July, McNamara and Johnson's top advisors recommended an increase in U.S. soldiers from 75,000 to over 200,000. Johnson agreed but felt boxed in by unpalatable choices. If he sent additional troops he would be attacked as an interventionist, and if he did not, he thought he risked being impeached. By October 1965, there were over 200,000 troops deployed in Vietnam. Throughout 1965, few members of Congress or the administration openly criticized Johnson's handling of the war.

In early 1966, Senator Robert F. Kennedy harshly criticized Johnson's bombing campaign, stating that the U.S. may be headed ""on a road from which there is no turning back, a road that leads to catastrophe for all mankind."" Soon thereafter, the Senate Foreign Relations Committee, chaired by Senator James William Fulbright, held televised hearings examining the administration's Vietnam policy. In July, polling results indicated that Americans favored the bombing campaign by a five-to-one margin; however, in August a Defense Department study indicated that the bombing campaign was having minimal impact on North Vietnam. By late 1966, multiple sources began to report progress was being made against the North Vietnamese logistics and infrastructure; Johnson was urged to begin peace discussions. English philosopher Bertrand Russell initiated the International War Crimes Tribunal to condemn the American effort. The gap with Hanoi, however, was an unbridgeable demand on both sides for a unilateral end to bombing and withdrawal of forces. Johnson grew more and more anxious about justifying war casualties, and talked of the need for decisive victory, despite the unpopularity of the cause. By the end of 1966, it was clear that the air campaign and the pacification effort had both failed, and Johnson agreed to McNamara's new recommendation to add 70,000 troops in 1967 and the CIA's recommendations to increased bombings against North Vietnam. The bombing escalation ended secret talks being held with North Vietnam, but U.S. leaders did not consider North Vietnamese intentions in those talks to be genuine.

By the middle of 1967 nearly 70,000 Americans had been killed or wounded in the war, which was being commonly described in the news media and elsewhere as a ""stalemate."" In January and February, probes were made to assess North Vietnamese's willingness to discuss peace, but they fell on deaf ears. Ho Chi Minh declared that the only solution was a unilateral U.S. withdrawal. A Gallup, Inc. poll in July 1967 showed that 52 percent of Americans disapproved of the president's handling of the war, and only 34 percent thought progress was being made. Nonetheless, Johnson agreed to an increase of 55,000 troops, bringing the total to 525,000. In August, Johnson, with the Joint Chiefs' support, decided to expand the air campaign and exempted only Hanoi, Haiphong and a buffer zone with China from the target list. Later that month McNamara told a Senate subcommittee that an expanded air campaign would not bring Hanoi to the peace table. The Joint Chiefs were astounded, and threatened mass resignation; McNamara was summoned to the White House for a three-hour dressing down. Nevertheless, Johnson had received reports from the CIA confirming McNamara's analysis at least in part. In the meantime an election establishing a constitutional government in the South was concluded and provided hope for peace talks.
With the war arguably in a stalemate and in light of the widespread disapproval of the conflict, Johnson convened a group of veteran government foreign policy experts, informally known as ""the Wise Men"": Dean Acheson, General Omar Bradley, George Ball, McGeorge Bundy, Arthur Dean, C. Douglas Dillon, Abe Fortas, Averell Harriman, Henry Cabot Lodge, Robert Daniel Murphy, and Maxwell D. Taylor. They unanimously opposed leaving Vietnam, and encouraged Johnson to ""stay the course."" Afterward, on November 17, in a nationally televised address, the president assured the American public, ""We are inflicting greater losses than we're taking...We are making progress."" Less than two weeks later, Robert McNamara announced his resignation as Defense Secretary. Behind closed doors, he had begun regularly expressing doubts over Johnson's war strategy, angering the president. He joined a growing list of Johnson's top aides who resigned over the war, including Bill Moyers, McGeorge Bundy, and George Ball. In October, with ever-increasing public protests against the war, Johnson engaged the FBI and the CIA to investigate, monitor, and undermine anti-war activists. In mid-October, there was a demonstration of 100,000 at the Pentagon; Johnson and Dean Rusk were convinced that foreign communist sources were behind the demonstration, but that was refuted in the CIA's findings.


==== Tet Offensive ====

On January 30, 1968, the Viet Cong and the North Vietnamese Army began the Tet Offensive against South Vietnam's five largest cities, including Saigon. While the Tet Offensive failed militarily, it was a psychological victory, definitively turning American public opinion against the war effort. In February 1968, influential news anchor Walter Cronkite of CBS News expressed on the air that the conflict was deadlocked and that additional fighting would change nothing. Johnson reacted, saying ""If I've lost Cronkite, I've lost middle America"". Indeed, demoralization about the war was everywhere; 26 percent then approved of Johnson's handling of Vietnam, while 63 percent disapproved. College students and others protested, burned draft cards, and chanted, ""Hey, hey, LBJ, how many kids did you kill today?""
The Tet Offensive convinced senior leaders of the Johnson administration, including the ""Wise Men"" and new Defense Secretary Clark Clifford, that further escalation of troop levels would not help bring an end to the war. Johnson was initially reluctant to follow this advice, but ultimately agreed to allow a partial bombing halt and to signal his willingness to engage in peace talks. On March 31, 1968, Johnson announced that he would halt the bombing in North Vietnam, while at the same time announcing that he would not seek re-election. He also escalated U.S. military operations in South Vietnam in order to consolidate control of as much of the countryside as possible before the onset of serious peace talks. Talks began in Paris in May, but failed to yield any results. Two of the major obstacles in negotiations were the unwillingness of the United States to allow the Viet Cong to take part in the South Vietnamese government, and the unwillingness of North Vietnam to recognize the legitimacy of South Vietnam. In October 1968, when the parties came close to an agreement on a bombing halt, Republican presidential nominee Richard Nixon intervened with the South Vietnamese, promising better terms so as to delay a settlement on the issue until after the election. Johnson sought a continuation of talks after the 1968 election, but the North Vietnamese argued about procedural matters until after Nixon took office.


=== Dominican Republic ===
Like President Kennedy, Johnson sought to isolate Cuba, which was under the rule of the Soviet-aligned Fidel Castro.
In 1965, the Dominican Civil War broke out between the government of President Donald Reid Cabral and supporters of former president Juan Bosch. On the advice of Abe Fortas, Johnson dispatched over 20,000 Marines to the Dominican Republic. Their role was not take sides but to evacuate American citizens and restore order. The U.S. also helped arrange an agreement providing for new elections. Johnson's use of force in ending the civil war alienated many in Latin America, and the region's importance to the administration receded as Johnson's foreign policy became increasingly dominated by the Vietnam War.


=== Soviet Union ===

Though actively engaged in containment in Southeast Asia, the Middle East and Latin America, Johnson made it a priority to seek arms control deals with Moscow. The Soviet Union also sought closer relations to the United States during the mid-to-late 1960s, partly due to the increasingly worse Sino-Soviet split. Johnson attempted to reduce tensions with China by easing restrictions on trade, but the beginning of China's Cultural Revolution ended hopes of a greater rapprochement. Johnson was concerned with averting the possibility of nuclear war, and he sought to reduce tensions in Europe. The Johnson administration pursued arms control agreements with the Soviet Union, signing the Outer Space Treaty and the Treaty on the Non-Proliferation of Nuclear Weapons, and laid the foundation for the Strategic Arms Limitation Talks. Johnson held a largely amicable meeting with Soviet Premier Alexei Kosygin at the Glassboro Summit Conference in 1967, and in July 1968 the United States, Britain, and the Soviet Union signed the Non-Proliferation Treaty, in which each signatory agreed not to help other countries develop or acquire nuclear weapons. A planned nuclear disarmament summit between the United States and the Soviet Union was scuttled after Soviet forces violently suppressed the Prague Spring, an attempted democratization of Czechoslovakia.


=== Surveillance of Martin Luther King ===
Johnson continued the FBI's wiretapping of Martin Luther King Jr. authorized by the Kennedy administration under Attorney General Robert F. Kennedy. Johnson also authorized the tapping of phone conversations of others, including the Vietnamese friends of a Nixon associate.


=== International trips ===

Johnson made eleven international trips to twenty countries during his presidency. He flew five hundred twenty-three thousand miles (841,690 km) aboard Air Force One while in office. His October 1966 visit to Australia sparked demonstrations from anti-war protesters. One of the most unusual international trips in presidential history occurred before Christmas 1967. The President began the trip by going to the memorial for Australian Prime Minister Harold Holt, who was presumed drowned in a swimming accident. The White House did not reveal in advance to the press that the President would make the first round-the-world presidential trip. The trip was twenty-six thousand nine hundred fifty-nine miles (43,386.3 km) completed in only 112.5 hours (4.7 days). Air Force One crossed the equator twice, stopped at Travis Air Force Base, in Honolulu, Pago Pago, Canberra, Melbourne, Vietnam, Karachi, and Rome.


=== 1968 presidential election ===

As he had served less than two years of President Kennedy's term, Johnson was constitutionally eligible for election to a second full term in the 1968 presidential election. Despite Johnson's growing unpopularity, conventional wisdom held that it would be impossible to deny re-nomination to a sitting president. In September 1967 Johnson openly admitted he was considering dropping out of the race for re-election. Johnson won a narrow victory in the New Hampshire presidential primary on March 12, but in a March 31 speech, Johnson shocked the nation when he announced he would not run for re-election by concluding with the line: ""I shall not seek, and I will not accept, the nomination of my party for another term as your president"". The next day, his approval ratings increased from 36 percent to 49 percent.
Historians have debated the factors that led to Johnson's surprise decision. Shesol says Johnson wanted out of the White House but also wanted vindication; when the indicators turned negative he decided to leave. Woods writes that Johnson realized he needed to leave in order for the nation to heal. Dallek says that Johnson had no further domestic goals, and realized that his personality had eroded his popularity. His health was not good, and he was preoccupied with the Kennedy campaign; his wife was pressing for his retirement and his base of support continued to shrink. Leaving the race would allow him to pose as a peacemaker. Bennett, however, says Johnson ""had been forced out of a reelection race in 1968 by outrage over his policy in Southeast Asia."" Johnson may also have hoped that the convention would ultimately choose to draft him back into the race.
Vice President Hubert Humphrey entered the race after Johnson's withdrawal, making the 1968 Democratic primaries a three-way contest between Humphrey, Kennedy, and McCarthy. Kennedy cut into McCarthy's liberal and anti-war base, while also winning the support of the poor and working class. He won a series of primary victories, but was assassinated in June by Sirhan Sirhan, an Arab nationalist. With Johnson's support, Humphrey won the presidential nomination at the tumultuous 1968 Democratic National Convention, held in Chicago in late August. Violent police attacks against anti-war protesters in Chicago marred the convention.
Humphrey's polling numbers improved after a September 30 speech in which he broke with Johnson's war policy, calling for an end to the bombing of North Vietnam. In what was termed the October surprise, Johnson announced to the nation on October 31, 1968, that he had ordered a complete cessation of ""all air, naval and artillery bombardment of North Vietnam"", effective November 1, should the North Vietnamese government be willing to negotiate and citing progress with the Paris peace talks.
Republican nominee Richard Nixon won the election.


=== Judicial appointments ===

Johnson appointed Justices Abe Fortas (1965) and Thurgood Marshall (1967) to the Supreme Court of the United States. Johnson anticipated court challenges to his legislative measures in 1965 and thought it advantageous to have a ""mole"" in the Supreme Court to provide him with inside information, as he was able to get from the legislative branch. Abe Fortas in particular Johnson thought could fill the bill. The opportunity arose when an opening occurred for ambassador to the UN, with Adlai Stevenson's death; Associate Justice Arthur Goldberg accepted Johnson's offer to transfer to the UN position. Johnson insisted on Fortas assuming Goldberg's seat, over Fortas's wife's objection that it was too early in his career. When Earl Warren announced his retirement in 1968, Johnson nominated Fortas to succeed him as Chief Justice of the United States, and nominated Homer Thornberry to succeed Fortas as associate justice. However, Fortas's nomination was filibustered by senators, and neither nominee was voted upon by the full Senate.


== Post-presidency (1969–1973) ==

On Inauguration Day (January 20, 1969), Johnson saw Nixon sworn in, then got on the plane to fly back to Texas. When the front door of the plane closed, Johnson pulled out a cigarette ‍—‌ his first cigarette he had smoked since his heart attack in 1955. One of his daughters pulled it out of his mouth and said, ""Daddy, what are you doing? You're going to kill yourself."" He took it back and said, ""I've now raised you, girls. I've now been President. Now it's my time!"" From that point on, he went into a very self-destructive spiral.
After leaving the presidency in January 1969, Johnson went home to his ranch in Stonewall, Texas, accompanied by former aide and speechwriter Harry J. Middleton, who would draft Johnson's first book, The Choices We Face, and work with him on his memoirs, The Vantage Point: Perspectives of the Presidency 1963–1969, published in 1971. That year, the Lyndon Baines Johnson Library and Museum opened on the campus of The University of Texas at Austin. He donated his Texas ranch in his will to the public to form the Lyndon B. Johnson National Historical Park, with the provision that it ""remain a working ranch and not become a sterile relic of the past"".
Johnson gave Nixon high grades in foreign policy, but worried that his successor was being pressured into removing U.S. forces from South Vietnam before the South Vietnamese were able to defend themselves. ""If the South falls to the Communists, we can have a serious backlash here at home,"" he warned.

During the 1972 presidential election, Johnson only reluctantly endorsed Democratic nominee George McGovern, a senator from South Dakota; McGovern had long opposed Johnson's foreign and defense policies. Johnson wanted to attend the Democratic National Convention, but was advised not to attend as he would not be welcome. The McGovern nomination and platform dismayed him. Nixon could be defeated, Johnson insisted, ""if only the Democrats don't go too far left"". Johnson felt Edmund Muskie would be more likely to defeat Nixon; however, he declined to try to stop McGovern receiving the nomination as he felt his unpopularity within the Democratic Party was such that anything he said was more likely to help McGovern. Johnson's protégé John Connally had served as President Nixon's Secretary of the Treasury and then stepped down to head ""Democrats for Nixon"", a group funded by Republicans. It was the first time that Connally and Johnson were on opposite sides of a general election campaign.


== Personal life ==


=== Marriage and children ===
On November 17, 1934, Johnson married Claudia Alta ""Lady Bird"" Taylor from Karnack, Texas. The two first met after he attended Georgetown University Law Center in Washington, D.C. for one semester. During their first date, Johnson asked her to marry him; many dates later, she finally agreed. The wedding was officiated by Arthur R. McKinstry at St. Mark's Episcopal Church in San Antonio. They had two daughters: Lynda Bird in 1944 and Luci Baines in 1947. Johnson gave his children names with the LBJ initials; his dog was named Little Beagle Johnson, and his home was the LBJ Ranch in the Texas Hill Country. His initials were on his cufflinks, ashtrays, and clothes. During his marriage, Johnson had affairs with ""numerous"" women, including socialite Alice Marsh, who was considered, outside his marriage, his most important relationship.


=== Health ===

On July 2, 1955, at age 46, Johnson, a 60-cigarette-per-day smoker, suffered a near-fatal heart attack, which inspired him to discontinue smoking. Five months later, Johnson's doctors reported he had made ""a most satisfactory recovery"".
Johnson may have suffered a second heart attack following President Kennedy's assassination, but the diagnosis released to the public was that he had an angina attack.
On November 8, 1965, Johnson underwent surgery at Bethesda Naval Hospital to remove his gallbladder and a kidney stone. After the procedure, Johnson's doctors reported that the president had come through the surgery ""beautifully as expected."" He was able to resume his duties the following day, and he met with reporters a couple of days later to reassure the nation that he was recovering well. Although Johnson was incapacitated during surgery, there was no transfer of presidential power to Vice President Humphrey.
In March 1970, Johnson suffered an attack of angina and was taken to Brooke Army General Hospital in San Antonio. He had gained more than 25 pounds (11 kg) since leaving the White House; he now weighed around 235 pounds (107 kg) and was urged to lose considerable weight. By the summer of 1970, again gripped by chronic chest pains, Johnson lost 15 pounds (6.8 kg) in less than a month on a crash water diet. He had also resumed smoking shortly before Christmas 1971, having not smoked since his near-fatal heart attack in July 1955.
In April 1972, Johnson had another major heart attack while visiting his daughter, Lynda, in Virginia. ""I'm hurting real bad"", he confided to friends. The chest pains returned nearly every afternoon—jolting pains that left him frightened and breathless. A portable oxygen tank was kept by his bed, and he periodically interrupted what he was doing to lie down and don the mask. He continued to smoke heavily and, although nominally on a low-calorie, low-cholesterol diet, kept to it only intermittently. Meanwhile, he began to experience severe abdominal pains, diagnosed as diverticulosis. His heart condition rapidly worsened and surgery was recommended. Johnson flew to Houston to consult with heart specialist Michael DeBakey, where he learned his condition was terminal. DeBakey found that despite two of Johnson's coronary arteries being in urgent need of a coronary bypass, his heart was in such poor condition that he likely would have died during surgery.


== Death ==

Johnson recorded an hour-long television interview with newsman Walter Cronkite at his ranch on January 12, 1973, in which he discussed his legacy, particularly about the civil rights movement. He was still smoking heavily, and told Cronkite that it was better for his heart ""to smoke than to be nervous"".
At approximately 3:50 P.M. Central on January 22, 1973, Johnson suffered his final heart attack in his bedroom. He managed to telephone the Secret Service agents on the ranch, who found him still holding the telephone receiver, unconscious and ""appear[ing] to be dead"". They attempted resuscitation, and Johnson was airlifted in one of his planes to San Antonio International Airport, en route to Brooke Army Medical Center. However, cardiologist and Army colonel George McGranahan pronounced him dead on arrival at the airport at 4:33 P.M. Johnson was 64.
Shortly after the former president was pronounced dead, Johnson's press secretary Tom Johnson (no relation) telephoned Cronkite to tell him. Cronkite was anchoring CBS Evening News live at the moment Johnson reached him, which enabled him to report on President Johnson's death as he received direct information. Nixon mentioned Johnson's death in a speech he gave the day after Johnson died, announcing the peace agreement to end the Vietnam War.


=== Funeral ===
Johnson was honored with a state funeral. His body initially lay in repose at the LBJ Presidential Library in Austin, Texas, before being flown to Washington, D.C. He lay in state at the U.S. Capitol, where J. J. Pickle and former Secretary of State Dean Rusk delivered eulogies.
The state funeral service took place on January 25, 1973, at the National City Christian Church in Washington, D.C., where Johnson had worshiped while president. The service was presided over by President Nixon and attended by foreign dignitaries, including Eisaku Satō, who had served as prime minister of Japan during Johnson's presidency. Eulogies were delivered by George Davis, the church's pastor, and W. Marvin Watson, Johnson's last postmaster general and a longtime adviser.
Later that day, Johnson was buried in his family's private cemetery in Gillespie County, Texas, near the house in which he was born. Reverend Billy Graham officiated the burial service, and former Texas governor John Connally delivered a eulogy; several hundred people attended.
The state funeral—the last for a president until Richard Nixon's in 1994—occurred the same week as Nixon's second inauguration. Because Johnson died two days after the inauguration, some inauguration-related activities were canceled.


== Personality and public image ==
According to biographer Randall Woods, Johnson posed in many different roles:

""Johnson the Son of the Tenant Farmer, Johnson the Great Compromiser, Johnson the All-Knowing, Johnson the Humble, Johnson the Warrior, Johnson the Dove, Johnson the Romantic, Johnson the Hard-Headed Pragmatist, Johnson the Preserver of Traditions, Johnson the Crusader for Social Justice, Johnson the Magnanimous, Johnson the Vindictive or Johnson the Uncouth, LBJ the Hick, Lyndon the Satyr, and Johnson the Usurper"".
Johnson had his particular brand of persuasion, known as ""The Johnson Treatment"". ""There was no more powerful majority leader in American history,"" biographer Robert Dallek writes. Dallek stated that Johnson had biographies on all the senators, knew what their ambitions, hopes, and tastes were and used it to his advantage in securing votes. Another Johnson biographer noted, ""He could get up every day and learn what their fears, their desires, their wishes, their wants were and he could then manipulate, dominate, persuade and cajole them."" As president, Johnson vetoed 30 bills; no other president in history vetoed so many bills and never had a single one overridden by Congress. He was often seen as an ambitious, tireless, and imposing figure who was ruthlessly effective at getting legislation passed. He typically worked 18- to 20-hour days without a break and had no regular leisure activities. He stood 6 feet 3.5 inches (1.918 m) tall.
Johnson's cowboy hat and boots reflected his Texas roots and love of the rural hill country. From 250 acres (100 ha) of land that he was given by an aunt in 1951, he created a 2,700-acre (1,100 ha) working ranch with 400 cattle. The National Park Service keeps a herd descended from Johnson's and maintains the ranch property.
Biographer Randall Woods argues that Social Gospel themes Johnson learned from childhood allowed him to transform social problems into moral problems. This helps explain his longtime commitment to social justice, and explicitly inspired his foreign-policy approach to Christian internationalism and nation-building. For example, in a 1966 speech he quoted at length from the Social Creed of the Methodist Church, adding ""It would be very hard for me to write a more perfect description of the American ideal.""


== Legacy ==

Scholars have viewed Johnson through the lens of both his legislative achievements and his lack of success in the Vietnam War. His overall rating among historians has remained relatively steady, and his average ranking is higher than any of the eight presidents who followed him, although similar to Reagan and Clinton. In public polling of presidential favorability of Johnson and the presidents who succeeded him Johnson tends to appear more toward the bottom of lists, typically excepting Donald Trump, George W. Bush and Richard Nixon, and sometimes Gerald Ford.

Historian Kent Germany explains:The man who was elected to the White House by one of the widest margins in U.S. history and pushed through as much legislation as any other American politician now seems to be remembered best by the public for succeeding an assassinated hero, steering the country into a quagmire in Vietnam, cheating on his saintly wife, exposing his stitched-up belly, using profanity, picking up dogs by their ears, swimming naked with advisers in the White House pool, and emptying his bowels while conducting official business. Of all those issues, Johnson's reputation suffers the most from his management of the Vietnam War, something that has overshadowed his civil rights and domestic policy accomplishments and caused Johnson himself to regret his handling of ""the woman I really loved ‍—‌ the Great Society.""


=== Memorials ===

The Manned Spacecraft Center in Houston was renamed the Lyndon B. Johnson Space Center in 1973, and the United States Department of Education headquarters was named after Johnson in 2007. The Lyndon B. Johnson School of Public Affairs at the University of Texas at Austin was named in his honor, as is the Lyndon B. Johnson National Grassland. Also named for him are schools in Austin and Laredo, Texas; Melbourne, Florida; and Jackson, Kentucky. Interstate 635 in Dallas is named the Lyndon B. Johnson Freeway. The Lyndon Baines Johnson Memorial Grove on the Potomac was dedicated in 1976.
Johnson was awarded the Presidential Medal of Freedom posthumously in 1980. Texas created a state holiday on August 27 to mark Johnson's birthday, known as Lyndon Baines Johnson Day.


=== Major legislation signed ===


=== Significant regulatory changes ===
1968: FCC creates national emergency number 9-1-1


== Works ==
National Aeronautics and Space Act (1962)
Choices We Face (1969)
The Vantage Point (1971)


== See also ==


== Notes ==


== References ==


=== Works cited ===


== Further reading ==


== External links ==
Lyndon B. Johnson Presidential Library & Museum
Biography on WhiteHouse.gov (courtesy of the White House Historical Association)

United States Congress. ""Lyndon B. Johnson (id: J000160)"". Biographical Directory of the United States Congress.
Appearances on C-SPAN
""Life Portrait of Lyndon B. Johnson"", from C-SPAN's American Presidents: Life Portraits, November 12, 1999
Lyndon B. Johnson at IMDb
Works by or about Lyndon B. Johnson at the Internet Archive
Works by Lyndon B. Johnson at LibriVox (public domain audiobooks) 
Lyndon B. Johnson collected news and commentary at The New York Times
Lyndon Baines Johnson: A Resource Guide (archived 2013) from the Library of Congress
Extensive essays on Lyndon Johnson and shorter essays on each member of his cabinet and First Lady from the Miller Center of Public Affairs
LBJ — A documentary from the American Experience series produced by PBS (Video no longer available online)
Lyndon B. Johnson: Original Letters & Historical Primary Sources from The Shapell Manuscript Foundation","Lyndon B. Johnson liked to be called ""Landslide Lyndon"" as a boy.","Lyndon Baines Johnson (August 27, 1908 – January 22, 1973), often referred to as LBJ, was the 36th President of the United States (1963–1969), a position he assumed after his service as the 37th Vice President of the United States (1961–1963).",0,1,unsupported,0.375509670872,-0.10482554455230111,-2.096510891046022,20,,0.8389826416969299,0.561870000328,0.623825638736,0.45528439688299327,3,-0.321709937541,0.5,0.5,0.0,0.5,0.55029296875,0.004647731781005859,0.44486403465270996,-0.23215266864669587,0.44222109886595484,0.5606101267916962,0.5131736523778971,0.5,abstain
Q431_261,wikiqa,how did streets in lower 9th ward new orleans get their names,"The Lower Ninth Ward is a neighborhood in the city of New Orleans, Louisiana. As the name implies, it is part of the 9th Ward of New Orleans.  The Lower Ninth Ward is often thought of as the entire area within New Orleans downriver of the Industrial Canal; however, the City Planning Commission divides this area into the Lower Ninth Ward and Holy Cross neighborhoods.
The term ""Lower"" refers to its location farther towards the mouth of the Mississippi River, downriver, ""down"" or ""below"" the rest of the city. The 9th Ward, like all wards of New Orleans, is a voting district. The 9th Ward was added as a voting district in 1852. The Lower 9th Ward is composed of Ward 9 Districts 1, 2, 4, and 7 which make up the Holy Cross Area and Ward 9 Districts 3, 5, 6, and 8. Higher voting district numbers in the 9th Ward (8–27) are on the upriver side of the Industrial Canal. The area came to international attention for its devastation in the aftermath of Hurricane Katrina in 2005.


== Geography ==
Excluding the industrial and swamp areas north of the Florida Canal, the neighborhood of the Lower 9th Ward is about 1.25 mi (2.01 km) from east to west and 2 mi (3.2 km) from north to south. Three major avenues cross the developed portion of the neighborhood, each with bridges over the Industrial Canal. Closest to the River is St. Claude Avenue; about midway through the neighborhood is Claiborne Avenue; Florida Avenue crosses at the northern edge of the historically populated portion of the Lower 9th. Most major businesses serving the neighborhood are located on St. Claude or Claiborne, although a smattering of additional neighborhood business is located throughout the area. While the first two of these three avenues continue into St. Bernard Parish; a continuation of Florida Avenue through and beyond the parish line has been repeatedly proposed but at present does not exist.


=== Adjacent neighborhoods ===
Venetian Isles, New Orleans (north)
Holy Cross, New Orleans (south)
Bywater, New Orleans  (west)


=== Adjacent communities ===
Arabi, St. Bernard Parish (east)


=== Boundaries ===
The City Planning Commission defines the boundaries of Lower Ninth Ward as these streets: Florida Avenue, St. Bernard Parish, St. Claude Avenue and the Industrial Canal.
The Lower Ninth Ward is also commonly used to describe a slightly larger area.  This area borders the Mississippi River to the South and St. Bernard Parish to the east. To the west is the Industrial Canal, across which is the Bywater section of New Orleans. The northern or inland boundary is often given as the Florida Canal with Florida Avenue, a levee, and railroad tracks running beside it. Alternatively, the industrial area north of Florida Avenue is sometimes included as part of the Lower 9th Ward, extending the boundary to the southern edge of the Gulf Intracoastal Waterway.


== History ==

In Louisiana's colonial era, this area was developed as sugar cane plantations, with narrow tracts extending from river frontage that provided the transportation and shipping routes. At the start of the 19th century, the portion closer to the river was developed for residential use, at the same time as the Bywater area.
In 1834 the United States Army established the Jackson Barracks here.  As late as the 1870s, the area behind Saint Claude Avenue was still mostly small farms with scattered residences. The area on the ""woods"" (away from the river) side of Claiborne was mostly undeveloped cypress swamp.
In 1852, the 9th Ward was added as an official district of New Orleans. In 1899 Louisiana passed a law allowing the ward to have drainage and sewage systems. The first bridge of the Port of New Orleans into the ward was completed in 1919.
What became the Lower 9th Ward did not become distinct from the upriver parts of the 9th Ward until the start of the 1920s, when the Industrial Canal was dredged. This development bisected the 9th Ward. At this time, people started referring to the area above (upriver) the Canal as the ""Upper"" 9th Ward, and this area as the ""Lower.""
The section on the River side of St. Claude Avenue, which developed as an urban area first, is sometimes called the ""Holy Cross Neighborhood"" for Holy Cross High School, the large Catholic school. For many years, it attracted students from throughout the city.
Construction of the Industrial Canal led to development of the land farther from the river along the Canal; it provided steady work for area laborers. As shipping became containerized in the later 20th century, however, demand for labor declined, with negative economic consequences for the neighborhood. Some people left to find work in other areas; others struggled with lower-paying jobs.


=== Hurricane Betsy ===
In 1965, Hurricane Betsy struck New Orleans. A levee on the Industrial Canal collapsed, and much of the Lower 9th Ward was flooded. President Lyndon B. Johnson visited the devastated flooded area shortly after the storm, and ordered aid for the storm victims.


=== Hurricane Katrina ===
 

On August 29, 2005, Hurricane Katrina made landfall just east of New Orleans; the fifth deadliest hurricane and the costliest natural disaster in the history of the United States. At approximately 10:00 am, the levee wall protecting the Ward broke in multiple sections and flooded the area. Multiple breaches in the levees of at least four canals resulted in catastrophic flooding in a majority of the city.
Nowhere in the city was the devastation greater than in the Lower 9th Ward.  This was largely due to the storm surge generated in the Mississippi River Gulf Outlet, a deep-draft shipping channel built by the Army Corps of Engineers in the late 1950s. The construction destroyed tens of thousands of acres of protective coastal wetlands that once acted as a storm surge buffer for the community.
Storm surge flood waters appear to have poured into the Lower Ninth Ward from at least three sources.  To the east, water flowed in from Saint Bernard Parish, while to the west the Industrial Canal suffered two major breaches: one just south of Florida Avenue, the second between North Galvez and North Roman streets. The force of the water did not only flood homes, but smashed or knocked many off their foundations.  A large barge, the ING 4727 (owned by the Ingram Barge Company), was swept by flood waters into the neighborhood through the breach near Claiborne Avenue, leveling homes beneath it. The storm surge was so great that even the highest portions of the Lower 9th were flooded; Holy Cross School, which had served as a dry refuge after Hurricane Betsy, was inundated. The foot of the Mississippi River levee, the area's highest point, took on some 2 to 3 feet (0.91 m) of water. In total, 72 bodies were found as of December 2005.
The Lower 9th Ward was flooded again by Hurricane Rita a month later in September.


=== Recovery efforts ===
In December 2005, Common Ground Collective volunteers gutted the first house in the area.  Volunteers and residents began gutting other houses in the community.  Soon after, the Common Ground Collective opened the first distribution center in the area, in order to provide returning residents with water, food and other necessities.
Due to the great devastation and lack of population and services, the Lower Ninth Ward was the last area of the city still under a curfew half a year after the disaster. It was also the last area to have power and water restored, and the last to be pumped dry. Officially, residents were allowed in during daylight hours to look, salvage possessions, and leave, although some few had already done extensive work gutting and repairing their damaged homes in preparation to move back. By January 2006, the widespread damages and difficulties in restoring basic utilities and city services still prevented the official reopening of the Lower 9th Ward to residents who wished to return to live.
The most severely damaged section of the Ward was the lower elevation section, north of Claiborne Avenue. A Bring Back New Orleans Commission preliminary report suggested making this area in whole or part into park space because of the high risk of future flooding. Most Lower 9th Ward residents have strongly objected to this proposal, but outsiders worry about the high risk of future flooding in the area.
In March 2006 a group of residents and Common Ground Collective volunteers broke into Martin Luther King Elementary School to begin cleanup efforts.  Not long after, the state school officials agreed to repair the school.  The school has subsequently become a Recovery School District charter school and is running at full capacity.
In 2006, Mayor Ray Nagin threatened to use his powers of eminent domain to seize vacant, severely damaged properties in all of New Orleans that had not been gutted or scheduled to be gutted before early 2007.  Such blighted properties had been creating serious problems for returned New Orleanians, including infestations of rats and other vermin.  Similar actions to seize abandoned blighted property are in effect in other Louisiana parishes, as well as in Mississippi counties affected by the storm. However, as hundreds of thousands of locals were still waiting for promised insurance or Road Home money, many of the poor lacked resources to work on their houses. The neighborhood had few stores and only a handful of schools reopened.
By early 2007, a small number of local businesses in the area reopened, and residents began to return, many living in FEMA trailers as they rebuilt (the last FEMA trailer was removed in 2012). However, much of the area was still little-populated and in ruined condition.  Work crews continued to remove debris and demolish unrepairable houses daily, but hundreds if not thousands were vacant and gutted.  Many more buildings had hardly been touched since the waters were drained, and ruined possessions were still inside severely damaged buildings.
On December 3, 2007, Make It Right Foundation, founded by the actor Brad Pitt, committed to rebuild 150 houses in the Lower Ninth Ward. The houses are sustainable, energy-efficient and safe. Make It Right homes were designed by award-winning architects from New Orleans and around the world, including Frank Gehry, Shigeru Ban, Hitoshi Abe and Thom Mayne. Pitt stated: ""I walked into it blind, just thinking, 'People need homes; I know people who make great homes.'"" As of March 2012, the foundation has rebuilt about 80 solar-paneled homes.
In the spring of 2008, Build Now, a local, non-profit homebuilder, began working to bring New Orleans families back home. It constructed site-built, stilt houses on hurricane-damaged lots. The homes reflect the style and quality of traditional New Orleans architecture but are built above potential flood waters. Build Now is in the process of bringing more than a dozen New Orleans families back home; nine houses are currently under construction in the Upper and Lower Ninth Ward areas, Lakeview and Gentilly. The organization has moved three New Orleans families back home.
As of September 2008, 3 years after Katrina, hundreds of houses have been rebuilt and renovated, and dozens of new homes have been constructed.  Volunteers continue to come to the area in mass numbers, working for dozens of organizations including Common Ground Relief, formerly Common Ground Collective; and lowernine.org, a grassroots organization that coordinates volunteers' and residents' efforts in rebuilding homes in the Lower Ninth Ward.
Residents and volunteers are striving to make the Lower Ninth Ward a sustainable community. They are working to restore the local wetlands, lower the crime, and control weed overgrowth. It is widely believed that if it were not for the extensive canal dredging to support commercial development, resulting in subsequent wetlands subsidence, the Lower Ninth Ward would not have suffered such extensive flooding during Katrina.
In September 2011, New Orleans mayor Mitch Landrieu, announced a landscaping maintenance program called the ""Nuisance Lot Maintenance Program"", to attempt to clear the overgrown lots in the Lower Ninth. The program consists of 12 men, residents of the Ward or ex-offenders, going block-by-block to maintain the overgrowth. As of 2012, the program has cleared more than 1,200 lots. However, as of September 2016, there are still many overgrown lots remaining, and the program has been diminishing in effort and organization due to a lack of funds and motivation, since it is difficult to control overgrowth due to the rapid speed at which grass grows.
In March 2012, the New York Times described what the area looked like almost seven years after Katrina:

""The neighborhood has become a dumping ground for many kinds of unwanted things. It no longer resembled an urban, or even suburban environment. Where once there stood orderly rows of single-family homes with driveways and front yards, there was jungle.""
As of October 2017, lowernine.org has fully rebuilt 88 homes, and completed repair and renovation projects on over 250 more properties.


== Demographics ==
As of the census of 2000, there were 14,008 people, 4,820 households, and 3,467 families residing in the neighborhood.  The population density was 9,731 /mi2 (3,730 /km2).
As of the census of 2010, there were 2,842 people, 1,061 households, and 683 families residing in the neighborhood.


== Notable buildings ==

The Lower Ninth Ward is home to the Jackson Barracks. The barracks now serve as headquarters for the Louisiana National Guard. The complex had an extensive military museum in the old powder magazine and in a new annex, with a large collection of military items from every American war. The 2000 NRA Shooting Sports Camp and Coaches School was held at Jackson Barracks from June 28 – July 2, 2000.
The Doullut steamboat houses are located on either side of Egania Street at numbers 400 and 503. The first house, closer to the river, was built in 1905 by Captain Milton P. Doullut, a riverboat pilot, as his home. The second was built in 1913 for his son Paul Doullut. In 1977 both houses were designated historic landmarks. The houses have two notable design influences, the first being the steamboats of the period, the second being the Japanese exhibit at the 1904 World's Fair in St. Louis (Louisiana Purchase Exposition). Notably, Mary Doullut (wife of Milton) was also a river boat captain, who worked on the river for over 30 years; she is believed to be the first woman to have held a Mississippi riverboat pilot's license.


== Notable people ==
Pat Barry, kickboxer and mixed martial artist
Fats Domino, musician and singer-songwriter
Marshall Faulk, NFL star
Kevin Gates, rapper and hip-hop artist
D. J. Fluker, NFL player
Fred Luter, Baptist minister, president of the Southern Baptist Convention
Magic, rapper and musician
Robert Pack, NBA player and coach
Eldridge Recasner, former NBA player
Dawn Richard, singer-songwriter, actress and animator
Kalamu ya Salaam, poet and author
Catherine Seals, religious leader


== Education ==

New Orleans Public Schools operates district public schools, while Recovery School District oversees charter schools.
Dr. King Charter School (K-12) is located in the Lower 9th.
Alfred Lawless High School was the only public high school that operated in the Lower 9th until Hurricane Katrina affected New Orleans on August 29, 2005. The previous Holy Cross High School campus was located in the Lower Ninth Ward. In August 2007 students from Carver High School and Marshall Middle School began studying at temporary trailers on the site of Holy Cross. In September of that year the students were to move to another set of trailers in the original Carver/Marshall campus in the Desire Area.


== In popular culture ==
The 1994 film adaptation of Anne Rice's Interview with the Vampire, starring Brad Pitt and Tom Cruise, was filmed along sections of the Mississippi River embankment and inside the Jackson Barracks.
When the Levees Broke (2006), a documentary about the Katrina disaster directed by Spike Lee, was produced and shown on HBO. The film covered damage in the Lower Ninth Ward and other areas of the city.
Your Honor, a 2020 American television limited series, features the Lower Ninth Ward and its people there who are affected by drug addiction, poverty, violence and gang activity.
Cut Throat City, is a 2020 American heist film featuring four young men from the Lower Ninth Ward who turn to a life of crime to escape poverty just after Hurricane Katrina.
 F The Police song by a rap group called NWA  (1988-89) Inspired Dwight Twin Leblanc a then twelve year old youth after being shot by police to coin the name ""Cross The Canal"" (C.T.C) in hopes of uniting his entire neighborhood against police corruption and community wide violence.


== See also ==
New Orleans neighborhoods
New Orleans, Louisiana
Wards of New Orleans
Hurricane Katrina
Oil Storm


== References ==


== External links ==

Lower 9th Ward neighborhood snapshot dealing with the area in back of St. Claude Avenue
Holy Cross neighborhood snapshot dealing with the area from St. Claude to the River
Photographs of Hurricane Katrina's aftermath in the Lower Ninth Ward
Holy Cross School closes at the Wayback Machine (archived September 26, 2007)
Rebuilding the 9th Ward at the Wayback Machine (archived October 9, 2013): A slideshow of photographic portraits and interview recordings of residents of the 9th Ward, focusing on the post-Katrina rebuilding process","The streets in the Lower 9th Ward of New Orleans were named based on their geographical location and historical development, with names like St. Claude Avenue, Claiborne Avenue, and Florida Avenue reflecting their positions across the neighborhood and their roles in the area's history and infrastructure.",Lower Ninth Ward is a neighborhood of the city of New Orleans .,0,1,unsupported,0.149174437444,-0.07866652779155595,-4.405325556327133,56,,0.9244945645332336,-0.0302278558672,1.60181281176,0.548643319492472,5,-1.03545639328,0.5,0.5,0.0,0.5,0.3221435546875,0.016729354858398438,0.6610107421875,-0.2716093308490928,0.4325120493975207,0.5464095614709523,0.5131736523778971,0.5,abstain
