example_id,dataset_name,question,context,served_answer,ground_truth_answer,ground_truth_label,judge_binary_label,judge_label,mean_token_nll,mean_token_logprob,sum_token_logprob,num_scored_tokens,mean_next_token_entropy,self_consistency_score,self_consistency_disagreement,semantic_entropy,normalized_semantic_entropy,num_semantic_clusters,groundedness_score,discrete_groundedness_score,entailed_fraction,contradicted_fraction,neutral_fraction,mean_entailment,mean_contradiction,mean_neutral,raw_logit,raw_risk,calibrated_risk,frozen_risk_threshold,classification_threshold_for_metrics,keep_decision
Q1410_710,wikiqa,Who holds records for most weeks spent at number one as female artist,"The Billboard Hot 100 is a singles chart published by Billboard that measures the most popular singles in the United States, based on sales (physical and digital), online streaming, and radio airplay. Throughout the history of the Hot 100 and its predecessor charts, many songs have set records for longevity, popularity, or number of hit singles by an individual artist.
Among these records is the longest-running number-one single—a record currently held by Mariah Carey’s “All I Want for Christmas Is You” with 22 weeks spent at the top. The Beatles have the most number-one hits on the chart, with 20 songs having reached the top position.
Before the Hot 100's creation in 1958, Billboard published four singles charts: ""Best Sellers in Stores"", ""Most Played by Jockeys"", ""Most Played in Jukeboxes"", and ""The Top 100"". These charts, which had from 20 to 100 slots, were phased out in 1957 and 1958. Though technically not part of the Hot 100 chart history, some data from these charts are included for computational purposes, and to avoid unenlightening or misleading characterizations.


== All-time achievements ==
In 2008, for the 50th anniversary of the Hot 100, Billboard magazine compiled a ranking of the 100 best-performing songs on the chart over the 50 years, along with the best-performing artists. In 2013, Billboard revised the rankings for the chart's 55th anniversary edition. In 2015, Billboard revised the rankings again. In 2018, the rankings were revised again for the Billboard chart's 60th anniversary. In 2021, Billboard revised the rankings again upon the ascendance of ""Blinding Lights"" to the top spot on the list.
Billboard says its rankings are ""based on weekly performance on the Hot 100 (from its inception on Aug. 4, 1958, through Nov. 6, 2021). Songs are ranked based on an inverse point system, with weeks at No. 1 earning the greatest value and weeks at lower spots earning the least. Due to changes in chart methodology over the years, eras are weighted differently to account for chart turnover rates during various periods. Artists are ranked based on a formula blending performance, as outlined above, of all their Hot 100 chart entries.""


=== Top 10 songs of all time (1958–2021) ===

Source:


=== Top 10 artists of all time (1958–2021) ===

Source:


== Songs milestones ==


=== Most weeks at number one ===

Notes:

Before the use of Nielsen SoundScan and Nielsen Broadcast Data Systems to compile the Hot 100 in late 1991, the most number of weeks a single spent at number one on the Hot 100 was 10. This occurred twice, with Debby Boone's ""You Light Up My Life"" in 1977, and Olivia Newton-John's ""Physical"" in 1981–82. Five additional singles managed nine weeks at number one during the first 34 years of the chart (1958–1992). In October 1992, the first single to top the Hot 100 for more than 10 weeks was Boyz II Men's ""End of the Road"", which accumulated 13 weeks at number one by November that year.
Source:


=== Progression of most weeks at number one ===
The table below highlights the progression of the songs that first hit each milestone week at number one and how long the record lasted. Songs that tied the current record at a given time are noted below the table. The current record holder is ""All I Want For Christmas Is You"" by Mariah Carey at 22 weeks, and the longest record held is ""One Sweet Day"" by Carey and Boyz II Men with 8,554 days.

Note: ""The Battle of New Orleans"" by Johnny Horton tied the record for 6 weeks at number one on July 6, 1959.
Note: ""Theme from A Summer Place"" by Percy Faith tied the record for 9 weeks at number one on April 18, 1960.
Note: ""Hey Jude"" by the Beatles tied the record for 9 weeks at number one on November 23, 1968.
Note: ""Physical"" by Olivia Newton-John tied the record for 10 weeks at number one on January 23, 1982.
Note: ""I'll Make Love to You"" by Boyz II Men tied the record for 14 weeks at number one on November 26, 1994.
Note: ""Despacito"" by Luis Fonsi and Daddy Yankee featuring Justin Bieber tied the record for 16 weeks at number one on September 9, 2017.
Note: ""A Bar Song (Tipsy)"" by Shaboozey tied the record for 19 weeks at number one on November 30, 2024.


=== Most weeks at number two ===


==== Without hitting number one ====


=== Most total weeks in the top two ===


=== Most total weeks in the top three ===


=== Most total weeks in the top five ===


=== Most total weeks in the top ten ===


=== Most total weeks on the Hot 100 ===


==== Non-holiday songs ====
Below are songs not connected to Christmas or the holiday season. (A special section for the holiday songs is below, as a few of those songs re-enter the Hot 100 each holiday season.) On October 20, 2025, Billboard updated the rules of its charts, disqualifying any song with more than 52 weeks that was no longer in the top ten. As a result, all future entries except for holiday singles will be affected.


==== Holiday songs ====
During November and December beginning in the 2010s, these songs have regularly appeared on the Hot 100, generally departing from the chart once the holiday season ends in early January.


=== Biggest jump to number one ===

Changes in when the eligibility of a single first begins, as well as more accurate digital download totals, have made abrupt chart jumps more commonplace. From 1955 to 2001, under Billboard's previous methodologies, only two singles ascended directly to No. 1 from a previous position beneath the Top 20: The Beatles' ""Can't Buy Me Love"", which jumped from No. 27 to the top slot in April 1964, and Brandy and Monica's ""The Boy Is Mine"" which jumped from No. 23 to No. 1 in June 1998.


=== Biggest single-week upward movements ===

Under Billboard's previous methodologies, jumps of this magnitude were rare. One exception was Jeannie C. Riley's ""Harper Valley PTA,"" which advanced 74 slots in August 1968; this upward acceleration went unmatched for 30 years, but has been surpassed over a dozen times since 2006. Changes in when the eligibility of a single first begins, as well as more accurate digital download totals, have made abrupt chart jumps more commonplace.


=== Longest climbs to number one ===

† – Non-consecutive weeks on the Hot 100 before it was ranked number one

Note: Ariana Grande was added to the artist credits on ""Die for You"" the week the song reached number one, as a remix of the song featuring Grande had been released and counted for the first time.


=== Biggest drop from number one ===
This list does not include titles which have dropped from number 1 off the Hot 100 altogether; see the Holiday songs section below.

Prior to December 2019, the biggest drop from number one was shared by two songs that were back-to-back number ones in October 1974, both dropping from number one to number 15: ""Nothing from Nothing"" by Billy Preston, and ""Then Came You"" by Dionne Warwicke and the Spinners. That record held for more than 45 years.


=== Biggest single-week downward movements ===

Source:


=== Biggest drops off the Hot 100 ===


==== Non-holiday songs ====
Below are songs not connected to Christmas or the holiday season. (A special section for the holiday songs is below, as a few of those songs set higher records for dropping off the Hot 100 in early 2019 and 2020.)

†† – ""Purple Rain"" and ""When Doves Cry"" reappeared on the Hot 100 for two weeks in 2016 after Prince's death, and the above reflects their re-entries only. On their original releases, in their respective last weeks before falling off the chart, ""When Doves Cry"" ranked No. 96 in October 1984, and ""Purple Rain"" ranked No. 91 in January 1985.
Prior to 2008, the biggest drop off the Hot 100 was ""Nights in White Satin"" by The Moody Blues, which ranked at No. 17 in its final week on the chart in December 1972. This high drop-off position was matched in January 1975 by ""Junior's Farm"" by Paul McCartney and Wings. The record descent held for over three decades. With the exception of ""Calm Down"", each song above dropped off the Hot 100 upon four or fewer weeks; ""Nights in White Satin"" and ""Junior's Farm"" dropped off after 18 and 12 weeks, respectively.
Source:


==== Holiday songs ====
During November and December beginning some time in the 2010s, these songs have regularly appeared on the Hot 100, generally departing from the chart once the holiday season ends in January. More recently, they have reached into the top ten, and in 2019, for only the second time ever on the Hot 100 (the first since 1958), made it to number one. This has led to all-time records for dropping off the Hot 100, including from number one, as the songs depart regardless of their final chart positions during the season. Only the highest drop-off position per song is listed and its most recent date if achieved more than once, such as ""All I Want for Christmas Is You"", which first dropped off the Hot 100 from number one on January 11, 2020, and has done so several times since.
A similar seasonal pattern has emerged for Halloween music, which experiences a sharp surge every tracking week of Halloween. Most notably, Michael Jackson's “Thriller” achieved a major milestone when it returned to the top ten in 2025, marking its first top-ten appearance since 1984. Like holiday music, Halloween tracks typically vanish once the season ends.


=== Songs charting every week for a given calendar year on the Hot 100 ===
There have been a handful of songs that charted more than 52 weeks throughout their runs, but only five songs have managed to chart on the Hot 100 every week within a given calendar year. The first to accomplish such a milestone was Jewel's ""You Were Meant for Me"" charting each week of 1997.

Note - Jewel's ""Foolish Games"" began appearing on the Hot 100 in September 1997, but was paired with ""You Were Meant for Me"" for the remainder of that song's chart run.
Note - Dua Lipa's ""Levitating"" (solo or with DaBaby) charted every week of 2021 through December 4, 2021, and most likely could have charted all 52 weeks despite Billboard's recurrent rules. For the remaining three weeks of 2021, the song charted at number one on Billboard's recurrent chart, due to holiday songs taking up much of the Hot 100 and pushing many non-holiday songs off the chart. Once the holiday season ended, ""Levitating"" returned to the Hot 100 in early 2022.
Note - SZA's ""Kill Bill"" charted every week of 2023 through December 2, 2023, and most likely could have charted all 52 weeks despite Billboard's recurrent rules, due to holiday songs taking up much of the Hot 100 and pushing many non-holiday songs off the chart. Once the holiday season ended, ""Kill Bill"" returned to the Hot 100 in early 2024.


=== Holiday top-ten hits ===
16 total top-ten hits, as of January 3, 2026.


=== Songs hitting number one for different artists ===
""Go Away Little Girl"" – Steve Lawrence (1963) and Donny Osmond (1971)
""The Loco-Motion"" – Little Eva (1962) and Grand Funk (1974)
""Please Mr. Postman"" – The Marvelettes (1961) and The Carpenters (1975)
""Venus"" – Shocking Blue (1970) and Bananarama (1986)
""Lean on Me"" – Bill Withers (1972) and Club Nouveau (1987)
""You Keep Me Hangin' On"" – The Supremes (1966) and Kim Wilde (1987)
""When a Man Loves a Woman"" – Percy Sledge (1966) and Michael Bolton (1991)
""I'll Be There"" – The Jackson 5 (1970) and Mariah Carey (1992)
""Lady Marmalade"" – Labelle (1975) and Christina Aguilera / Lil' Kim / Mýa / Pink (2001)
Source:


=== Non-English language number-ones ===
""Nel Blu Dipinto Di Blu (Volare)"" – Domenico Modugno (Italian – August 18, 1958, for five non-consecutive weeks)
""Sukiyaki"" – Kyu Sakamoto (Japanese – June 15, 1963, for three weeks)
""Dominique"" – The Singing Nun (French – December 7, 1963, for four weeks)
""Rock Me Amadeus"" – Falco (English/German – March 29, 1986, for three weeks)
""La Bamba"" – Los Lobos (Spanish – August 29, 1987, for three weeks)
""Macarena (Bayside Boys Mix)"" – Los del Río (English/Spanish – August 3, 1996, for fourteen weeks)
""Despacito"" – Luis Fonsi and Daddy Yankee featuring Justin Bieber (English/Spanish – May 27, 2017, for sixteen weeks)
""Life Goes On"" – BTS (Korean/English – December 5, 2020, for one week)
""Like Crazy"" – Jimin (Korean/English – April 8, 2023, for one week)
”DTMF” – Bad Bunny (Spanish – February 21, 2026, for one week)
Source:


=== Instrumental number-ones ===
""The Happy Organ"" – Dave ""Baby"" Cortez (May 11, 1959, for one week)
""Sleep Walk"" – Santo & Johnny (September 21, 1959, for two weeks)
""Theme from A Summer Place"" – Percy Faith (February 22, 1960, for nine weeks)
""Wonderland by Night"" – Bert Kaempfert (January 9, 1961, for three weeks)
""Calcutta"" – Lawrence Welk (February 13, 1961, for two weeks)
""Stranger on the Shore"" – Mr. Acker Bilk (May 26, 1962, for one week)
""The Stripper"" – David Rose (July 7, 1962, for one week)
""Telstar"" – The Tornados (December 22, 1962, for three weeks)
""Love Is Blue"" – Paul Mauriat (February 10, 1968, for five weeks)
""Grazing in the Grass"" – Hugh Masekela (July 20, 1968, for two weeks)
""Love Theme from Romeo and Juliet"" – Henry Mancini (June 28, 1969, for two weeks)
""Frankenstein"" – The Edgar Winter Group (May 26, 1973, for one week)
""Love's Theme"" – Love Unlimited Orchestra (February 9, 1974, for one week)
""TSOP (The Sound of Philadelphia)""† – MFSB and The Three Degrees (April 20, 1974, for two weeks)
""Pick Up the Pieces""† – Average White Band (February 22, 1975, for one week)
""The Hustle""† – Van McCoy and the Soul City Symphony (July 26, 1975, for one week)
""Fly, Robin, Fly""† – Silver Convention (November 29, 1975, for three weeks)
""Theme from S.W.A.T."" – Rhythm Heritage (February 28, 1976, for one week)
""A Fifth of Beethoven"" – Walter Murphy and the Big Apple Band (October 9, 1976, for one week)
""Gonna Fly Now""† – Bill Conti (July 2, 1977, for one week)
""Star Wars Theme/Cantina Band"" – Meco (October 1, 1977, for two weeks)
""Rise"" – Herb Alpert (October 20, 1979, for two weeks)
""Chariots of Fire"" – Vangelis (May 8, 1982, for one week)
""Miami Vice Theme"" – Jan Hammer (November 9, 1985, for one week)
""Harlem Shake""† – Baauer (March 2, 2013, for five weeks)
† – Contains vocal part, but is considered an instrumental. See Instrumental § Borderline cases for more.


=== Live version number-ones ===
A ""live version"" would be the piece of music performed live (usually in front of an audience) and its cut single from the live album charted. It could also be a re-recording of the music being performed ""live"" and unplugged with audience that can be heard in the song clapping, cheering or chanting. Only a handful of live songs managed to hit No. 1 compared to its studio versions.

""Fingertips"" – Little Stevie Wonder (August 10, 1963, for three weeks)
""My Ding-a-Ling"" – Chuck Berry (October 21, 1972, for two weeks)
""Thank God I'm a Country Boy"" – John Denver (June 7, 1975, for one week)
""Coming Up"" (Live at Glasgow) –  Paul McCartney and Wings (June 28, 1980, for three weeks)
""At This Moment"" – Billy Vera and the Beaters (January 24, 1987, for two weeks)
""Mony Mony"" – Billy Idol (November 21, 1987, for one week)
""Don't Let the Sun Go Down On Me"" –  George Michael and Elton John (February 1, 1992, for one week)
""I'll Be There"" – Mariah Carey (June 20, 1992, for three weeks)


=== Number-ones from animated film soundtracks ===
""A Whole New World"" – Peabo Bryson and Regina Belle (Aladdin – March 6, 1993, for one week)
""Happy"" – Pharrell Williams (Despicable Me 2 – March 8, 2014, for ten weeks)
""Can't Stop the Feeling!"" – Justin Timberlake (Trolls – May 28, 2016, for one week)
""Sunflower"" – Post Malone and Swae Lee (Spider-Man: Into the Spider-Verse – January 19, 2019, for one week)
""We Don't Talk About Bruno"" – Carolina Gaitán, Mauro Castillo, Adassa, Rhenzy Feliz, Diane Guerrero, Stephanie Beatriz and the Encanto cast (Encanto – February 5, 2022, for five weeks)
""Golden"" – Huntrix: Ejae, Audrey Nuna and Rei Ami (KPop Demon Hunters – August 16, 2025, for eight non-consecutive weeks)
Source:


== Artist achievements ==


=== Most number-one songs ===

† – The biggest number-one listed by each artist reflects its overall performance on the Hot 100, as calculated by Billboard, and may not necessarily be the single which spent the most weeks at No. 1 for the artist, such as Madonna's ""Like a Virgin"" (six weeks at No. 1, compared to seven for ""Take a Bow""), among other examples on the list.
‡ – Pre-Hot 100 charts and Hot 100.

Billboard credits the dual No. 1 Presley single ""Don't Be Cruel""/""Hound Dog"" as a single chart entity, and credits Presley with 17 number one singles. ""Don't Be Cruel""/""Hound Dog"" spent 11 weeks at No. 1, ""Hound Dog"" for 6 weeks, and ""Don't Be Cruel"" for 5 weeks. Many chart statisticians, however, such as Joel Whitburn, still list Presley as having 18 number ones. If counting entries after the creation of Billboard Hot 100, Presley has 7 number-one singles on the chart.
If counting Drake's uncredited feature on Travis Scott's ""Sicko Mode"", then he would have 14 total number ones.


==== Female artists ====
Below is a table of the female acts (excluding duos/groups, see below) with the most number-one singles on the Hot 100.

† – As above, the biggest number-one listed by each artist reflects its overall performance on the Hot 100, as calculated by Billboard, and may not necessarily be the single that spent the most weeks at No. 1 for the artist.


==== Male artists ====
Below is a table of the male acts (excluding duos/groups, see below) with the most number-one singles on the Hot 100.

† – As above, the biggest number-one listed by each artist reflects its overall performance on the Hot 100, as calculated by Billboard, and may not necessarily be the single that spent the most weeks at No. 1 for the artist.
†† - Billboard credits Paul McCartney with nine total number-one songs, including those with Wings.
††† - Billboard credits Bruno Mars with ten total number-one songs, including those with Silk Sonic.
‡ – Pre-Hot 100 charts and Hot 100.


==== Groups, bands, and duos ====
Below is a table of the groups, bands, and duos with the most number-one songs on the Hot 100.

† – As above, the biggest number-one listed by each artist reflects its overall performance on the Hot 100, as calculated by Billboard, and may not necessarily be the single that spent the most weeks at No. 1 for the artist.


=== Most cumulative weeks at number one ===

† – Pre-Hot 100 charts and Hot 100. Presley is sometimes credited with an ""80th week"" that occurred when ""All Shook Up"" spent a ninth week on top of the ""Most Played in Jukeboxes"" chart. Although Billboard's chart statistician Joel Whitburn still counts this 80th week based on preexisting research, Billboard magazine itself has since revised its methodology and officially credits Presley with 79 weeks. Much of Presley's total factors in pre-Hot 100 data. If counting from the August 1958 Hot 100 inception, Presley totaled 22 weeks at No. 1.

Note: For singer Michael Jackson, if The Jackson 5, which would also be later known as The Jacksons, is included, this would give Michael Jackson 47 cumulative weeks at No. 1.
Note: For singer Beyoncé, if Destiny's Child is included, this would give Beyoncé 63 cumulative weeks at No. 1.
Note: For singer Diana Ross, if The Supremes are included, this would give Diana Ross 42 cumulative weeks at No. 1.
Note: For each of the Beatles:
If John Lennon's total weeks were to include the Beatles, this would give John Lennon 65 cumulative weeks at No. 1.
If Paul McCartney's total weeks were to include the Beatles, as well as Wings, this would give Paul McCartney 89 cumulative weeks at No. 1.
If George Harrison's total weeks were to include the Beatles, this would give George Harrison 65 cumulative weeks at No. 1.
If Ringo Starr's total weeks were to include the Beatles, this would give Ringo Starr 61 cumulative weeks at No. 1.
Note: For rapper Drake, if the track ""Sicko Mode"" is included, this would give him 57 weeks at No. 1.


=== Most consecutive number-one songs ===

Houston's ""Thinking About You"" is not counted as interrupting  the streak, as it never appeared on the Hot 100, due to not being released to Pop radio. Likewise, Perry's ""Not Like the Movies"" and ""Circle the Drain"" were only promotional singles, not radio singles.
With the streak spanning from her debut single ""Vision of Love"" until ""Emotions,"" Mariah Carey became the first artist in Hot 100 history to have their first 5 solo singles reach No. 1 on the chart.
Sources:


=== Most consecutive weeks simultaneously topping the Hot 100 and Billboard 200 ===

Sources:


=== Most years charting a number-one song ===

Source:


=== Most consecutive years charting a number-one song ===

† – Pre-Hot 100 charts and Hot 100.
Source:


=== Most consecutive years charting on the Hot 100 ===

† – Pre-Hot 100 charts and Hot 100. If counting from the August 1958 Hot 100 inception, Presley totaled 21 consecutive years charting, starting with ""Hard Headed Woman"" / ""Don't Ask Me Why"" on August 4, 1958.

Note - Mariah Carey has charted at least one song every year on the Hot 100 since her debut with ""Vision of Love"" (June 2, 1990), except for 2007. If she had charted in 2007, she would have held the record for most consecutive years, with an active streak of 37 years. Her second streak spans 19 years from ""Touch My Body"" (March 8, 2008) to ""All I Want for Christmas Is You"" (January 3, 2026).


=== Most number-one songs in a calendar year ===

† – Pre-Hot 100 charts.
Chart notes: If counting Presley's dual hit song ""Don't Be Cruel/Hound Dog"" separately, then Elvis has 5 for 1956. Some Presley songs included here charted No. 1 on Cashbox, but not on the Billboard Top 100, the precursor to the Billboard Hot 100.
If counting Drake's feature on Travis Scott's ""Sicko Mode"", he would be included on the list with 4 for 2018 (""God's Plan"", ""Nice for What"", and ""In My Feelings"")
Sources:


=== Most number-two songs ===

If Drake's appearance on ""BedRock"" as a member of Young Money is counted, he would be listed with a total of 13 songs.
If Michael Jackson's time with The Jackson 5 and his uncredited appearance on ""Somebody's Watching Me"" are counted, he would appear on the list with 6 songs.
If Paul McCartney's time with The Beatles is counted, he would appear on the list with 5 songs.
Source:


=== Most top five songs ===

Note - Prior to December 5, 1998, songs were not eligible to enter the Billboard Hot 100 unless they were commercially released as a single. Since then, the Hot 100 changed from being a ""singles"" chart to a ""songs"" chart. In the digital era, many album tracks entered the chart without having to be promoted as official singles.


=== Most top 10 songs ===

‡ – Pre-Hot 100 charts and Hot 100 included. Elvis Presley has 25 top 10 singles after the inception of the Hot 100.
Notes:

Prior to December 5, 1998, songs were not eligible to enter the Billboard Hot 100 unless they were commercially released as a single. Since then, the Hot 100 changed from being a ""singles"" chart to a ""songs"" chart. In the digital era, many album tracks entered the chart without having to be promoted as official singles.
All but one of Mariah Carey's top 10 singles also reached the top 5, the exception being ""Obsessed"", which peaked at No. 7.


=== Most cumulative weeks in the top 10 ===

† – Rihanna is the youngest (23) soloist to earn at least 200 weeks in the top 10. Justin Bieber is the youngest male (25) soloist to do so.


=== Most consecutive weeks in the top 10 ===

Source:


=== Most number-one debuts ===

Note: If Young Thug's uncredited appearance on the track ""This Is America"" is included, this would put him on the list with 3 debuts at No. 1.
Since 2009, at least one song has debuted at number one per year. 2020 holds the record for most debuts at number one in a calendar year, with twelve.
Source:


=== Most top 10 debuts ===


=== Most top 40 entries ===

Notes - Prior to December 5, 1998, songs were not eligible to enter the Billboard Hot 100 unless they were commercially released as a single. Since then, the Hot 100 changed from being a ""singles"" chart to a ""songs"" chart. In the digital era, many album tracks entered the chart without having to be promoted as official singles.


=== Most Hot 100 entries ===

Notes:

Prior to December 5, 1998, songs were not eligible to enter the Billboard Hot 100 unless they were commercially released as a single. Since then, the Hot 100 changed from being a ""singles"" chart to a ""songs"" chart. In the digital era, many album tracks entered the chart without having to be promoted as official singles.
Other artists with at least 100 entries are Chris Brown (121 entries), The Weeknd (117), Lil Uzi Vert (114), Bad Bunny (113), Eminem (112), 21 Savage and J. Cole (each 111), YoungBoy Never Broke Again (110), Elvis Presley (109), Beyoncé and Morgan Wallen (each 106), and Jay-Z (105).
Elvis Presley's career predated the inception of the Hot 100 by two years. He has charted 150 singles on Billboard if tracking his entire career.
YoungBoy Never Broke Again (age 23 years, 198 days) is the youngest soloist to accumulate at least 100 entries on the Hot 100.


=== Most consecutive weeks on Hot 100 ===

After his 188-week streak spanning from February 3, 2018–September 4, 2021, Drake was only off the Hot 100 for a single week before beginning a new streak of 32 weeks, stretching between the debut of 21 songs from Certified Lover Boy on September 18, 2021 up until April 30, 2022, when ""P Power"" spent its final week on the chart. Had he remained on the Hot 100 for that single week, he would have logged 221 consecutive weeks on the chart, making it the 3rd longest streak of all time.
After his 142-week streak spanning from July 17, 2010–March 30, 2013, Chris Brown was only off the Hot 100 for two weeks before beginning a new streak of 161 weeks spanning from April 20, 2013–May 14, 2016. Had he remained on the Hot 100 for those two weeks, he would have logged 305 consecutive weeks on the chart, making it the 3rd longest streak of all time.
Source:


=== Acts to peak across the entire top ten ===

If John Lennon's and Ringo Starr's times with The Beatles are counted, they would each appear on the list, as their respective solo hits ""Number 9 Dream"" and ""Back Off Boogaloo"" both peaked at no. 9.
† – Pre-Hot 100


=== Self-replacement at number one ===
The Beatles† – ""I Want to Hold Your Hand"" → ""She Loves You"" (March 21, 1964); ""She Loves You"" → ""Can't Buy Me Love"" (April 4, 1964)
Boyz II Men – ""I'll Make Love to You"" → ""On Bended Knee"" (December 3, 1994)
Puff Daddy – ""I'll Be Missing You"" (Puff Daddy and Faith Evans featuring 112) → ""Mo Money Mo Problems"" (The Notorious B.I.G. featuring Puff Daddy and Mase) (August 30, 1997)
Ja Rule – ""Always on Time"" (Ja Rule featuring Ashanti) → ""Ain't It Funny"" (Jennifer Lopez featuring Ja Rule) (March 9, 2002)
Nelly – ""Hot in Herre"" → ""Dilemma"" (Nelly featuring Kelly Rowland) (August 17, 2002)
OutKast – ""Hey Ya!"" → ""The Way You Move"" (OutKast featuring Sleepy Brown) (February 14, 2004)
Usher – ""Yeah!"" (Usher featuring Lil Jon and Ludacris) → ""Burn"" (May 22, 2004); ""Burn"" → ""Confessions Part II"" (July 24, 2004)
T.I. – ""Whatever You Like"" → ""Live Your Life"" (T.I. featuring Rihanna) (October 18, 2008); ""Whatever You Like"" → ""Live Your Life"" (November 15, 2008)
The Black Eyed Peas – ""Boom Boom Pow"" → ""I Gotta Feeling"" (July 11, 2009)
Taylor Swift‡ – ""Shake It Off"" → ""Blank Space"" (November 29, 2014); ""Cruel Summer"" → ""Is It Over Now?"" (November 11, 2023); ""Is It Over Now?"" → ""Cruel Summer"" (November 18, 2023)
The Weeknd – ""Can't Feel My Face"" → ""The Hills"" (October 3, 2015)
Justin Bieber – ""Sorry"" → ""Love Yourself"" (February 13, 2016); ""I'm the One"" (DJ Khaled featuring Justin Bieber, Quavo, Chance the Rapper and Lil Wayne) → ""Despacito"" (Luis Fonsi and Daddy Yankee featuring Justin Bieber) (May 27, 2017)
Drake – ""God's Plan"" → ""Nice for What"" (April 21, 2018); ""Nice for What"" → ""In My Feelings"" (July 21, 2018)
BTS‡ – ""Butter"" → ""Permission to Dance"" (July 24, 2021); ""Permission to Dance"" → ""Butter"" (July 31, 2021)
Kendrick Lamar – ""Not Like Us"" → ""Luther"" (Kendrick Lamar & SZA) (March 1, 2025)
† – The Beatles are the only act in history to have three consecutive, self-replacing No. 1s.
‡ – BTS and Taylor Swift are the only acts in history to replace themselves at No. 1 two weeks in a row.
Source:


=== Most consecutive top positions simultaneously occupied ===

Prior to 2000, only the Beatles, the Bee Gees and Puff Daddy had weeks where they simultaneously occupied the top two positions. The Beatles had also simultaneously occupied the top three, four and five positions during various weeks in early 1964. Since 2000, numerous recording acts have simultaneously occupied the top two, including Usher, Mariah Carey, the Black Eyed Peas, the Weeknd, Justin Bieber,  Drake, and Bad Bunny. On February 23, 2019, Ariana Grande became the first act since the Beatles and first solo artist to simultaneously occupy the top three.
On November 5, 2022, Taylor Swift became the first act to simultaneously occupy more than 5 consecutive top positions, having held 10 consecutive top spots. She also became the first artist to simultaneously occupy more than 10 consecutive top positions, having held the top 14 on May 4, 2024, and the top 12 on October 18, 2025.


=== Most simultaneous entries in the top 5 ===

On February 21, 2026, Bad Bunny became the first Latino, Hispanic, and Spanish-language act to simultaneously occupy more than one position within the top 5.


=== Most simultaneous entries in the top 10 ===

Only the Beatles and the Bee Gees managed at least three simultaneous top ten singles before the use of Nielsen SoundScan and Nielsen Broadcast Data Systems to compile the Hot 100 in late 1991. The first to achieve three since then was Ashanti in March 2002.


=== Most simultaneous entries in a single week ===


=== Posthumous number-ones ===
Otis Redding (d. December 10, 1967) – ""(Sittin' On) The Dock of the Bay"" (March 16, 1968)
Janis Joplin (d. October 4, 1970) – ""Me and Bobby McGee"" (March 20, 1971)
Jim Croce (d. September 20, 1973) – ""Time in a Bottle"" (December 29, 1973)
John Lennon (d. December 8, 1980) – ""(Just Like) Starting Over"" (December 27, 1980)
The Notorious B.I.G. (d. March 9, 1997) – ""Hypnotize"" (May 3, 1997) and ""Mo Money Mo Problems"" (August 30, 1997)
Soulja Slim (d. November 26, 2003) – ""Slow Motion"" (Juvenile featuring Soulja Slim) (August 7, 2004)
Static Major (d. February 25, 2008) – ""Lollipop"" (Lil Wayne featuring Static Major) (May 3, 2008)
XXXTentacion (d. June 18, 2018) – ""Sad!"" (June 30, 2018)
Source:


=== Age records ===
Brenda Lee (age 79 years, 26 days) is the oldest artist to top the Hot 100. She initially set the record with ""Rockin' Around the Christmas Tree"" on December 9, 2023, and reset the record with the song's additional weeks at number one, most recently on January 6, 2024. Lee recorded the song back in 1958, when she was 13, and would have been the youngest woman to top the Hot 100 had the song been number one back then.
Cher (age 52 years, 297 days) is the oldest female artist to top the Hot 100 with a non-catalog single, setting the record with ""Believe"" on March 13, 1999.
Louis Armstrong (age 62 years, 279 days) is the oldest male artist to top the Hot 100. He set that record with ""Hello, Dolly!"" on May 9, 1964. Armstrong, born in 1901, is also the earliest-born artist to top the chart.
Michael Jackson (age 11 years, 155 days) is the youngest artist to top the Hot 100. He achieved the record, as part of the Jackson 5, with ""I Want You Back"" on January 31, 1970.
Stevie Wonder (age 13 years, 89 days) is the youngest solo artist to top the Hot 100. He set the record with ""Fingertips Pt. 2"" on August 10, 1963.
Little Peggy March (age 15 years, 50 days) is the youngest female artist to top the Hot 100. The song which established this record for her was ""I Will Follow Him"", which reached No. 1 on April 27, 1963.
The Kid Laroi, born in 2003, is the most recently born artist to top the Hot 100, which he did with ""Stay"" on August 14, 2021.
Olivia Rodrigo (age 17 years, 338 days) is the youngest solo artist to debut at number one on the Hot 100. She set the record with ""Drivers License"" on January 23, 2021.
Justin Bieber (age 21 years, 202 days) is the youngest male solo artist to debut atop the Hot 100. He set the record with ""What Do You Mean?"" on September 19, 2015.
Rihanna (age 23 years, 69 days) is the youngest artist to collect 10 chart-toppers on the Hot 100. She set the record with ""S&M"" on April 11, 2011.
Marjorie Grande (under the name ""Nonna"") (age 98 years, 163 days) was the oldest living artist to chart on the Hot 100. She was featured on her granddaughter Ariana Grande's song ""Ordinary Things"", which ranked at No. 55 on March 23, 2024. The previous record was held by Fred Stobaugh who was age 96 years, 23 days when he was featured on the Green Shoe Studio song ""Oh Sweet Lorraine"", which ranked at No. 42 on September 14, 2013.
Marjorie Grande, as ""Nonna"", was also the oldest living artist to make their debut on the Hot 100 with her entry under ""Ordinary Things"" on the same date.
French-born Jordy Lemoine (age 5 years, 156 days) is the youngest artist to chart on the Hot 100. He established the record when his song ""Dur dur d'être bébé! (It's Tough to Be a Baby)"", where he is credited simply as Jordy, entered the chart on June 19, 1993.
Rumi Carter (age 6 years, 305 days) is the youngest female artist to appear on the chart, featuring on her mother Beyoncé's song ""Protector"", which debuted at number 42 on the chart dated April 13, 2024. She broke the record previously held by her sister Blue Ivy Carter, who featured on ""Brown Skin Girl"" with Beyoncé, Saint Jhn, and WizKid. That song peaked at number 76 in 2019, when Blue Ivy was seven. (Notably, Blue Ivy is the youngest person ever to appear on any Billboard chart, featuring on ""Glory"" by her father Jay-Z, which was recorded and released two days after her birth. While the track debuted at number 74 on the US Hot R&B/Hip-Hop Songs and number 23 on the US Rap Songs, it did not appear on the Hot 100.)


=== Gap and span records ===
The longest gap between No. 1 hits on the Hot 100 for an artist is 63 years, 46 days by Brenda Lee. Her single ""Rockin' Around the Christmas Tree"" hit No. 1 on December 9, 2023, her first time on top since ""I Want to Be Wanted"" on October 24, 1960.
Brenda Lee also holds the record span between first and most recent No. 1 on the Hot 100 over the longest period of time: 63 years, five months, two weeks, and five days dating to her first week at No. 1 on the chart dated July 18, 1960, with ""I'm Sorry"" to her most recent No. 1, ""Rockin' Around the Christmas Tree"", which was most recently at number one on the chart dated January 6, 2024.
Mariah Carey's ""All I Want for Christmas Is You"" has the longest span from a song's first week at No. 1 on the Hot 100 to its latest: six years (Dec. 21, 2019–Dec. 13, 2025).
The record for the longest wait from an artist's Hot 100 debut entry to its first No. 1 belongs to Santana, with 30 years between the time the band first cracked the Hot 100 with ""Jingo"" (October 25, 1969) and the first of 12 weeks at No. 1 with ""Smooth,"" featuring Rob Thomas (October 23, 1999).
The record for most Hot 100 entries before a No. 1 is held by Future, whose feature on Drake's ""Way 2 Sexy"" alongside Young Thug scored him his first No. 1 single on his 126th chart entry.
When ""4th Dimension"" by Kids See Ghosts featuring Louis Prima debuted at No. 42 for the week of June 23, 2018, Prima became the artist with the longest gap between appearances on the Hot 100 – 57 years, 130 days since his last previous charted single, ""Wonderland by Night"", which last appeared at No. 89 on the Hot 100, dated February 13, 1961.
Bobby Helms holds the longest wait for an artist's first top 10: 60 years, four months and two weeks. His song ""Borrowed Dreams"" debuted on the third Hot 100 ever (dated August 18, 1958), and ""Jingle Bell Rock"" reached the top 10 on the chart dated January 5, 2019.
Nat King Cole's ""The Christmas Song"" holds the record for the longest trip to the Hot 100's top 10: 62 years and 26 days. It first appeared on the Hot 100 dated December 12, 1960 and reached the top 10 on the chart dated January 7, 2023 peaking at No. 7. Cole additionally holds the record for the longest break between Hot 100 top 10s, with a span of 59 years, six months, and one week. His single ""Those Lazy-Hazy-Crazy Days of Summer"" reached No. 6 in June 1963, and his return to the top 10 with ""The Christmas Song"" reached No. 9 on the chart dated January 7, 2023.
Taylor Swift holds the record for the longest span of No. 1 debuts with eleven years, one months, and 12 days. She surpassed Lady Gaga, who held the record previously with nine years, three months, and one week.
BTS holds the record for the shortest span to accumulate three No. 1 debuts, with four months and four days.


== Album achievements ==


=== Most number-one songs from one album ===

Source:

Saturday Night Fever generated number-one singles for two different artists: ""How Deep Is Your Love"", ""Stayin' Alive"" and ""Night Fever"" by the Bee Gees; and ""If I Can't Have You"" by Yvonne Elliman. ""A Fifth Of Beethoven"" by Walter Murphy, ""You Should Be Dancing"" and ""Jive Talkin'"" by the Bee Gees also appear on the album and had previously reached No. 1.
Katy Perry's Teenage Dream: The Complete Confection, a reissue of the Teenage Dream album, featured an additional number-one single, ""Part of Me"".
Taylor Swift's 1989 produced three number-one singles (""Shake it Off,"" ""Blank Space,"" and ""Bad Blood"" with Kendrick Lamar) while the re-recorded reissue, 1989 (Taylor's Version), produced an additional number-one (""Is It Over Now? (Taylor's Version) (From The Vault)"").


=== Most top ten songs from one album ===

† – Michael Jackson, Bruce Springsteen, and Janet Jackson jointly hold the record for most top 10 officially-released singles from one album with seven (from Thriller, Born in the U.S.A., and Janet Jackson's Rhythm Nation 1814, respectively).

Source:


=== Other album achievements ===
Janet Jackson's Janet Jackson's Rhythm Nation 1814 has the most top 5 singles, with 7.
Taylor Swift has the most albums with five or more Top 10 hits (5). Those albums are 1989, Midnights, 1989 (Taylor's Version), The Tortured Poets Department, and The Life of a Showgirl. Swift's album Fearless additionally has five top 10 hits if its deluxe reissue is included. Drake is in second place, with four albums achieving the feat: Scorpion, Certified Lover Boy, Her Loss, and For All the Dogs. Janet Jackson is in third place, with Control, Janet Jackson's Rhythm Nation 1814, and Janet.
Morgan Wallen's I'm the Problem placed 36 of its 37 songs simultaneously on the Billboard Hot 100 on the week of May 31, 2025, with 29 debuts joining seven previously charting songs alongside 1 previously charting feature. Taylor Swift's The Tortured Poets Department placed all 31 of its songs simultaneously on the Hot 100 on the week of May 4, 2024 (alongside 1 previously charting song from Lover), the record among female artists.
Taylor Swift's Midnights became the first album to have 10 of its tracks occupy the entire top 10, as well as having 10 track debuts in the top 10 on the November 5, 2022 chart, eclipsing Drake's Certified Lover Boy, which saw 9 of its tracks debut in the top 10 and occupy 9 of the top 10 slots on the chart on the September 18, 2021 chart.
Taylor Swift's The Tortured Poets Department became the first album to have more than 10 consecutive tracks at the top of the Hot 100 when it debuted occupying the top 14 spots on May 4, 2024.
Beyoncé's Lemonade became the first female album to chart twelve or more songs on the US Billboard Hot 100 at the same time, with every song on the album debuting on the chart.
Taylor Swift's The Life of a Showgirl became the first album to have all of its tracks debut in the top 12 spots of the US Billboard Hot 100 on October 13, 2025.

NOTE: Numbers listed here are, per Billboard's rules, over one release.


== Producer achievements ==


=== Producers with the most number-one songs ===

† – Pre-Hot 100 charts and Hot 100
Source:


== Songwriter achievements ==


=== Songwriters with the most number-one songs ===

Source:


=== Most number-one songs in a calendar year ===

† – Chronologically sequential, replacing each other at No. 1
†† – Holds all-time record of writing the most consecutively charted (self-replacing) No. 1 songs on the Hot 100, with 4.
††† – Hold all-time record of writing the most consecutive No. 1 A-side singles, with 6. Record includes these five 1965 A-sides and ""We Can Work It Out"", which hit No. 1 in January 1966.
Source:


== Selected additional Hot 100 achievements ==
The first No. 1 song on the Hot 100 was ""Poor Little Fool"" by Ricky Nelson (August 4, 1958).
The shortest No. 1 song of all time is ""Stay"" by Maurice Williams And The Zodiacs (November 21, 1960). It is 1 minute and 38 seconds long.
The longest No. 1 song of all time is ""All Too Well (Taylor's Version)"" by Taylor Swift (November 27, 2021). It is 10 minutes and 13 seconds long.
The No. 1 song with the longest title contains 41 words and topped the charts for Stars on 45 in June 1981. Though DJs announced it as the Stars on 45 Medley, its official title is ""Medley: Intro 'Venus' / Sugar Sugar / No Reply / I'll Be Back / Drive My Car / Do You Want to Know a Secret / We Can Work It Out / I Should Have Known Better / Nowhere Man / You're Going to Lose That Girl / Stars on 45.""
On June 17, 1978, Andy Gibb became the first solo artist in the Hot 100 history to have his first three chart singles reach No. 1. The only acts to surpass this achievement are the Jackson 5, whose first four singles topped the chart in 1970, and Mariah Carey, whose first five singles reached No. 1 between 1990 and 1991.
The No. 1 song in the first week Billboard incorporated sales and airplay data from Nielsen SoundScan and Nielsen Broadcast Data Systems was ""Set Adrift on Memory Bliss"" by P.M. Dawn (November 30, 1991).
On September 2, 1995, ""You Are Not Alone"" by Michael Jackson became the first song to debut at No. 1. The most number-one debuts in one calendar year is 12 in 2020. A total of 89 number-one debuts have occurred through the chart dated April 4, 2026.
The No. 1 song in the first week Billboard allowed songs without a commercial single release to chart on the Hot 100 was ""I'm Your Angel"" by R. Kelly and Céline Dion (December 5, 1998). Though the song was making its first appearance on the Hot 100 that week, Billboard did not consider it a debut at No. 1, since it appeared on unpublished test charts prior to the allowance of airplay-only songs on the main chart. ""I'm Your Angel"" also entered the Hot 100 Singles Sales chart that week at No. 1, so it would have been ineligible to chart on the Hot 100 before then.
The first ""airplay-only"" song to reach No. 1 (no points from a commercial single release) was ""Try Again"" by Aaliyah (June 17, 2000).
""We Don't Talk About Bruno"", by Carolina Gaitán, Mauro Castillo, Adassa, Rhenzy Feliz, Diane Guerrero, Stephanie Beatriz, and the cast of Encanto, set the record for the most credited artists on a No. 1 song (February 5, 2022).
Morgan Wallen holds the record for the most entries in the Hot 100 during a one-week period, with 37 on the May 31, 2025 chart.
The Beatles are the only artists to simultaneously hold the top 2 spots on the Billboard Hot 100 singles chart and Billboard 200 albums chart. They achieved this feat for nine consecutive weeks, from February 29, 1964, to April 25, 1964. For the first five weeks of that run, through March 28, 1964, ""I Want to Hold Your Hand"" and ""She Loves You"" were the No. 1 and No. 2 singles (which swapped positions during March 1964), while Meet the Beatles! and Introducing... The Beatles held the top 2 spots on the albums chart. For the remaining weeks of the run, ""Can't Buy Me Love"" and their cover of ""Twist and Shout"" were the No. 1 and No. 2 singles, while Meet the Beatles! and Introducing... The Beatles continued their reign as the top 2 albums.
Taylor Swift is the only songwriter to write the entire top 10 songs of the chart, having done so on three occasions, November 5, 2022, May 4, 2024, and October 18, 2025.
Justin Bieber is the first artist in history to achieve new No. 1 songs in consecutive weeks on the Hot 100. On the chart dated May 27, 2017, Luis Fonsi & Daddy Yankee's ""Despacito"" dethroned DJ Khaled's ""I'm the One"" which debuted at No. 1 a week prior, both songs on which he is a featured artist.
The Black Eyed Peas hold the record for the longest uninterrupted time at No. 1 on the Hot 100, a total of 26 consecutive weeks from April to October 2009. ""Boom Boom Pow"" spent the first 12 weeks on top, with ""I Gotta Feeling"" taking over for the remaining 14 weeks.
On December 4, 2010, Rihanna's ""Only Girl (In the World)"" reached the top spot two weeks after ""What's My Name?"", becoming the first time in Hot 100 history that an album's lead single hit No. 1 after the second single did.
On the chart dated January 28, 2017, Ed Sheeran became the first artist to debut more than one song in the top 10 for the same week: ""Shape of You"" debuted at No. 1, while ""Castle on the Hill"" entered at No. 6.
Justin Bieber became the first artist to have seven songs from a debut album chart on the Hot 100, following the release of his debut seven-track EP My World on December 5, 2009.
Drake is the first artist to have a number-one debut replace another number-one debut. He did this on April 21, 2018, when ""Nice For What"" replaced ""God's Plan"" at the summit, after the latter had spent eleven weeks on top.
Ariana Grande is the only artist to have the lead single from each of her first seven albums debut in the Hot 100's top 10.
Ariana Grande is the first artist whose first five number-one songs all debuted in the top spot. She achieved this with the songs ""Thank U, Next"", ""7 Rings"", ""Stuck With U"", ""Rain On Me"", and ""Positions"" from 2018 to 2020.
Simultaneously, Ariana Grande is the first and only artist whose first nine number-one songs all hit No. 1 in both the song's and her first credited week. She achieved this with ""Thank U, Next"", ""7 Rings"", ""Stuck With U"" (with Justin Bieber), ""Rain On Me"" (with Lady Gaga), ""Positions"", ""Save Your Tears"" (with The Weeknd), ""Die For You"" (with The Weeknd), ""Yes, And?"", and ""We Can't Be Friends (Wait For Your Love)"". Grande's first week as a credited artist for ""Save Your Tears"" and ""Die For You"" occurred during the first week each song hit No. 1.
Ariana Grande became the fastest artist to accumulate two number-one debut songs; ""Stuck With U"", on May 23, 2020, and ""Rain on Me"", two weeks later, on June 6, 2020.
André 3000's ""I Swear, I Really Wanted to Make a 'Rap' Album but This Is Literally the Way the Wind Blew Me This Time"" is the longest song to chart on the Hot 100, at 12:20.
Jack Black's ""Steve's Lava Chicken"" is the shortest song to chart on the Hot 100, at 34 seconds.
Creedence Clearwater Revival is the artist with the most songs to peak at No. 2 without achieving a No. 1 hit, with five (""Proud Mary"", ""Bad Moon Rising"", ""Green River"", ""Travelin' Band/Who'll Stop the Rain"", ""Lookin' Out My Back Door/Long as I Can See the Light"").
Blood, Sweat & Tears by Blood, Sweat & Tears is the album with the most songs to peak at No. 2 without a No. 1 hit, with three (""You've Made Me So Very Happy"", ""Spinning Wheel"", ""And When I Die"").
Ariana Grande is the first artist in history to debut three songs at No. 1 on the Hot 100 in a single calendar year. ""Stuck With U"", ""Rain On Me"", and ""Positions"" all debuted at number one in 2020.
Ariana Grande became the first artist in chart history to have four and five songs debuting at number one, respectively.
Ariana Grande surpassed Paul McCartney as the artist with the most number one duets in Hot 100 history.
Taylor Swift is the first act in history to simultaneously debut at No. 1 on both the Billboard 200 and Billboard Hot 100 charts. She achieved it when her eighth studio album, Folklore, debuted atop the Billboard 200 in the same week as its lead single ""Cardigan"" debuted atop the Hot 100, on the charts dated August 8, 2020. She is also the first act in history to achieve the said record a total of seven times. Her second time was with her ninth studio album, Evermore, and its lead single ""Willow"" (December 26, 2020); the third with Red (Taylor's Version) and ""All Too Well (Taylor's Version)"" (November 27, 2021); the fourth with Midnights and its lead single, ""Anti-Hero"" (November 5, 2022); the fifth with 1989 (Taylor's Version) and ""Is It Over Now?"" (November 11, 2023); the sixth with The Tortured Poets Department and ""Fortnight""; and the seventh with The Life of a Showgirl and ""The Fate of Ophelia"".
The Weeknd's 2019 song ""Blinding Lights"" holds the record for the highest re-entry in the charts history, after falling off the chart dated January 2, 2021 and re-entering the top ten at number 3 the following week.
The chart dated March 20, 2021, marked the first time that the top four songs were all simultaneous debuts on the Hot 100. It was also the first time that the top three were all simultaneous debuts, with Drake carrying those three songs (""What's Next"", ""Wants and Needs"" and ""Lemon Pepper Freestyle"") to become the first artist to debut in positions one, two and three on the same chart. (Debuting at number four was ""Leave the Door Open"" by Silk Sonic).
Olivia Rodrigo is the first artist in history to debut their first two and first three singles inside the top 10 of the Hot 100. She achieved it with ""Drivers License"", ""Deja Vu"", and ""Good 4 U"".
Sour (2021) by Olivia Rodrigo is the first debut album in history to score two number-one debuts on the Hot 100, doing so with ""Drivers License"" and ""Good 4 U"".
The chart dated May 29, 2021, marked the first time five songs simultaneously debuted inside the top 10 of the Hot 100. It was achieved by Olivia Rodrigo's ""Good 4 U"", J. Cole's ""My Life"", ""Amari"", ""Pride is the Devil"" and ""95 South"", which debuted at numbers 1, 2, 5, 7 and 8, respectively.
""All I Want for Christmas Is You"" by Mariah Carey became the first song ever to have seven separate runs at No. 1 on the Hot 100.
""Last Night"" by Morgan Wallen became the first song to have peaked at No. 1 during 6 consecutive months.
On the chart dated November 5, 2022, Taylor Swift became the first act to simultaneously occupy all of the top-10 positions, doing so with tracks from her tenth studio album Midnights. Male artists were absent from the top 10 for the first time ever; Swift and Lana Del Rey were the only artists present in the region. It also marked the fewest artists present in the top 10 (two). This record was matched on October 18, 2025, when Swift and Sabrina Carpenter were the only artists present in the top 10.
The Beatles and Taylor Swift are the only two acts to simultaneously chart top 10s from three of their own albums. The Beatles achieved this first on the chart dated February 29, 1964, with ""I Want to Hold Your Hand"" (Meet the Beatles!) at No. 1, ""She Loves You"" (The Beatles' Second Album) at No. 2, and ""Please Please Me"" (Introducing... The Beatles) at No. 6. Swift tied the total on the chart dated July 22, 2023, also becoming the first female artist to do so, charting ""I Can See You (Taylor's Version)"" (Speak Now (Taylor's Version)) at No. 5, ""Cruel Summer"" (Lover) at No. 9, and ""Karma"" (featuring Ice Spice) (Midnights) at No. 10.
Olivia Rodrigo is the first artist to debut all songs from two career-opening albums in the Hot 100's Top 40. She achieved this when all 12 songs from her sophomore album, Guts, debuted in the top 40 in 2023 after all 11 songs from her debut album, Sour, debuted in the top 40 in 2021. All songs from Guts were in the top 40 on September 23, 2023.
Taylor Swift has the record for the most songs charting in the top 40, with 26 songs in the region on May 4, 2024, following the release of The Tortured Poets Department.
""Bad Guy"" by Billie Eilish and ""Rockin' Around the Christmas Tree"" by Brenda Lee share the record for most weeks at No. 2 before ascending to No. 1, with nine weeks each.
Michael Jackson is the first artist to have a top ten song in six consecutive decades: 1970s, 1980s, 1990s, 2000s, 2010s, and 2020s. This was achieved when his song ""Thriller"" re-entered the top ten on November 15, 2025.
Beyoncé is the only artist to have double‑digit weeks atop the Hot 100 both as a soloist and as a member of a group. She spent 10 weeks at No. 1 with ""Irreplaceable"" and 11 weeks at No. 1 with Destiny’s Child’s ""Independent Women Part I"" — which also holds the record for the longest‑running No. 1 by an all‑female group on the Hot 100.


== See also ==
List of Billboard number-one singles
List of artists who reached number one in the United States


== Notes ==


== References ==


== Additional sources ==
Fred Bronson's Billboard Book of Number 1 Hits, 5th Edition (ISBN 0-8230-7677-6)
Christopher G. Feldman, The Billboard Book of No. 2 Singles (ISBN 0-8230-7695-4)
Joel Whitburn's Top Pop Singles 1955–2008 (ISBN 0-89820-180-2)
Joel Whitburn Presents the Billboard Pop Charts, 1955–1959 (ISBN 0-89820-092-X)
Joel Whitburn Presents the Billboard Hot 100 Charts: The Sixties (ISBN 0-89820-074-1)
Joel Whitburn Presents the Billboard Hot 100 Charts: The Seventies (ISBN 0-89820-076-8)
Joel Whitburn Presents the Billboard Hot 100 Charts: The Eighties (ISBN 0-89820-079-2)
Joel Whitburn Presents the Billboard Hot 100 Charts: The Nineties (ISBN 0-89820-137-3)
Joel Whitburn Presents the Billboard Hot 100 Charts: The 2000s (ISBN 0-89820-182-9)
Additional information obtained can be verified within Billboard's online archive services and print editions of the magazine.",The answer is not supported by the context.,200px,0,0,supported,-0.0553784947444,-0.05502503150075658,-0.49522528350680917,9,,-0.03009951114654541,6.37111632595,1.88148894681,0.9033984608002676,3,0.849096853643,1.0,1.0,0.0,0.0,0.9638671875,0.0241546630859375,0.0121307373046875,3.686992842151824,0.9755648231823463,0.9974047131630781,0.5131736523778971,0.5,abstain
Q481_289,wikiqa,how frequent do you inspect hydrants,"A fire hydrant, fireplug, firecock (archaic), hydrant riser or Johnny Pump is a connection point by which firefighters can tap into a water supply. It is a component of active fire protection. Underground fire hydrants have been used in Europe and Asia since at least the 18th century. Above-ground pillar-type hydrants are a 19th-century invention.


== Operation ==
The user (most likely a fire department) attaches a hose to the fire hydrant, then opens a valve on the hydrant to provide a powerful flow of water, on the order of 350 kilopascals (51 psi); this pressure varies according to region and depends on various factors (including the size and location of the attached water main). The user can attach this hose to a fire engine, which can use a powerful pump to boost the water pressure and possibly split it into multiple streams. One may connect the hose with a threaded connection, instantaneous ""quick connector"" or a Storz connector.
If a fire hydrant is opened or closed too quickly, a water hammer can occur and damage nearby pipes and equipment. The water inside a charged hose line causes it to be very heavy, and high-water pressure causes it to be stiff and unable to make a tight turn while pressurized. When a fire hydrant is unobstructed, this is not a problem, as there is enough room to adequately position the hose.
Most fire hydrant valves are not designed to throttle the water flow; they are designed to be operated full-on or full-off. The valving arrangement of most dry-barrel hydrants is for the drain valve to be open at anything other than full operation. Usage at partial opening can consequently result in considerable flow directly into the soil surrounding the hydrant, which, over time, can cause severe scouring. Gate or butterfly valves can be installed directly onto the hydrant opening to control individual outputs and allow for changing equipment connections without turning off the flow to other outlets. These valves can be up to 12 inches (30 cm) in diameter to accommodate the large central ""steamer"" outlets on many US hydrants. It is good practice to install valves on all outlets before using a hydrant as the protective caps are unreliable and can cause major injury if they fail.
New firefighters are often trained extensively on fire hydrants in the fire academy to be quick and safe while connecting the fire engine to the fire hydrant (usually within one minute). Time is often critical as other firefighters will be waiting for the water supply. When operating a hydrant, a firefighter typically wears appropriate personal protective equipment, such as gloves and a helmet with face shield worn. High-pressure water coursing through a potentially aging and corroding hydrant could cause a failure, injuring the firefighter operating the hydrant or bystanders.
In most jurisdictions it is illegal to park a car within a certain distance of a fire hydrant. In North America, the distances are commonly 3 to 5 metres (10 to 16 ft), often indicated by yellow or red paint on the curb. The rationale behind these laws is that hydrants need to be visible and accessible in an emergency. In the event that a car is illegally parked next to a fire hydrant when firefighters need access to it, firefighters are legally allowed to break the car's windows to run the hose through it, while the car owner receives a parking citation.


=== Other uses ===


==== Street pooling ====

In 1896, during a terrible heatwave in New York City, the Commissioner of Public Works ordered the opening of the fire hydrants to provide relief to the population. Today some US communities provide low flow sprinkler heads to enable residents to use the hydrants to cool off during hot weather, while gaining some control on water usage. Sometimes those simply seeking to play in the water remove the caps and open the valve, providing residents a place to play and cool off in summer.


==== Preventing misuse ====

To prevent casual use or misuse, the hydrant requires special tools to be opened, usually a large wrench with a pentagonal socket. Vandals sometimes cause monetary loss by wasting water when they open hydrants. Such vandalism can also reduce municipal water pressure and impair firefighters' efforts to extinguish fires. Most fire hydrants in Australia are protected by a silver-coloured cover with a red top, secured to the ground with bolts to protect the hydrant from vandalism and unauthorized use. The cover must be removed before use.
In most areas of the United States, contractors who need temporary water may purchase permits to use hydrants. The permit will generally require a hydrant meter, a gate valve and sometimes a clapper valve (if not designed into the hydrant already) to prevent backflow into the hydrant. Additionally, residents who wish to use the hydrant to fill their in-ground swimming pool are commonly permitted to do so, provided they pay for the water and agree to allow firefighters to draft from their pool in the case of an emergency.
Municipal services, such as street sweepers and tank trucks, may also be allowed to use hydrants to fill their water tanks. Often sewer maintenance trucks need water to flush out sewerage lines and fill their tanks on site from a hydrant. If necessary, the municipal workers will record the amount of water they used or use a meter.
Fire hydrants may be used to supply water to riot control vehicles. These vehicles use a high-pressure water cannon to discourage rioting.
Since fire hydrants are one of the most accessible parts of a water distribution system, they are often used for attaching pressure gauges or loggers or monitor system water pressure. Automatic flushing devices are often attached to hydrants to maintain chlorination levels in areas of low usage. Hydrants are also used as an easy above-ground access point by leak detection devices to locate leaks from the sound they make.


== Construction ==

Depending on the country or location, hydrants can be above or below ground. In countries including Japan, the UK, Ukraine, Russia or Spain hydrants are accessible under a heavy metal cover. In other countries, such as the US, and many parts of China, an accessible part of the hydrant is above ground. It can also be mounted in an exterior wall of a building.
In areas subject to freezing temperatures, at most only a portion of the hydrant is above ground. The valve is located below the frost line and connected by a riser to the above-ground portion. A valve rod extends from the valve up through a seal at the top of the hydrant, where it can be operated with the proper wrench. This design is known as a ""dry barrel"" hydrant, in that the barrel, or vertical body of the hydrant, is normally dry. A drain valve underground opens when the water valve is completely closed; this allows all water to drain from the hydrant body to prevent the hydrant from freezing.
In warm areas, above-ground hydrants may be used with one or more valves in the above-ground portion. Unlike with cold-weather hydrants, it is possible to turn the water supply on and off to each port. This style is known as a ""wet barrel"" hydrant.
Both wet- and dry-barrel hydrants typically have multiple outlets. Wet barrel hydrant outlets are typically individually controlled, while a single stem operates all the outlets of a dry barrel hydrant simultaneously. Thus, wet barrel hydrants allow single outlets to be opened, requiring somewhat more effort, but simultaneously allowing more flexibility.
A typical US dry-barrel hydrant has two smaller outlets and one larger outlet. The larger outlet is often a Storz connection if the local fire department has standardized on hose using Storz fittings for large diameter supply line. The larger outlet is known as a ""steamer"" connection, because they were once used to supply steam powered water pumps, and a hydrant with such an outlet may be called a ""steamer hydrant"", although this usage is becoming archaic. Likewise, an older hydrant without a steamer connection may be called a ""village hydrant.""


== Appearance ==

Above-ground hydrants are coloured for visibility, to signal their characteristics, or for aesthetics. In the United States, the AWWA and NFPA recommend hydrants be colored chrome yellow for rapid identification apart from the bonnet and nozzle caps which should be coded according to their available flow. Class AA hydrants (>1500 gpm) should have their nozzle caps and bonnet colored light blue, Class A hydrants (1000–1499 gpm) green, Class B hydrants (500–999 gpm) orange, Class C hydrants (0–499 gpm) red, and inoperable or end-of-system (risking water hammer) black. These aids arriving firefighters in determining how much water is available and whether to call for additional resources or find another hydrant.
Other codings can be and frequently are used, some of greater complexity, incorporating pressure information, others more simplistic. In Ottawa, Ontario, hydrant colors communicate different messages to firefighters; for example, if the inside of the hydrant is corroded so much that the interior diameter is too narrow for good pressure, it will be painted in a specific scheme to indicate to firefighters to move on to the next one. In many localities, a white or purple top indicates that the hydrant provides non-potable water. Where artistic and/or aesthetic considerations are paramount, hydrants can be extremely varied, or more subdued. In both instances this is usually at the cost of reduced practicality.
In Germany, the Netherlands, Spain, the UK, and many other countries, most hydrants are located below ground and are reached by a riser, which provides the connections for the hoses. The covers can also be artistically designed.


== Signage ==
In the United Kingdom and Ireland, hydrants are located in the ground. Yellow ""H"" hydrant signs indicate the location of the hydrants and are similar to the blue signs in Finland. Mounted on a small post or nearby wall etc., the two numbers indicate the diameter of the water main (top number) and the distance from the sign (lower number). Modern signs show these measurements in millimetres and metres, whereas older signs use inches and feet. Because the orders of magnitude are so different (6 inches versus 150 mm) there is no ambiguity whichever measuring system is used.
In areas of the United States without winter snow cover, blue reflectors embedded in the street are used to allow rapid identification of hydrants at night. In areas with snow cover, tall signs or flags are used so that hydrants can be found even if covered with snow. In rural areas tall narrow posts painted with visible colours such as red are attached to the hydrants to allow them to be found during heavy snowfall periods. The tops of the fire hydrants indicate available flow in gallons per minute; the color helps make a more accurate choice of what hydrants will be utilized to supply water to the fire scene.

Blue: 1,500 US gallons per minute (1,249 imp gal/min; 95 L/s) or more; very good flow
Green: 1,000–1,499 US gallons per minute (833–1,248 imp gal/min; 63–95 L/s); good for residential areas
Orange: 500–999 US gallons per minute (416–832 imp gal/min; 32–63 L/s); marginally adequate
Red: below 500 US gallons per minute (416 imp gal/min; 32 L/s); inadequate
The hydrant bodies are also color-coded.

Chrome Yellow: Municipal System
Red: Private System
Violet: Non-potable supply
These markings and colours are prescribed in NFPA 291: Recommended Practice for Water Flow Testing and Marking of Hydrants. but most municipal water authorities do not actually follow these guidelines.
In Australia, hydrant signage varies, with several types displayed across the country. Most Australian hydrants are underground, being of a ballcock system (spring hydrant type), and a separate standpipe with a central plunger is used to open the valve. Consequently, hydrant signage is essential, because of their concealed nature.

Painted markers – Usually a white or yellow (sometimes reflective paint) triangle or arrow painted on the road, pointing towards the side of the road the hydrant will be found on. These are most common in old areas, or on new roads where more advanced signs have not been installed. These are almost always coupled with a secondary form of signage.
Hydrant Marker Plates – Found on power poles, fences, or street-signs, these are a comprehensive and effective system of identification. The plate consists of several codes; H (Potable water Hydrant), RH (Recycled/Non-Potable), P (Pathway, where the hydrant cover can be found), R (Roadway). The plate is vertically oriented, around 8 cm wide, and 15 cm high. It usually faces in the direction of the hydrant. Found on this plate, from top to bottom, are the following features:
The codes listed above, Potable/Non-potable at the top, Path/Roadway on the bottom of the plate.
Below this, a number giving the distance to the hydrant (in meters), then a second number below that giving the size (in millimeters) of the water main.
A black line across the center of the plate indicates the hydrant is found on the opposite side of the road to which the plate is affixed.
Plates for recycled water have a purple background, as well as the RH code, normal potable hydrants are white, with the H code.
Road markers or Cat's eyes – Almost exclusively blue, these are placed on one side or the other of the centre line of the road, to indicate on which side of the road the hydrant lies. They are visible for several hundred meters at night in heavy rain, further in clear conditions.
In Germany the hydrant marker plates follow the style of other marker plates pointing to underground installations. Fire hydrant marker plates have a red border. Other water hydrants may have a blue border. A gas hydrant would have a yellow background instead of a white one for fire hydrants. All of them have large central T with the installation identification on top of it – an ""H"" or older ""UH"" is located in the ground, a ""OH"" is above ground, followed by the pipe inner diameter in millimeters (with a small 80 mm in residential areas). The numbers around the T allow to locate the installation in reference to the plate's location – the number left of the T is in meter left of the sign, the number right of the T is in meter right of the sign, and number below the T tells the distance in meter in front of the sign, where a negative number would point to a place behind the sign. The distance numbers are always given with a comma decimeter precision. If it is not a common fire hydrant type then another identification may be used, for example ""300 m³"" would point to a cistern usable to pump water from.
In East Asia (China, Japan and South Korea) and former Socialist countries of Eastern Europe, there are two types of fire hydrants, of which one is on the public ground and the other inside a building. The ones inside a building are installed on a wall. They are big, rectangular boxes that also provide alarms (sirens), a fire extinguisher and, at certain times, emergency kits.


== Inspection and maintenance ==
In most areas, fire hydrants require annual inspections and maintenance; they normally only have a one-year warranty, but some have 5- or even 10-year warranties, although the longer warranty does not remove the need for periodic inspections or maintenance. These inspections are generally performed by the local municipalities or fire departments, but they often do not inspect hydrants that are identified as private. Private hydrants are usually located on larger properties to adequately protect large buildings in case of a fire and in order to comply with the fire code. Such hydrants have met the requirements of insurance underwriters and are often referred to as UL/FM hydrants. Usually, companies are contracted out to inspect private fire hydrants, unless the municipality has undertaken that task. 
Some fire hydrant manufacturers recommend lubricating the head mechanism and restoring the head gaskets and O-rings annually in order that the fire hydrant perform the service expected of them, while others have incorporated proprietary features to provide long-term lubrication of the hydrant's operating mechanism. In any case, periodic inspection of lubricants is recommended. Lubrication is generally done with a food-grade non-petroleum lubricant to avoid contamination of the distribution system.
Occasionally a stone or foreign object will mar the seat gasket. In this case, most hydrants have a special seat wrench that allows removal of the seat to replace the gasket or other broken parts without removing the hydrant from the ground. Hydrant extensions are also available for raising a hydrant if the grade around the hydrant changes. Without extending the height, the wrenches to remove caps would not clear and the break flanges for traffic models would not be located correctly in case they were hit. Hydrant repair kits are also available to repair sacrificial parts designed to break when hit by a vehicle.
Many fire departments use the hydrants for flushing out water line sediments. When doing so, they often use a hydrant diffuser, a device that diffuses the water so that it does not damage property and is less dangerous to bystanders than a solid stream. Some diffusers also dechlorinate the water to avoid ground contamination. Hydrants are also sometimes used as entry or exit points for pipe cleaning pigs.
In 2011, Code for America developed an ""Adopt a Hydrant"" website, which enables volunteers to sign up to shovel out fire hydrants after snowstorms. As of 2014, the system has been implemented in Boston; Providence, Rhode Island; Anchorage, Alaska; and Chicago.


== Non-pressurized (dry) Hydrants ==

In rural areas where municipal water systems are not available, dry hydrants are used to supply water for fighting fires. A dry hydrant is analogous to a standpipe. A dry hydrant is usually an unpressurized, permanently installed pipe that has one end below the water level of a lake or pond. This end usually has a strainer to prevent debris or wildlife, such as fish, from entering the pipe. The other end is above ground and has a hard sleeve connector.
When needed, a pumper fire engine will pump from the lake or pond by drafting water. This is done by vacuuming the air out of the dry hydrant, hard sleeve, and the fire engine pump with a primer. Because lower pressure now exists at the pump intake, atmospheric pressure on the water and the weight of the water forces water into the above-water portion of the dry hydrant, into the hard sleeve, and finally into the pump. This water can then be pumped by the engine's centrifugal pump.


== Other types ==
Water wells are also sometimes classified as fire hydrants if they can supply enough water volume and pressure.
Standpipes are connections for firehoses within a building and serve the same purpose inside larger structures as fire hydrants do outdoors. Standpipes may be ""dry"" or ""wet"" (permanently filled with water); a dry standpipe requires an external source of water such as firefighting equipment.


== History ==
Before piped mains supplies, water for firefighting had to be kept in buckets and cauldrons ready for use by 'bucket-brigades' or brought with a horse-drawn fire-pump. From the 16th century, as wooden mains water systems were installed, firefighters would dig down to the pipes and drill a hole for water to fill a “wet well” for the buckets or pumps. This had to be filled and plugged afterwards, hence the common US term for a hydrant, 'fireplug'. A marker would be left to indicate where a 'plug' had already been drilled to enable firefighters to find ready-drilled holes. Later wooden systems had pre-drilled holes and plugs.
When cast iron pipes replaced the wood, permanent underground access points were included for the fire fighters. Some countries provide access covers to these points, while others attach fixed above-ground hydrants – the first cast iron ones were patented in 1801 by Frederick Graff, then chief-engineer of the Philadelphia Water Works. Invention since then has targeted problems such as tampering, freezing, connection, reliability etc.


== See also ==


== References ==


== Sources ==
Hinds, Conrade C. (9 October 2012). The Great Columbus Experiment of 1908: Waterworks that Changed the World. Arcadia Publishing. ISBN 978-1-61423-685-6.
(29/5/2024) https://www.thesaurus.com/browse/fire-hydrant


== Further reading ==
U.S. patent 909 — Issued to John Jorden on September 8, 1838, for ""...a new and useful improvement in Fire-Plugs and Hydrants..."". This is an early wooden bodied hydrant, the earliest hydrant patent extant; the patent office itself burned to the ground in 1836, taking with it all prior hydrant patents.
U.S. patent 37,466 — Issued to Richard Stileman on January 20, 1863. An early iron hydrant, believed the first patented hydrant with the larger size steamer port to supply steam fire engines. Manufactured and marketed as the Stileman hydrant. See also Stileman page at FireHydrant.org.
U.S. patent 80,143 — Issued to Zebulon Erastus Coffin on July 21, 1868. This is a cast iron hydrant very similar to modern fire hydrants, it was produced by Boston Machine Co. See also Boston Machine page at FireHydrant.org.
U.S. patent 94,749 — Issued to Birdsill Holly on September 14, 1869. See also Holly page at FireHydrant.org.
Wohleber, Curt. ""The Fire Hydrant"". In The American Heritage of Invention & Technology. Winter 2002. Provides a history with dates of fire hydrant development. (Archived from the original on April 28, 2010)


== External links ==",Annually.,"Fire hydrant in Charlottesville, Virginia, USA",0,0,supported,1.41511834956,-0.22497979733309195,-0.6749393919992759,3,,0.24839675426483154,4.65117855812,0.701836128779,0.7656637951895601,2,0.999314825015,1.0,1.0,0.0,0.0,0.99267578125,0.00240325927734375,0.00485992431640625,2.5859436801432625,0.9299514417092885,0.9872311791268925,0.5131736523778971,0.5,abstain
Q774_436,wikiqa,what culture is mariah carey,"Mariah Carey (  mə-RY-ə; born March 27, 1969) is an American singer-songwriter, record producer, and actress. Dubbed the ""Songbird Supreme"", Carey is known for her five-octave vocal range, melismatic singing style, signature use of the whistle register, and diva persona. An influential figure in popular culture, she was ranked as the fifth-greatest singer of all time by Rolling Stone in 2023.
Carey rose to fame with her eponymous debut album (1990) and became the only artist to have their first five singles reach number one in the US, from ""Vision of Love"" to the title track of her second album Emotions (1991). She achieved international success with the best-selling albums Music Box (1993) and Daydream (1995), before adopting a new image with hip hop-inflected sounds; introduced on the remix to ""Fantasy"" with Ol' Dirty Bastard, and later embraced on Butterfly (1997) and Rainbow (1999). With eleven consecutive years of US number-one singles, Carey was named by Billboard as the Artist of the Decade. Following a career decline, she made a comeback with The Emancipation of Mimi (2005), her 21st-century bestseller.
Carey's life and career have received widespread media coverage. She has been dubbed the ""Queen of Christmas"" due to the enduring popularity of her holiday music, particularly Merry Christmas (1994), one of the best-selling holiday albums. Its lead single, ""All I Want for Christmas Is You"", is the longest-running number-one song on the Billboard Hot 100 and the best-selling holiday single by a woman. Outside of music, she co-founded the youth program Camp Mariah in 1994; starred in films such as Glitter (2001), Precious (2009), The Butler (2013), and The Lego Batman Movie (2017); and served as a judge on American Idol (2013). Her 2020 memoir, The Meaning of Mariah Carey, reached number one on The New York Times Best Seller list.
Carey is one of the best-selling music artists, with over 220 million records sold worldwide. She was inducted into the Songwriters Hall of Fame. Her accolades include five Grammy Awards, a Grammy Global Impact Award, 10 American Music Awards, 19 World Music Awards, 14 Billboard Music Awards, and MTV's Michael Jackson Video Vanguard Award. Time named her one of the 100 most influential people in the world in 2008. She holds the record for the most Billboard Hot 100 number-one singles by a solo artist (19), a female songwriter (18), and a female producer (15), spending a record 101 weeks atop the chart. ""One Sweet Day"" and ""We Belong Together"" were ranked by Billboard as the most successful songs of the 1990s and 2000s, respectively. Carey is one of the highest-certified artists in the US, with four Diamond certifications.


== Early life ==
Carey was born on March 27, 1969, in Huntington, New York, on Long Island. Her name is derived from the song ""They Call the Wind Maria"", originally from the 1951 Broadway musical Paint Your Wagon. She is the youngest of three children born to Patricia (née Hickey), a former opera singer and vocal coach of Irish descent, and Alfred Roy Carey, an aeronautical engineer of both African-American and Afro-Venezuelan lineage. The last name ""Carey"" was adopted by her Venezuelan grandfather, Roberto Núñez, after he emigrated to New York. 
Patricia's family disowned her for marrying a black man. Racial tensions prevented the Carey family from integrating into their community. While they lived in Huntington, their neighbors poisoned the family dog and set fire to their car. After her parents' divorce, Carey had little contact with her father and spent much of her time at home alone and began singing at age three, often imitating her mother's take on Verdi's opera Rigoletto in Italian. Her older sister Alison moved in with their father while Mariah and her elder brother Morgan lived with their mother.
During her years in elementary school, Carey excelled in the arts, such as music and literature. She began writing poetry and lyrics while attending Harborfields High School in Greenlawn, New York, where she graduated in 1987. Carey began vocal training under her mother's guidance. Though she was a classically trained opera singer, Patricia Carey never pressured her daughter to pursue a career in classical opera, with Mariah Carey stating that ""I respect opera like crazy, but it didn't influence me."" In high school, Mariah Carey was often absent because of her work as a demo singer. Working in the Long Island music scene gave her opportunities to work with musicians such as Gavin Christopher and Ben Margulies, with whom she co-wrote material for her demo tape. After moving to New York City, she worked part-time jobs to pay the rent and completed 500 hours of beauty school. Carey moved into a one-bedroom apartment in Manhattan with four female students as roommates. She landed a gig singing backup for freestyle singer Brenda K. Starr.


== Career ==


=== 1988–1992: Eponymous debut album, Emotions and MTV Unplugged ===

In December 1988, Carey accompanied Starr to a music executive's party and handed her demo tape to the head of Columbia Records, Tommy Mottola. After listening to the tape during the ride home, he immediately requested the driver turn around. She had already left the event, and Mottola spent two weeks looking for her. Another record label expressed interest and a bidding war ensued. He signed Carey to Columbia and enlisted producers Ric Wake, Narada Michael Walden, and Rhett Lawrence for her first album.
On June 5, 1990, Carey made her first public appearance at the 1990 NBA Finals, singing ""America the Beautiful"". The highlight was the whistle note toward the song's conclusion, sparking CBS Sports anchor Pat O'Brien to declare, ""The palace now has a queen."" Columbia marketed Carey as the main female artist on their roster and spent over $1 million promoting Carey's debut studio album, Mariah Carey. The album topped the US Billboard 200 for eleven consecutive weeks, after Carey's exposure at the 33rd Annual Grammy Awards, where she won the award for Best New Artist, and Best Female Pop Vocal Performance for her first single ""Vision of Love"". It became her first US Billboard Hot 100 chart-topper, followed by the album's follow-up singles ""Love Takes Time"", ""Someday"", and ""I Don't Wanna Cry"". Mariah Carey was the best-selling album in the United States in 1991, and achieved worldwide sales of 15 million copies. Billboard named Carey the Greatest Pop Star of 1991.
Carey co-wrote, co-produced, and recorded her second studio effort, Emotions, during 1991. She described it as a homage to Motown soul music and employed the help of Walter Afanasieff, who only had a small role on her debut, as well as Robert Clivillés and David Cole, from the dance group C+C Music Factory. Carey's relationship with Margulies deteriorated over a songwriting royalties dispute. After he filed a lawsuit against Columbia's parent company, Sony Music Entertainment, the songwriting duo parted ways. Emotions was released on September 17, 1991. Its title track served as the album's lead single and became Carey's fifth chart topper on the Billboard Hot 100, making her the first artist whose first five singles reached the chart's summit. The album spawned two more singles, ""Can't Let Go"" and ""Make It Happen"", both of which peaked within the top five in the United States. Though critics praised the album's content and described it as a more mature effort, Emotions was criticized as calculated and lacking originality. While the album managed sales of eight million copies globally, Emotions failed to reach the commercial and critical heights of its predecessor.
Carey did not embark on a world tour to promote the album. Although she attributed this to stage fright and the vocally challenging nature of her material, speculation grew that Carey was a ""studio worm"" and incapable of producing the perfect pitch and five-octave vocal range for which she was known. In hopes of ending any speculation of her being a manufactured artist, Carey booked an appearance on MTV Unplugged. Days prior to the show's taping, Carey and Afanasieff chose to add a cover of the Jackson 5's 1970 song ""I'll Be There"" to the set-list. On March 16, 1992, she played and recorded an intimate seven-song show at Kaufman Astoria Studios in Queens, New York. The acclaimed revue was aired more than three times as often as the average episode, and critics heralding it as a ""vocal Tour de force"". Carey's live version of ""I'll Be There"" became her sixth number-one single on the Billboard Hot 100 chart. Sony capitalized on this success and released an extended play (EP) of her performance. It earned a triple-Platinum certification by the Recording Industry Association of America (RIAA) and earned Gold and Platinum certifications in several European markets.


=== 1993–1996: Music Box, Merry Christmas and Daydream ===
Following years of dating, Carey and Mottola got married on June 5, 1993. After Emotions failed to achieve the commercial heights of her debut album, Carey's subsequent release was to be marketed as adult contemporary and pop-friendly. Music Box was produced by Carey and Afanasieff, and it began a songwriting partnership that would extend until 1997's Butterfly. The album was released on August 31, 1993, to mixed reviews from music critics. Carey's songwriting was derided as clichéd and her vocal performances were described as less emotive and lazier in their delivery. In his review of the album, AllMusic's Ron Wynn concluded: ""sometimes excessive spirit is preferable to an absence of passion"". In promotion of the album, Carey embarked on her debut tour, a six-date concert series, the Music Box Tour. Music Box's first and second singles, ""Dreamlover"" and ""Hero"", became Carey's seventh and eighth chart-toppers in the United States, while her cover of Badfinger's ""Without You"" became her first number-one single in Germany, Sweden and the United Kingdom. Music Box remains Carey's best-seller and one of the best-selling albums, with worldwide sales of over 28 million copies.
In mid-1994, Carey and Luther Vandross recorded and released a cover of Lionel Richie and Diana Ross's ""Endless Love"". Merry Christmas, released on November 1, 1994, became the best-selling Christmas album, with global sales of over 15 million copies. The lead single, ""All I Want for Christmas Is You"", became a holiday standard and continues to surge in popularity each holiday season. By October 2017, it had become the 11th best-selling single in history with over 16 million copies sold worldwide. It additionally became the longest-running number-one single of all-time on the Billboard Hot 100 (22 weeks) and the Billboard Global 200 (19 weeks) charts.

Carey's fifth studio album, Daydream, found her consolidating creative control over her career, leading to tensions with Columbia. Songs from her prior two albums had been primarily shaped by Mottola's conceptualization of what Carey should sound like, as innocent and wholesome tracks dominated by her vocal performance. Daydream featured a departure from her allegiance to pop and gravitated heavily towards R&B and hip hop. Critically, the album was described as Carey's best to date. The New York Times named it one of 1995's best albums and wrote it ""brings R&B candy-making to a new peak of textural refinement ... Carey's songwriting has taken a leap forward and become more relaxed, sexier and less reliant on thudding clichés."" Its lead single, ""Fantasy"", became the first single by a female artist to debut at number one on the Billboard Hot 100, and the second song overall after Michael Jackson's ""You Are Not Alone"". ""One Sweet Day"", a collaboration with R&B group Boyz II Men, served as the second single from Daydream and remained atop the Billboard Hot 100 for 16 consecutive weeks, becoming the longest-running number-one song in the chart's history at the time. It also opened at the top spot, making Carey the first act to achieve the feat twice. The album's third single, ""Always Be My Baby"", became Carey's eleventh chart-topper, tying her with Madonna and Whitney Houston for the most number-one singles among female artists at the time.
Daydream became Carey's biggest-selling album in the United States, continued Carey's dominance in Asian music markets and sold in excess of 2.2 million copies in Japan alone and over 20 million copies globally. Daydream and its singles were nominated in six categories at the 38th Grammy Awards. Though considered a favorite to win the top awards of the evening, Carey was shut out, prompting her to comment ""What can you do? I will never be disappointed again."" In early 1996, she embarked on her first international string of concerts, the Daydream World Tour. Its seven dates spanned three in Japan and four throughout Europe. Forbes named Carey the top-earning female musician of 1996, collecting an estimated $32 million.
During the recording of Daydream, Carey also worked on the alternative rock album Someone's Ugly Daughter as part of the duo Chick, contributing writing, production, vocals and art direction. It was released during September 1995. As Columbia Records refused to release the album with her lead vocals, Carey's friend Clarissa Dane was brought in to become the face of Chick, and her vocals were layered on top of Carey's, masking her voice. Her contributions were secret until 2020.


=== 1997–2000: New image with Butterfly and Rainbow ===
Carey's subsequent musical releases followed the trend that began with Daydream. Her music began relying less on pop and adult contemporary-tinged balladry and instead incorporating heavy elements of hip hop and R&B. On Butterfly, she collaborated with a bevy of producers other than Afanasieff, such as Sean Combs, Q-Tip and Missy Elliott. Butterfly was released on September 10, 1997, and introduced a more subdued style of singing, with critics noting Carey's incorporation of breathy vocals. Some viewed her lack of propensity to use her upper range as a sign of maturity, while others questioned whether it forebode waning vocal prowess. The music video for the album's lead single, ""Honey"", her first since separating from Mottola, introduced a more overtly sexual image. Butterfly became Carey's best-reviewed album, with attention placed on the album's exploration of more mature lyrical themes. In their review of the album, Rolling Stone wrote it was ""not as if Carey has totally dispensed with her old saccharine, Houston-style balladry ... but the predominant mood of Butterfly is one of coolly erotic reverie."" AllMusic editor Stephen Thomas Erlewine described Carey's vocals as ""sultrier and more controlled than ever,"" and felt the album ""illustrates that Carey continues to improve and refine her music, which makes her a rarity among her '90s peers.'"" ""Honey"" and ""My All"", the album's fifth single, both topped the Hot 100, making Carey the female artist with the most number-one singles in the chart's history. The former became Carey's third number-one debut, a record held until 2020. Though a commercial success, Butterfly failed to reach the commercial heights of her previous albums, Music Box and Daydream.
After concluding her Butterfly World Tour, Carey participated in the VH1 Divas benefit concert on April 14, 1998, where she sang alongside Aretha Franklin, Celine Dion, Shania Twain, Gloria Estefan, and Carole King. Carey began conceptualizing a film project All That Glitters, later re-titled to simply Glitter (2001), and wrote songs for other projects, such as Men in Black (1997) and How the Grinch Stole Christmas (2000). After Glitter fell into developmental hell, Carey postponed the project and began writing material for a new album. Sony Music executives insisted she prepare a greatest hits collection in time for the holiday season. The album, titled #1's (1998), featured a cover of Brenda K. Starr's ""I Still Believe"" and a duet with Whitney Houston, ""When You Believe"", which was included on the soundtrack for The Prince of Egypt (1998). #1's became a phenomenon in Japan, selling over one million copies in its opening week, making Carey the only international artist to accomplish this feat. It sold over 3.25 million copies in Japan in its first three months and holds the record as the best-selling album by a non-Asian artist.

With only one album left to fulfill her contract with Sony, and with a desire to separate herself professionally from the record label her ex-husband still headed, Carey completed the album in three months in mid-1999. Titled Rainbow, the album found Carey exploring with producers whom she had not worked with before. Rainbow became Carey's first album to not feature a collaboration with her longtime writing partner, Walter Afanasieff. She instead chose to work with David Foster and Diane Warren. ""Heartbreaker"" (featuring Jay-Z) and ""Thank God I Found You"" (featuring Joe and 98 Degrees) both topped the Billboard Hot 100, while her rendition of Phil Collins' ""Against All Odds (Take a Look at Me Now)"" with Irish boy band Westlife became her second number-one song on the UK charts. Rainbow was released on November 2, 1999, to the highest first-week sales of her career at the time, and debuted at number two on the Billboard 200.
Carey's tense relationship with Columbia grew increasingly fractious; she began posting messages on her website, sharing inside information with fans on the dispute, as well as instructing them to request ""Can't Take That Away (Mariah's Theme)"" on radio stations. Ultimately, the song was only given a very limited and low-promotion release. Critical reception of Rainbow was generally positive, with the general consensus finding: ""what began on Butterfly as a departure ends up on Rainbow a progression – perhaps the first compelling proof of Carey's true colors as an artist."" Though a commercial success, Rainbow became Carey's lowest selling album at that point in her career.


=== 2001–2004: Personal and professional setbacks, Glitter and Charmbracelet ===
Carey received Billboard's Artist of the Decade Award and the World Music Award for Best-Selling Pop Female Artist of the Millennium, and parted from Columbia Records. She signed an unprecedented $80 million five-album recording contract with Virgin Records (EMI Records) in April 2001. Glitter was a musical departure, recreating a 1980s post-disco era to accompany the film, set in 1983. Carey was given full conceptual and creative control over the project. She said that Columbia had regarded her as a commodity, with her separation from Mottola exacerbating her relations with label executives. Carey's three-year relationship with Latin singer Luis Miguel ended.
In July 2001, Carey suffered a physical and emotional breakdown. She began posting disturbing messages on her website and behaved erratically in live promotional outings. On July 19, Carey made a surprise appearance on the MTV program Total Request Live (TRL). As the show's host Carson Daly began taping following a commercial break, she came out pushing an ice cream cart while wearing a large men's shirt and began a striptease that revealed a tight ensemble. She credited exhaustion for the appearance going awry. Days later, Carey posted irregular voice notes on her website. On July 26, she was hospitalized due to exhaustion and a ""physical and emotional breakdown"". Carey was admitted to a hospital in Connecticut and remained under doctor's care for two weeks, followed by an extended absence from the public. Virgin Records and 20th Century Fox delayed the release of Glitter and its soundtrack; both were critically panned and commercially unsuccessful. The soundtrack became Carey's lowest-selling album to that point. The lead single, ""Loverboy"", was subject to controversy following confirmed reports that Mottola stole the idea of sampling the singer's original planned sample in favor of Jennifer Lopez's song ""I'm Real"", forcing Carey to change the song's composition. ""Loverboy"" peaked at number two on the Billboard Hot 100, ending Carey's streak after eleven consecutive years atop the chart. The St. Louis Post-Dispatch condemned Glitter as ""an absolute mess that'll go down as an annoying blemish on [her] career"". She attributed the poor performance to her state of mind, its postponement and the soundtrack having been released on September 11.
Carey's record deal with Virgin Records was bought out for $28 million. Carey described her time at Virgin ""a complete and total stress-fest."" She signed a contract with The Island Def Jam Music Group, valued at more than $24 million, and launched the record label MonarC. Her father, Alfred Roy, with whom she had had little contact since childhood, died of cancer that year. The song ""Sunflowers for Alfred Roy"" from Charmbracelet is dedicated to his memory. In 2002, Carey performed ""The Star-Spangled Banner"" at the Super Bowl XXXVI; Rolling Stone and Billboard have both retrospectively ranked it among Super Bowl's best renditions of the national anthem. She was also cast in the independent film WiseGirls alongside Mira Sorvino and Melora Walters, who co-starred as waitresses at a mobster-operated restaurant. It premiered at the Sundance Film Festival, and received negative reviews, though Carey's performance was praised. Roger Friedman of Fox News described her as ""a Thelma Ritter for the new millennium"", and wrote, ""Her line delivery is sharp and she manages to get the right laughs.""

In December 2002, Carey released her ninth studio album, Charmbracelet, which she said marked ""a new lease on life"" for her. Sales of Charmbracelet were moderate and the quality of Carey's vocals came under criticism. Joan Anderson from The Boston Globe declared the album ""the worst of her career, and revealed a voice [that is] no longer capable of either gravity-defying gymnastics or soft coos"", while AllMusic editor Stephen Thomas Erlewine wrote, ""Mariah's voice is shot, sounding in tatters throughout the record. She can no longer coo or softly croon nor can she perform her trademark gravity-defying vocal runs."" To support the album, Carey embarked on the Charmbracelet World Tour, spanning North America and East Asia over three months. While smaller venues were booked throughout the tour's stateside leg, Carey performed in stadiums in Asia and Europe. In the United Kingdom, it was her first tour to feature shows outside London. The tour garnered generally positive reviews, with many praising the production and Carey's vocals. In 2003, Carey featured on Busta Rhymes' ""I Know What You Want"".


=== 2005–2007: Resurgence with The Emancipation of Mimi ===

Carey's tenth studio album, The Emancipation of Mimi in 2005, was produced with the Neptunes, Kanye West and Carey's longtime collaborator, Jermaine Dupri. She described the album as ""very much like a party record"". The Emancipation of Mimi topped the charts in the United States, becoming her fifth number-one album and first since Butterfly (1997), and was warmly accepted by critics. Caroline Sullivan of The Guardian defined it as ""cool, focused and urban [... some of] the first Mariah Carey tunes in years which I wouldn't have to be paid to listen to again,"" while USA Today's Elysa Gardner wrote, ""The [songs] truly reflect the renewed confidence of a songbird who has taken her shots and kept on flying."" The album's second single, ""We Belong Together"", became a ""career re-defining"" song for Carey, after a relatively unsuccessful period and a point when many critics had considered her career over.
Music critics heralded ""We Belong Together"" as her ""return to form,"" as well as the ""return of The Voice,"" while many felt it would revive ""faith"" in Carey's potential as a balladeer. ""We Belong Together"" broke several records in the United States and became Carey's sixteenth chart topper on the Billboard Hot 100. After staying at number one for fourteen non-consecutive weeks, the song became the second-longest-running number one song in US chart history at the time, behind Carey's ""One Sweet Day"". Billboard listed it as the ""song of the decade"" and the ninth most popular song of all time. The song broke several airplay records, and according to Nielsen BDS, and gathered both the largest one-day and one-week audiences in history.
During the week of September 25, 2005, Carey set another record, becoming the first woman to occupy the first two spots atop the Hot 100, as ""We Belong Together"" remained at number one, and her next single, ""Shake It Off"", moved into the number two spot (Ashanti had topped the chart in 2002 while being a featured singer on the number two single). On the US Billboard Hot 100 Year-end Chart of 2005, ""We Belong Together"" was declared the number one song, a first for Carey. The album was re-released as The Ultra Platinum Edition, from which ""Don't Forget About Us"" became her seventeenth number-one in the United States.
The Emancipation of Mimi earned ten Grammy Award nominations: eight in 2006 for the original release, the most received by Carey in a single year, and two in 2007 for the Ultra Platinum Edition. Carey won Best Contemporary R&B Album for The Emancipation of Mimi and Best Female R&B Vocal Performance and Best R&B Song for ""We Belong Together"". The Emancipation of Mimi was 2005's best-selling album in the United States, with nearly five million units sold. It was the first album by a solo female artist to become the year's best-selling album within the country since Alanis Morissette's Jagged Little Pill in 1996 and made Carey the second woman after Whitney Houston with a top-selling album in two separate years. At the end of 2005, the International Federation of the Phonographic Industry (IFPI) reported that The Emancipation of Mimi had sold more than 7.7 million copies globally, and was the second-best-selling album of the year after Coldplay's X&Y. It has since sold 12 million copies worldwide. In support of the album, Carey embarked on her first headlining tour in three years, named The Adventures of Mimi after a ""Carey-centric fan's"" music diary. The tour spanned 40 dates, with 32 in the United States and Canada, two in Africa, and six in Japan. It received warm reception from music critics and concert goers, many of which lauded Carey's vocals.


=== 2008–2009: E=MC², Memoirs of an Imperfect Angel, and Precious ===
In early 2007, Carey began to work on her eleventh studio album, E=MC². Although the album was well received by some critics, others criticized it for being very similar to the formula used on The Emancipation of Mimi. Two weeks before the album's release, ""Touch My Body"", the record's lead single, reached the top position on the Billboard Hot 100, becoming Carey's eighteenth number one and making her the solo artist with the most number one singles in history, pushing her past Elvis Presley according to the magazine's revised methodology. Additionally, it gave Carey her 79th week atop the Hot 100, tying her with Presley as the artist with the most weeks at number one in the chart's history.""

E=MC² debuted at number one on the Billboard 200 with 463,000 copies sold, the biggest opening week sales of her career. In 2008, Carey also played one of the lead roles in Tennessee. Since the album's release, Carey had planned to embark on an extensive tour in support of E=MC². However, the tour was suddenly cancelled in early December 2008. Carey later stated that she had been pregnant during that time period and suffered a miscarriage, prompting the tour's cancellation. On January 20, 2009, Carey performed ""Hero"" at the Neighborhood Inaugural Ball after Barack Obama was sworn as the first African-American president of the United States. On July 7, 2009, Carey—alongside Trey Lorenz—performed her version of ""I'll Be There"" at the memorial service for Michael Jackson.
In 2009, she appeared as a social worker in Precious, the movie adaptation of the 1996 novel Push by Sapphire. The film garnered mostly positive reviews from critics, also for Carey's performance. Variety described her acting as ""pitch-perfect"". In January 2010, Carey won the Breakthrough Actress Performance Award for her role in Precious at the Palm Springs International Film Festival.
On September 25, 2009, Carey's twelfth studio album, Memoirs of an Imperfect Angel, was released. Reception for the album was mostly mixed; Stephen Thomas Erlewine of AllMusic called it ""her most interesting album in a decade,"" while Jon Caramanica from The New York Times criticized Carey's vocal performances, complaining she overused softer vocal registers at the expense of her more powerful lower and upper registers. Commercially, the album debuted at number three on the Billboard 200 with first week sales of 168,000 copies. ""Obsessed"" served as the lead single and peaked at number seven in the US, becoming Carey's 27th top-ten entry within the nation and tying her with Elton John and Janet Jackson for having the fifth most top-tens. Its follow-up single, a cover of Foreigner's ""I Want to Know What Love Is"", broke airplay records in Brazil. The song spent 27 weeks atop the Brasil Hot 100, making it the longest running number-one song in the chart's history. ""It's a Wrap"", another track from the album, experienced a revival on TikTok in February 2023.
On December 31, 2009, Carey embarked on her seventh concert tour, Angels Advocate Tour, which visited the United States and Canada and ended on September 26, 2010. A planned remix album of Memoirs of an Imperfect Angel, titled Angels Advocate, was slated for a March 30, 2010, release but was eventually cancelled after Island Def Jam decided to instead distribute ""Up Out My Face"" with Nicki Minaj and ""Angels Cry"" with Ne-Yo as stand-alone releases.


=== 2010–2014: Merry Christmas II You and Me. I Am Mariah... The Elusive Chanteuse ===
Following the cancellation of Angels Advocate, it was announced that Carey would return to the studio to start work on her thirteenth studio album. It was later revealed that it would be her second Christmas album, and follow-up to Merry Christmas. The release date for the album, titled Merry Christmas II You, was November 2, 2010. Merry Christmas II You debuted at number four on the Billboard 200 and number one on the R&B/Hip-Hop Albums chart, making it only the second Christmas album to top this chart. In February 2011, she recorded a duet with Tony Bennett for his Duets II album, titled ""When Do The Bells Ring For Me?"", and re-recorded ""All I Want for Christmas Is You"" with Justin Bieber as a duet for his Christmas album, Under the Mistletoe. In November that year, Carey was included in the remix to the mixtape single ""Warning"" by Uncle Murda; the remix also features 50 Cent and Young Jeezy. Later that month, Carey released a duet with John Legend titled ""When Christmas Comes"", originally part of Merry Christmas II You.

On March 1, 2012, Carey performed at New York City's Gotham Hall; her first time performing since her pregnancy. She also performed a three-song set at a special fundraiser for US President Barack Obama held in New York's Plaza Hotel. A new song titled ""Bring It On Home"", which Carey wrote for the event to show her support for Obama's re-election campaign, was also performed. In August 2012, she released a stand-alone single, ""Triumphant (Get 'Em)"", featuring rappers Rick Ross and Meek Mill. Carey joined the judging panel of the twelfth season of American Idol. In 2013, Carey appeared in Lee Daniels' film The Butler and had a guest role voicing as a redneck character on the adult animated series American Dad!. In February 2013, she released ""Almost Home"", for the soundtrack of The Walt Disney Studios film Oz the Great and Powerful.
For her 14th album, Me. I Am Mariah... The Elusive Chanteuse, Carey worked with producers including DJ Clue?, Randy Jackson, R. Kelly, David Morales and The-Dream. The lead single, ""Beautiful"", featuring singer Miguel, was released on May 6, 2013, and peaked at number 15 on the Hot 100. Carey taped a performance of ""Beautiful"" along with a medley of her greatest hits on May 15, 2013. This taping aired on the American Idol season finale the following day. After multiple delays, the album was released on May 27, 2014, and it debuted at number three on the Billboard 200.
In October 2014, Carey announced an annual residency show All I Want for Christmas Is You: A Night of Joy and Festivity. Originally performed at the Beacon Theatre in New York City, the residency began on December 15, 2014, and ended in 2019.


=== 2015–2017: #1 to Infinity, television and film projects ===
On January 30, 2015, it was announced that Carey had left Universal Music Group's Def Jam Recordings to reunite with L.A. Reid and Sony Music via Epic Records. Carey also announced her new #1 to Infinity residency at The Colosseum at Caesars Palace in Las Vegas the same month. To coincide with the residency, Carey released #1 to Infinity, a greatest hits compilation album containing all of her eighteen Billboard Hot 100 number one singles at the time, along with a new recording, ""Infinity"", which was released as a single on April 27. In 2015 Carey made her directorial debut in the Hallmark Channel Christmas film A Christmas Melody, in which she also performed as one of the main characters. She also hosted a live special with the same network, Mariah Carey's Merriest Christmas, following the premiere for the film. In December 2015, Carey announced The Sweet Sweet Fantasy Tour which spanned a total of 27-dates beginning in March 2016, marking Carey's first major tour of mainland Europe in 13 years. Four stops included shows in South Africa. The tour grossed $30.3 million.

On March 15, 2016, Carey announced that she was filming Mariah's World, a docu-series for the E! network documenting her Sweet Sweet Fantasy tour and her wedding planning process. Carey told The New York Times, ""I thought it would be a good opportunity to kind of, like, show my personality and who I am, even though I feel like my real fans have an idea of who I am... A lot of people have misperceptions about this and that."" The series premiered on December 4, 2016. Carey guest starred on the musical drama Empire and sang the song ""Infamous"" featuring Jussie Smollett. On December 5, 2016, Carey participated in the VH1 Divas Holiday: Unsilent Night benefit concert, alongside Vanessa Williams, Chaka Khan, Patti LaBelle, and Teyana Taylor. On December 31, 2016, Carey's performance on Dick Clark's New Year's Rockin' Eve in Times Square received worldwide attention after technical difficulties caused her in-ear monitors to malfunction, resulting in what The New York Times referred to as a ""performance train wreck"". She said her inability to hear the music without in-ear auditory feedback caused the mishap. Carey's representatives and Dick Clark Productions placed blame on each other.
On February 3, 2017, Carey released the single ""I Don't"" featuring YG. Later that month, she voiced the Mayor of Gotham City in the animated film The Lego Batman Movie. In July 2017, Carey made a cameo in the comedy film Girls Trip and embarked on a tour with Lionel Richie, titled, All the Hits Tour. She was also featured in the official remix for French Montana's single ""Unforgettable"", alongside Swae Lee. In October 2017, Carey released a new soundtrack single, ""The Star"", for the movie of the same name. She also voiced a hen named Rebecca in the film. The song was nominated for the Best Original Song at the 75th Golden Globe Awards. Carey additionally developed an animated Christmas film, Mariah Carey's All I Want For Christmas Is You, for which she recorded an original song called ""Lil' Snowman"". The film was released direct-to-video on November 14, 2017. On December 31, 2017, Carey returned to perform on Dick Clark's New Year's Rockin' Eve after the technical difficulties that hindered her previous performance, in what The New York Times described as a ""made-for-television act of pop culture redemption"".


=== 2018–2024: Caution, The Meaning of Mariah Carey, and anniversary album reissues ===
In July 2018, Carey embarked on a new Las Vegas residency, the Butterfly Returns, which received critical acclaim. Following the residency, she embarked on her Mariah Carey: Live in Concert tour in Asia and returned to Europe with her All I Want for Christmas Is You concert series. In September 2018, Carey announced plans to release her fifteenth studio album later in the year. The album's lead single, ""With You"", was released in October and it became Carey's highest-charting non-holiday song on the US Adult Contemporary chart since ""We Belong Together"" in 2005. The album, titled Caution, was released on November 16, 2018, and received universal acclaim from critics. By December 2018, the album had been featured on numerous year-end lists by music critics and publications.

In February 2019, Carey commenced the Caution World Tour in support of the album. On September 18, 2019, she released ""In the Mix"", the theme song for the ABC sitcom Mixed-ish. On November 1, 2019, Carey re-released her holiday album Merry Christmas for its 25th anniversary. In December, a mini-documentary titled Mariah Carey Is Christmas!, charting the creation and subsequent cultural legacy of ""All I Want for Christmas Is You"", premiered on Amazon Music. Peaking at number one on the Billboard Hot 100 the same year, the song became Carey's nineteenth chart-topper in the US.
Carey celebrated the 30th anniversary of her debut album through 2020, in a promotional campaign billed ""#MC30"", with weekly releases including digital EPs, vinyls, bonus cuts, live performances and unreleased footage. A live EP, The Live Debut – 1990, was released on July 17, 2020. Her memoir, The Meaning of Mariah Carey which was co-written with Michaela Angela Davis, was published in September of the same year. The memoir reached number one on The New York Times Best Seller list after its first week of release. On October 2, 2020, Carey released a compilation album titled The Rarities, which includes rare and unreleased songs that Carey recorded at various stages of her career. At the end of October, Carey was featured on Busta Rhymes' single ""Where I Belong"". Carey's 2020 Christmas special, Mariah Carey's Magical Christmas Special, premiered on December 4, 2020, on Apple TV+ along with a soundtrack. A new version of Carey's 2010 song ""Oh Santa!"", featuring Ariana Grande and Jennifer Hudson, was released as a single the same day. ""All I Want for Christmas Is You"" topped the UK chart for the first time that month, becoming her third number one in the nation, with an unprecedented 69 weeks in its top 40 before reaching the summit.
In July 2021, Carey was featured on the track ""Somewhat Loved"" from Jimmy Jam and Terry Lewis' debut studio album Jam & Lewis: Volume One. On November 5, 2021, Carey released ""Fall in Love at Christmas"", featuring Khalid and Kirk Franklin, for her second Christmas special, Mariah's Christmas: The Magic Continues. In March 2022, Carey was featured alongside DJ Khaled on the remix of Latto's single ""Big Energy"", which interpolates Carey's 1995 single ""Fantasy"". Later that year, she recorded nine video lessons for MasterClass titled ""Mariah Carey Teaches the Voice as an Instrument"", for which she re-recorded the 1998 single ""The Roof (Back in Time)"" alongside Brandy. The collaboration was included on an expanded version of Butterfly, released for the 25th anniversary of the album on September 16. In November, Carey released a children's picture book titled The Christmas Princess, co-written with Michaela Angela Davis and illustrated by Fuuji Takashi. She also served as a co-producer of Some Like It Hot on Broadway theatre, which earned her a nomination for the Tony Award for Best Musical.
On September 8, 2023, Carey released a deluxe version of Music Box in celebration of the album's thirtieth anniversary. She embarked on her 16-date concert tour, Merry Christmas One and All!, which ran from November 15 to December 17, 2023, in the United States. The tour grossed approximately $30 million and sold more than 200,000 tickets. In 2024, Carey appeared on the remixes of Ariana Grande's ""Yes, And?"" and Muni Long's ""Made for Me"". On April 12, she began a new residency at the Dolby Live in Las Vegas titled The Celebration of Mimi. In June, Carey released an expanded edition of Rainbow to coincide with its twenty-fifth anniversary. On November 6, 2024, she embarked on Mariah Carey's Christmas Time tour, concluding after 18 shows on December 17. A thirtieth anniversary edition of Merry Christmas was also released.


=== 2025–present: Here for It All ===

In May 2025, Carey released a twentieth anniversary edition of The Emancipation of Mimi. On June 27, she was featured alongside Grande on Barbra Streisand's album The Secret of Life: Partners, Volume Two, on a song titled ""One Heart, One Voice"".
On September 26, 2025, Carey released her sixteenth studio album, titled Here for It All. The album debuted at number seven on the Billboard 200, and was her first studio release through Gamma as part of a multi-album deal, which she described as ""owning my narrative and creating freely on my own terms"". The lead single, ""Type Dangerous"", debuted at number 95 on the Billboard Hot 100, becoming Carey's 50th entry on the chart. Its music video won the MTV Video Music Award for Best R&B Video at the 2025 MTV Video Music Awards, marking her first win; later that night, she also received the Michael Jackson Video Vanguard Award. The album spawned two more singles: ""Sugar Sweet"" featuring Kehlani and Shenseea, released on July 21, 2025, and ""Play This Song"" featuring Anderson .Paak, released on September 26, 2025. On November 28, 2025, Carey extended the Mariah Carey's Christmas Time tour as a concert residency at Dolby Live.
On February 6, 2026, Carey performed a cover of Domenico Modugno's ""Nel blu, dipinto di blu"" and ""Nothing Is Impossible"" from Here for It All at the opening ceremony of the 2026 Winter Olympics, held in Milan. That same month, she was again nominated for the Rock and Roll Hall of Fame.  On March 27, 2026, Carey released a two-track EP for ""Nothing Is Impossible"", featuring the ""Volare"" medley version of the song from her Winter Olympics performance, and a new orchestral arrangement of the song with the RoyNoyz orchestra.


== Artistry ==


=== Influences ===

Carey has said that from childhood she has been influenced by Billie Holiday, Sarah Vaughan as well as R&B and soul musicians including Al Green, Stevie Wonder, Gladys Knight, Aretha Franklin, and George Michael. Her music contains strong influences of gospel music, and she credits the Clark Sisters, Shirley Caesar, and Edwin Hawkins as the most influential in her early years. When Carey incorporated hip hop into her sound, speculation arose that she was making an attempt to take advantage of the genre's popularity, but she told Newsweek, ""People just don't understand. I grew up with this music."" She has expressed appreciation for rappers such as the Sugarhill Gang, Eric B. & Rakim, the Wu-Tang Clan, The Notorious B.I.G. and Mobb Deep, with whom she collaborated on ""The Roof (Back in Time)"". Carey was heavily influenced by Minnie Riperton, and began experimenting with the whistle register due to her original practice of the range.
During Carey's career, her vocal and musical style, along with her level of success, has been compared to Whitney Houston, whom she has also cited as an influence. Carey and her peers, according to Garry Mulholland, are ""the princesses of wails... virtuoso vocalists who blend chart-oriented pop with mature MOR torch song."" Author and writer Lucy O'Brien attributed the comeback of Barbra Streisand's ""old-fashioned showgirl"" to Carey and Celine Dion, and described them and Houston as ""groomed, airbrushed and overblown to perfection"". Carey's musical transition and use of more revealing clothing during the late 1990s were, in part, initiated to distance herself from this image, and she subsequently said that most of her early work was ""schmaltzy MOR"". Some have noted that unlike Houston and Dion, Carey writes and produces her own music.


=== Musical style ===
Carey gained public perception as a balladeer with her first few releases.  Jim Faber of the New York Daily News stated that ""For Carey, vocalizing is all about the performance, not the emotions that inspired it. Singing, to her, represents a physical challenge, not an emotional unburdening."" While reviewing Music Box, Stephen Holden from Rolling Stone commented that Carey sang with ""sustained passion,"" while Arion Berger of Entertainment Weekly wrote that during some vocal moments, Carey becomes ""too overwhelmed to put her passion into words"". In 2001, The Village Voice wrote that ""Carey's Strawberry Shortcake soul still provides the template with which teen-pop cuties draw curlicues around those centerless [Diane] Warren ballads."" Following her divorce with Tommy Mottola, Carey broke free of adult contemporary arrangements in favor of what Alex Macpherson of The Guardian described as ""a lovingly crafted, hip-hop-inflected quiet storm"". Carey often records her layered background vocals, which have been described as ""a swooning bank of a hundred Mariahs"". The singer has said that ""it's because I started out as a backup singer and doing sessions as a background vocalist learning from some of the greatest background vocalists, and also people like Luther Vandross. Growing up, I admired his texture in and of itself but also his use of background vocals"".
Carey's output makes use of electronic instruments such as drum machines, keyboards and synthesizers. Many of her songs contain piano-driven melodies, as she was given piano lessons at age six. Carey said that she cannot read sheet music and prefers to collaborate with a pianist when composing her material, but feels that it is easier to experiment with faster and less-conventional melodies and chord progressions using this technique. Carey incorporates several ranges of production and instrumentation into her music, though she has maintained that her voice has always been her most important asset: ""My voice is my instrument; it always has been.""
Carey began commissioning remixes of her material early in her career and helped to spearhead the practice of recording entirely new vocals for remixes. Disc jockey David Morales has collaborated with Carey on several occasions, starting with ""Dreamlover"" (1993), which popularized the tradition of remixing R&B songs into house records, and which Slant Magazine named one of the greatest dance songs. From ""Fantasy"" (1995) onward, Carey enlisted both hip hop and house producers to re-structure her album compositions. Entertainment Weekly included two remixes of ""Fantasy"" on a list of Carey's greatest recordings compiled in 2005: a National Dance Music Award-winning remix produced by Morales, and a Sean Combs production featuring rapper Ol' Dirty Bastard. The latter has been credited with popularizing the pop and hip hop collaboration trend that has continued into the 21st century. Combs said that Carey ""knows the importance of mixes, so you feel like you're with an artist who appreciates your work—an artist who wants to come up with something with you.""


=== Songwriting ===
Love is the subject of the majority of Carey's lyrics, although she has written about themes such as loss, sex, race, abuse and spirituality. Andrew Chan of the University of Texas Press identifies ""the purging of private emotions"" as the main theme of Carey's ballads, though he believes several others aim to have an ""all-purpose feeling"" with mass appeal. Carey has said that much of her work is partly autobiographical, but Time magazine's Christopher John Farley wrote: ""If only Mariah Carey's music had the drama of her life. Her songs are often sugary and artificial—NutraSweet soul. But her life has passion and conflict,"" applying it to the first stages of her career. He commented that as her albums progressed, so too her songwriting and music blossomed into more mature and meaningful material.
Carey's songwriting is noted for its ""eccentric verbosity"". Jeffrey Ingold of Vice argues that her lyrics are ""among the most verbose in pop music, filling her catalogue with words like ""unyielding"" (""Breakdown""), ""emblazoned"" (""My All"") and ""rhapsodise"" (""Melt Away"")"". Since the beginning of her career, Carey has repeatedly described herself as a songwriter and 
producer and emphasized the importance of being acknowledged for these roles. Despite that, she has also admitted having to constantly remind people of her songwriting work, noting that ""A lot of people see that whole other image. They see this diva; they see hair, makeup, body, and clothes… They don’t think songwriter."" Upon her induction into the Songwriters Hall of Fame, the institution named her ""the all-time most successful female songwriter in chart history"".


=== Voice and timbre ===
Carey possesses a five-octave vocal range. Regarding her type of voice, several critics have described her as a lyric coloratura soprano or just a soprano. Jon Pareles of The New York Times described Carey's lower register as a ""rich, husky alto"" that extends to ""dog-whistle high notes"". She once described herself as an alto singer. Sasha Frere-Jones of The New Yorker adds her timbre on ""Vision of Love"" possesses various colors, stating, ""Carey's sound changes with nearly every line, mutating from a steely tone to a vibrating growl and then to a humid, breathy coo."" Chan believes that Carey moved through several ""vocal personas"" throughout her discography, like the ""stentorian, full-throated belting of her first few albums; the fluid mix of chest and 
head voice deployed to masterful effect in the mid-1990s; and the delicate, foggy tones and manic cadences that 
predominated after the turn of the millennium"". In an analysis of Carey's voice for ClassicFM, singer Catherine Bott claims that Carey's chest voice could go up ""higher in pitch"" compared to classical singers.
Her sense of pitch is admired and Jon Pareles adds ""she can linger over sensual turns, growl with playful confidence, syncopate like a scat singer... with startlingly exact pitch."" Carey claims that she has had nodules on her vocal cords since childhood, enabling her to sing in a higher register than others. However, tiredness and sleep deprivation can affect them due to the nodules, and Carey explained that she went through a lot of practice as a child to maintain a balance during singing. Carey is noted for her vocal improvisation skills.
Towards the late 1990s, she began incorporating breathy vocals into her material. Tim Levell from BBC News described her vocals as ""sultry close-to-the-mic breathiness,"" while USA Today's Elysa Gardner wrote ""it's impossible to deny the impact her vocal style, a florid blend of breathy riffing and resonant belting, has had on today's young pop and R&B stars."" In an interview, Ron Givens of Entertainment Weekly described it this way, ""first, a rippling, soulful ooh comes rolling effortlessly from her throat: alto. Then, after a quick breath, she goes for the stratosphere, with a sound that nearly changes the barometric pressure in the room. In one brief swoop, she seems to squeal and roar at the same time.""
Alex Macpherson of The Guardian noted that Carey's voice on Butterfly is ""an instrument of texture rather than volume, with pillows of lavishly layered vocals and nuanced phrasing magnifying the emotional intensity of the songs."" Randy Jackson said that ""It's in the tone, that buttery tone that she has with her voice that is unbelievably amazing and unbelievably identifiable.""


=== Stage performances and videos ===

Despite being called a ""show stopper"" and ""the 1990s pop phenomenon"", Carey suffered from stage fright in her early years in the music industry. One of her earliest performances was at MTV Unplugged, which received positive reception as Carey silenced critics saying her vocals were studio-made. Chan identifies the Milli Vanilli lip syncing controversy as a potential contributor to the initial accusations. The singer received the only standing ovation of the night at the 48th Annual Grammy Awards, after performing the medley of ""We Belong Together"" and ""Fly Like a Bird"". In the years following Carey's performance at Dick Clark's New Year's Rockin' Eve 2017, she has faced multiple lip syncing accusations.
Carey is known for being very static during her live performances. Some reviewers credited her stage fright and lack of confidence as the reasoning, while others pointed out that her performances focus on her vocals and the quality of her songs. Her onstage hand gesticulations have usually been mimicked, as the singer has a tendency for ""using her hands to point, flutter and sweep through the air as she deftly crests each run"". When reviewing Carey's 2014 concert, Michael Lallo wrote that ""If you're Mariah, you ... stroke your hair a lot. When a high note is on the horizon, you brace yourself by touching your ear and adopting a pained expression, provoking the crowd into losing its collective mind.""
Carey had been open about the fact that she had not been happy with some of her early music videos, and has subsequently been noted for self-directing and co-producing her subsequent videography. The music video for ""Fantasy"" was the first that Carey directed entirely on her own, and ""Honey"" pushed Carey further towards hip hop and R&B than before. Its music video gained further attention, as Carey, for the first time in her career, was provocatively dressed, giving viewers a ""taste of the freer Mariah."" In 2007, author Saul Austerlitz wrote Carey had been ""marketed as a whitebread pop princess"" in her earlier music videos, adding the plots, directorial styles, clothes, and auras from later videos like ""Heartbreaker"" were very different and she was displayed as an ""R&B diva"". Billboard ranked Carey 73rd on its list of ""The 100 Greatest Music Video Artists of All Time"" in 2020, stating that ""over three decades, [Carey] has gone from breezy girl next door, flaunting a denim collection as wide as her vocal range, to secret agent, runaway bride and even her own stalker in a collection of music videos that play like mini-dramas"". The music video for ""The Roof"" was ranked 18th on Slant Magazine's ""100 Greatest Music Videos. The music videos for ""Honey"" and ""Heartbreaker"" remain among the most expensive ever made, costing over $2 million. In 2021, Carey was honoured at the African American Film Critics Association with a Special Achievement Innovator Award for her ""visual storytelling in her music videos and specials"".


== Cultural status ==

Throughout her career, Carey has been called a pop icon, a gay icon, and a fashion icon. The Recording Academy, the Guinness World Records and music critics have dubbed Carey the ""Songbird Supreme"". She has been labeled a ""diva"" for her stardom and persona. Her diva persona has received heavy attention, gaining admiration from her fans. Author Lily E. Hirsch argues that while Carey has displayed diva behavior during several incidents in her career, the media's association of the term with her is influenced by gender. Carey's style has often been described as ""eccentric"" and ""over the top"". Throughout her career, she has also been used in several social media memes, gaining the ""Queen of Shade"" title from Elle. Carey's reactions in various interviews have often gone viral, becoming the origin of various memes including ""I don't know her"".
Carey's public image has undergone significant transformations, often receiving heavy media attention. Early in her career, Carey had a polished image, influenced by Mottola and his control over her career. After their separation, Carey took on a more provocative image in her career and has since been called a sex symbol. Her career has received heavy media attention, particularly during the rollout of her 2001 film, Glitter which became ""tabloid legend"". Academic Shara Rambarran believes that Carey has matched the media's intense scrutiny and attention on her personal life through ""her diva attitude, performance, identity, and music"".
Carey's enduring popularity as a musician has received extensive recognition and often praised for its longevity. She has been credited for her role in breaking down racial barriers in popular culture and facilitating public discourse surrounding multiracialism in the music industry. Carey has also been credited for popularizing the use of melisma amongst her peers and the generation after her, and has often been considered one of the greatest vocalists in pop music. Carey has influenced numerous artists and her music has also been recorded, performed or sampled by a variety of acts. In a 2010 article for The New York Times, David Browne wrote that in the early 1990s, ""melisma overtook pop in a way it hadn't before. Mariah Carey's debut hit from 1990, 'Vision of Love', [set] the bar insanely high for notes stretched louder, longer and knottier than most pop fans had ever heard"". He added that because of this, various artists have since ""built their careers around melisma"" including Christina Aguilera, Jennifer Hudson and Beyoncé.
""All I Want for Christmas Is You"", as well as its parent album Merry Christmas, have become such a ubiquitous part of wider popular culture that Carey's name became synonymous with the season, and she has since been dubbed the ""Queen of Christmas"". Multiple media sources have referred to Carey as a holiday icon. The singer has often incorporated holiday-themed outfits during her Christmas shows and music videos.


== Achievements ==

Carey has won six Grammy Awards (including a Grammy Global Impact Award), nineteen World Music Awards, ten American Music Awards, and fourteen Billboard Music Awards. Carey is one of the best-selling recording artists in history, with more than 220 million records sold. She is also an inductee of the Songwriters Hall of Fame and The Long Island Music and Entertainment Hall of Fame. Carey was honored with a star on the Hollywood Walk of Fame in 2015, a Billboard Icon Award in 2019, and a BET Ultimate Icon Award in 2025. In 2023, she became one of the first 13 recipients of the Brit Billion Award, for surpassing the milestone one billion streams in the United Kingdom. 
Carey scored three Diamond-certified albums (Music Box, Merry Christmas and Daydream) and one Diamond-certified single (""All I Want for Christmas Is You"") by the Recording Industry Association of America (RIAA). Billboard ranks her as the fourth greatest artist of all-time, and the greatest female act, based on her success on the Billboard charts. She holds numerous Billboard Hot 100 records, including the most number-one singles for a soloist (19) and the most weeks atop the chart (101 weeks). Two of her songs, ""One Sweet Day"" and ""All I Want for Christmas Is You"", broke the record for the longest-running number-one single in history.


== Other activities ==


=== Business ventures ===
Declining offers to appear in commercials in the United States during her early career, Carey was not involved in brand marketing initiatives until 2006, when she participated in endorsements for Intel Centrino personal computers and launched a jewelry and accessories line for teenagers, Glamorized, in American Claire's and Icing stores. During this period, as part of a partnership with Pepsi and Motorola, Carey recorded and promoted a series of exclusive ringtones, including ""Time of Your Life"". 
She signed a licensing deal with the cosmetics company Elizabeth Arden, and in 2007, she released her own fragrance, ""M"". The Elizabeth Arden deal has netted her $150 million. For the fragrance, Carey won a Basenotes Fragrance Award for Best Celebrity Women's Fragrance as well as being nominated in three other categories. She has released a series of fragrances with Elizabeth Arden, including Luscious Pink (2008) and Forever (2009). On November 29, 2010, she debuted a collection on HSN, which included jewelry, shoes and fragrances. In November 2011, Carey was announced as ""brand ambassador"" for Jenny Craig, Inc. which included ""participation in a new company initiative... public service announcements and community and education programs."" In 2018, Carey featured in an advertisement for Hostelworld with the tagline ""Even Divas are Believers"".
On August 25, 2019, Carey signed a $12 million contract with the Walkers crisps brand as part of their Christmas campaign and starred in a commercial for the company. In December 2020, Carey launched a partnership with Virtual Dining Concepts and restaurateur, Robert Earl, for a biscuit line titled Mariah's Cookies. In 2021, Carey announced the launch of a new line of alcohol called Black Irish, an homage to her Black, Venezuelan, and Irish heritage. That same year, Carey also partnered with McDonald's, promoting an entirely new limited time menu.


=== Philanthropy and activism ===
Carey is a philanthropist who has been involved with several charitable organizations. She became associated with the Fresh Air Fund in the early 1990s, and co-founded a camp located in Fishkill, New York, that enables inner-city youth to embrace the arts and introduces them to career opportunities. The camp was called Camp Mariah ""for her generous support and dedication to Fresh Air children,"" and she received a Congressional Horizon Award for her youth-related charity work. Carey has continued her direct involvement with Camp Mariah, and by 2019 the executive director of The Fresh Air Fund reported that ""...the kids who have gone to Camp Mariah have higher graduation rates out of high school and college. In 1999, Carey was presented with a Congressional Award for contributing ""to expanding opportunities for all Americans through their own personal contributions, and [setting] exceptional examples for young people through their own successes in life. In 2019, she was honored by Variety's Power of Women for her work with The Fresh Air Fund's Camp Mariah, and in 2026 she was named MusiCares Person of the Year for the same work as well as providing relief for communities impacted by Hurricane Katrina and the COVID-19 pandemic.

Carey donated royalties from her songs ""Hero"" and ""One Sweet Day"" to charities. She has worked with the Make-A-Wish Foundation, and in November 2006 she was awarded the Foundation's Wish Idol for her ""extraordinary generosity and her many wish granting achievements."" Carey has volunteered for the Police Athletic League of New York City and contributed to the obstetrics department of New York Presbyterian Hospital Cornell Medical Center. A percentage of the sales of MTV Unplugged was donated to various other charities. 
In 2008, Carey was named Hunger Ambassador of the World Hunger Relief Movement. In February 2010, the song, ""100%"", which was originally written and recorded for the film, Precious, was used as one of the theme songs for the 2010 Winter Olympics, with all money proceeds going to Team USA. In 2017, Carey was awarded with PETA's Angel for Animals Award for promoting animal adoption through her animated movie All I Want for Christmas Is You.
One of Carey's most high-profile benefit concert appearances was on VH1's 1998 Divas Live special, during which she performed alongside other female singers in support of the Save the Music Foundation. The concert was a ratings success, and Carey participated in the Divas 2000 special and a 2016 holiday edition. She appeared at the America: A Tribute to Heroes nationally televised fundraiser in the aftermath of the September 11 attacks and performed before peacekeeping troops in Kosovo. Carey hosted the CBS television special At Home for the Holidays, which documented real-life stories of adopted children and foster families. 
In 2005, Carey performed for Live 8 in London and at the Hurricane Katrina relief telethon ""Shelter from the Storm"". In August 2008, Carey and other singers recorded the charity single, ""Just Stand Up!"" produced by Babyface and L.A. Reid, to support Stand Up to Cancer. During the COVID-19 pandemic, Carey participated in the iHeart Living Room Concert for America and Rise Up New York! telethons to raise money for those affected by COVID-19. In 2025, a pink jacket worn by Carey during Brighton Pride earlier that year, with the slogan ""Protect the Dolls"" written on the back, has sold for $5,500 at auction, with the profits going to GLAAD's Transgender Media Program.
In 2008, Carey performed in a New Year's Eve concert for the family of Libyan dictator Muammar Gaddafi. She later said she felt ""horrible and embarrassed"" to have taken part in the concert. To make amends, in March 2011, Carey's representative Cindi Berger stated that royalties for the song ""Save the Day"", written for her fourteenth studio album, would be donated to charities that create awareness for human rights. Berger also said that Carey ""has and continues to donate her time, money and countless hours of personal service to many organizations both here and abroad."" ""Save the Day"" remained unreleased until 2020. In 2013, human rights activists criticized Carey for performing in a concert for Angola's ""father-daughter kleptocracy"" and accused her of accepting ""dictator cash"".


== Personal life ==

Carey stated in 2006: ""I do believe that I have been born again in a lot of ways. I think what I've changed are my priorities and my relationships with God. I feel the difference when I don't have my private moments to pray... I'm a fighter, but I learned that I'm not in charge. Whatever God wants to happen is what's going to happen. I feel like I've had endless second, third, fourth, fifth and sixth chances. It's by the grace of God I'm still here.""
Carey began dating Tommy Mottola while recording Mariah Carey, and they were married at the Episcopal Saint Thomas Church in New York City on June 5, 1993, in a half-million dollar ceremony. The newlyweds moved into a custom-built mansion, located on a 51-acre (21 ha) estate in Bedford, New York, referred to by Carey as ""Sing Sing"" (alluding to her feeling imprisoned there). 
After the release of Daydream and the success that followed, Carey began focusing on her personal life, which was a constant struggle at the time. Their relationship began to deteriorate due to their growing creative differences in terms of her music, as well as Mottola's controlling nature. They separated in December 1996, and announced it publicly on May 30, 1997. The couple divorced on March 4, 1998. Shortly afterwards they sold their home to Nelson Peltz for $20.5 million; it burned down in 1999.
Carey was in a relationship with baseball player Derek Jeter from 1997 to 1998, and with singer Luis Miguel from 1998 to 2001. She began dating actor and comedian Nick Cannon while conceiving the music video for her song ""Bye Bye"", which they filmed together on an island off the coast of Antigua in April 2008. They were married on April 30, 2008, in the Bahamas. That same year, Carey suffered a miscarriage. At 35 weeks into her next pregnancy, she gave birth to their fraternal twins on April 30, 2011, via caesarean section. In August 2014, Cannon confirmed he and Carey had separated. He filed for divorce on December 12, 2014, which was finalized in 2016.
In 2015, Carey began dating Australian billionaire James Packer and, on January 21, 2016, she announced they were engaged. By October, however, they had called off the engagement. In October 2016, she began dating American choreographer Bryan Tanaka. On December 26, 2023, Tanaka confirmed that he and Carey had parted ways after seven years of dating. In April 2018, Carey opened up about taking therapy sessions and medication for her struggle with bipolar II disorder. She was diagnosed in 2001 and initially kept the diagnosis private.


== Discography ==

Studio albums


== Filmography ==


== Tours and residencies ==


== Written works ==
All I Want for Christmas Is You. Random House Children's Books. November 10, 2015. ISBN 978-0-399-55139-0. Archived from the original on July 24, 2020. Retrieved July 24, 2020.
The Meaning of Mariah Carey. Henry Holt and Company. September 29, 2020. ISBN 978-1-250-16468-1. Archived from the original on July 24, 2020. Retrieved July 24, 2020.
The Christmas Princess (The Adventures of Little Mariah). Henry Holt Books for Young Readers. November 1, 2022. ISBN 978-1-250-83711-0. Archived from the original on May 14, 2022. Retrieved March 26, 2022.


== See also ==

List of American Grammy Award winners and nominees
List of artists who reached number one on the Billboard Hot 100
List of artists who reached number one on the US dance chart
Artists with the most number-ones on the US dance chart
List of best-selling singles
List of best-selling albums
List of best-selling music artists in the United States
List of Billboard Hot 100 chart achievements and milestones
Forbes list of highest-earning musicians
List of music artists by net worth
List of largest music deals
Hispanics and Latinos in New York
Multiracial Americans


== Notes ==


== References ==


=== Citations ===


=== Print sources ===


== External links ==

Official website 
Mariah Carey at AllMusic","Mariah Carey is of mixed cultural heritage, including African-American, Afro-Venezuelan, and Irish descent.","Mariah Carey (born March 27, 1970) is an American singer , songwriter , record producer , actress , and philanthropist .",1,0,supported,0.182112677825,-0.08247341180671607,-1.8968884715544696,23,,0.27449291944503784,4.47048465082,0.0232574634294,0.3824480220031877,2,0.998170112844,1.0,1.0,0.0,0.0,0.9921875,0.002300262451171875,0.005680084228515625,1.9470438929708291,0.8751239505294232,0.9682441688761616,0.5131736523778971,0.5,abstain
Q80_58,wikiqa,how much is a yen coin,"The 5-yen coin (五円硬貨, Go-en kōka) is a denomination of the Japanese yen. The current design was first minted in 1959, using Japanese characters known as the ""new script"" and kanji in the kaisho style, and were also minted from 1948 to 1958 using ""old-script"" Japanese characters in the gothic style. Five-yen coins date to 1870 (when, due to the much higher value of the yen, they were minted in gold). The modern-day coin was first produced in 1948 with a differently styled inscription. This was changed in 1959 and the design has remained unchanged since.
The obverse of the coin depicts a rice plant growing out of the water, with ""five yen"" written in kanji; the reverse is stamped with ""Japan"" and the year of issue, also in kanji, separated by sprouts of a tree. The three graphic elements of the coin represent agriculture and fisheries, the key elements of the Japanese first-sector economy. Around the central hole, there is a gear that represents industry. It is the only Japanese coin in circulation to lack Arabic numerals on either side.


== History ==


=== Gold five yen (1870-1930) ===
Five yen coins were first struck in gold for the Japanese government in 1870 at the San Francisco Mint. During this time a new mint was being established at Osaka, which did not receive the gold bullion needed for coinage until the following year. The yen as a unit of currency was officially adopted by the Meiji government in an act signed on June 27, 1871. For this particular denomination, its not known if any five-yen coins dated 1871 (year 4) were actually struck that year as official records have coinage beginning in 1872. The first and second five yen coin designs feature a dragon figure on the obverse surrounded by legends, while the reverse features the emblem of the Imperial family. Each coin was initially struck in .900 fine gold with a weight of 8.3g, and a diameter of 23.8mm. The diameter was later reduced to 21.8mm when the second design was introduced in 1872. Five yen coins continued to be struck uninterrupted until 1879, when for an unknown reason none were recorded as minted. Coinage resumed in 1880 and remained unchanged until 1897 when Japan officially switched from a silver standard to a gold standard. During this time the gold five yen coin was given a third and final new design. The diameter was reduced from 21.8mm down to 16.9mm, and the weight was changed from 8.3 to 4.2 grams. Redemption of old silver coins for new gold coins at par began on October 1, 1897, and lasted until closure on July 31, 1898.
During the Taishō era the production of five yen coins was impacted by World War I as a gold embargo was imposed in 1917 by the United States. Even though this embargo was later lifted in June 1919, the Japanese government continued it by importing gold heavily to re-enforce the gold reserve of the Bank of Japan. Government officials at the time had the opinion that no inflation could take place so long as the percentage of gold cover had not been lowered. This embargo was not absolute however, as it was recorded that some gold coins were paid out between 1920 and 1928 in very small amounts. The gold embargo was later lifted in January 1930, only for it to be re-imposed on December 31, 1931. Five yen coins were last minted in gold during this brief time to act as a reserve for gold certificates. None of these coins were in general use afterwards as the medium of commerce consisted of nonconvertible 5 yen banknotes.


=== Modern five yen (1948-) ===
Almost 20 years would pass before the Japanese government authorized the production of a new five yen coin. These new coins were first struck in 1948 and are made of a brass alloy consisting of 60 to 70% copper, and 30 to 40% zinc. Using this type of alloy combination is now a remnant from when World War II era weapons were scrapped to produce the coins. These coins feature a pigeon within a circle on one side and the National Diet on the other and were only minted for two years. Two different varieties were made in 1949 which included the old pigeon type coins, and new coins featuring a hole in the center. These first holed five yen coins use an old style Japanese script known as Kaisho. The Japanese government added the hole in the center of the coin to save material costs. The overall design of the coin featuring rice, water and a gear on the obverse, and tree sprouts on the reverse has not changed since this time. The final design which is minted today uses a modern style script which was first added in 1959.
Five yen coins made headlines in 1999 in regards to the nuclear accident at Tokai, Ibaraki. Physicists Masuchika Kohno and Yoshinobu Koizumi showed how the coin could be used to estimate neutron dosage to the surrounding population, by measuring its zinc isotope ratios. They concluded that the coin could offer information about the total neutron effect during the accident. The coins could also give insight about shielding modern Japanese houses as the coins were recovered from indoors.
Very few five yen coins were minted between 2009 and 2013, making them premium coins for collectors as coins for the latter four years are confined to mint sets. This was due to an increase in the usage of electronic currency which inhibited demand for new coins. Mintage figures recovered in 2014 as general production resumed until 2022, when 5 yen coins were again confined to mint sets.


== Cultural significance ==
The Japanese for ""five yen,"" go en (五円) is a homophone with go-en (御縁), ""en"" being a word for causal connection or relationship, and ""go"" being a respectful prefix. As a result, five-yen coins are commonly given as donations at Shinto shrines with the intention of establishing a good connection with the deity of the shrine. Several different interpretations of this ""luck"" exist depending on how many five yen coins are offered. While it is generally said that offering ""lucky"" 5 yen coins as tribute is good, there are others who disagree. Those who hold this opposing position argue that ""perforated coins"" such as ""5 yen"" and ""50 yen"" are unlucky due to their central holes. Shrines in general depend on offerings in either case to fund maintenance, repairs, and operations for the deity or deities enshrined. There are also other forms of offerings welcomed at shrines depending on the place and customs allowed. According to a priest at Chichibu Shrine, harvested rice was historically given as Shinto deities do not like cash itself as tribute. Five yen coins are also sometimes given as gifts of ""good fortune"" during the Japanese New Year. These gifts are traditionally given to children in decorated envelopes called ""Otoshidama"" (年玉), with the total amount of money included depending on age.


== Composition ==


== Circulation figures ==


=== Meiji ===

The following are circulation figures for the coins that were minted between the 3rd and the 45th (last) year of Meiji's reign. Coins for this period all begin with the Japanese symbol 明治 (Meiji). One yen trade dollars and/or patterns are not included here.

Inscriptions on Japanese coins from this period are read clockwise from right to left:
""Year"" ← ""Number representing year of reign"" ← ""Emperor's name"" (Ex: 年 ← 五十三 ← 治明)


=== Taishō ===
The following are circulation figures for the coins that were minted during the 2nd and 13th year of Taishō's reign. Coins from this period all begin with the Japanese symbol 大正 (Taishō).

Inscriptions on Japanese coins from this period are read clockwise from right to left:
""Year"" ← ""Number representing year of reign"" ← ""Emperor's name"" (Ex: 年 ← 三十 ← 正大)


=== Shōwa ===

The following are circulation dates which cover Emperor Hirohito's reign. The dates below correspond with the 23rd to the 64th year (last) of his reign. All five yen coins that were made before 1959 use kyūjitai, or old script Japanese. In 1949 only, two different styles of writing were used before a more modern one was established in 1950. This second style of writing was used until 1958 when the current script of Japanese took its place in the following year. Coins for this period will all begin with the Japanese symbol 昭和 (Shōwa).

Japanese coins are read with a left to right format:
""Emperor's name"" → ""Number representing year of reign"" → ""Year"" (Ex: 昭和 → 四十八 → 年).


=== Heisei ===

The following are circulation dates during the reign of Emperor Akihito (Heisei), who reigned from 1989 until his abdication in April 2019. The first year of his reign is marked with a 元 symbol on the coin as a one-year type. Coins for this period all begin with the kanji characters 平成 (Heisei). Five-yen coins dated between 2010 and 2013 were only released in mint sets.

Japanese coins are read with a left to right format:
""Emperors name"" → ""Number representing year of reign"" → ""Year"" (Ex: 平成 → 二十六 → 年).


=== Reiwa ===
The following are circulation dates in the reign of the current Emperor. Naruhito's accession to the Chrysanthemum Throne took place on May 1, 2019, and he was formally enthroned on October 22, 2019. Coins for this period all begin with the Japanese symbol 令和 (Reiwa). The inaugural year coin (2019) was marked 元 (first) and debuted during the summer of that year.

Japanese coins are read with a left to right format:
""Emperors name"" → ""Number representing year of reign"" → ""Year"" (Ex: 令和 → 二 → 年).


== Notes ==


== References ==


== External links ==

Circulating coin list -Japan Mint.
Five yen coins from 1948 to 1958 - Bank of Japan (in Japanese)",The 5-yen coin is a denomination of the Japanese yen.,The is one denomination of Japanese yen .,0,0,supported,-0.0272918408182,-0.05827118650579872,-0.8157966110811821,14,,0.31841424107551575,4.16636679368,1.03687068797,0.9548688707412655,2,1.02379863161,1.0,1.0,0.0,0.0,0.9990234375,0.0005102157592773438,0.0005230903625488281,1.8564896520237788,0.864887263492241,0.9639288898601696,0.5131736523778971,0.5,abstain
Q1727_890,wikiqa,who sang what a wonderful world,"""What a Wonderful World"" is a song written by Bob Thiele (as ""George Douglas"") and George David Weiss. It was first recorded by Louis Armstrong on August 16, 1967. In April 1968, it topped the pop chart in the United Kingdom, but performed poorly in the United States because Larry Newton, the president of ABC Records, disliked the song and refused to promote it.
After it was heard in the film Good Morning, Vietnam, it was reissued as a single in 1988, and rose to number 32 on the Billboard Hot 100. Armstrong's recording was inducted to the Grammy Hall of Fame in 1999.


== Composition and production ==
Thiele, using the pseudonym George Douglas, co-wrote the song with George Weiss. Thiele's real name has been used for the composer credits from 1988 onward. Thiele said the following regarding his inspiration for the song: ""[I]n the mid-1960s during the deepening national traumas of the Kennedy assassination, Vietnam, racial strife, and turmoil everywhere, my co-writer George David Weiss and I had an idea to write a 'different' song specifically for Louis Armstrong that would be called 'What a Wonderful World.'"" Thiele also produced the original recording of the song, using his real name for the production credit. In Graham Nash's book Off the Record: Songwriters on Songwriting, George Weiss says he wrote the song specifically for Louis Armstrong, as he was inspired by Armstrong's ability to bring together people of different races.
One source claims the song was first offered to Tony Bennett, who turned it down, although Louis Armstrong biographer Ricky Riccardi disputes this.
Armstrong was gigging at the Tropicana Hotel in Las Vegas, so he chose to record the song nearby at Bill Porter's United Recording studio. The session was scheduled to follow Armstrong's midnight show, and by 2 a.m. the musicians were settled and tape was rolling. Arranger Artie Butler was there with songwriters Weiss and Thiele, and Armstrong was in the studio singing with the orchestra. Armstrong had recently signed to ABC Records, and ABC president Larry Newton showed up to photograph Armstrong. Newton wanted a swingy pop song like ""Hello, Dolly!"", a big hit for Armstrong when he was with Kapp Records, so when Newton heard the slow pace of ""What a Wonderful World"", he tried to stop the session. Newton was physically removed and locked out of the studio for his disruption, which resulted in Newton later refusing to promote the song.
A second problem arose with the taping session when nearby freight train horns interrupted the music twice, forcing the orchestra to start over. Armstrong shook his head and laughed off the distractions, keeping his composure. The session ended around 6 a.m., going longer than expected. To be sure the orchestra members were paid extra for their overtime, Armstrong accepted only $250 musicians' union scale for his work.


== Release and reception ==
Because Newton refused to promote the song, it initially sold fewer than 1,000 copies in the US. It was a major success in the United Kingdom, however, reaching number 1 on the UK Singles Chart. In the US, it eventually reached number 116 on the Billboard Bubbling Under Chart. It was also the biggest-selling single of 1968 in the UK, where it was among the last pop singles issued by His Master's Voice before it became an exclusively classical music label. The song made Armstrong the oldest male to top the UK Singles Chart. (His record was broken in 2009 when a remake of ""Islands in the Stream"" recorded for Comic Relief—which included the 68-year-old Tom Jones—reached number 1.)
ABC Records' European distributor EMI forced ABC to issue a What a Wonderful World album in 1968 (catalogue number ABCS-650). It did not chart in the United States, due to ABC not promoting it, but charted in the UK where it was issued by Stateside Records with catalogue number SSL 10247 and peaked on the British chart at number 37.


== Enduring success ==
The song gradually became something of a pop standard. An episode of The Muppet Show produced in 1977 and broadcast early in 1978 featured Rowlf the Dog singing the song to a puppy. In 1978, it was featured in the closing scenes of BBC radio's The Hitchhiker's Guide to the Galaxy, and was repeated for BBC's 1981 TV adaptation of the series. In 1988, Armstrong's recording was used in the film Good Morning, Vietnam (despite its setting in 1965, two years before the song was recorded) and was re-released as a single, reaching number 32 on the Billboard Hot 100 chart in February 1988. It charted at number 1 for the fortnight ending June 27, 1988, on the Australian chart.
When the ABC television sitcom Family Matters premiered in 1989, Armstrong's version of ""What a Wonderful World"" was used as the show's theme song. However, after the fifth episode, it was replaced by the original song ""As Days Go By"".
In 2001, rappers Ghostface Killah, Raekwon, and the Alchemist released ""The Forest,"" a song that begins with three lines of lyric adapted from ""What a Wonderful World"", altered to become ""an invitation to get high"" on marijuana. The rappers and their record company, Sony Music Entertainment, were sued by Abilene Music, the owners of ""What a Wonderful World"". The suit was thrown out after Judge Gerard E. Lynch determined that the altered lyric was a parody, transforming the uplifting original message to a new one with a darker nature.
After it was released digitally, Armstrong's 1967 recording had sold over 2,173,000 downloads in the United States as of April 2014.
In 2021, it was ranked at No. 171 on Rolling Stone's ""Top 500 Best Songs of All Time"".


== Charts and certifications ==


=== Weekly charts ===


=== Certifications ===


== Eva Cassidy and Katie Melua version ==

In 2007, Georgian-British singer-songwriter Katie Melua recorded a version of ""What a Wonderful World"" with American singer and guitarist Eva Cassidy, who had died in 1996. Recorded by Melua singing over the original Cassidy track, the duet was released in late 2007 as a charity single for the British Red Cross. Melua, who considers Cassidy one of her musical idols, had previously sung with Cassidy in this manner on Christmas Eve 2006, when she performed ""Over the Rainbow"" on the BBC One television program Duets Impossible with a videotape of Cassidy singing the song. This version of ""What a Wonderful World"" was available for purchase only at Tesco stores and on the Tesco Direct website.
Upon its release, the single debuted at number 45 on the Scottish Singles Chart on the week of December 9, 2007. The next week, the song rose 44 positions to number one while also debuting at number one on the UK Singles Chart, giving both Cassidy and Melua their first number-one single in the United Kingdom. It became the first UK number-one single to be available through only one retailer, with 97 percent of its weekly 56,114 sales coming from the physical CD format sold at Tesco. The song quickly descended the UK chart after peaking, spending five weeks in the UK top 100. The cover was also successful in Sweden, reaching number 19 in November 2008, and became a minor hit in the Wallonia region of Belgium.
When the song reached number one in the UK, Melua thanked everyone who bought the single, saying, ""Thank you to everyone who has shown such festive goodwill."" The duet was later included on her 2008 compilation album The Katie Melua Collection.


=== Charts ===


==== Weekly charts ====


==== Year-end charts ====


== Other notable versions ==
1988: Willie Nelson, on his album What a Wonderful World (reached number 6 on the Billboard Top Country Albums)
1989: Roy Clark, on his album What a Wonderful World (peaked at No. 73 on the Billboard Hot Country Singles chart)
1992: Nick Cave and Shane MacGowan, the lead single and title track to their split album What a Wonderful World (reached number 72 on the UK charts)
1993: Israel Kamakawiwo'ole, Hawaiian ukulele version (medley with ""Somewhere Over the Rainbow"") on the album Facing Future (sold over 2.5 million copies in the U.S. and Canada alone)
1999: Kenny G, on his Classics in the Key of G album, combined his own saxophone playing with Armstrong's vocals and other elements of the original recording. Music critics were scathing, and jazz guitarist Pat Metheny was appalled, writing on his website that the combination was ""musical necrophilia"". The song reached number 22 on the US Adult Contemporary chart in September 1999.
1999: Anne Murray, on What a Wonderful World which also spawned a book and video (the album reached No. 1 on the US CCM chart, No. 4 on the US Country chart, No. 38 on the top 200, and No. 15 on the Canadian Country charts)
2001: Joey Ramone recorded a version for his first solo album Don't Worry About Me, which was released posthumously in 2002.
2004: Rod Stewart recorded a version of the song with Stevie Wonder for Stewart's album Stardust: The Great American Songbook, Volume III (released in the United States as the lead single from the album and by early 2005 reached No. 13 on the Billboard Adult Contemporary chart).
2010: Robert Wyatt, with Ros Stephen and Gilad Atzmon, recorded a version for the album For The Ghosts Within. The song was also released as a single.
2011: Bob Thiele Jr. did a cover of the song which was performed by Alison Mosshart and the Forest Rangers for the FX series Sons of Anarchy (SE4E1 Out) and was included in Songs of Anarchy: Music from Sons of Anarchy Seasons 1–4 album.
2012: Pat Byrne's version reached No. 3 in the Irish Singles Chart after appearing on The Voice of Ireland.
2018: Barbra Streisand blended the song with Lennon's ""Imagine"" for her album Walls.
2019: Reuben and the Dark contributed a cover of the song for the soundtrack of the 2020 film Dolittle.


== References ==


== External links ==
How political is What A Wonderful World? – BBC News article about history and meaning of song","Louis Armstrong sang ""What a Wonderful World.""","""What a Wonderful World"" is a song written by Bob Thiele (as ""George Douglas"") and George David Weiss .",0,0,supported,0.0181935509767,-0.06352822540473885,-0.5717540286426497,9,,0.387063205242157,3.69103048021,-0.653961707845,0.0,1,0.120377052693,1.0,1.0,0.0,0.0,0.793212890625,0.0987710952758789,0.10792160034179688,1.5184217301230474,0.8203059547461179,0.9423053582925341,0.5131736523778971,0.5,abstain
Q1048_505,wikiqa,who put the bible in verses,"The original Jewish and Christian Bibles did not have chapter and verse divisions—such divisions forming part of the paratext of the Bible. Since the early 13th century, most copies and editions of the Bible have presented all but the shortest of the scriptural books with divisions into chapters, generally a page or so in length. Since the mid-16th century, editors have further subdivided each chapter into verses – each consisting of a few short lines or of one or more sentences. Sometimes a sentence spans more than one verse, as in the case of Ephesians 2:8–9, and sometimes there is more than one sentence in a single verse, as in the case of Genesis 1:2. The Jewish divisions of the Hebrew text differ at various points from those used by Christians. For instance, Jewish tradition regards the ascriptions to many Psalms as independent verses or as parts of the subsequent verses, whereas established Christian practice treats each Psalm ascription as independent and unnumbered, resulting in 116 more verses in Jewish versions than in the Christian texts. Some chapter divisions also occur in different places, e.g. Hebrew Bibles have 1 Chronicles 5:27–41 where Christian translations have 1 Chronicles 6:1–15.


== History ==


=== Chapters ===

Early manuscripts of the biblical texts did not contain the chapter and verse divisions in the numbered form familiar to modern readers. In antiquity Hebrew texts were divided into paragraphs (parashot) that were identified by two letters of the Hebrew alphabet. Peh (פ) indicated an ""open"" paragraph that began on a new line, while samekh (ס) indicated a ""closed"" paragraph that began on the same line after a small space. These two letters begin the Hebrew words open (patuach) and closed (satum), and are, themselves, open in shape (פ) and closed (ס). The earliest known witnesses of the Book of Isaiah from the Dead Sea Scrolls used parashot divisions, which differ slightly from the Masoretic divisions.
The Hebrew Bible was also divided into some larger sections. In Israel, the Torah (its first five books) were divided into 154 sections so that they could be read through aloud in weekly worship over the course of three years. In Babylonia, it was divided into 53 or 54 sections (Parashat ha-Shavua) so it could be read through in one year. The New Testament was divided into topical sections known as kephalaia ('chapters, divisions') by the fourth century. Eusebius of Caesarea divided the gospels into parts that he listed in tables or canons (Greek: κανών, kanōn). Neither of these systems corresponds with modern chapter divisions. (See fuller discussions below.)
Chapter divisions, with titles, are also found in the 9th-century Tours manuscript Paris Bibliothèque Nationale MS Lat. 3, the so-called Bible of Rorigo.
Cardinal archbishop Stephen Langton and Cardinal Hugo de Sancto Caro developed different schemas for systematic division of the Bible in the early 13th century. It is the system of Archbishop Langton on which the modern chapter divisions are based.
While chapter divisions have become nearly universal, editions of the Bible have sometimes been published without them. Such editions, which typically use thematic or literary criteria to divide the biblical books instead, include John Locke's Paraphrase and Notes on the Epistles of St. Paul (1707), Alexander Campbell's The Sacred Writings (1826), Daniel Berkeley Updike's fourteen-volume The Holy Bible Containing the Old and New Testaments and the Apocrypha, Richard Moulton's The Modern Reader's Bible (1907), Ernest Sutherland Bates's The Bible Designed to Be Read as Living Literature (1936), The Books of the Bible (2007) from the International Bible Society (Biblica), Adam Lewis Greene's five-volume Bibliotheca (2014), and the ESV Reader's Bible (2016) from Crossway Books.


=== Verses ===

Since at least 916 the Tanakh has contained an extensive system of multiple levels of section, paragraph, and phrasal divisions that were indicated in Masoretic vocalization and cantillation markings. One of the most frequent of these was a special type of punctuation, the sof passuq, symbol for a period or sentence break, resembling the colon (:) of English and Latin orthography. With the advent of the printing press and the translation of the Hebrew Bible into English, versifications were made that correspond predominantly with the existing Hebrew sentence breaks, with a few isolated exceptions. Most attribute these to Rabbi Isaac Nathan ben Kalonymus's work for the first Hebrew Bible concordance around 1440.
The first person to divide New Testament chapters into verses was the Italian Dominican biblical scholar Santes Pagnino (1470–1541), but his system was never widely adopted. His verse divisions in the New Testament were far longer than those known today. The Parisian printer Robert Estienne created another numbering in his 1551 edition of the Greek New Testament, which was also used in his 1553 publication of the Bible in French. Estienne's system of division was widely adopted, and it is this system which is found in almost all modern Bibles. Estienne produced a 1555 Vulgate that is the first Bible to include the verse numbers integrated into the text. Before this work, they were printed in the margins.
The first English New Testament to use the verse divisions was a 1557 translation by William Whittingham (c. 1524–1579). The first Bible in English to use both chapters and verses was the Geneva Bible published shortly afterwards by Sir Rowland Hill in 1560. These verse divisions soon gained acceptance as a standard way to notate verses, and have since been used in nearly all English Bibles and the vast majority of those in other languages.


== Jewish tradition ==

The Masoretic Text of the Hebrew Bible notes several different kinds of subdivisions within the biblical books:


=== Passukim ===
Most important are the verses, or passukim (MH spelling; now pronounced pesukim by all speakers). According to Talmudic tradition, the division of the text into verses is of ancient origin. In Masoretic versions of the Bible, the end of a verse, or sof passuk, is indicated by a small mark in its final word called a silluq (which means ""stop""). Less formally, verse endings are usually also indicated by two vertical dots following the word with a silluq.


=== Parashot ===
The Masoretic Text also contains sections, or portions, called parashot or parashiyot. The end of a parashah is usually indicated by a space within a line (a ""closed"" section) or a new line beginning (an ""open"" section). The division of the text reflected in the parashot is usually thematic. Unlike chapters, the parashot are not numbered, but some of them have special titles.
In early manuscripts (most importantly in Tiberian Masoretic manuscripts, such as the Aleppo Codex), an ""open"" section may also be represented by a blank line, and a ""closed"" section by a new line that is slightly indented (the preceding line may also not be full). These latter conventions are no longer used in Torah scrolls and printed Hebrew Bibles. In this system, the one rule differentiating ""open"" and ""closed"" sections is that ""open"" sections must always start at the beginning of a new line, while ""closed"" sections never start at the beginning of a new line.


=== Sedarim ===
Another division of the biblical books found in the Masoretic Text is the division into sedarim. For the Torah, this division reflects the triennial cycle of reading that was practiced by the Jews of the Land of Israel.


== Christian versions ==
Christians also introduced a concept roughly similar to chapter divisions, called kephalaia (singular kephalaion, literally meaning heading).
Cardinal Hugo de Sancto Caro is often given credit for first dividing the Latin Vulgate into chapters in the real sense, but it is the arrangement of his contemporary and fellow cardinal Stephen Langton who in 1205 created the chapter divisions which are used today. They were then inserted into Greek manuscripts of the New Testament in the 16th century. Robert Estienne (Robert Stephanus) was the first to number the verses within each chapter, his verse numbers entering printed editions in 1551 (New Testament) and 1553 (Hebrew Bible).
Several modern publications of the Bible have eliminated numbering of chapters and verses. Biblica published such a version of the NIV in 2007 and 2011. In 2014, Crossway published the ESV Reader's Bible and Bibliotheca published a modified ASV.


== See also ==

Bible – Collection of religious texts
Bible citation – Book name and chapter and verse of the Bible
List of New Testament verses not included in modern English translations
Parashah – Section of a biblical book in the Masoretic Text
Surah – Chapter of the Quran


== References ==


== External links ==
How Many Words In Each Book of the Bible Sortable table of data about chapters, verses, words, and other info on each Bible book
STEP Documentation
OSIS Documentation Archived 2012-10-14 at the Wayback Machine","The first person to divide the New Testament into verses was Santes Pagnino, but the system widely adopted was created by Robert Estienne.",The Bible is a compilation of many shorter books written at different times and later assembled into the biblical canon .,0,0,supported,0.0351817274857,-0.06549165808511213,-1.899258084468252,29,,0.3591874837875366,3.88404631198,-0.129524063399,0.29616725026422197,2,0.902365637818,1.0,1.0,0.0,0.0,0.9755859375,0.0179443359375,0.006298065185546875,1.4805694845683646,0.8146585825771879,0.9392341744691588,0.5131736523778971,0.5,abstain
Q111_77,wikiqa,what does a silver dollar 1873 coin look like,"The dollar coin is a United States coin with a face value of one United States dollar. Dollar coins have been minted in the United States in gold, silver, and base metal versions. Dollar coins were first minted  in the United States in 1794.
Dollar coins have almost never been popular in circulation since their inception. Despite efforts by the U.S. government to promote their use to save the cost of printing one dollar bills, the Anthony Dollar, the Sacagawea Dollar and the Presidential Dollar Series are all seldom seen in circulation, since most Americans prefer to use the dollar bill. For this reason, since December 11, 2011, the Mint has not produced dollar coins for general circulation, and all dollar coins produced after that date have been specifically for collectors. These collector coins can be ordered directly from the Mint, while pre-2012 circulation dollars can be obtained from most U.S. banks.


== Popularity ==

One-dollar coins, both in silver and base-metal forms, have never been popular in circulation from the 19th century to the present, despite several attempts to increase their usage since the 1970s, for various reasons:

From 1792 to 1803 the $1 coin compared favorably with the Spanish dollar and was accepted at par for overseas purchases. Its coinage was suspended in 1803 since it did not remain long in domestic circulation.
During the 1850s California gold rush the silver dollar of 371.25 grains (24.057 g) was internationally worth more than the gold dollar of 23.22 grains (1.505 g) and was therefore exported (see Gresham's law). Likewise, the gold dollar of 1849–1889 was a tiny coin measuring only 13–15 millimetres (0.51–0.59 in) in diameter, making it difficult to grasp and easy to lose, a serious problem when one dollar was about a day's wage.
While substantial numbers of silver Morgan dollars were minted from 1878 pursuant to the Bland-Allison Act, there also existed an option to hold silver certificates fully backed by silver dollars kept in reserves. The majority of citizens, therefore, opted to use silver certificates while most silver dollars languished inside treasury and bank vaults.
Succeeding base-metal $1 coins minted from 1971 onwards did not circulate widely as well, the most important reason being the continued circulation of the $1 bill.

The copper-nickel clad Eisenhower dollar minted from 1971 to 1978 was not popular due to its large size relative to its gradually diminishing value;
The smaller-sized Susan B. Anthony dollar coin minted from 1979 to 1981 and again in 1999, was highly unpopular because they were often mistaken for quarters, due to their nearly equal size, color and reeded edge;
Sacagawea dollars and presidential dollar coins have been issued since 2000. These coins have a distinct weight, gold color, and smooth edge. Despite these remedies, golden dollars continue to circulate poorly since the $1 bill continues to be produced.
The non-acceptance of $1 coins in the United States contrasts with the practice in most other developed countries where denominations of similar value exist only in coins; for example, the lowest-value pound sterling, euro and Japanese yen notes are the £5 note, €5 note and 1000 yen note respectively; each is worth more than US$5. These high-value coins (such as the €2 coin, Canadian ""toonie"" or 5 Swiss francs) have largely succeeded because of the removal (or lack) of their corresponding paper issues, whereas the U.S. government has taken no action to remove the $1 bill. The Government Accountability Office (GAO) has stated that discontinuing the dollar bill in favor of the dollar coin would save the U.S. government approximately $5.5 billion over thirty years primarily through seigniorage. The Federal Reserve has refused to order the coin from the mint for distribution citing a lack of demand, according to ex-Mint director Philip Diehl in November 2012.
Whatever the reason, a U.S. Mint official claimed in a November 2012 meeting that most of the 2.4 billion dollar coins minted in the previous five years were not in circulation.
In 2019, the GAO re-estimated the cost of replacing the $1 bill and found for the first time that it would cause the government to lose between  $611 million and $2.6 billion because physical money was being used less, resulting in dollar bills remaining in circulation longer compared to the 2011 analysis.


== Mint marks ==
The list below is of all mint marks used on the dollar coin:

C: Charlotte, North Carolina (gold coins only; 1838–1861).
CC: Carson City, Nevada (1870–1893).
D: Dahlonega, Georgia (gold coins only; 1838–1861).
D: Denver, Colorado (1906 to date).
O: New Orleans, Louisiana (1838–1861; 1879–1909).
P: Philadelphia, Pennsylvania (produced from 1793 to date, mint mark introduced in 1979).
S: San Francisco, California (1854 to date).
W: West Point, New York (1984 to date).


== History ==
The term ""dollar"" comes originally from a tolar minted in the Kingdom of Bohemia since 1520s which standardized its size and silver content in Europe. Other tolars were later minted in many European countries (i.e. Germany, Austria, Netherlands, Spain ...).


=== Origin ===
The original dollar traces back to a silver coin called ""Joachimsthaler"", originating in 1520 in the mining town of Joachimsthal, today known as Jáchymov in the Czech Republic. That coin's name was shortened to ""thaler"", which became ""daler"" in Dutch. Dutch ""dalers"" circulated in New Amsterdam and the English colonies, where English speakers started calling such coins ""dollars"".


=== Early dollar coins ===

Before the American Revolutionary War, coins from many European nations circulated freely in the American colonies, as did coinage issued by the various colonies. Chief among these were the Spanish silver dollar coins (also called pieces of eight or eight reales) minted in Mexico and other colonies with silver mined from North, Central and South American mines. These coins, along with others of similar size and value, were in use throughout the colonies, and later the United States, and were legal tender until 1857.
In 1776, several thousand pewter Continental Currency coins were minted. Although unconfirmed, many numismatists believe these to have been pattern coins of a proposed silver dollar coin authorized by the Continental Congress to prop up the rapidly failing Continental Currency—the first attempt by the fledgling U.S. at paper currency.  Several examples were also struck in brass and silver, but a circulating coin was not produced, in large part because of the financial difficulties of running the Revolutionary War. The Continental Currency dollar coin bears the date 1776, and while its true denomination is not known, it is generally the size of later dollars, and the name has stuck. The failure of the Continental Currency exacerbated a distrust of paper money among both politicians and the population at large. The letters of Thomas Jefferson indicate that he wished the United States to eschew paper money and instead mint coins of similar perceived value and worth to those foreign coins circulating at the time.

The Coinage Act of 1792 authorized the production of dollar coins from silver. The United States Mint produced silver dollar coins from 1794 to 1803, then ceased regular production of silver dollars until 1836. The first silver dollars, precisely 1,758 of them, were coined on October 15, 1794, and were immediately delivered to Mint Director David Rittenhouse for distribution to dignitaries as souvenirs. Thereafter, until 1804, they were struck in varying quantities. There are two obverse designs: Flowing Hair (1794–1795) and Draped Bust (1795–1804). There are also two reverse designs used for the Draped Bust variety: small eagle (1795–1798) and heraldic eagle (1798–1804). Original silver dollars from this period are highly prized by coin collectors and are exceptionally valuable, and range from fairly common to incredibly rare. Because of the early practice of hand engraving each die, there are dozens of varieties known for all dates between 1795 and 1803.
It is also one of only two denominations (the other being the cent) minted every year from its inception during the first decade of mint operation. Though a new Spanish dollar or 8-real minted after 1772 theoretically contained 417.7 grains of silver of fineness 130/144 (or 377.1 grains fine silver), reliable assays of the period confirmed a fine silver content of 370.95 grains (24.037 g) for the average Spanish dollar in circulation. 

The new US silver dollar of 371.25 grains (24.057 g) therefore compared favorably and was received at par with the Spanish dollar for foreign payments, and in 1803 President Thomas Jefferson halted new silver dollars made out of the US Mint's limited resources since it failed to stay in domestic circulation. The less-exportable half dollar therefore became the largest US-made silver coin in domestic use for the next several decades. It was only after Mexican independence in 1821 when their peso's fine silver content of 377.1 grains was firmly upheld, which the US later had to compete with using a heavier Trade dollar coin of 378.0 grains (24.49 g) fine silver.


=== The 1804 dollar ===

The 1804 dollar is one of the rarest and most famous coins in the world. Its creation was the result of a simple bookkeeping error, but its status as a highly prized rarity has been established for nearly a century and a half. The silver dollars reported by the mint as being struck in 1804 were dated 1803. (With die steel being very expensive in the early 19th century, dies were used until they were no longer in working condition. This is why many early U.S. coins exhibit various kinds of die cracks, occlusions, cuds, clash marks, and other late-state die wear. Nearly every coin the U.S. struck from 1793 to 1825 has an example that was struck in a year other than that which it bears.) No dollars bearing the date 1804 were ever struck in 1804, though this was unknown to mint officials at the time the 1804 dollar came to be.
The 1804 silver dollar was actually produced in 1834, when the U.S. Department of State decided to produce a set of U.S. coins to be used as gifts to rulers in Asia in exchange for trade advantages. Since 1804 was the last recorded year of mintage for both the dollar and $10 Eagle, it was decided that the set would contain examples of those coins dated 1804, as well as the other denominations currently being produced. Mint officials, not realizing that the 19,000+ dollars recorded as being produced in 1804 were all dated 1803, proceeded to make new dies bearing the date 1804. Only 15 silver dollars with the date of 1804 are known to exist; in 1999, one of them sold at auction for more than $4 million. There are 8 Class I dollars, struck in 1834 for the aforementioned sets, 1 Class II dollar, struck over an 1857 Swiss Shooting Thaler (and now residing in the U.S. Coin Collection at the Smithsonian Institution), and 6 Class III dollars, struck surreptitiously sometime between 1858 and 1860 to meet collector demand for the coin.


=== Seated Liberty dollar (1836–1873) ===

Seated Liberty dollars were introduced in 1836 and were minted in lesser quantities than the sparsely minted Gobrecht dollar that preceded it. The dollars were used in general circulation until 1873. The production of large numbers of U.S. gold coins (The first $1 and $20 gold coins were minted in 1849) from the new California mines lowered the price of gold, thereby increasing the value of silver. By 1853, the value of a U.S. silver dollar contained in gold terms, $1.04 of silver, equal to $40.25 today. With the Mint Act of 1853, all U.S. silver coins, except for the U.S. silver dollar and new 3-cent coin, were reduced by 6.9% as of weight with arrows on the date to denote reduction. The U.S. silver dollar continued to be minted in very small numbers mainly as a foreign trade coin with the Orient.
The international trading partners did not like the fact that U.S. coins were reduced in weight. The use of much more common half dollars became problematic since merchants would have to separate higher value pre-1853 coins from the newer reduced ones. From 1853 onward, trade with Asia was typically done with Mexican coins that kept their weight and purity in the 19th century. This ended in 1874 when the price of silver dropped so that a silver dollar had less than $1.00 worth of silver in it (because of huge amounts of silver coming from the Nevada Comstock Lode mines). By 1876, all silver coins were being used as money and by 1878, gold was at par with all U.S. paper dollars. Beginning in 1878, huge amounts of the Morgan silver dollars were produced but few were used as money. The size was too large to carry on business so Silver Certificates were used instead. The mint made the coins, placed them in their vaults, and issued the Silver Certificates instead. This is the reason so many Morgan and Peace dollars can be purchased in AU or UNC condition (near perfect) since they sat in bank or U.S. Treasury vaults most of the time.
Each Seated Liberty dollar is composed of 0.77344 troy oz of silver. They were minted at Philadelphia, New Orleans, Carson City, and San Francisco. A silver dollar would be worth $1 in silver if the price of silver is $1.29 per troy ounce. The current silver price (January 29, 2021) is $27.03 per troy ounce so a silver dollar is worth, in melt value of about US$20.90.


=== Gold dollar coins (1849–1889) ===

The gold dollar weighing 1.672 g produced from 1849 to 1889 in 90% gold 10% copper. 1849 to 1853 gold dollar coins were 13 mm across and are called Type I. Type II gold dollars were thinner but larger at 15 mm diameter and were produced from 1854 to 1855. The most common gold dollar is the Type III, struck from 1856 until 1889. Production of US$1 gold dollars was high until the Civil War and by 1863, only the larger value gold coins were produced in large quantities. Most gold coins produced from 1863 and onward were produced for imports to pay for enormous amounts of war material and interest on some U.S. Government bonds. Many of these coins from the Civil War and after (silver coins included) are in excellent condition since they saw very limited circulation with greenbacks and postage currency taking their place.
Composed of 90% pure gold, it was the smallest denomination of gold currency ever produced by the United States federal government. When the U.S. system of coinage was originally designed there had been no plans for a gold dollar coin, but in the late 1840s, two gold rushes later, Congress was looking to expand the use of gold in the country's currency. The gold dollar was authorized by the Act of March 3, 1849, and the Liberty Head type began circulating soon afterward.  Because of the high value of gold, the gold dollar is the smallest coin in the history of U.S. coinage.
While true gold dollars are no longer minted, the Sacagawea, Presidential, and American Innovation dollars are sometimes referred to as golden dollars because of their color.


=== Trade dollar (1873–1885) ===

The trade dollar was produced in response to other Western powers, such as Great Britain, Spain, France, and particularly Mexico, to compete with these trade coins for use in trade in Asia. While the previous Spanish dollar of 370.95 grains (24.037 g) contained less fine silver than the standard dollar coin of 371.25 grains (24.057 g), Mexican pesos minted after Mexican independence contained a full 377.1 grains (24.44 g) of fine silver.
The American trade dollar therefore had to contain more silver, at 420 grains of 90% fine silver, fine content 378.0 grains (24.49 g), or 0.44 g more fine silver than the regular circulation Seated Liberty Dollars and Morgan Dollars. Most trade dollars ended up in China during their first two years of production, where they were very successful. Many of them exhibit holes or chopmarks which are counterstamps from Asian merchants to verify the authenticity of the coins. Many trade coins of the western powers and large silver coins from China, Korea, and Japan also bear these chopmarks. While most chopmarked coins are generally worth less than those without, some of the more fascinating chopmarks can give the coin a modest premium.
Trade dollars did not circulate in the United States initially, but were legal tender for up to $5. Things changed, however, in 1876, when the price of silver spiraled downward as western producers dumped silver on the market, making the trade dollar worth more at face value than its silver content. That resulted in trade dollars pouring back into the United States, as they were bought for as little as the equivalent of 80 US cents in Asia, and were then spent at $1 in the United States. This prompted Congress to revoke their legal tender status, and restrict their coinage to exportation demand only. However, this did not stop unscrupulous persons from buying trade dollars at bullion value, and using them for payment as $1 to unsuspecting workers and merchants.
Production of the trade dollar was officially discontinued for business strikes in 1878, and thereafter from 1879 to 1885, produced only as proof examples of the coin. The issues of 1884 and 1885 were produced surreptitiously and were unknown to the collecting public until 1908.
In February 1887, all non-mutilated, non-chopmarked outstanding trade dollars were made redeemable to the United States Treasury for $1, and approximately 8 million of them were turned in.


=== Morgan dollar (1878–1904, 1921, 2021-present) ===

Morgan silver dollars, all composed of 90% silver and 10% copper (slightly less silver than sterling silver, 92.5%) weighing 412.5 grains total (0.859375 ozt), and thus 0.7734375 ozt pure silver, were struck between 1878 and 1904, with a minting in 1921 and a commemorative minting in 2021. The 1921-dated coins are the most common, and there exists a substantial collector market for pristine, uncirculated specimens of the rarer dates and mint marks. Morgan dollars are second only to Lincoln Cents in collector popularity. The coin is named after George T. Morgan, its designer. Morgan dollars were minted at Philadelphia (no mint mark), New Orleans (""O"" mint mark), San Francisco (""S"" mint mark), Carson City (""CC"" mint mark), and (in 1921 only) Denver (""D"" mint mark). The mint mark is found on the reverse below the wreath, above the ""O"" in ""DOLLAR"". Production of the Morgan Dollar began again in 2021 as collectors' items and US Mint officials announced an intention to continue producing them in 2023 and beyond.


=== Peace dollar (1921–1928, 1934–1935, 2021-present) ===

Introduced in December 1921 and having the same ratio of silver-to-copper as the Morgan dollar, the Peace dollar, designed by medalist Anthony de Francisci, was promulgated to commemorate the signing of formal peace treaties between the Allied forces and Germany and Austria. These treaties officially ended the Allies' World War I hostilities with these two countries. In 1922 the Mint made silver dollar production its top priority, causing other denominations to be produced sparingly if at all that year. Production ceased temporarily after 1928; original plans called for only a one-year suspension, but this was extended by the Great Depression. Mintage resumed in 1934, but for only two years.
In May 1965, 316,000+ Peace dollars were minted, all at the Denver Mint and dated 1964-D; however, plans for completing this coinage were abandoned, and most of those already minted were melted, with two known trial strike specimens being preserved (for assay purposes) until 1970, when they too were melted, and none released either for circulation or collection purposes. It is rumored that one or more pieces still exist, most notably any examples obtained by key members of Congress, the president, or mint officials. However, this coin, much like the 1933 $20 gold double eagle (aside from the ""exception"", sold in 2002 for over $7 million and the 10 found later), is illegal to own and would be subject to confiscation.
Minting of the Peace Dollar began again in 2021 for collectors. US Mint officials have announced an intention to continue minting Peace Dollars in 2023 and beyond.


=== Release of dollars by the U.S. Treasury: the GSA sale ===
Because of the size and weight of the dollar coins, they circulated minimally throughout their history, except in the West (especially at casinos in the early-to-mid-20th century, where they were commonly used both at the tables and at slot machines.) As a result, the coins were generally shipped to Washington and stored in the vaults of the U.S. Treasury; at times these stores numbered into the hundreds of millions.
They were very popular as Christmas gifts, however, and from the 1930s to the early 1960s, many bags were annually released to banks nationwide to be distributed as presents. In November 1962, during this annual distribution, it was discovered that there were some rare and valuable dates, still sealed in their original mint bags, all in uncirculated condition, among the millions of dollar coins still in the Treasury vaults. Collectors/investors/dealers lined up to purchase them in $1,000 bags, trading silver certificates for the coins. Before this event, the great rarity of the Morgan series was 1903-O, which was by far the most expensive of the entire set. It was discovered that there were millions of this specific date and mint in the Treasury vaults; an estimated 84% of the entire mintage sat in these bags, untouched for 60 years, all in uncirculated condition. While still relatively expensive in circulated grades, uncirculated examples can be had for a modest amount over common dates.
On March 25, 1964, Secretary of the Treasury C. Douglas Dillon announced that Silver Certificates would no longer be redeemable for silver dollars. Subsequently, another act of Congress dated June 24, 1967, provided that Silver Certificates could be exchanged for silver bullion for a period of one year, until June 24, 1968.
Following this, the Treasury inventoried its remaining stock of dollar coins and found approximately 3,000 bags containing 3 million coins. Many of the remaining coins were Carson City mint dollars, which even then carried a premium. The coins were placed in special hard plastic holders and the General Services Administration (GSA) was given authorization to sell them to the public in a series of mail-bid sales. Five sales were conducted in 1973 and 1974, but sales were poor, and the results unspectacular. There was much complaining among the coin-buying public, many stating that the United States government should not be in the ""coin business"", especially considering that the government had spent little more than a dollar to mint and store each coin. After these sales, more than a million coins were still left unsold.
These sat again until 1979–1980, where, amidst an extraordinarily volatile precious metals market (the attempt by the 3 Hunt brothers to corner the silver market), the remaining coins were sold under chaotic conditions. The GSA, having published minimum bids in November 1979, announced on January 2, 1980, that those minimum bids were no longer valid, and that prospective bidders would have to ""call in"" to a toll-free number to get current minimum bids. Then, on February 21, 13 days after the bidding process officially began, the maximum number of coins per bidder was changed from 500 to 35. Many bidders, under these confusing conditions, ended up with no coins at all. Complaints again flooded into Congress, but the damage had already been done, and the last silver dollars held by the United States Treasury were gone.
Over the years, many of these GSA dollars have been broken out of their special holders for purposes of grading or otherwise, and now GSA dollars still in the unbroken original holders carry a small premium. Some third-party grading companies have begun to grade coins still in their GSA holders, as a means of preservation, though this is not without controversy.


=== Eisenhower dollar (1971–1978) ===

From 1971 to 1978, the U.S. Mint issued dollar coins with the obverse depicting President Dwight David Eisenhower  and the reverse the insignia of the Apollo 11 Moon landing, both designed by Chief Engraver Frank Gasparro. The 1976 Bicentennial commemorative design, produced in 1975 and 1976, featured the Liberty Bell and the Moon on the reverse (designed by Dennis R. Williams) while retaining the Eisenhower obverse, and the dual dates 1776–1976. The Eisenhower dollars minted for general circulation contained no silver or gold but were instead composed of the same copper-nickel clad composition used for the dime, quarter, and half dollar. This made the circulation coins extremely resistant to wear and, like the smaller denominations, they still retain a good deal of shine even when subject to mass usage.
From 1971 through 1976, the Mint also produced dollars composed of 40% silver aimed at the collector market. The 1971–1974 issues appeared in brown boxes or blue packages, depending on whether they were proof or uncirculated. Somewhat different Bicentennial sets were produced in the following two years. All issues remain very common.
The coins were never very popular, primarily because of their large size and weight which made them inconvenient to carry, and the fact that very few vending machines were designed to accept them. They saw the greatest use in casinos, and one-dollar tokens in many United States casinos still approximate the size and weight of the coins. Prior to the withdrawal of the coins, which remain legal tender (and are sometimes available at banks by request), many casinos did not strike their own tokens, but instead used the Eisenhower dollar.


=== Susan B. Anthony dollar (1979–1981; 1999) ===

From 1979 to 1981, and again in 1999, the Mint produced Anthony Dollars depicting women's suffrage activist Susan B. Anthony (also designed by Frank Gasparro). Anthony thus became the first historic woman portrayed on circulating U.S. coinage. Many earlier circulating coins had featured images of women via allegorical figures such as Peace or Liberty; Spain's Queen Isabella appeared on the 1893 Columbian Exposition quarter dollar but the coin was not intended for general circulation. The Anthony dollars, like the Eisenhower dollars, were made from a copper-nickel clad copper core. The 1981 coins were issued for collectors only but occasionally show up in circulation.
The Anthony dollar, because of its color, size, and design, was often confused with the quarter. It was never popular and production was suspended after 1981. In 1999, it was struck again when Treasury reserves of the coin were low and the Sacagawea dollar was still a year away from production.  While reserves of the coins were high, the coins were most often seen in vending machines, transit systems, and post offices.


=== American Silver Eagle (1986–present) ===

The American Silver Eagle is the official silver bullion coin of the United States. It was designed by Adolph A. Weinman and John Mercanti and it was first released by the United States Mint on November 24, 1986. It is struck only in the one troy ounce size, which has a nominal face value of one dollar and is guaranteed to contain one troy ounce of 99.9% pure silver. It is authorized by Title II of Public Law 99-61 (Liberty Coin Act, approved July 9, 1985) and codified as 31 U.S.C. § 5112(e)-(h). Its content, weight, and purity are certified by the United States Mint. In addition to the bullion version, the United States Mint has produced a proof version and an uncirculated version for coin collectors. The Silver Eagle has been produced at three mints: the Philadelphia Mint, the San Francisco Mint, and the West Point Mint. The American Silver Eagle bullion coin may be used to fund Individual Retirement Account investments.


=== Sacagawea dollar (2000–present) ===

The Sacagawea dollar was authorized by Congress in 1997 because the supply of Anthony dollars in inventory since their last mintage in 1981 was soon expected to be depleted. These coins have a copper core clad in manganese brass. Delays in increasing Sacagawea dollar production led to a final 1999-dated mintage of Susan B. Anthony dollars. Dollar coins are used infrequently in general commerce. They used to be given as change by United States Postal Service (USPS) stamp vending machines, which created a relatively small but significant demand, but the USPS eliminated all those machines by 2011. They were also used in certain subway and public transit systems, such as the Boston subway and New York City Subway ticketing machines.
In 1998, the U.S. Mint conducted a limited design competition for the new dollar, inviting 23 artists to submit designs portraying Sacagawea on the obverse (""heads"") side and an American bald eagle on the reverse (""tails"") side. In November 1998, an exhibit of 123 submitted designs was held at the Casa Italiana Hall in Washington, D.C., to solicit public and private comment. Design concepts were submitted in the form of drawings, renderings, sculpture, and die-struck prototypes.
The obverse was designed by artist Glenna Goodacre. Since no verifiable image of Sacagawea exists, Goodacre used Randy'L He-dow Teton, a University of New Mexico college student and a Shoshone Indian, as a model for the coin.
There are approximately 1 billion Sacagawea coins in circulation and about 250 million in reserve. The U.S. Mint greatly reduced production of Sacagawea dollars after the 2001 minting, citing sufficient inventory. From 2002 to 2008, the Sacagawea dollar was still minted for collectors and was available in uncirculated rolls, mint sets, and proof sets, but it was not released for general circulation again until the introduction of the Native American series in 2009.
The Mint took great care to create the coin with the same size, weight, and electromagnetic properties as the Anthony dollar, but with a golden color. Unlike most other coins in circulation, the selected alloy has a tendency to tarnish quite severely in circulation, as is the case with most brasses, resulting in a loss of the golden shine, except on raised areas where the ""patina"" is more frequently rubbed off. While some consider the blackening an undesirable quality, the Mint suggests the uneven tarnishing effect gives the coins an ""antique finish"" that ""accentuate[s] the profile and add[s] a dimension of depth to the depiction of Sacagawea and her child"".
The coin featured a plain edge through 2008, but starting in 2009, incused lettering was applied. The year and mint mark moved from the coin's obverse (front) to its edge.
As of 2022, dollar coins are not widely encountered in U.S. commerce, except in vending machines for rides on mass transit, some pay and display machines, some laundromats, and old-fashioned slot machines. On the other hand, the Sacagawea dollar has achieved popularity in El Salvador, Ecuador, and Panama, where the U.S. dollar is also the official currency.


==== Native American Coin Program ====

With the passage of the Native American $1 Coin Act on September 20, 2007, the U.S. Mint began designing a series of Sacagawea dollars with modified reverses to further commemorate ""Native Americans and the important contributions made by Indian tribes and individual Native Americans to the development of the United States and the history of the United States"". Four designs were to be minted, each for one year from 2009 to 2012. The first Native American series coin was released in January 2009 and had a reverse that depicted a Native American woman sowing seeds of the Three Sisters, symbolizing the Indian tribes' contributions to agriculture.
Like the Presidential Dollar, the year of issue, mint mark, and motto E Pluribus Unum are found on the edge of the coin instead of on the obverse or reverse, which allows for more room for the design. Unlike the Presidential $1 coins from before 2009, ""In God We Trust"" remains on the obverse and the vacant space on the edge lettering has been taken up by thirteen stars, symbolizing the Thirteen Colonies. Also, unlike any other denomination of circulating U.S. coinage (but in common with the Presidential $1 coins), the value is inscribed in numerals on the reverse. The act passed by Congress requires that 20% of the total dollar coins minted in any year during the Presidential $1 Coin Program be Sacagawea dollars bearing the new design.
In January 2010, the second reverse design in the series was released which has the theme of ""Government"" and the ""Great Tree of Peace"". The 2010 Sacagawea reverse depicts the Hiawatha Belt and five arrows bound together representing unity with the inscription ""Haudenosaunee"", a synonym for the Iroquois Confederacy meaning ""People of the Longhouse"". Another inscription is found along the lower edge of the reverse spelling ""Great Law of Peace"" (an English translation of Gayanashagowa, the Iroquois Confederacy constitution). The Great Law of Peace was used as a model for the Constitution of the United States. The four links on the belt are meant to symbolize four of the five Nations of the Iroquois Confederacy, namely the Mohawk, Oneida, Cayuga and Seneca Nations. The Eastern White Pine tree in the middle of the belt represents the fifth Nation, the Onondaga, and is a depiction of the Tree of Peace.


=== Presidential Dollar Coins (2007–2016; 2020) ===

In December 2005, Congress decided to create a new series of $1 coins that would honor the former U.S. presidents. In 2007, Presidential coins of four different designs were produced. Another four designs would be produced each year, honoring the presidents in order of service. (Grover Cleveland is on two coins since he served two non-consecutive terms.)  The Presidential $1 Coin Act is intended to create renewed interest in dollar coins, like that seen during the 50 State Quarters program. At least one-third of all dollar coins produced are still Sacagawea coins, with the remaining coins making up the four presidential coins produced annually. Under federal law (31 U.S.C. § 5112), no coins may be issued featuring a living president, or a president who died less than two years earlier.
The presidential dollar coin is the same size and composition as the Sacagawea dollar. ""In God We Trust"", the issue year, and the mint mark appear on the edge. The first dollar, honoring George Washington, was released into circulation on February 15, 2007.
However, H.R. 2764 became law on December 26, 2007, which moved ""In God We Trust"" from the edge to the obverse.
A common minting error on this coin, estimated at 80,000, from a mintage of 300,000,000 coins, is the omission of the edge lettering causing a plain outside edge.  Because the omission includes the words ""In God We Trust"", some in the popular media have dubbed it the ""godless"" coin.  A false (although at one time widely reported) error is the report that the edge lettering is upside down. The edge lettering does not occur at the same time as the minting of the coins, allowing for the natural occurrence of the lettering in either orientation, except Proof Coins where the date and lettering are all ""right-side-up"".
Because of budget constraints and increasing stockpiles of these relatively unpopular coins, the production of new presidential dollar coins for circulation was suspended on December 11, 2011, by U.S. Treasury Secretary Timothy F. Geithner. Further minting of these coins was reserved solely for collectors.


=== American Innovation Dollar Coins (2018–2032) ===

On July 20, 2018, President Donald Trump signed the American Innovation $1 Coin Act into law. The program calls for the release of four new coins each year from 2019 through 2032 ""to honor innovation and innovators by issuing $1 coins for each of the 50 states, the District of Columbia, and the five U.S. territories – Puerto Rico, Guam, American Samoa, the U.S. Virgin Islands, and the Northern Mariana Islands"". An introductory coin, commemorating George Washington signing the country's first patent into law, was released in December 2018. The coins are currently only being minted for collectors.


=== For the semiquincentennial celebration (2026) ===

In October 2025, the United States Mint confirmed that it is planning to issue a commemorative $1 coin in celebration of the 250th anniversary of the founding of the country during the following year. Although the law explicitly prohibits using images of living or recently deceased (two years) presidents or former presidents on the reverse (tails) side of the coin, the design for the coin nonetheless features images of Trump, the sitting president, on both the obverse and reverse. The announcement stated that no final decision has been made regarding the design of the coin.


== Designs ==


== See also ==

Modern United States commemorative coins
United States $1 Coin Act of 1997
United States Mint coin production


== References ==


== Further reading ==
The Comprehensive U. S. Silver Dollar Encyclopedia by John W. Highfill, ISBN 0-9629900-0-0
Comprehensive Catalog and Encyclopedia of Morgan and Peace Dollars, ISBN 978-0-9660168-2-6
Financial Impact of Issuing the New $1 Coin Archived June 9, 2019, at the Wayback Machine, GAO/GGD-00-111R, April 7, 2000.
New coin unlikely change?, Steve Cranford, Charlotte Business Journal, July 21, 2000.
Elizabeth White (December 14, 2005). ""New coins will depict dead former presidents"". The Boston Globe. Retrieved March 13, 2009.
Barbara Hagenbaugh (December 15, 2005). ""Dollar coin series will feature presidents"". USA Today. Retrieved March 13, 2009.


== External links ==

Exhibition: Legendary Coins & Currency (National Museum of American History) Archived June 10, 2007, at the Wayback Machine
United States Mint","The 1873 Seated Liberty dollar has a portrait of Liberty on the obverse, with a seated figure on the reverse, and is composed of 0.77344 troy oz of silver.","Dollar coins have been minted in the United States in gold , silver , and base metal versions.",0,0,supported,0.73262406919,-0.1460995494415381,-6.720579274310753,46,,0.6007792949676514,2.21122702867,1.843339184,0.7051541265685742,4,-0.515774068525,0.5,0.5,0.0,0.5,0.5016326904296875,0.021305084228515625,0.47690582275390625,1.392521143418511,0.8009944243355734,0.931489901214714,0.5131736523778971,0.5,abstain
Q2310_1069,wikiqa,where was john deere born?,"Deere & Company, doing business as John Deere (), is an American corporation that manufactures agricultural machinery, heavy equipment, forestry machinery, diesel engines, drivetrains (axles, transmissions, gearboxes) used in heavy equipment and lawn care equipment. It also provides financial services and other related activities.
Deere & Company is listed on the New York Stock Exchange under the symbol DE. The company's slogan is ""Nothing Runs Like a Deere"", and its logo is a leaping deer with the words ""John Deere"". It has used logos incorporating a leaping deer for over 155 years. It is headquartered in Moline, Illinois.
In 2018, Deere and Company and 90 Fortune 500 companies ""paid an effective federal tax rate of 0% or less"" as a result of Donald Trump's Tax Cuts and Jobs Act of 2017.
It ranked No. 84 in the 2022 Fortune 500 list of the largest United States corporations. Its tractor series include D series, E series, Specialty Tractors, Super Heavy Duty Tractors, and JDLink.


== History ==


=== 19th century ===
In 1836 Deere & Company began when John Deere, born in Rutland, Vermont, United States, on February 7, 1804, moved to Grand Detour, Illinois to escape bankruptcy in Vermont. Already an established blacksmith, Deere opened a 1,378-square-foot (128 m2) shop in Grand Detour in 1837, which allowed him to serve as a general repairman in the village, and a manufacturer of tools such as pitchforks and shovels. An item that set him apart was the self-scouring steel plow, which was pioneered in 1837 when John Deere fashioned a Scottish steel saw blade into a plow. 
Prior to Deere's steel plow, most farmers used iron or wooden plows to which the rich Midwestern soil stuck, so they had to be cleaned frequently. Deere created a highly polished steel surface that allowed the soil to slide easily. This tool addressed the difficulty of tilling the Prairie State's soil and greatly aided migration into the American Great Plains in the 19th and early 20th centuries.
The traditional way of doing business was to make the product as, and when, it was ordered. This style was very slow. As Deere realized that this was not going to be a viable business model, he increased the rate of production by manufacturing plows before putting them up for sale; this allowed customers to not only see what they were buying beforehand but also allowed his customers to purchase his products straight away. Word of his products began to spread quickly.

In early 1843, Deere entered a business partnership with Leonard Andrus and purchased land for the construction of a new, two-story factory along the Rock River in Illinois. It used water power to operate machineries. This factory, named the ""L. Andrus Plough Manufacturer"", produced about 100 plows in 1842, and around 400 plows during the next year. Deere's partnership with Andrus ended in 1848, and Deere relocated to Moline, Illinois, to have access to the railroad and the Mississippi River. There, Deere formed a partnership with Robert Tate and built a 1,440-square-foot (134 m2) factory the same year. John Gould was later brought in to manage the accounts. Production rose quickly, and by 1849, the Deere, Tate & Gould Company was producing over 200 plows a month. A two-story addition to the plant was built, allowing further production.

Deere bought out Tate and Gould's interests in the company in 1853, and was joined in the business by his son Charles Deere. At that time, the company was manufacturing a variety of farm equipment products in addition to plows, including wagons, corn planters, and cultivators. In 1857, the company's production totals reached almost 1,120 implements per month. In 1858, a nationwide financial recession took a toll on the company. During this period, the company announced its work on a steam engine that will pull its plow but the product did not materialize. To prevent bankruptcy, the company was reorganized and Deere turned over his interests in the business to his son-in-law, Christopher Webber, and his son, Charles Deere, who would take on most of his father's managerial roles. John Deere served as president of the company until his retirement in April 1886, but died one month later in May 1886 in Moline, Illinois. The company was reorganized again in 1868 when it was incorporated as Deere & Company. While the company's original stockholders were Charles Deere, Stephen Velie, George Vinton, and John Deere, Charles effectively ran the company. In 1869, Charles began to introduce marketing centers and independent retail dealers to advance the company's sales nationwide. This same year, Deere & Company won ""Best and Greatest Display of Plows in Variety"" at the 17th Annual Illinois State Fair, for which it won $10 and a silver medal.
The core focus remained on the agricultural implements, but John Deere also made a few bicycles in the 1890s.


=== 20th century ===

Increased competition during the early 1900s from the new International Harvester Company led the company to expand its offerings in the implement business, but the production of gasoline tractors came to define Deere & Company's operations during the 20th century.

 

In 1912, Deere & Company president William Butterworth (Charles' son-in-law), who had replaced Charles Deere after his death in 1907, began the company's expansion into the tractor business. Deere & Company briefly experimented with its own tractor models, the most successful of which was the Dain All-Wheel-Drive, but in the end decided to continue its foray into the tractor business by purchasing the Waterloo Gasoline Engine Company in 1918, which manufactured the popular Waterloo Boy tractor at its facilities in Waterloo, Iowa. Deere & Company continued to sell tractors under the Waterloo Boy name until 1923, when the John Deere Model D was introduced. The company continues to manufacture a large percentage of its tractors in Waterloo, Iowa, namely the 7R, 8R, and 9R series.
The company produced its first combine harvester, the John Deere No. 2, in 1927. This featured improvements and modifications to Model D such as higher power level due to increased cylinder bore. A year later, this innovation was followed up by the introduction of John Deere No. 1, a smaller machine that was more popular with customers. By 1929, the No. 1 and No. 2 were replaced by newer, lighter-weight harvesters. In the 1930s, John Deere and other farm equipment manufacturers began developing hillside harvesting technology. Harvesters now had the ability to effectively use their combines to harvest grain on hillsides with up to a 50% slope gradient.
On an episode of the Travel Channel series Made in America that profiled Deere & Company, host John Ratzenberger stated that the company never repossessed any equipment from American farmers during the Great Depression.
During World War II, the great-grandson of John Deere, Charles Deere Wiman, was president of the company, but he accepted a commission as a colonel in the U.S. Army. Burton F. Peek was hired as president during this period. Before Wiman returned to work at the company in late 1944, he directed the farm machinery and equipment division of the War Production Board. In addition to farm machinery, John Deere manufactured military tractors, and transmissions for the M3 tank. They also made aircraft parts, ammunition, and mobile laundry units to support the war effort.
In 1947, John Deere introduced its first self-propelled combine, model 55. It was soon followed by the smaller models 40 and 45, the larger model 95, and an even larger model 105 was introduced in the 1960s. In the mid-1950s, Deere introduced an attachable corn head, allowing corn producers to use their combine to pick, shell, and clean corn in one smooth operation.
In 1956, Deere & Company bought-out the German tractor manufacturer, Heinrich Lanz AG (see Lanz Bulldog).

In the last months of 1958, John Deere constructed a factory in northern Rosario, Argentina. In Argentina, the make was managed by Agar Cross & Co.
John Deere made the following models of tractors in Argentina: 445, 730; the models of the series 20 like 1420, 2420, 3420, 4420; the models of the serie 30 like 2330, 2530, 2730, 3330, 3530, 4530; the models of the serie 40 like 2140, 3140 / 3140 DT, 3440, 3540 and the last made in Baigorria of the serie 50 like 2850, 3350, 3550 until 1994.
Seventeen years later, (in 2011) the Argentinian plant returns the assembly of tractors with the following models: 5036C, 5045D (45 HP) Serie 5D, 5045E (45 HP) Serie 5E, 5065E (65 HP) Serie 5E, 5075E (75 HP) Serie 5E, 5425N (77 HP) Serie 5000, 5725 (92 HP) Serie 5025, 5725HC (92 HP) Serie 5025, 5090E, 5090EH, 5076EF, 6110J, 6130J, 6145J and 6165J.
Plus, in 2012, added in SKD/CKD format, the assembly of combine harvesters 9570 STS Serie 70, 9470 STS, 9670 STS and 9770 STS.
Also, with the green line, the Argentinian facility made some backhoe loaders and motor graders like 570 A/B, 544 A/B, 507, 308, 200 and the 627, 727 model tractors.
On August 30, 1960, John Deere dealers from around the world converged on Dallas, Texas, for an unprecedented product showcase. Deere Day in Dallas, as the event was called, introduced the world to the ""New Generation of Power"", the company's first modern four-cylinder and six-cylinder tractors, during a day packed with high-tech presentations, live demonstrations, and a parking lot full of brand-new green and yellow machines. The line of tractors introduced that day was five years in the making, and the event itself took months to plan. Deere chose Dallas to host the event partly because it was home to facilities large enough to accommodate the 6,000 guests and the equipment they were all there to see. The Dallas Memorial Auditorium, the Texas State Fairgrounds Coliseum, the Cotton Bowl, and the Cotton Bowl parking lot were each the site of part of the event. During the event, a new John Deere tractor with a diamond-covered nameplate was displayed for all to see inside Neiman-Marcus, a popular Dallas-based department store.
According to information released by the company at the time of the event, John Deere dealers and key employees came to Dallas via the ""largest commercial airlift of its type ever attempted"". During the 24 hours leading up to the event, 16 airlines brought Deere employees and salespeople from all over the United States and Canada to Love Field in Dallas. Bill Hewitt, then chairman and CEO of Deere & Company, welcomed the dealers and introduced the new tractors. Hewitt told the guests they were about to see ""a line of entirely new tractors – completely modern in every respect – with outstanding features not duplicated in any other make of tractor"".
Since entering the tractor business in 1918, John Deere had focused on two-cylinder machines. The New Generation of Power introduced at Deere Day in Dallas was very different from anything Deere had built before. The new line of four- and six-cylinder tractors, the models 1010, 2010, 3010, and 4010, were far more powerful than Deere's two-cylinder models, and also easier and more comfortable to operate, with conveniently located controls, better visibility, and improved seat suspension. These new tractors were also easier to service.
The 4010 was rated at 80 horsepower in 1960, but tested at 84 horsepower during testing trials, making it one of the most powerful two-wheel-drive farm tractors at that time. The 4010 was the predecessor to the 4020, which is widely regarded as the most popular tractor ever produced by John Deere, and perhaps any tractor manufacturer in the United States. Although the 4020, which was available with Deere's optional Power Shift, enjoyed greater popularity, the 4010 moved John Deere into the modern era of farm tractor technology and design following its successful history as a tractor manufacturer that was by the late 1950s experiencing waning market share due to its outdated technology.
In addition to the advanced engine technology, the ""10"" series tractors offered many other upgrades from the older two-cylinder models they replaced, including significantly higher horsepower-to-weight ratio, advanced hydraulics, more convenient and comfortable operator stations, and many other improvements. Of the ""10"" series John Deere tractors introduced in 1960, the 4010 was by far the most popular, with more than 58,000 units sold from 1960 to 1963. The success of the ""10"" series John Deere tractors, led by the 4010, helped propel John Deere from a 23% market share in 1959 to 34% by 1964 when the 4020 was introduced, making it the top manufacturer of farm equipment in the United States.
In 1972, Deere introduced its new Generation II 'Sound Idea Tractors', the 4030, 4230, 4430, and 4630. While these tractors were mechanically similar to the New Generation tractors they replaced, and the 4230, 4430, and 4630 used a 404-cubic-inch displacement engine like the 4020, they featured redesigned sheet metal and most importantly they were available with an optional completely integrated operator's cab that John Deere called the Sound Gard body. This insulated cab that included a roll-over protective structure had a distinctive rounded windshield and came equipped with heat and air conditioning, as well as speakers for an optional radio. An 8-track tape player was also available as an option. The 5020 was replaced by the very similar 6030 and continued in production with New Generation styling until 1977 when the 30 Series tractors were replaced by Deere's 'Iron Horses' series that included the 90-hp 4040, 110-hp 4240, 130-hp 4440, 150-HP 4640, and 180-hp 4840. The 4240, 4440, 4640, and 4840 featured a new 466-cubic-inch displacement engine, and improvements to the cab including an optional hydraulic seat for a smoother ride. The Sound Gard body and 8-speed Power Shift transmission were standard equipment on the 4840.
In 1983, Deere introduced the 4050, 4250, 4450, 4650, and 4850. These tractors were essentially the same machines as the Iron Horses they replaced, but with significant upgrades. They offered a new 15-speed PowerShift transmission and were available with an optional mechanical front-wheel drive featuring caster action for better traction and a tighter turning radius. They also featured cosmetic upgrades, including a new light brown cab interior, instead of the black interior on previous models. These tractors were followed in the late 80s by the mechanically similar 55 and 60 series tractors before they were replaced by Deere's completely redesigned 7000 and 8000 series tractors in the early 1990s.
In the 1962 Illinois Manufacturers Directory (50th-anniversary edition), John Deere, listed as Deere and Company, claimed a total workforce of 35,000, of which 9,000 were in Illinois. The corporate headquarters were located at 1325 Third Ave. in Moline, Illinois, with six manufacturing plants located around that city and a seventh plant in Hoopeston, Illinois. The six plants in Moline were listed as:

John Deere Harvester Works at 1100 13th Ave., East Moline, where 3,000 employees made agricultural implements
John Deere Industrial Equipment Works at 301 Third Ave., Moline, where 500 employees made earth-moving equipment
John Deere Malleable Works at 1335-13th Street, East Moline, where 600 employees made malleable and nodular iron castings
John Deere Planter Works at 501 Third Ave., Moline, where 1,000 employees made agricultural implements
John Deere Plow Works at 1225 Third Ave., Moline, where 1,100 employees made agricultural implements
John Deere Spreader Works at 1209-13th Ave., Moline where 800 employees made agricultural implements
The John Deere Vermilion Works was located at North Sixth Ave., Hoopeston, Illinois, where 140 employees were listed as making iron work and implement parts. Moline, with 42,705 residents in 1962, had the local 7,000 employees of John Deere represent 16% of the city's entire population.
In 1969, John Deere followed its New Generation tractors of the 1960s with a New Generation of combines. These included the 3300, 4400, 6600, and 7700. These models were also the first to come with Quik-Tatch header mounting capabilities as standard equipment. In the 1980s, these combines were followed by the 4420, 6620, 7720, and 8820 that were essentially updated and improved versions of the previous models with larger capacity, a better cab, and easier maintenance and service. The 4420 was discontinued in 1984 and replaced by the 4425 combines imported from Germany, and the 6620, 7720, and 8820 received the Titan II updates.
In 1989, Deere replaced the 6620, 7720, and 8820 with a new line of completely redesigned 'Maximizer' combines that included the 9400, 9500, and 9600 walker combines. These combines featured a center-mounted cab, rear-mounted engine, and more comforts in the cab. Also in 1989, Deere was inducted into the National Inventors Hall of Fame. In 1997, Deere celebrated 50 years of self-propelled combine production, and the 1997 models featured a 50th-anniversary decal. In 1998, the 9410, 9510, and 9610 were introduced. These were essentially the same machines, but with minor upgrades. Deere dealers offered '10 series' upgrades to owners of older 9000 series Maximizer combines. In 1999, Deere introduced the 50 series Maximizer combines. These machines featured significant cosmetic upgrades including a more streamlined appearance, improved ergonomics in the cab, PTO shaft-style header hook-up, and the larger models were available as rotary machines which were a complete departure from the combines that Deere had built in the past.
In the late 1970s, International Harvester had pioneered rotary combines with their Axial flow machines and were soon followed by other manufacturers, but Deere continued to build only conventional walker combines through the 1980s and 1990s. In 1999, John Deere introduced the Single-Tine Separation (STS) system on its 9550, 9650, and 9750 combines, representing a step forward in rotary combine technology. The STS system uses less horsepower and improves material handling.


=== 21st century ===
In 2014, the Smithsonian Museum named John Deere's original plough design as one of the objects that changed American history.
As of 2018, Deere & Company employed about 67,000 people worldwide, of which half are in the United States and Canada, and is the largest agriculture machinery company in the world. In August 2014, the company announced it was indefinitely laying off 600 of its workers at plants in Illinois, Iowa, and Kansas due to less demand for its products. Inside the United States, the company's primary locations are its World Headquarters in Moline, Illinois, and manufacturing factories in central and southeastern United States. As of 2016, the company experiments with an electric farm tractor.
The logo of the leaping deer has been used by this company for over 155 years. Over the years, the logo has had minor changes and pieces removed. Some of the older style logos have the deer leaping over a log. The company uses different logo colors for agricultural vs. construction products. The company's agricultural products are identifiable by a distinctive shade of green paint, with the inside border being yellow. By contrast, the construction products are identifiable by a shade of black with the deer being yellow, and the inside border also being yellow.
In September 2017, Deere & Company signed a definitive agreement to acquire Blue River Technology, which is based in Sunnyvale, California, and is applying machine learning to agriculture. Blue River has designed and integrated computer vision and machine learning technology that will enable growers to reduce the use of herbicides by spraying only where weeds are present.
In 2018, Deere and 90 Fortune 500 companies ""paid an effective federal tax rate of 0% or less"" as a result of Donald Trump´s Tax Cuts and Jobs Act of 2017.
In August 2019, it was announced that Samuel R. Allen would step down as CEO and president of John Deere. John May, president of the Worldwide Agriculture and Turf and Integrated Solutions divisions replaced him in November 2019.
In October 2021, about 10,000 employees, unionized with the United Auto Workers, went on strike following an impasse in contract negotiations.
In January 2022, the company introduced a self-driving tractor at the annual Consumer Electronics Show, designed for large-scale farming as opposed to existing comparable tractors designed for small-scale agriculture. It was part of a larger effort to develop so-called smart machines to make farming faster and more efficient than it would be relying on human labor, including through software, which would mean higher margins. The company said it wanted to ""connect 1.5 million machines in service and a half billion acres in use to its cloud-based John Deere Operations Center.""
In June 2022, Deere announced it would cease production of its model 3710 moldboard plow but would continue to offer its model 995 reversible plow.
In July 2024, Deere announced it would lay off 600 employees in its Midwest facilities and is considering moving the production of some components to Mexico. Donald Trump said he would impose 200% tariffs on Mexican-made equipment. The company announced more layoffs in August 2025, citing economic factors and decreased demand.


== Non-serviceability by owners or third parties ==
Late model John Deere farm equipment has been criticized for being impossible to be serviced or repaired by owners or third parties. Only John Deere has access to computer code required for this and to accept non-John-Deere replacement parts. Remote locking by the manufacturer may also be possible. This effectively makes the equipment unusable without the continued involvement of John Deere. It was reported that during the 2022 Russian invasion of Ukraine, Russian troops stole Ukrainian farm equipment and took it back to Russia, but that the dealers who owned the equipment locked it remotely.
John Deere's license covering the internal software on tractor control computers does not allow users or independent mechanics to modify the software. This prevents repairs by farmers and creates a monopoly for John Deere dealerships. John Deere claims user repair is forbidden by the Digital Millennium Copyright Act, through bypassing of digital rights management. Groups including the Electronic Frontier Foundation have criticised this activity, being contrary to the right to repair. Some farmers use Ukrainian versions of John Deere software to circumvent restrictions on repair. In February 2022, the US Senate introduced a bill to allow farmers to perform their own repairs. As of April 2022, right-to-repair bills had been introduced in 26 states.
In January 2023, John Deere signed a memorandum of understanding (MOU) with the American Farm Bureau Federation (AFBF) in which the company agreed to allow farmers and independent repair shops to purchase access to John Deere software, manuals, and other information needed to fix John Deere equipment. Walter Schweitzer, President of the Montana Farmers Union, expressed skepticism about the agreement, pointing out that the private-sector MOU lacks a legal enforcement mechanism and allows the company to pull out of the MOU if any right-to-repair legislation is enacted. As part of the MOU, the AFBF agreed to encourage state farm bureaus to ""refrain from introducing, promoting, or supporting federal or state 'Right to Repair' legislation that imposes obligations beyond the commitments in this MOU.""
The issue addressed by the MOU is still a problem for users of John Deere farm equipment in other countries such as Australia, where agricultural machinery is not covered by Australia's first right to repair law, a federal statute providing for mandatory data sharing in the automotive sector. In Australia, agricultural industry bodies have been and are lobbying for right to repair laws covering agricultural machinery. In November 2024, Australia's federal and state treasurers entered into a 10-year intergovernmental agreement on national competition policy that the federal treasurer, Jim Chalmers, has said was ""an important first step towards delivering broader 'right to repair' reforms ... especially in agriculture and farming"".


=== Legal issues concerning repair policies ===
In June 2022, 13 lawsuits from farms and farmers, alleging that John Deere and its affiliated dealerships had unlawfully conspired to monopolize and restrain the market for repair and maintenance services of John Deere equipment, were consolidated in federal court in Illinois. In February 2023, the United States Department of Justice filed a ""statement of interest"" in the case opposing a motion by John Deere to dismiss the case, arguing that restrictions on repair can harm both consumers and the public. 
In November 2023, U.S. District Judge Iain Johnston denied John Deere's motion to dismiss the case, finding that the plaintiffs' complaint ""is chock-full of factual allegations to support"" the conclusion that ""Deere has the ultimate control of the repair services market"" for John Deere equipment.
In January 2025, the Federal Trade Commission (FTC) filed an antitrust lawsuit against Deere over the company's restrictive repair policies. In its lawsuit, the FTC argued that Deere inflated repair costs for farmers by preventing independent shops from repairing Deere equipment. The FTC was joined in its lawsuit by five US states including Michigan and Wisconsin.


== Products ==
John Deere manufactures a wide range of products, often with several models of each.


=== Agricultural equipment ===
Agricultural products include, including tractors, combine harvesters, cotton harvesters, balers, planters/seeders, silage machines, sprayers, spreaders, dry machines, and grain carts.


=== Construction equipment ===
Construction equipment includes (but is not limited to):


=== Forestry equipment ===
John Deere manufactures a range of forestry machinery, among others, harvesters, forwarders, skidders, feller bunchers and log loaders. Timberjack was a subsidiary of John Deere from 2000 to 2006.


=== Other products ===
Other products the company manufactures include consumer and commercial equipment such as lawn mowers, compact utility tractors, snow throwers, snowmobiles, all-terrain vehicles, and StarFire (a wide-area differential GPS). It is also a supplier of diesel engines and powertrains (axles, transmissions, etc.) used especially in heavy equipment.

John Deere leasing has expanded to non-equipment loans. As of 2017, this is the leading division of John Deere. With a loan portfolio of $2 billion, it accounts for a third of John Deere's income.


== Factories ==

Major North American factories include:

Harvester Works (large combine harvesters), East Moline, Illinois
Cylinder Internal Platform (hydraulic cylinders), Moline, Illinois
Seeding Group (planting equipment), Moline, Illinois and Valley City, North Dakota
Davenport Works (wheel loaders, motor graders, articulated dump trucks, wheeled forestry equipment), Davenport, Iowa
Dubuque Works (backhoes, crawlers, skid-steer loaders, tracked forestry equipment), Dubuque, Iowa
Des Moines Works (tillage equipment, cotton harvesters, sprayers, and fertilizer spreaders), Ankeny, Iowa
Ottumwa Works (hay and forage equipment), Ottumwa, Iowa
Thibodaux Works (cane-harvesting equipment, scrapers), Thibodaux, Louisiana
Horicon Works (lawn and garden and turf care), Horicon, Wisconsin
Augusta Works (small commercial and agricultural tractors), Grovetown, Georgia
Turf Care (specialty golf equipment and commercial mowing), Fuquay-Varina, North Carolina
Industrias John Deere (agricultural tractors; construction equipment), (Monterrey, Mexico)
Motores John Deere (power systems; 6- and 4-cylinder engines, heavy-duty axles), Torreon, Mexico
Coffeyville Works (transmissions, pump drives, planetaries), Coffeyville, Kansas
Waterloo Works (tractor, cab, and assembly operations, drivetrain operations, foundry operations, service parts operations), Waterloo, Iowa
Power Systems and Engine Works (power systems and engines), Waterloo, Iowa
Greeneville Works (entry-level lawn care equipment), Greeneville, Tennessee
John Deere Kernersville (Tracked Hydraulic Excavators), Kernersville, North Carolina
Other important factories:

John Deere Usine Saran (power systems), Fleury-les-Aubrais, France
John Deere Argentina (engines, tractors, and combine harvesters), Granadero Baigorria, Santa Fe, Argentina
John Deere Equipment Pvt Ltd (5000-series tractors), Pune, India
John Deere Equipment Pvt Ltd (5000-series tractors), Dewas, India
John Deere Electronic Solutions, Fargo, ND and Pune, India
John Deere Harvester Works, Sirhind-Fategarh, India
John Deere Werke Mannheim (6000-series tractors), Mannheim, Germany
John Deere Brasil: Montenegro, Rio Grande do Sul (tractors), Horizontina - RS (harvesters and planters), Catalão - GO (sugarcane harvesters)
John Deere Brasil Construction & Forestry (tractors and excavators), Indaiatuba, Brazil
John Deere Werke Zweibrücken (harvesting equipment), Zweibrücken, Germany
John Deere Fabriek Horst (pulled and self-propelled agricultural sprayers), Horst, The Netherlands
John Deere Forestry Oy (forwarders, wheeled harvesters), Joensuu, Finland
John Deere Reman


== Equipment divisions ==


== Subsidiaries and affiliates ==


=== Current ===
AGRIS Corporation (John Deere Agri Services)
Bear Flag Robotics – Autonomous agricultural technology & equipment company
John Deere Ag Management Solutions (intelligent mobile equipment technologies), Urbandale, Iowa
John Deere Capital Corporation
John Deere Financial (John Deere Credit and Finance), Johnston, Iowa
Kemper (row tolerant headers for forage harvesters and combines), Stadtlohn, Germany
Waratah Forestry Attachments (forestry harvesting heads), Tokoroa, New Zealand
Agreentech
NavCom Technology, Inc. (precision positioning systems, see also StarFire), Torrance, California
John Deere Electronic Solutions (Ruggedized electronics), Fargo, North Dakota
Ningbo Benye Tractor & Automobile Manufacture Co. Ltd. (low HP tractors), Ningbo, China
Machinefinder (used equipment division and marketplace)
John Deere Technology Innovation Center, Research Park, University of Illinois at Urbana-Champaign
QCFS and Consolidating (attachment distribution center), Davenport, Iowa
Hagie Sprayers (Upfront Sprayers)
KingAgro (Sprayers) Argentina
PLA (sprayers) Argentina
Wirtgen Group
Blue River Technology – Pioneer in the use of computer vision and robotics for agriculture bringing crop protection into the digital era with see and spray machines that precisely observe and treat each plant in the field.


=== Former ===
John Deere Renewables, LLC, a wind energy plant manufacturing arm which represented John Deere's extension into the renewable energy industry – under which it had successfully completed 36 projects in eight US states – was sold to Exelon Energy in August 2010.


== Finances ==


== Carbon footprint ==
John Deere reported total CO2e emissions (direct and indirect) for the twelve months ending 30 September 2020 at 766 Kt (−155/−16.8% y-o-y) and plans to reduce emissions 15% by 2022 from a 2017 base year.


== Sponsorships ==

The John Deere Classic is an American professional golf tournament sponsored by the company.
John Deere sponsored the #23 and #97 cars for NASCAR driver Chad Little in the late 1990s.
John Deere sponsored the #17 car for NASCAR driver Ricky Stenhouse Jr. in the Monster Energy NASCAR Cup Series in the late 2010s.
John Deere previously sponsored the Carolina Hurricanes' ice resurfacers from early 2000s to mid 2010s.


== Green Magazine ==
Green Magazine is a publication devoted to John Deere enthusiasts. It was begun in November 1984 by Richard and Carol Hain of Bee, Nebraska.
In early November 1984, the first issue was mailed to 135 paid subscribers. It had 10 black-and-white pages with features on tractors, letters from readers, and advertisements. At the time, the magazine was published bimonthly. It was written in Lincoln, Nebraska, and mailed from the Bee post office.
The magazine grew rapidly, and in 1990, bowing to public demand, it became a monthly. Circulation continued to increase, and currently hovers around 30,000. The magazine now generally contains 88 full-color pages and is perfect bound. It is now printed in Michigan and mailed from several post offices throughout the country.


== Leadership ==


=== President ===
John Deere, 1967-2000
Charles Henry Deere, 1886–1907
William Butterworth, 1907–1928
Charles Deere Wiman, 1928–1955
William Alexander Hewitt, 1955–1964
Robert A. Hanson, 1982–1990
Hans Becherer, 1990–2000
Robert Lane, 2000–2009
Samuel Allen, 2009–2019
John C. May, 2020–present


=== Chairman of the Board ===
William Butterworth, 1928–1936
William Hewitt, 1964–1982
Robert A. Hanson, 1982–1990
Hans Becherer, 1990–2000
Robert Lane, 2000-2009
Samuel Allen, 2010–2020
John C. May, 2020-present


== See also ==

John Deere Buck
John Deere World Headquarters
List of John Deere tractors
History of agriculture in the United States § John Deere plows


== References ==


== Sources and further reading ==
Broehl, Wayne G. Jr. (1984). John Deere's Company: A History of Deere & Company and Its Times. New York City: Doubleday. ISBN 9780385196642. OCLC 10606276.
Dahlstrom, Jeremy; Dahlstrom, Neil (2005). The John Deere Story: A Biography of Plowmakers John & Charles Deere. Dekalb, Illinois: Northern Illinois University Press. ISBN 9780875803364. OCLC 56753352.
Dahlstrom, Neil.  Tractor Wars - John Deere, Henry Ford, International Harvester, and the Birth of Modern Agriculture (2022)
Kendall, Edward C. (1959). John Deere's Steel Plow. Washington, D.C.: Smithsonian Institution. OCLC 3302873.
Kendall,  Edward C.  ""Contributions from the Museum of History and Technology pt. 2: John Deere's Steel Plow."" Bulletin of the United States National Museum (1959). online
Leffingwell, Randy. The John Deere Century (2018), well illustrated


== External links ==

Official website
Business data for Deere & Company: 
Green Magazine
John Deere at RitchieWiki, the Equipment Wiki
John Deere's official youtube","In Rutland, Vermont, United States.","Deere & Company, most commonly known by its name John Deere, is an American corporation based in Moline, Illinois , and one of the largest manufacturers of agricultural machinery in the world.",0,0,supported,0.118250922978,-0.07509249859178313,-0.6758324873260482,9,,0.6134545803070068,2.12346138117,0.444692614953,0.6204463642526397,2,-1.84086340932,0.0,0.0,0.0,1.0,0.06744384765625,0.033111572265625,0.8994140625,1.3520372917184367,0.794462500880548,0.9276301772518586,0.5131736523778971,0.5,abstain
Q435_263,wikiqa,what did ronald reagan do as president,"Ronald Wilson Reagan (February 6, 1911 – June 5, 2004) was an American politician and actor who served as the 40th president of the United States from 1981 to 1989. As a child he was nicknamed ""Dutch"". As a member of the Republican Party, he became an important figure in the American conservative movement. The period encompassing his presidency is known as the Reagan era.
Born in Tampico, Illinois, Reagan graduated from Eureka College in 1932 and was hired the next year as a sports broadcaster in Iowa. In 1937, he moved to California where he became a well-known film actor. During his acting career, Reagan was president of the Screen Actors Guild twice from 1947 to 1952 and from 1959 to 1960. In the 1950s, he hosted General Electric Theater and worked as a motivational speaker for General Electric. During the 1964 presidential election, Reagan's ""A Time for Choosing"" speech launched his rise as a leading conservative figure. After being elected governor of California in 1966, he raised state taxes, turned the state budget deficit into a surplus and implemented crackdowns on university protests. Following his loss to Gerald Ford in the 1976 Republican Party presidential primaries, Reagan won the Republican Party's nomination and then obtained a landslide victory over President Jimmy Carter in the 1980 presidential election.
In his first term as president, Reagan began implementing ""Reaganomics"", a policy involving economic deregulation and cuts in both taxes and government spending during a period of stagflation. On the world stage, he escalated the arms race, increased military spending, transitioned Cold War policy away from détente, and ordered the 1983 invasion of Grenada. Reagan's first term was also notable for his survival of an assassination attempt, a well-publicized fight with public-sector labor unions, an expansion of the war on drugs, and his slow response to the AIDS epidemic. In the 1984 presidential election, Reagan was elected to a second term upon defeating former vice president Walter Mondale in one of the largest landslide victories in American history. Foreign affairs dominated Reagan's second term, including the 1986 bombing of Libya, the secret and illegal sale of arms to Iran to fund the Contras, and engaging in negotiations with Soviet leader Mikhail Gorbachev, which culminated in the Intermediate-Range Nuclear Forces Treaty.
Reagan left the presidency in 1989 with the American economy having seen a significant reduction of inflation, a fall in the unemployment rate, and the longest peacetime economic expansion in US history at that time; the national debt had nearly tripled since 1981 as a result of his tax cuts and increased military spending outweighing his cuts to domestic discretionary spending. Reagan's foreign policies also contributed to the end of the Cold War. Though he planned an active post-presidency, it was hindered after he was diagnosed with Alzheimer's disease in 1994, and his physical and mental capacities gradually deteriorated due to it, leading to his death in 2004. His tenure constituted a realignment toward conservative policies in the United States, and he is often considered an icon of American conservatism. Historical rankings of US presidents have typically placed Reagan in the middle to upper tier, and his post-presidential approval ratings by the general public are usually high.


== Early life ==

Ronald Wilson Reagan was born on February 6, 1911, in an apartment in Tampico, Illinois, as the younger son of Nelle Clyde Wilson and Jack Reagan. Nelle was committed to the Disciples of Christ, which believed in the Social Gospel. She led prayer meetings and ran mid-week prayers at her church when the pastor was out of town. Reagan credited her spiritual influence and he became a Christian. According to American political figure Stephen Vaughn, Reagan's values came from his pastor, and the First Christian Church's religious, economic and social positions ""coincided with the words, if not the beliefs of the latter-day Reagan"". Jack focused on making money to take care of the family, but this was complicated by his alcoholism. Reagan had an older brother, Neil. The family lived in Chicago, Galesburg, and Monmouth before returning to Tampico. In 1920, they settled in Dixon, Illinois, living in a house near the H. C. Pitney Variety Store Building.
Reagan attended Dixon High School, where he developed interests in drama and football. His first job was as a lifeguard at the Rock River in Lowell Park.
In 1928, Reagan began attending Eureka College, which Nelle approved because of its affiliation with the Disciples of Christ. He was a mediocre student who participated in cheerleading, sports, drama, and campus politics. He became student body president and joined a student strike that resulted in the college president's resignation. Reagan was initiated as a member of Tau Kappa Epsilon fraternity and served as president of the local chapter. Reagan played at the guard position for the 1930 and 1931 Eureka Red Devils football teams and recalled a time when two Black teammates were refused service at a segregated hotel; he invited them to his parents' home nearby in Dixon and his parents welcomed them. At the time, his parents' stance on racial questions was unusually progressive in Dixon. Reagan himself had grown up with very few Black Americans and felt oblivious to racial discrimination.


== Entertainment career ==


=== Radio and film ===

After obtaining a Bachelor of Arts in economics and sociology from Eureka College in 1932, Reagan took a job in Davenport, Iowa, as a sports broadcaster for four football games in the Big Ten Conference. He then worked for WHO radio in Des Moines as a broadcaster for the Chicago Cubs. His specialty was creating play-by-play accounts of games using only basic descriptions that the station received by wire as the games were in progress. Simultaneously, he often expressed his opposition to racism. In 1936, while traveling with the Cubs to their spring training in California, Reagan took a screen test that led to a seven-year contract with Warner Bros. Pictures.
Reagan arrived at Hollywood in 1937, debuting in Love Is on the Air (1937). Using a simple and direct approach to acting and following his directors' instructions, he made thirty films, mostly B films, before beginning military service in April 1942. He broke out of these types of films by portraying George Gipp in Knute Rockne, All American (1940), which would be rejuvenated when reporters called Reagan ""the Gipper"" while he campaigned for president. Reagan starred in Kings Row (1942) as a leg amputee; this performance was considered his best by many critics. Reagan became a star, with Gallup polls placing him ""in the top 100 stars"" from 1941 to 1942.
World War II interrupted the movie stardom that Reagan would never be able to achieve again as Warner Bros. became uncertain about his ability to generate ticket sales. Reagan, who had a limited acting range, was dissatisfied with the roles he received. Lew Wasserman renegotiated his contract with his studio, allowing him to also make films with Universal Pictures, Paramount Pictures, and RKO Pictures as a freelancer. Reagan appeared in multiple western films, something that had been denied to him while working at Warner Bros. In 1952, he ended his relationship with Warner Bros., but went on to appear in a total of 53 films, his last being The Killers (1964).


=== Military service ===

In April 1937, Reagan enlisted in the United States Army Reserve. He was assigned as a private in Des Moines' 322nd Cavalry Regiment and reassigned to second lieutenant in the Officers Reserve Corps. He later became a part of the 323rd Cavalry Regiment in California. As relations between the United States and Japan worsened, Reagan was ordered for active duty while he was filming Kings Row. Wasserman and Warner Bros. lawyers successfully sent draft deferments to complete the film in October 1941. However, to avoid accusations of Reagan being a draft dodger, the studio let him go in April 1942.
Reagan reported for duty with severe near-sightedness. His first assignment was at Fort Mason as a liaison officer, a role that allowed him to transfer to the United States Army Air Forces (AAF). Reagan became an AAF public relations officer and was assigned to the 18th AAF Base Unit in Culver City where he felt that it was ""impossible to remove an incompetent or lazy worker"" due to what he felt was ""the incompetence, the delays, and inefficiencies"" of the federal bureaucracy. Despite this, Reagan participated in the Provisional Task Force Show Unit in Burbank and continued to make theatrical films. He was also ordered to temporary duty in New York City to participate in the sixth War Loan Drive before being reassigned to Fort MacArthur until his discharge on December 9, 1945, as a captain. Throughout his military service, Reagan produced over 400 training films.


=== Screen Actors Guild presidency ===

When Robert Montgomery resigned as president of the Screen Actors Guild (SAG) on March 10, 1947, Reagan was elected to that position in a special election. Reagan's first tenure saw various labor–management disputes, the Hollywood blacklist, and the Taft–Hartley Act's implementation. Reagan aligned the union with the studios against the Conference of Studio Unions in the aftermath of the Hollywood Black Friday strike. In The Invisible Bridge, Rick Perlstein wrote that Reagan's actions lent legitimacy to the studio's efforts to crush the more radical union by giving liberals in SAG who did not want to strike ""a story that turned them into moral innocents instead of scabs"". On April 10, the Federal Bureau of Investigation (FBI) interviewed Reagan and he provided the names of actors whom he believed to be communist sympathizers. During a House Un-American Activities Committee hearing, Reagan testified that some guild members were associated with the Communist Party and that he was well-informed about a ""jurisdictional strike"". When asked if he was aware of communist efforts within the Screen Writers Guild, he called information about the efforts ""hearsay"". Reagan resigned as SAG president November 10, 1952, but remained on the board.
The SAG fought with film producers for the right to receive residual payments, and on November 16, 1959, the board elected Reagan SAG president for the second time. Reagan managed to secure payments for actors whose theatrical films had been released between 1948 and 1959 and subsequently televised. The producers were initially required to pay the actors fees, but they ultimately settled instead for providing pensions and paying residuals for films made after 1959. Reagan resigned from the SAG presidency on June 7, 1960, and also left the board.


=== Marriages and children ===

In January 1940, Reagan married Jane Wyman, his co-star in the 1938 film Brother Rat. Together, they had two biological daughters: Maureen in 1941, and Christine in 1947 (born prematurely and died the following day). They adopted one son, Michael, in 1945. Wyman filed for divorce in June 1948. She was uninterested in politics, and occasionally recriminated, reconciled and separated with him. Although Reagan was unprepared, the divorce was finalized in July 1949. Later that year, Reagan met Nancy Davis after she contacted him in his capacity as the SAG president about her name appearing on a communist blacklist in Hollywood; she had been mistaken for another Nancy Davis. They married in March 1952, and had two children, Patti in October 1952, and Ron in May 1958.


=== Television ===
Reagan became the host of MCA Inc. television production General Electric Theater at Wasserman's recommendation. It featured multiple guest stars, and Ronald and Nancy Reagan, continuing to use her stage name Nancy Davis, acted together in three episodes. When asked how Reagan was able to recruit such stars to appear on the show during television's infancy, he replied, ""Good stories, top direction, production quality"". However, the viewership declined in the 1960s and the show was canceled in 1962. In 1965, Reagan became the host of another MCA production, Death Valley Days.


== Early political activities ==

Reagan began his political career as a Democrat, viewing Franklin D. Roosevelt as ""a true hero"". He joined the American Veterans Committee and Hollywood Independent Citizens Committee of the Arts, Sciences and Professions (HICCASP), worked with the AFL–CIO to fight right-to-work laws, and continued to speak out against racism when he was in Hollywood. In 1945, Reagan planned to lead an HICCASP anti-nuclear rally, but Warner Bros. prevented him from going. In 1946, he appeared in a radio program called Operation Terror to speak out against rising Ku Klux Klan activity, calling it a ""capably organized systematic campaign of fascist violence and intimidation and horror"". Reagan supported Harry S. Truman in the 1948 presidential election, and Helen Gahagan Douglas for the US Senate in 1950. It was Reagan's belief that communism was a powerful backstage influence in Hollywood that led him to rally his friends against them.
Reagan began shifting to the right when he supported the presidential campaigns of Dwight D. Eisenhower in 1952 and Richard Nixon in 1960. When Reagan was contracted by General Electric (GE), he gave speeches to their employees. His speeches had a positive take on free markets. In 1961, Reagan adapted his speeches into another speech to criticize Medicare. In his view, its legislation would have meant ""the end of individual freedom in the United States"". In 1962, Reagan was dropped by GE, and he formally registered as a Republican.
In the 1964 US presidential election, Reagan gave a speech for presidential contender Barry Goldwater that was eventually referred to as ""A Time for Choosing"". Reagan argued that the Founding Fathers ""knew that governments don't control things. And they knew when a government sets out to do that, it must use force and coercion to achieve its purpose"" and that ""We've been told increasingly that we must choose between left or right"". Even though the speech was not enough to turn around the faltering Goldwater campaign, it increased Reagan's profile among conservatives. David S. Broder and Stephen H. Hess called it ""the most successful national political debut since William Jennings Bryan electrified the 1896 Democratic convention with his famous 'Cross of Gold' address"".


=== 1966 California gubernatorial election ===

In January 1966, Reagan announced his candidacy for the California governorship, repeating his stances on individual freedom and big government. When he met with black Republicans in March, he was criticized for opposing the Civil Rights Act of 1964. Reagan responded that bigotry was not in his nature and later argued that certain provisions of the act infringed upon the rights of property owners. After the Supreme Court of California ruled that the initiative that repealed the Rumford Act was unconstitutional in May, he voiced his support for the act's repeal, but later preferred amending it. In the Republican primary, Reagan defeated George Christopher, a moderate Republican who William F. Buckley Jr. thought had painted Reagan as extreme.
Reagan's general election opponent, incumbent governor Pat Brown, attempted to label Reagan as an extremist. Reagan portrayed himself as a political outsider, and charged Brown as responsible for the Watts riots and lenient on crime. In numerous speeches, Reagan ""hit the Brown administration about high taxes, uncontrolled spending, the radicals at the University of California, Berkeley, and the need for accountability in government"". Meanwhile, many in the press perceived Reagan as ""monumentally ignorant of state issues"", though Lou Cannon said that Reagan benefited from an appearance he and Brown made on Meet the Press in September. Reagan won the governorship with 58% of the vote compared to Brown's 42%.


== California governorship (1967–1975) ==

Brown had spent much of California's funds on new programs, prompting them to use accrual accounting to avoid raising taxes. Consequently, it generated a larger deficit, and Reagan called for reduced government spending and tax hikes to balance the budget. He worked with Jesse M. Unruh on securing tax increases and promising future property tax cuts. This caused some conservatives to accuse Reagan of betraying his principles. As a result, taxes on sales, banks, corporate profits, inheritances, liquor, and cigarettes jumped. Kevin Starr states Reagan ""gave Californians the biggest tax hike in their history—and got away with it"". In the 1970 gubernatorial election, Unruh used Reagan's tax policy against him, saying it disproportionally favored the wealthy. Reagan countered that he was still committed to reducing property taxes. By 1973, the budget had a surplus, which Reagan preferred ""to give back to the people"".
In 1967, Reagan reacted to the Black Panther Party's strategy of copwatching by signing the Mulford Act to prohibit the public carrying of firearms. The act was California's most restrictive piece of gun control legislation, with critics saying that it was ""overreacting to the political activism of organizations such as the Black Panthers"". The act marked the beginning of both modern legislation and public attitude studies on gun control. Reagan also signed the 1967 Therapeutic Abortion Act that allowed abortions in the cases of rape and incest when a doctor determined the birth would impair the physical or mental health of the mother. He later expressed regret over signing it, saying that he was unaware of the mental health provision. He believed that doctors were interpreting the provision loosely, resulting in more abortions.
After Reagan won the 1966 election, he and his advisors planned a run in the 1968 Republican presidential primaries. He ran as an unofficial candidate to cut into Nixon's southern support and be a compromise candidate if there were to be a brokered convention. He won California's delegates, but Nixon secured enough delegates for the nomination.
Reagan had previously been critical of former governor Brown and university administrators for tolerating student demonstrations in the city of Berkeley, making it a major theme in his campaigning. On February 5, 1969, Reagan declared a state of emergency in response to ongoing protests and violence at the University of California, Berkeley, and sent in the California Highway Patrol. In May 1969, these officers, along with local officers from Berkeley and Alameda county, clashed with protestors over a site known as the People's Park. One student was shot and killed while many police officers and two reporters were injured. Reagan then commanded the state National Guard troops to occupy Berkeley for seventeen days to subdue the protesters, allowing other students to attend class safely. In February 1970, violent protests broke out near the University of California, Santa Barbara, where he once again deployed the National Guard. On April 7, Reagan defended his policies regarding campus protests, saying, ""If it takes a bloodbath, let's get it over with. No more appeasement"".
During his victorious reelection campaign in 1970, Reagan, remaining critical of government, promised to prioritize welfare reform. He was concerned that the programs were disincentivizing work and that the growing welfare rolls would lead to both an unbalanced budget and another big tax hike in 1972. At the same time, the Federal Reserve increased interest rates to combat inflation, putting the American economy in a mild recession. Reagan worked with Bob Moretti to tighten up the eligibility requirements so that the financially needy could continue receiving payments. This was only accomplished after Reagan softened his criticism of Nixon's Family Assistance Plan. Nixon then lifted regulations to shepherd California's experiment. In 1976, the Employment Development Department published a report suggesting that the experiment that ran from 1971 to 1974 was unsuccessful.
Reagan declined to run for the governorship in 1974 and it was won by Pat Brown's son, Jerry. Reagan's governorship, as professor Gary K. Clabaugh writes, saw public schools deteriorate due to his opposition to additional basic education funding. As for higher education, journalist William Trombley believed that the budget cuts Reagan enacted damaged Berkeley's student-faculty ratio and research. The homicide rate doubled and armed robbery rates rose by even more during Reagan's eight years, even with the many laws Reagan signed to try toughening criminal sentencing and reforming the criminal justice system. Reagan strongly supported capital punishment, but his efforts to enforce it were thwarted by People v. Anderson in 1972. According to his son, Michael, Reagan said that he regretted signing the Family Law Act that granted no-fault divorces.


== Seeking the presidency (1975–1981) ==


=== 1976 Republican primaries ===

Insufficiently conservative to Reagan and many other Republicans, President Gerald Ford suffered from multiple political and economic woes. Ford, running for president, was disappointed to hear him also run. Reagan was strongly critical of détente and Ford's policy of détente with the Soviet Union. He repeated ""A Time for Choosing"" around the country before announcing his campaign on November 20, 1975, when he discussed economic and social problems, and to a lesser extent, foreign affairs. Both candidates were determined to knock each other out early in the primaries, but Reagan would devastatingly lose the first five primaries beginning with New Hampshire, where he popularized the welfare queen narrative about Linda Taylor, exaggerating her misuse of welfare benefits and igniting voter resentment for welfare reform, but never overtly mentioning her name or race.
In Florida, Reagan used racially coded rhetoric to undermine Food Stamps, referring to recipients as ""strapping young buck[s]"", and attacked Ford for handing the Panama Canal to Panama's government, while Ford implied that Reagan would end Social Security. Then, in Illinois, Reagan again criticized Ford's policy and his secretary of state, Henry Kissinger. Losing the first five primaries prompted Reagan to desperately win North Carolina's by running a grassroots campaign and uniting with the Jesse Helms political machine that viciously attacked Ford. Reagan won an upset victory, convincing party delegates that Ford's nomination was no longer guaranteed. Reagan won subsequent victories in Texas, Alabama, Georgia, and Indiana with his attacks on social programs, opposition to forced busing to achieve school desegregation, and repeated criticisms of Ford and Kissinger's policies, including détente.

The result was a seesaw battle for the 1,130 delegates required for their party's nomination that neither would reach before the Kansas City convention in August and Ford replacing mentions of détente with Reagan's preferred phrase, ""peace through strength"". Reagan took John Sears' advice of choosing liberal Richard Schweiker as his running mate, hoping to pry loose of delegates from Pennsylvania and other states, and distract Ford. Instead, conservatives were left alienated, and Ford picked up the remaining uncommitted delegates, earning 1,187 to Reagan's 1,070.
After giving his acceptance speech, Ford invited Reagan to address the convention. Reagan gave an eloquent and stirring speech that overshadowed Ford's own acceptance address, despite being little more than five minutes long. Some delegates later stated that they left the convention wondering if they had voted for the wrong candidate. A contemporary media account stated that if a motion to reconsider the nomination had been in order, it might have passed.
In 1977, Ford told Cannon that Reagan's primary challenge contributed to his own narrow loss to Democrat Jimmy Carter in the 1976 presidential election.


=== 1980 election ===

Reagan emerged as a vocal critic of President Carter in 1977. The Panama Canal Treaty's signing, the 1979 oil crisis, and rise in the interest, inflation and unemployment rates helped set up his 1980 presidential campaign, which he announced on November 13, 1979 with an indictment of the federal government. His announcement stressed his fundamental principles of tax cuts to stimulate the economy and having both a small government and a strong national defense, since he believed the United States was behind the Soviet Union militarily. Heading into 1980, his age became an issue among the press, and the United States was in a severe recession.
In the primaries, Reagan unexpectedly lost the Iowa caucus to George H. W. Bush. Three days before the New Hampshire primary, the Reagan and Bush campaigns agreed to a one-on-one debate sponsored by The Telegraph at Nashua, New Hampshire, but hours before the debate, the Reagan campaign invited other candidates including Bob Dole, John B. Anderson, Howard Baker and Phil Crane. Debate moderator Jon Breen denied seats to the other candidates, asserting that The Telegraph would violate federal campaign contribution laws if it sponsored the debate and changed the ground rules hours before the debate. As a result, the Reagan campaign agreed to pay for the debate. Reagan said that as he was funding the debate, he could decide who would debate. During the debate, when Breen was laying out the ground rules and attempting to ask the first question, Reagan interrupted in protest to make an introductory statement and wanted other candidates to be included before the debate began. The moderator asked Bob Malloy, the volume operator, to mute Reagan's microphone. After Breen repeated his demand to Malloy, Reagan furiously replied, ""I am paying for this microphone, Mr. Green! [sic]"". This turned out to be the turning point of the debate and the primary race. Ultimately, the four additional candidates left, and the debate continued between Reagan and Bush. Reagan's polling numbers improved, and he won the New Hampshire primary by more than 39,000 votes. Soon thereafter, Reagan's opponents began dropping out of the primaries, including Anderson, who left the party to become an independent candidate. Reagan easily captured the presidential nomination and chose Bush as his running mate at the Detroit convention in July.
The general election pitted Reagan against Carter amid the multitude of domestic concerns and ongoing Iran hostage crisis that began on November 4, 1979. Reagan's campaign worried that Carter would be able to secure the release of the American hostages in Iran as part of the October surprise, Carter ""suggested that Reagan would wreck Social Security"" and portrayed him as a warmonger, and Anderson carried support from liberal Republicans dissatisfied with Reagan's conservatism. One of Reagan's key strengths was his appeal to the rising conservative movement. Though most conservative leaders espoused cutting taxes and budget deficits, many conservatives focused more closely on social issues like abortion and gay rights. Evangelical Protestants became an increasingly important voting bloc, and they generally supported Reagan. Reagan also won the backing of Reagan Democrats. Though he advocated socially conservative viewpoints, Reagan focused much of his campaign on attacks against Carter's foreign policy.
In August, Reagan gave a speech at the Neshoba County Fair, stating his belief in states' rights. Historians like Joseph Crespino argue that the visit was designed to incite racial animus in white Southern voters, and some also saw these actions as an extension of the Southern strategy to garner white support for Republican candidates. Allies and supporters of Reagan have said that this was his typical anti-big government rhetoric, without racial context or intent. In the October 28 debate, Carter chided Reagan for being against national health insurance. Reagan replied, ""There you go again"", though the audience laughed and viewers found him more appealing. Reagan later asked the audience if they were better off than they were four years ago, slightly paraphrasing Roosevelt's words in 1934. In 1983, Reagan's campaign managers were revealed to having obtained Carter's debate briefing book before the debates. On November 4, 1980, Reagan won in a decisive victory in the Electoral College over Carter, carrying 44 states and receiving 489 electoral votes to Carter's 49 in six states and the District of Columbia. He won the popular vote by a narrower margin, receiving nearly 51 percent to Carter's 41 percent and Anderson's 7 percent. Republicans won a majority of seats in the Senate for the first time since 1952 while Democrats retained the House of Representatives.


== Presidency (1981–1989) ==


=== First inauguration ===

Reagan was inaugurated as the 40th president of the United States on January 20, 1981. Chief Justice Warren E. Burger administered the presidential oath of office. In his inaugural address, Reagan commented on the country's economic malaise, arguing, ""In this present crisis, government is not the solution to our problem, government is the problem"". As a final insult to President Carter, Iran waited until Reagan had been sworn in before announcing the release of their American hostages.


=== ""Reaganomics"" and the economy ===

Reagan advocated a laissez-faire philosophy, and promoted a set of neoliberal reforms dubbed ""Reaganomics"", which included monetarism and supply-side economics.


==== Taxation ====

Reagan worked with the boll weevil Democrats to pass tax and budget legislation in a Congress led by Tip O'Neill, a liberal who strongly criticized Reaganomics. He lifted federal oil and gasoline price controls on January 28, 1981, and in August, he signed the Economic Recovery Tax Act of 1981 to dramatically lower federal income tax rates and require exemptions and brackets to be indexed for inflation starting in 1985. Amid growing concerns about the mounting federal debt, Reagan signed the Tax Equity and Fiscal Responsibility Act of 1982, one of the eleven times Reagan raised taxes. The bill doubled the federal cigarette tax, rescinded a portion of the corporate tax cuts from the 1981 tax bill, and according to Paul Krugman, ""a third of the 1981 cut"" overall. Many of his supporters condemned the bill, but Reagan defended his preservation of cuts on individual income tax rates. By 1983, the amount of federal tax had fallen for all or most taxpayers, with taxes for higher-income people decreasing the most.
The Tax Reform Act of 1986 reduced the number of tax brackets and top tax rate, and almost doubled personal exemptions.
Reagan believed the tax cuts would not have increased the deficit as long as there was enough economic growth and spending cuts. His policies proposed that economic growth would occur when the tax cuts spurred investments. This theoretical relationship has been illustrated by some with the controversial Laffer curve. Critics labeled this ""trickle-down economics"", the belief that tax policies that benefit the wealthy will spread to the poor. Milton Friedman and Robert Mundell argued that these policies invigorated America's economy and contributed to the economic boom of the 1990s.


==== Inflation and unemployment ====

Reagan took office in the midst of stagflation. The economy briefly experienced growth before plunging into a recession in July 1981. As Federal Reserve chairman, Paul Volcker fought inflation by pursuing a tight money policy of high interest rates, which restricted lending and investment, raised unemployment, and temporarily reduced economic growth. In December 1982, the Bureau of Labor Statistics (BLS) measured the unemployment rate at 10.8 percent. Around the same time, economic activity began to rise until its end in 1990, setting the record for the (then) longest peacetime expansion. In 1983, the recession ended and Reagan nominated Volcker to a second term in fear of damaging confidence in the economic recovery.
Reagan appointed Alan Greenspan to succeed Volcker in 1987. Greenspan raised interest rates in another attempt to curb inflation, setting off the Black Monday stock market crash, although the markets eventually recovered. By 1989, the BLS measured unemployment at 5.3 percent. The inflation rate dropped from 12 percent during the 1980 election to under 5 percent in 1989. Likewise, the interest rate dropped from 15 percent to under 10 percent. Yet, not all shared equally in the economic recovery, and both economic inequality and the number of homeless individuals increased during the 1980s. Critics have contended that a majority of the jobs created during this decade paid the minimum wage.


==== Government spending ====
In 1981, in an effort to keep it solvent, Reagan approved a plan for cuts to Social Security. He later backed off due to public backlash. He then created the Greenspan Commission to keep Social Security financially secure, and in 1983 he signed amendments to raise both the program's payroll taxes and retirement age for benefits. He had signed the Omnibus Budget Reconciliation Act of 1981 to cut funding for federal assistance such as food stamps, unemployment benefits, subsidized housing and the Aid to Families with Dependent Children, and would discontinue the Comprehensive Employment and Training Act. On the other side, defense spending doubled between 1981 and 1985. During Reagan's presidency, Project Socrates operated within the Defense Intelligence Agency to discover why the United States was unable to maintain its economic competitiveness. According to program director Michael Sekora, their findings helped the country surpass the Soviets in terms of missile defense technology.


==== Deregulation ====
Reagan sought to loosen federal regulation of economic activities, and he appointed key officials who shared this agenda. William Leuchtenburg writes that by 1986, the Reagan administration eliminated almost half of the federal regulations that had existed in 1981. The 1982 Garn–St. Germain Depository Institutions Act deregulated savings and loan associations by letting them make a variety of loans and investments outside of real estate. After the bill's passage, savings and loans associations engaged in riskier activities, and the leaders of some institutions embezzled funds. The administration's inattentiveness toward the industry contributed to the savings and loan crisis and costly bailouts.


==== Deficits ====
The deficits were exacerbated by the early 1980s recession, which cut into federal revenue. The national debt tripled between the fiscal years of 1980 and 1989, and the national debt as a percentage of the gross domestic product rose from 33 percent in 1981 to 53 percent by 1989. During his time in office, Reagan never fulfilled his 1980 campaign promise of submitting a balanced budget. The United States borrowed heavily to cover newly spawned federal budget deficits. Reagan described the tripled debt the ""greatest disappointment of his presidency"". Jeffrey Frankel opined that the deficits were a major reason why Reagan's successor, Bush, reneged on his campaign promise by raising taxes through the Budget Enforcement Act of 1990.


=== Assassination attempt ===

On March 30, 1981, Reagan was shot by John Hinckley Jr. outside the Washington Hilton. Although ""right on the margin of death"" upon arrival at George Washington University Hospital, Reagan underwent surgery and recovered quickly from a broken rib, punctured lung, and internal bleeding. Later, Reagan came to believe that God had spared his life ""for a chosen mission"".


=== Supreme Court appointments ===

Reagan appointed three Associate Justices to the Supreme Court of the United States: Sandra Day O'Connor in 1981, which fulfilled a campaign promise to name the first female justice to the Court, Antonin Scalia in 1986, and Anthony Kennedy in 1988. He also elevated William Rehnquist from Associate Justice to Chief Justice in 1986. The direction of the Supreme Court's reshaping has been described as conservative.


=== Public sector labor union fights ===

Early in August 1981, the Professional Air Traffic Controllers Organization (PATCO) went on strike, violating a federal law prohibiting government unions from striking. On August 3, Reagan said that he would fire air traffic controllers if they did not return to work within 48 hours; according to him, 38 percent did not return. On August 13, Reagan fired roughly 12,000 striking air traffic controllers who ignored his order. He used military controllers and supervisors to handle the nation's commercial air traffic until new controllers could be hired and trained. The breaking of the PATCO strike demoralized organized labor, and the number of strikes fell greatly in the 1980s. With the assent of Reagan's sympathetic National Labor Relations Board appointees, many companies also won wage and benefit cutbacks from unions, especially in the manufacturing sector. During Reagan's presidency, the share of employees who were part of a labor union dropped from approximately one-fourth of the total workforce to approximately one-sixth of the total workforce.


=== Civil rights ===

Despite Reagan having opposed the Voting Rights Act of 1965, which he long-deemed ""humiliating to the South"", the bill was extended for 25 years in 1982. He initially opposed the establishment of Martin Luther King Jr. Day, believing that the momentum for establishing the holiday was ""based on an image, not reality,"" but signed a bill to create the holiday in 1983 after it passed both houses of Congress with veto-proof margins. In 1984, he signed legislation intended to impose fines for fair housing discrimination offenses. In March 1988, Reagan vetoed the Civil Rights Restoration Act of 1987, but Congress overrode his veto. He had argued that the bill unreasonably increased the federal government's power and undermined the rights of churches and business owners. In doing so, Reagan was the first US president to veto civil rights legislation since Andrew Johnson vetoed the Civil Rights Act of 1866, which was also overridden by Congress. Later in September, legislation was passed to correct loopholes in the Fair Housing Act of 1968.
Early in his presidency, Reagan appointed Clarence M. Pendleton Jr., known for his opposition to affirmative action and equal pay for men and women, as chair of the United States Commission on Civil Rights. Pendleton and Reagan's subsequent appointees greatly eroded the enforcement of civil rights law, arousing the ire of civil rights advocates. In 1987, Reagan unsuccessfully nominated Robert Bork to the Supreme Court as a way to achieve his civil rights policy that could not be fulfilled during his presidency; his administration had opposed affirmative action, particularly in education, federal assistance programs, housing and employment, but Reagan reluctantly continued these policies. In housing, Reagan's administration saw considerably fewer fair housing cases filed than the three previous administrations.


=== War on drugs ===

In response to concerns about the increasing crack epidemic, Reagan intensified the war on drugs in 1982. While the American public did not see drugs as an important issue then, the FBI, Drug Enforcement Administration and the United States Department of Defense all increased their anti-drug funding immensely. Reagan's administration publicized the campaign to gain support after crack became widespread in 1985. Reagan signed the Anti-Drug Abuse Act of 1986 and 1988 to specify penalties for drug offenses. Both bills have been criticized in the years since for promoting racial disparities. Nancy Reagan founded the ""Just Say No"" campaign to discourage others from engaging in recreational drug use and raise awareness about the dangers of drugs. A 1988 study showed 39 percent of high school seniors using illegal drugs compared to 53 percent in 1980, but Scott Lilienfeld and Hal Arkowitz say that the success of these types of campaigns has not been affirmatively proven.


=== Escalation of the Cold War ===

Reagan ordered a massive defense buildup; he revived the B-1 Lancer program that had been rejected by the Carter administration, and deployed the MX missile. In response to Soviet deployment of the SS-20, he oversaw NATO's deployment of the Pershing missile in Western Europe. In 1982, Reagan tried to cut off the Soviet Union's access to hard currency by impeding its proposed gas line to Western Europe. This hurt the Soviet economy, but also caused ill will among American allies in Europe who counted on the resulting revenue; he later retreated on this issue. In March 1983, Reagan introduced the Strategic Defense Initiative (SDI) to protect the United States from space intercontinental ballistic missiles. He believed that this defense shield could protect the country from nuclear destruction in a hypothetical nuclear war with the Soviet Union. There was much disbelief among the scientific community surrounding the program's scientific feasibility, leading opponents to dub the SDI ""Star Wars"", although Soviet leader Yuri Andropov said it would lead to ""an extremely dangerous path"".

In a 1982 address to the British Parliament, Reagan said, ""the march of freedom and democracy... will leave Marxism–Leninism on the ash heap of history"". Dismissed by the American press as ""wishful thinking"", Margaret Thatcher called the address a ""triumph"". David Cannadine says of Thatcher that ""Reagan had been grateful for her interest in him at a time when the British establishment refused to take him seriously"", with the two agreeing on ""building up stronger defenses against Soviet Russia"" and both believing in outfacing ""what Reagan would later call 'the evil empire'"", in reference to the Soviet Union, during a speech to the National Association of Evangelicals in March 1983. After Soviet fighters downed Korean Air Lines Flight 007 in September, which included Congressman Larry McDonald and 61 other Americans, Reagan expressed outrage towards the Soviet Union. The next day, reports suggested that the Soviets had fired on the plane by mistake. In spite of the harsh, discordant rhetoric, Reagan's administration continued discussions with the Soviet Union on START I.

Although the Reagan administration agreed with the communist government in China to reduce the sale of arms to Taiwan in 1982, Reagan was the first US president to explicitly reject containment and détente, instead advancing the idea that the Soviet Union could be defeated rather than managed through negotiation. His covert aid to Afghan mujahideen forces through Pakistan against the Soviets has been given credit for assisting in ending the Soviet occupation of Afghanistan. However, the United States was subjected to blowback in the form of the Taliban that opposed them in the war in Afghanistan. In his 1985 State of the Union Address, Reagan proclaimed, ""Support for freedom fighters is self-defense."" Through the Reagan Doctrine, his administration supported anti-communist movements that fought against groups backed by the Soviet Union in an effort to rollback Soviet-backed communist governments and reduce Soviet influence across the world. The Reagan administration ignored human rights violations in the countries they backed and held a narrow definition of human rights. Other human rights concerns include the genocide in Guatemala, as well as mass killings in Chad.


=== Invasion of Grenada ===

On October 19, 1983, Maurice Bishop was overthrown and murdered by one of his colleagues. Several days later, Reagan ordered American forces to invade Grenada. Reagan cited a regional threat posed by a Soviet-Cuban military build-up and concern for the safety of hundreds of American medical students at St. George's University. Two days of fighting commenced, resulting in an American victory. While the invasion enjoyed public support in the United States, it was criticized internationally, with the United Nations General Assembly voting to censure the American government. Cannon later noted that throughout Reagan's 1984 presidential campaign, the invasion overshadowed the 1983 Beirut barracks bombings, which killed 241 Americans taking part in an international peacekeeping operation during the Lebanese Civil War.


=== 1984 election ===

Reagan announced his reelection campaign on January 29, 1984, declaring, ""America is back and standing tall"". In February, his administration reversed the unpopular decision to send the United States Marine Corps to Lebanon, thus eliminating a political liability for him. Reagan faced minimal opposition in the Republican primaries, and he and Bush accepted the nomination at the Dallas convention in August. In the general election, his campaign ran the commercial, ""Morning in America"". At a time when the American economy was already recovering, former vice president Walter Mondale was attacked by Reagan's campaign as a ""tax-and-spend Democrat"", while Mondale criticized the deficit, the SDI, and Reagan's civil rights policy. However, Reagan's age induced his campaign managers to minimize his public appearances. Mondale's campaign believed that Reagan's age and mental health were issues before the October presidential debates.
Following Reagan's performance in the first debate where he struggled to recall statistics, his age was brought up by the media in negative fashion. Reagan's campaign changed his tactics for the second debate where he quipped, ""I will not make age an issue of this campaign. I am not going to exploit, for political purposes, my opponent's youth and inexperience"". This remark generated applause and laughter, even from Mondale. At that point, Broder suggested that age was no longer a liability for Reagan, and Mondale's campaign felt that ""the election was over"". In November, Reagan won a landslide reelection victory with 59 percent of the popular vote and 525 electoral votes from 49 states. Mondale won 41 percent of the popular vote and 13 electoral votes from the District of Columbia and his home state of Minnesota.


=== Response to the AIDS epidemic ===

The AIDS epidemic began to unfold in 1981, and AIDS was initially difficult to understand for physicians and the public. As the epidemic advanced, according to White House physician and later physician to the president, brigadier general John Hutton, Reagan thought of AIDS as though ""it was the measles and would go away"". The October 1985 death of the President's friend Rock Hudson affected Reagan's view; Reagan approached Hutton for more information on the disease. Still, between September 18, 1985, and February 4, 1986, Reagan did not mention AIDS in public.
In 1986, Reagan asked C. Everett Koop to develop a report on AIDS. Koop angered many evangelical conservatives, both in and out of the Reagan administration, by stressing the importance of sex education including condom usage in schools. A year later, Reagan, who reportedly had not read the report, gave his first speech on the epidemic when 36,058 Americans had been diagnosed with AIDS, and 20,849 had died of it. Reagan called for increased testing (including routine testing for marriage applicants) and mandatory testing of select groups (including federal prisoners). Even after this speech, however, Reagan remained reluctant to publicly address AIDS.
Scholars and AIDS activists have argued that the Reagan administration largely ignored the AIDS crisis. Randy Shilts and Michael Bronski said that AIDS research was chronically underfunded during Reagan's administration, and Bronski added that requests for more funding by doctors at the Centers for Disease Control and Prevention were routinely denied. In a September 1985 press conference (soon after Hollywood celebrity Rock Hudson had announced his AIDS diagnosis) Reagan called a government AIDS research program a ""top priority"", but also cited budgetary constraints. Between the fiscal years of 1984 and 1989, federal spending on AIDS totaled $5.6 billion. The Reagan administration had proposed $2.8 billion during this time period, but pressure from congressional Democrats resulted in the larger amount.


=== Addressing apartheid ===

Popular opposition to apartheid increased during Reagan's first term in office and the disinvestment from South Africa movement achieved critical mass after decades of growing momentum. Criticism of apartheid was particularly strong on college campuses and among mainline Protestant denominations. President Reagan was opposed to divestiture because he personally thought, as he wrote in a letter to Sammy Davis Jr., it ""would hurt the very people we are trying to help and would leave us no contact within South Africa to try and bring influence to bear on the government"". He also noted the fact that the ""American-owned industries there employ more than 80,000 blacks"" and that their employment practices were ""very different from the normal South African customs"".
The Reagan administration developed constructive engagement with the South African government as a means of encouraging it to gradually move away from apartheid and to give up its nuclear weapons program. It was part of a larger initiative designed to foster peaceful economic development and political change throughout southern Africa. This policy, however, engendered much public criticism, and renewed calls for the imposition of stringent sanctions. Desmond Tutu described Reagan administration as ""an unmitigated disaster for us blacks"", and Reagan himself as ""a racist pure and simple"".
In response, Reagan announced the imposition of new sanctions on the South African government, including an arms embargo in late 1985. These sanctions were seen as weak by anti-apartheid activists and as insufficient by the president's opponents in Congress. In 1986, Congress approved the Comprehensive Anti-Apartheid Act, which included tougher sanctions; Reagan's veto was overridden by Congress. Afterward, he remained opposed to apartheid and unsure of ""how best to oppose it"". Several European countries, as well as Japan, also imposed their sanctions on South Africa soon after.


=== Libya bombing ===

Contentious relations between Libya and the United States under President Reagan were revived in the West Berlin discotheque bombing that killed an American soldier and injured dozens of others on April 5, 1986. Stating that there was irrefutable evidence that Libya had a direct role in the bombing, Reagan authorized the use of force against the country. On April 14, the United States launched a series of airstrikes on ground targets in Libya. Thatcher allowed the United States Air Force to use Britain's air bases to launch the attack, on the justification that the United Kingdom was supporting America's right to self-defense under Article 51 of the Charter of the United Nations. The attack was, according to Reagan, designed to halt Muammar Gaddafi's ""ability to export terrorism"", offering him ""incentives and reasons to alter his criminal behavior"". The attack was condemned by many countries; by an overwhelming vote, the United Nations General Assembly adopted a resolution to condemn the attack and deem it a violation of the Charter and international law.


=== Iran–Contra affair ===

Reagan authorized William J. Casey to arm the Contras, fearing that Communists would take over Nicaragua if it remained under the leadership of the Sandinistas. Congress passed the 1982 Boland Amendment, prohibiting the CIA and Department of Defense from using their budgets to provide aid to the Contras. Still, the Reagan administration raised funds for the Contras from private donors and foreign governments. When Congress learned that the CIA had secretly placed naval mines in Nicaraguan harbors, Congress passed a second Boland Amendment that barred granting any assistance to the Contras. By mid-1985, Hezbollah began to take American hostages in Lebanon, holding seven of them in reaction to the United States' support of Israel.
Reagan procured the release of seven American hostages held by Hezbollah by selling American arms to Iran, then engaged in the Iran–Iraq War, in hopes that Iran would pressure Hezbollah to release the hostages. The Reagan administration sold over 2,000 missiles to Iran without informing Congress; Hezbollah released four hostages but captured an additional six Americans. On Oliver North's initiative, the administration redirected the proceeds from the missile sales to the Contras. The transactions were exposed by Ash-Shiraa in early November 1986. Reagan initially denied any wrongdoing, but on November 25, he announced that John Poindexter and North had left the administration and that he would form the Tower Commission to investigate the transactions. A few weeks later, Reagan asked a panel of federal judges to appoint a special prosecutor who would conduct a separate investigation.
The Tower Commission released a report in February 1987 confirming that the administration had traded arms for hostages and sent the proceeds of the weapons sales to the Contras. The report laid most of the blame on North, Poindexter, and Robert McFarlane, but it was also critical of Donald Regan and other White House staffers. Investigators did not find conclusive proof that Reagan had known about the aid provided to the Contras, but the report noted that Reagan had ""created the conditions which made possible the crimes committed by others"" and had ""knowingly participated or acquiesced in covering up the scandal"". The affair damaged the administration and raised questions about Reagan's competency and the wisdom of conservative policies. The administration's credibility was also badly damaged on the international stage as it had violated its own arms embargo on Iran.


=== USS Stark incident ===
In the context of the Tanker War on May 17, 1987, an Iraqi fighter jet hit the USS Stark with two Exocet missiles, killing 37 sailors. Three days later, Reagan declared a ""policy of self-defense"" would now be ordered, as he accepted Iraq's official apology: Our ships are deployed in the Persian Gulf in order to protect U.S. interests and maintain free access and maintain freedom of navigation and access to the area's oil supplies. It is a vital mission, but our ships need to protect themselves and they will. [From now on] if aircraft approach any of our ships in a way that appears hostile, there is one order of battle. Defend yourselves. Defend American lives.. We're going to do what has to be done to keep the Persian Gulf open. It's international waters. No country there has a right to try and close it off and take it for itself. And the villain in the piece really is Iran. And so they're delighted with what has just happened.


=== Soviet decline and thaw in relations ===

Although the Soviets did not accelerate military spending in response to Reagan's military buildup, their enormous military expenses, in combination with collectivized agriculture and inefficient planned manufacturing, were a heavy burden for the Soviet economy. At the same time, the prices of oil, the primary source of Soviet export revenues, fell to one third of the previous level in 1985. These factors contributed to a stagnant economy during the tenure of Mikhail Gorbachev as Soviet leader.

Reagan's foreign policy towards the Soviets wavered between brinkmanship and cooperation. Reagan appreciated Gorbachev's revolutionary change in the direction of the Soviet policy and shifted to diplomacy, intending to encourage him to pursue substantial arms agreements. They held four summit conferences between 1985 and 1988. Reagan believed that if he could persuade the Soviets to allow for more democracy and free speech, this would lead to reform and the end of communism. The critical summit was in Reykjavík in 1986, where they agreed to abolish all nuclear weapons. However, Gorbachev added the condition that SDI research must be confined to laboratories during the ten-year period when disarmament would take place. Reagan refused, stating that it was defensive only and that he would share the secrets with the Soviets, thus failing to reach a deal.
In June 1987, Reagan addressed Gorbachev during a speech at the Berlin Wall, demanding that he ""tear down this wall"". The remark was ignored at the time, but after the wall fell in November 1989, it was retroactively recast as a soaring achievement. In December, Reagan and Gorbachev met again at the Washington Summit to sign the Intermediate-Range Nuclear Forces Treaty, committing to the total abolition of their respective short-range and medium-range missile stockpiles. The treaty established an inspections regime designed to ensure that both parties honored the agreement. In May 1988, the US Senate overwhelmingly voted in favor of ratifying the treaty, providing a major boost to Reagan's popularity in the aftermath of the Iran–Contra affair. A new era of trade and openness between the two powers commenced, and the United States and Soviet Union cooperated on international issues such as the Iran–Iraq War.


== Post-presidency (1989–2004) ==

Upon leaving the presidency on January 20, 1989, at the age of 77, Reagan became the oldest president at the end of his tenure. This distinction eventually passed to president Joe Biden, who was 82 years old when he left office in 2025.
In retirement, Ronald and Nancy Reagan lived at 668 St. Cloud Road in Bel Air, in addition to Rancho del Cielo in Santa Barbara. He received multiple awards and honors in addition to generous payments for speaking engagements. In 1989 he supported repealing the Twenty-second Amendment's presidential term limits. In 1991, the Ronald Reagan Presidential Library opened. Reagan also addressed the 1992 Republican National Convention ""to inspire allegiance to the party regulars"", and favored a constitutional amendment requiring a balanced budget.


=== Support for Brady Bill ===
Reagan publicly favored the Brady Bill, drawing criticism from gun control opponents. In 1989, in his first public appearance after leaving office and shortly after the Stockton schoolyard shooting, he stated: ""I do not believe in taking away the right of the citizen to own guns for sporting, for hunting, and so forth, or for home defense. But I do believe that an AK-47, a machine gun, is not a sporting weapon or needed for the defense of the home"".
In March 1991, Reagan wrote an op-ed in the New York Times, titled ""Why I'm for the Brady Bill"". In May 1994, Reagan, Gerald Ford, and Jimmy Carter sent a letter to House members, urging them to support the controversial Federal Assault Weapons Ban.


=== Alzheimer's disease ===
Reagan's final public speech occurred on February 3, 1994, during a tribute to him in Washington, D.C.; his last major public appearance was at the funeral of Richard Nixon on April 27, 1994. In August 1994, Reagan was diagnosed with Alzheimer's disease, which he announced through a handwritten letter in November. There was speculation over how long he had demonstrated symptoms of mental degeneration, but lay observations that he suffered from Alzheimer's while still in office have been disputed by medical experts. His doctors said that he first began exhibiting overt symptoms of the illness in late 1992 or 1993. Over time, the disease destroyed Reagan's mental capacity. By 1997, he was reported to recognize few people other than his wife, though he continued to walk through parks and on beaches, play golf, and visit his office in nearby Century City. Eventually, his family decided that he would live in quiet semi-isolation with his wife. By the end of 2003, Reagan had lost his ability to speak and was mostly confined to his bed, no longer able to recognize family members.


== Death and funeral ==

Reagan died of pneumonia, complicated by Alzheimer's, at his home in Los Angeles, on June 5, 2004. President George W. Bush called Reagan's death ""a sad hour in the life of America"". His public funeral was held in the Washington National Cathedral, where eulogies were given by Margaret Thatcher, Brian Mulroney, George H. W. Bush, and George W. Bush. Other world leaders attended including Mikhail Gorbachev and Lech Wałęsa. Reagan was interred at his  presidential library.


== Legacy ==


=== Approval ratings ===
Similar to previous presidents, Reagan began his presidency with approval ratings greater than 50 percent, peaking above 70 percent shortly after his attempted assassination, before declining by the end of his first year. Afterwards, his ratings fluctuated in the mid-30s and mid-40s in his second and third years, which has been attributed to the 1981–1982 recession. His approval ratings rebounded after the invasion of Grenada and by mid-1984 his approval rating neared 60 percent. In the first two years of his second term, his approval ratings were consistently above 60 percent but declined during the Iran–Contra scandal, before beginning to recover in mid-1987. In the Gallup poll, Reagan finished his presidency with an approval rating of 63 percent, the third highest for a departing president in history, behind only Franklin D. Roosevelt and Bill Clinton, both of whom finished at 66 percent.
In 1990, a year after he left office, a Gallup survey found that 54 percent of Americans said they approved of the overall job Reagan did as president. The number of Americans who approved of the Reagan administration declined to 48 percent in 1992 but rebounded two years later to 52 percent. In recent years, favorability of Reagan's presidency reached its highest ever: 71 percent approval in 2006; 74 percent in 2010; 72 percent in 2018; and 69 percent in 2023. He is often found to be second-most popular president since World War II, with only John F. Kennedy having higher ratings.


=== Historical reputation ===
 
In 2008, British historian M. J. Heale summarized that scholars had reached a broad consensus in which ""Reagan rehabilitated conservatism, turned the country to the right, practiced a 'pragmatic conservatism' that balanced ideology with the constraints of government, revived faith in the presidency and American self-respect, and contributed to critically ending the Cold War"", which ended with the dissolution of the Soviet Union in 1991. Many conservative and liberal scholars have agreed that Reagan has been the most influential president since Roosevelt, leaving his imprint on American politics, diplomacy, culture, and economics through his effective communication of his conservative agenda and pragmatic compromising. During the initial years of Reagan's post-presidency, historical rankings placed his presidency in the twenties. Throughout the 2000s and 2010s, his presidency was often placed in the top ten.
Many proponents, including his Cold War contemporaries, believe that his defense policies, economic policies, military policies, and hard-line rhetoric against the Soviet Union and communism, together with his summits with Gorbachev, played a significant part in ending the Cold War. Jeffrey Knopf argues that while Reagan's practice of referring to the Soviet Union as ""evil"" probably made no difference to the Soviet leaders, it possibly gave encouragement to Eastern European citizens who opposed their communist regimes. President Truman's policy of containment is also regarded as a force behind the fall of the Soviet Union, and the Soviet invasion of Afghanistan undermined the Soviet system itself. Nevertheless, Melvyn P. Leffler called Reagan ""Gorbachev's minor, yet indispensable partner, setting the framework for the dramatic changes that neither anticipated happening anytime soon"".
Critics, for example Paul Krugman, note Reagan's tenure as having begun a period of increased income inequality, sometimes called the ""Great Divergence"". Krugman also views Reagan as having initiated the ideology of the current-day Republican Party, which he feels is led by ""radicals"" who seek to ""undo the twentieth century"" gains in income equality and unionization. Others, such as Nixon's Secretary of Commerce Peter G. Peterson, also criticize what they feel was not just Reagan's fiscal irresponsibility, but also the ushering in of an era where tax cutting ""became the GOP's core platform"", with resulting deficits and GOP leaders (speciously in Peterson's opinion) arguing supply-side gains would enable the country to ""grow"" its way out of deficits.
Reagan was known for storytelling and humor, which involved puns and self-deprecation. Reagan also often emphasized family values, despite being the first president to have been divorced. He showed the ability to comfort Americans during the aftermath of the Space Shuttle Challenger disaster. Reagan's ability to talk about substantive issues with understandable terms and to focus on mainstream American concerns earned him the laudatory moniker the ""Great Communicator"". He also earned the nickname ""Teflon President"" in that public perceptions of him were not substantially tarnished by the controversies that arose during his administration.


=== Political influence ===
Reagan led a new conservative movement, altering the political dynamic of the United States. Conservatism became the dominant ideology for Republicans, displacing the party's faction of liberals and moderates. Men began voting more Republican, and women began voting more Democrat – a gender distinction that has persisted. He was supported by young voters, an allegiance that shifted many of them to the party. He attempted to appeal to Black voters in 1980, but would receive the lowest Black vote for a Republican presidential candidate at the time. Throughout Reagan's presidency, Republicans were unable to gain complete control of Congress.
The period of American history most dominated by Reagan and his policies (particularly on taxes, welfare, defense, the federal judiciary, and the Cold War) is known as the Reagan era, which suggests that the ""Reagan Revolution"" had a lasting impact on the United States in domestic and foreign policy. The presidencies of George H. W. Bush, Bill Clinton, and George W. Bush are often treated as an extension of the era. Since 1988, Republican presidential candidates have invoked Reagan's policies and beliefs.


== Notes ==


== References ==


=== Citations ===


=== Works cited ===


==== Books ====


==== Chapters ====


==== Journal articles ====


== External links ==


=== Official sites ===
Ronald Reagan Foundation and Presidential Library
Ronald Reagan on whitehouse.gov
Ronald Reagan in the Governors' Gallery of the California State Library
The Ronald W. Reagan Society of Eureka College


=== Media ===
Appearances on C-SPAN
""Life Portrait of Ronald Reagan"", from American Presidents: Life Portraits, December 6, 1999
Ronald Reagan Oral Histories at Miller Center
Ronald Reagan's timeline at PBS
Reagan Library's channel on YouTube


=== News coverage ===
Ronald Reagan collected news and commentary at The New York Times
Ronald Reagan from The Washington Post
Ronald Reagan at CNN
Ronald Reagan collected news and commentary at The Guardian


=== Other ===
Ronald Reagan at IMDb 
Ronald Reagan at the TCM Movie Database
Works by or about Ronald Reagan at the Internet Archive
Ronald Reagan at Miller Center","Ronald Reagan, as president, implemented ""Reaganomics,"" which included tax cuts, deregulation, and increased military spending; he escalated the Cold War, ordered the invasion of Grenada, and engaged in arms control negotiations with the Soviet Union. He also faced the Iran-Contra affair, dealt with the AIDS epidemic, and was involved in the U.S. response to the Soviet Union's decline.","Ronald Wilson Reagan (; February 6, 1911 – June 5, 2004) was the 40th President of the United States (1981–1989).",0,0,supported,0.405847867943,-0.10833192486111516,-8.774885913750328,81,,0.5525410771369934,2.545235953,2.02934737289,0.6526271081086199,5,0.663853948316,1.0,1.0,0.0,0.0,0.9210205078125,0.04365658760070801,0.03534126281738281,1.1389723478038232,0.7574909108640059,0.9038311602135426,0.5131736523778971,0.5,abstain
Q260_169,wikiqa,what happened in 1907,"1907 (MCMVII) was a common year starting on Tuesday of the Gregorian calendar and a common year starting on Monday of the Julian calendar, the 1907th year of the Common Era (CE) and Anno Domini (AD) designations, the 907th  year of the 2nd millennium, the 7th  year of the 20th century, and the  8th   year of the 1900s decade. As of the start of 1907, the Gregorian calendar was 13 days ahead of the Julian calendar, which remained in localized use until 1923.  

Cohort extinction took place on 19th of August 2024 when the last surviving person born in 1907, Maria Branyas, died at the age of 117 years, 168 days.


== Events ==


=== January ===

January 14 – 1907 Kingston earthquake: A 6.5 Mw earthquake in Kingston, Jamaica, kills between 800 and 1,000.


=== February ===
February 9 – The ""Mud March"", the first large procession organised by The National Union of Women's Suffrage Societies (NUWSS), takes place in London.
February 11 – The French warship Jean Bart sinks off the coast of Morocco.
February 12 – The steamship Larchmont collides with the Harry Hamilton in Long Island Sound; 183 lives are lost.
February 16 – SKF, a worldwide mechanical parts manufacturing brand is founded in Gothenburg, Sweden.
February 21 – The English mail steamship Berlin is wrecked off the Hook of Holland; 142 lives are lost.
February 24 – The Austrian Lloyd steamship Imperatrix, from Trieste to Bombay, is wrecked on Cape of Crete and sinks; 137 lives are lost.


=== March ===
March
The steamship Congo collides at the mouth of the Ems River with the German steamship Nerissa; 7 lives are lost.
The 1907 Romanian Peasants' Revolt results in possibly as many as 11,000 deaths.
The Diamond Sūtra, a woodblock printed Buddhist scripture dated 868, is discovered by Aurel Stein in the Mogao Caves in China; it is ""the earliest complete survival of a dated printed book"".
Pablo Picasso completes his painting Les Demoiselles d'Avignon.
March 11 – The Prime Minister of Bulgaria, Dimitar Petkov, is assassinated by an anarchist in Sofia.
March 15–16 – Elections to the new Parliament of Finland are the first in the world for a national assembly with woman candidates, as well as the first elections in Europe where universal suffrage is applied; 19 women are elected.
March 22 – The first taxicabs with taximeters begin operating in London.
March 25 – The first university sports federation in Europe is established in Hungary, with the participation or support of the associations of ten universities and colleges.
c. March 28 – The volcano Ksudach erupts, in the Kamchatka Peninsula.


=== April ===
April 7 – Hershey Park opens in Hershey, Pennsylvania.
April 17 – The first Minas Geraes-class battleship is laid down for Brazil, by Armstrong Whitworth on the River Tyne, in England, triggering the South American dreadnought race.
April 24 – Al Ahly SC is founded in Cairo by Omar Lotfi, as a gathering place for Egyptian students' unions in the struggle against colonization; it is the first association football club officially founded in Egypt or Africa.


=== May ===
May 13 – The 5th Congress of the Russian Social Democratic Labour Party convenes in secret in London.


=== June ===
June 5 – Shastri Yagnapurushdas consecrates the murtis of both Sahajanand Swami and Gunatitanand Swami in a single central shrine, thus establishing the Bochasanwasi Shri Akshar Purushottam Swaminarayan Sanstha, later a United Nations affiliate organization.
June 6 – Persil laundry detergent is first marketed by Henkel of Düsseldorf, Germany, the first to combine bleach with detergent commercially.
June 10–August 10 – The Peking to Paris motor race is won by Prince Scipione Borghese, driving a 7-litre 35/45 hp Itala.
June 15 – The Second Hague Peace Conference opens at The Hague.
June 22 – The London Underground's Charing Cross, Euston and Hampstead Railway opens.
June 26 – Tiflis bank robbery: Bolsheviks attack a cash-filled bank coach in the centre of Tiflis, Georgia, killing 40 people.


=== July ===
July 1 – The Orange River Colony gains autonomy, as the Orange Free State.
July 6 – Guardians of the Irish Crown Jewels notice that they have been stolen.
July 15 – The London Electrobus Company starts running the first ever service of battery-electric buses between  London's Victoria Station and Liverpool Street.
July 21 – The SS Columbia sinks after colliding with the lumber schooner San Pedro, off Shelter Cove, California, resulting in 88 deaths.
July 24 – The Japan–Korea Treaty of 1907 brings the government and military of the protectorate of Korea more firmly under Japanese control.


=== August ===
August 24–31 – The International Anarchist Congress of Amsterdam meets in the Netherlands.
August 28 – UPS is founded by James E. (Jim) Casey in Seattle, Washington.
August 29 – The partially completed superstructure of the Quebec Bridge collapses entirely, claiming the lives of 76 workers.
August 31 – Count Alexander Izvolsky and Sir Arthur Nicolson sign the Anglo-Russian Entente in Saint Petersburg, bringing a pause in The Great Game in Central Asia, and establishing the Triple Entente.


=== September ===
September 7 – British Cunard Line passenger liner RMS Lusitania sets out on her maiden voyage, from Liverpool (England) to New York City.
September 8 – Pope Pius X promulgates the encyclical Pascendi Dominici gregis, opposing modernism in the Catholic Church.
September 22 – Uruguay abolishes capital punishment.
September 26 – New Zealand and Newfoundland become dominions of the British Empire.


=== October ===
October – A committee of the Delegation for the Adoption of an International Auxiliary Language, made up of academics including Otto Jespersen, Wilhelm Ostwald and Roland Eötvös, meet in Paris to select a language for international use. The committee ultimately decides to reform Esperanto.
October 6 – The Deutscher Werkbund is founded in Germany.
October 17 – Guglielmo Marconi initiates commercial transatlantic radio communications between his high power longwave wireless telegraphy stations in Clifden, Ireland, and Glace Bay, Nova Scotia.
October 18 – The Hague Convention is revised by the (second) Hague Peace Conference (effective 26 January 1910), focussing on naval warfare.
October 24 – A major United States financial crisis is averted when J. P. Morgan, E. H. Harriman, James Stillman, Henry Clay Frick and other Wall Street financiers create a $25,000,000 pool to invest in the shares on the plunging New York Stock Exchange, ending the bank panic of 1907.
October 27 – Černová massacre: Fifteen people are shot during the consecration of a Catholic church in Hungary (modern-day Slovakia).


=== November ===
November 16
British Cunard Line passenger liner RMS Mauretania, the world's largest and fastest at this date, sets out on her maiden voyage from Liverpool to New York.
President Theodore Roosevelt proclaims that Oklahoma has become the 46th U.S. state.


=== December ===
December 6 – Monongah Mining disaster: A coal mine explosion kills 362 workers in Monongah, West Virginia.
December 14 – The largest sailing ship ever built, the 7-masted U.S.-owned Thomas W. Lawson, is wrecked in the Isles of Scilly.
December 16 – The American Great White Fleet begins its circumnavigation of the world.
December 17 – Ugyen Wangchuck becomes the first Druk Gyalpo (king of Bhutan).
December 19 – An explosion in a coal mine in Jacobs Creek, Pennsylvania kills 239.
December 21 – Santa María School massacre: In Chile, soldiers fire at striking mineworkers gathered in the Santa María School in Iquique; over 2,000 are killed.


=== Date unknown ===
Indiana, in the United States, becomes the world's first legislature to place laws permitting compulsory sterilization for eugenic purposes on the statute book.
The triode thermionic amplifier invented by Lee de Forest, starting the development of electronics as a practical technology.
The Autochrome Lumière is the first commercial color photography process.
James M. Spangler invents the first Hoover vacuum cleaner.
The Moine Thrust Belt in Scotland is identified, one of the first to be discovered anywhere.


== Births ==


=== January ===

January 3 – Ray Milland, Welsh actor, film director (d. 1986)
January 5 – Volmari Iso-Hollo, Finnish athlete (d. 1969)
January 8 – Keizō Hayashi, Japanese civil servant, military official (d. 1991)
January 11 – Pierre Mendès France, French politician, 142nd Prime Minister of France (d. 1982)
January 12 – Sergei Korolev, Russian rocket scientist (d. 1966)
January 16 – Alexander Knox, Canadian actor, novelist (d. 1995)
January 20
Manfred von Ardenne, German research and applied physicist, inventor (d. 1997)
Paula Wessely, Austrian actress (d. 2000)
January 22 – Dixie Dean, English football player (d. 1980)
January 23 – Hideki Yukawa, Japanese physicist, Nobel Prize laureate (d. 1981)
January 24
Maurice Couve de Murville, Prime Minister of France (d. 1999)
Ismail Nasiruddin of Terengganu, King of Malaysia (d. 1979)
January 27 – Joyce Compton, American actress (d. 1997)


=== February ===

February 5
Pierre Pflimlin, French politician (d. 2000)
Sergio Méndez Arceo, Roman Catholic bishop of Cuernavaca, Mexico 1953–1983 (d. 1992)
February 9 – Trường Chinh, President of Vietnam (d. 1988)
February 15
Jean Langlais, French composer, organist (d. 1991)
Cesar Romero, American actor (d. 1994)
February 18 – Oscar Brodney, American screenwriter (d. 2008)
February 21 – W. H. Auden, English poet (d. 1973)
February 22
Sheldon Leonard, American actor, writer, director, and producer (d. 1997)
Robert Young, American actor (d. 1998)
February 25 – Kathryn Wasserman Davis, American philanthropist (d. 2013)
February 26 – Dub Taylor, American actor (d. 1994)
February 27 – Mildred Bailey, American singer (d. 1951)
February 28 – Milton Caniff, American cartoonist (d. 1988)


=== March ===

March 4 – Maria Branyas, American-born Spanish supercentenarian (d. 2024)
March 8 – Konstantinos Karamanlis, Greek politician (d. 1998)
March 9 – Mircea Eliade, Romanian religious historian, writer (d. 1986)
March 15 – Zarah Leander, Swedish actress, singer (d. 1981)
March 17
Takeo Miki, 41st Prime Minister of Japan (d. 1988)
Jean Van Houtte, 38th Prime Minister of Belgium (d. 1991)
March 18 – John Zachary Young, English biologist (d. 1997)
March 23 – Daniel Bovet, Swiss-born Italian pharmacologist, Nobel Prize laureate (d. 1992)
March 26 – Mahadevi Varma, Indian Hindi-language poet, essayist (d. 1987)
March 28 – Sister Lúcia, Portuguese nun, visionary (d. 2005)
March 30 – Friedrich August Freiherr von der Heydte, German Luftwaffe officer (d. 1994)


=== April ===

April 1 – Shivakumara Swami, Hindu religious figure and humanitarian (d. 2019)
April 5 – Sanya Dharmasakti, Thai politician, Prime Minister (1973–1975) (d. 2002)
April 7 – Lê Duẩn, Vietnamese politician (d. 1986)
April 10 – Germán Suárez Flamerich, Venezuelan lawyer, politician and 50th President of Venezuela (d. 1990)
April 11 – Paul Douglas, American actor (d. 1959)
April 12 – Felix de Weldon, Austrian-born American sculptor (d. 2003)
April 13 – Harold Stassen, American politician (d. 2001)
April 14 – François Duvalier, 32nd President of Haiti (d. 1971)
April 15 – Nikolaas Tinbergen, Dutch ornithologist, Nobel Prize laureate (d. 1988)
April 17 – Martii Miettunen, 2-time Prime Minister of Finland (d. 2002)
April 21 – Wade Mainer, American singer, banjoist (d. 2011)
April 24 – William Sargant, British psychiatrist (d. 1988)
April 26 – Ilias Tsirimokos, Prime Minister of Greece (d. 1968)
April 29 – Fred Zinnemann, Austrian-born American film director (d. 1997)


=== May ===

May 1 – Oliver Hill, American lawyer (d. 2007)
May 4 – Walter Walsh, American FBI agent and Olympic shooter (d. 2014)
May 9 – Baldur von Schirach, Nazi official (d. 1974)
May 12 – Katharine Hepburn, American actress (d. 2003)
May 13 – Dame Daphne du Maurier, English author (d. 1989)
May 14
Ayub Khan, President of Pakistan (d. 1974)
Johnny Moss, American poker player (d. 1995)
Bob Tisdall, Irish Olympic athlete (d. 2004)
May 22
Hergé, Belgian cartoonist (d. 1983)
Laurence Olivier, English stage, screen actor and director (d. 1989)
May 25 – U Nu, Burmese politician (d. 1995)
May 26 – John Wayne, American actor, film director (d. 1979)
May 27
Rachel Carson, American environmental writer (d. 1964)
Konstantin Anisimovich Pavlov, Latvian iconographer (d. 1976)
May 30
Elly Beinhorn, German pilot (d. 2007)
Germaine Tillion, French anthropologist, member of French Resistance (d. 2008)


=== June ===

June 1 – Frank Whittle, British jet engine developer (d. 1996)
June 4 – Rosalind Russell, American actress (d. 1976)
June 5 – Rudolf Peierls, German-born British physicist (d. 1995)
June 14 – René Char, French poet (d. 1988)
June 16 – Jack Albertson, American actor, comedian (d. 1981)
June 19 – George de Mestral, Swiss inventor (d. 1990)
June 23 – James Meade, English economist, Nobel Prize laureate (d. 1995)
June 25 – J. Hans D. Jensen, German physicist, Nobel Prize laureate (d. 1973)
June 27 – John McIntire, American actor (d. 1991)
June 28 – Franciszka Themerson, Polish-born British artist, filmmaker (d. 1989)


=== July ===

July 3 – Horia Sima, Romanian fascist politician (d. 1993)
July 4 – Henning Holck-Larsen, Danish engineer and businessman (d. 2003)
July 6
Frida Kahlo, Mexican painter (d. 1954)
George Stanley, Canadian historian, author, soldier, teacher, public servant, and designer (d. 2002)
July 7
Robert A. Heinlein, American science fiction author (d. 1988)
Pavel Sudoplatov, Russian lieutenant general and spy (d. 1996)
Prince Vasili Alexandrovich of Russia (d. 1989)
July 13 – George Weller, American novelist, playwright, and journalist (d. 2002)
July 14 – Annabella, French actress (d. 1996)
July 16 – Barbara Stanwyck, American actress (d. 1990)
July 19
Isabel Jewell, American actress (d. 1972)
Paul Magloire, President of Haiti (d. 2001)
July 21 – A. D. Hope, Australian poet and essayist (d. 2000)
July 22
Aldo Donelli, American football player and coach, soccer player, and college athletics administrator (d. 1994)
Zubir Said, Singaporean composer of Singapore's national anthem (d. 1987)
July 25 – Johnny Hodges, American alto saxophonist (d. 1970)
July 27 – Richard Beesly, British Olympic gold medal rower (d. 1965)
July 29 – Melvin Belli, American lawyer (d. 1996)


=== August ===

August 3
Ernesto Geisel, 29th President of Brazil (d. 1996)
Yang Shangkun, 4th President of the People's Republic of China (d. 1998)
Irene Tedrow, American actress (d. 1995)
August 7 – Bernard Beryl Brodie, English-born American chemist and pharmacologist (d. 1989)
August 8 – Benny Carter, American musician (d. 2003)
August 12
Joe Besser, American comedian (d. 1988)
Benjamin Sheares, 2nd President of Singapore (d. 1981)
August 15 – Bob Pearson, British variety performer with his brother Alf as half of Bob and Alf Pearson (d. 1985)
August 20 – Alan Reed, American actor and voice actor (d. 1977)
August 21 – John G. Trump, American electrical engineer, inventor, and physicist (d. 1985)
August 24 – Gil Perkins, Australian actor and stuntman (d. 1999)
August 28 – Rupert Hart-Davis, British publisher (d. 1999)
August 29 – Lurene Tuttle, American character actress (d. 1986)
August 30 – Leonor Fini, Argentine artist (d. 1996)
August 31
Augustus F. Hawkins, American politician and civil rights lawmaker (d. 2007)
Ramon Magsaysay, 7th President of the Philippines (d. 1957)


=== September ===

September 1 – Walter Reuther, American labor union leader and president of the United Auto Workers (d. 1970) 
September 2 – Evelyn Hooker, American psychologist (d. 1996)
September 3 – Loren Eiseley, American author (d. 1977)
September 12 – Louis MacNeice, Northern Irish poet (d. 1963)
September 15 – Fay Wray, Canadian-born American actress (d. 2004)
September 17 – Warren E. Burger, 15th Chief Justice of the United States (d. 1995)
September 18 – Edwin McMillan, American chemist, Nobel Prize laureate (d. 1991)
September 19 – Lewis F. Powell Jr., Associate Justice of the Supreme Court of the United States (d. 1998)
September 22 – Maurice Blanchot, French philosopher, writer (d. 2003)
September 23 – Duarte Nuno, Duke of Braganza, pretender to the throne of Portugal (d. 1976)
September 26
Anthony Blunt, British art historian, spy (d. 1983)
Bep van Klaveren, Dutch boxer (d. 1992)
September 27 – Bhagat Singh, Indian revolutionary (d. 1931)
September 28 – Heikki Savolainen, Finnish artistic gymnast (d. 1997)
September 29 – Gene Autry, American actor, singer, and businessman (d. 1998)


=== October ===

October 2
Alec Todd, Scottish chemist, Nobel Prize laureate (d. 1997)
Víctor Paz Estenssoro, 45th President of Bolivia (d. 2001)
October 9 – Quintin Hogg, Baron Hailsham of St Marylebone, British politician (d. 2001)
October 15 – Varian Fry, American journalist, rescuer (d. 1967)
October 17 – John Marley, American actor (d. 1984)
October 19 – Roger Wolfe Kahn, American bandleader (d. 1962)
October 28
John Hewitt, Irish poet (d. 1987)
Sergio Méndez Arceo, 7th Mexican bishop of Cuernavaca 1953–1982, and advocate of Liberation theology (d. 1991).


=== November ===

November 1 – Homero Manzi, Argentine tango lyricist, author (d. 1951)
November 9 – Louis Ferdinand, Prince of Prussia (d. 1994)
November 10 – Salme Reek, Estonian actress (d. 1996)
November 14
Howard W. Hunter, 14th president of the Church of Jesus Christ of Latter-day Saints (d. 1995)
Astrid Lindgren, Swedish children's writer (d. 2002)
William Steig, American cartoonist (d. 2003)
November 15 – Claus Schenk Graf von Stauffenberg, German aristocrat, military officer (d. 1944)
November 16 – Burgess Meredith, American actor, director (d. 1997)
November 18 – Compay Segundo, Cuban musician (d. 2003)
November 19 – Luigi Beccali, Italian Olympic athlete (d. 1990)
November 23 – Run Run Shaw, Hong Kong media mogul (d. 2014)
November 26 – Ruth Patrick, American botanist (d. 2013)
November 27 – L. Sprague de Camp, American writer (d. 2000)
November 28 – Alberto Moravia, Italian novelist (d. 1990)
November 30 – Jacques Barzun, French-born American historian (d. 2012)


=== December ===

December 5 – Lin Biao, Chinese communist military leader (d. 1971)
December 12 – Roy Douglas, British composer (d. 2015)
December 15 – Oscar Niemeyer, Brazilian architect (d. 2012)
December 16 – Barbara Kent, Canadian silent film actress (d. 2011)
December 19 – Jimmy McLarnin, Irish-born boxer (d. 2004)
December 22 – Peggy Ashcroft, British actress (d. 1991)
December 23 – James Roosevelt, American businessman, politician (d. 1991)
December 25 – Cab Calloway, American jazz singer and bandleader (d. 1994)
December 27 – Johann Trollmann, German boxer (d. 1944)


== Deaths ==


=== January ===

January 3 – Mozaffar ad-Din Shah Qajar, Shah of Iran (b. 1853)
January 13 – Jakob Hurt, Estonian folklorist, theologian, and linguist (b. 1839)
January 14 – Hermann Iseke, German doctor (b. 1856)
January 19 – Giuseppe Saracco, 15th Prime Minister of Italy (b. 1821)
January 21 – Graziadio Isaia Ascoli, Italian linguist (b. 1829)
January 31 – Timothy Eaton, Canadian department store founder (b. 1834)


=== February ===
February 2 – Dmitri Mendeleev, Russian chemist (b. 1834)
February 7 – Preston Leslie, 26th Governor of Kentucky and 9th territorial Governor of Montana (b. 1819)
February 12 – Muriel Robb, English tennis player (b. 1878)
February 13 – Marcel Alexandre Bertrand, French geologist (b. 1847)
February 16
Giosuè Carducci, Italian writer, Nobel Prize laureate (b. 1835)
Clémentine of Orléans, daughter of King Louis-Philippe of France (b. 1817)
February 17 – Henry Steel Olcott, American officer, theosophist (b. 1832)
February 20 – Henri Moissan, French chemist, Nobel Prize laureate (b. 1852)
February 21 – Erik Gustaf Boström, 7th Prime Minister of Sweden (b. 1842)
February 26 – C. W. Alcock, English footballer, journalist, and football promoter (b. 1842)


=== March ===
March 3 – Oronhyatekha, Canadian Mohawk physician, CEO of an international benefit society, native statesman, scholar, rights campaigner and international shooter (b. 1841)
March 7 – Charlotta Raa-Winterhjelm, Swedish actress (b. 1838)
March 9 – Frederic George Stephens, English art critic (b. 1828)
March 10 – George Douglas-Pennant, 2nd Baron Penrhyn, Welsh industrialist (b. 1836)
March 11
Jean Casimir-Perier, 6th President of France (b. 1847)
Dimitar Petkov, 14th Prime Minister of Bulgaria (assassinated) (b. 1847)
March 18 – Marcellin Berthelot, French chemist (b. 1827)
March 19
Thomas Bailey Aldrich, American poet and novelist (b. 1836)
Mariano Baptista, 23rd President of Bolivia (b. 1832)
March 23 – Konstantin Pobedonostsev, Russian statesman (b. 1827)
March 25 – Ernst von Bergmann, Baltic German surgeon (b. 1836)


=== April ===
April 6 – William Henry Drummond, Irish-Canadian poet (b. 1854)
April 14 – Frank Manly Thorn, American lawyer, politician, government official, essayist, journalist, humorist, inventor, and 6th Superintendent of the United States Coast and Geodetic Survey (b. 1836)
April 23 – Alferd Packer, American cannibal (b. 1842)


=== May ===
May 1 – Melissa Elizabeth Riddle Banta, American poet (b. 1834)
May 4 – John Watts de Peyster, American author, philanthropist, and soldier (b. 1821)
May 6 – Emanuele Luigi Galizia, Maltese architect, civil engineer (b. 1830)
May 12 – Joris-Karl Huysmans, French author (b. 1848)
May 19 – Sir Benjamin Baker, English civil engineer (b. 1840)
May 26 – Ida Saxton McKinley, First Lady of the United States (b. 1847)
May 27 – Kevork Chavush, Armenian national hero (b. 1870)


=== June ===
June 4 – Agathe Backer-Grøndahl, Norwegian pianist and composer (b. 1847)
June 6 – J. A. Chatwin, English architect (b. 1830)
June 14
Bartolomé Masó, Cuban patriot (b. 1830)
William Le Baron Jenney, American architect, engineer (b. 1832)
June 23 – Hod Stuart, Canadian professional ice hockey player, killed in diving accident (b. 1879)
June 25 – Sir John Hall, 12th Prime Minister of New Zealand (b. 1824)
June 29 – Maximilian Cercha, Polish painter and drawer (b. 1818)


=== July ===

July 13 – Heinrich Kreutz, German astronomer (b. 1854)
July 14 – Sir William Perkin, English chemist (b. 1838)
July 15 – Qiu Jin, Chinese revolutionary, feminist and poet, executed (b. 1875)
July 28 – Mildred Amanda Baker Bonham, American travel writer (b. 1840)


=== August ===

August – Dinqinesh Mercha, empress consort of Ethiopia (b. 1815)
August 1
Lucy Mabel Hall-Brown, American physician and writer (b. 1843)
Ernesto Hintze Ribeiro, 3-time Prime Minister of Portugal (b. 1849)
August 3 – Augustus Saint-Gaudens, Irish-American Beaux-Arts sculptor (b. 1848)
August 4 – Richard Meade, Lord Gilford, British admiral (b. 1832)
August 13 – Hermann Carl Vogel, German astrophysicist (b. 1841)
August 15 – Joseph Joachim, Austrian violinist (b. 1831)
August 25
Mary Elizabeth Coleridge, British poet, novelist (b. 1861)
Alexandre Franquet, French admiral (b. 1828)
August 30 – Richard Mansfield, Anglo-American actor (b. 1857)


=== September ===
September 4 – Edvard Grieg, Norwegian composer (b. 1843)
September 6 – Sully Prudhomme, French writer, Nobel Prize laureate (b. 1839)
September 9 – Ernest Roland Wilberforce, English bishop (b. 1840)
September 12 – Ilia Chavchavadze, Georgian writer, Orthodox priest and saint (b. 1837)
September 13 – John Mushmouth Johnson, American gambler (b. 1856)
September 15 – William Wales (optician), English-American inventor (b. c. 1838)
September 19 – Jacob Morenga, Namibian rebel leader (b. 1875)
September 22 – Wilbur Olin Atwater, American chemist (b. 1844)
September 30 – Sir John Ardagh, British army general (b. 1840)


=== October ===
October 10 – Adolf Furtwängler, German archaeologist, historian (b. 1853)
October 30 – Caroline Dana Howe, American author (b. 1824)


=== November ===
November 1 – Alfred Jarry, French writer (b. 1873)
November 6 – Sir James Hector, Scottish geologist (b. 1834)
November 14 – Andrew Inglis Clark, Australian jurist and politician (b. 1848)
November 15 – Raphael Kalinowski, Polish Discalced Carmelite friar and saint (b. 1835)
November 16 – Robert I, Duke of Parma, last ruling Duke of Parma (b. 1848)
November 17 – Sir Francis McClintock, Irish explorer and admiral in British Royal Navy (b. 1819)
November 20 – Paula Modersohn-Becker, German painter (b. 1876)
November 22 – Asaph Hall, American astronomer (b. 1829)
November 23 – Naimuddin, Bengali writer and Islamic scholar (b. 1832)
November 25 – Ludvig Mylius-Erichsen, Danish explorer (b. 1872)
November 28 – Stanisław Wyspiański, Polish writer, painter and architect (b. 1869)
November 30 – Ludwig Levy, German architect (b. 1854)


=== December ===
December 4 – Luis Sáenz Peña, 12th President of Argentina (b. 1822)
December 8 – King Oscar II of Sweden (b. 1829)
December 15 – Carola of Vasa, queen consort of Saxony (b. 1833)
December 17 – William Thomson, 1st Baron Kelvin, Irish-born physicist and engineer (b. 1824)
December 20 – Helen Louisa Bostwick Bird, American author (b. 1826)
December 21 – Klara Hitler, Austrian mother of Adolf Hitler (b. 1860)
December 23 – Pierre Janssen, French astronomer (b. 1824)
December 28 – Kate Stone, American diarist (b. 1841)
December 31 – Jules de Trooz, 18th Prime Minister of Belgium (b. 1857)


=== Date unknown ===
Ellen Russell Emerson, American ethnologist (b. 1837)
Sarah Gibson Humphreys, American author and suffragist (b. 1830)
Joseph Stannah, Founder of Stannah Lifts (b. 1836)


== Nobel Prizes ==

Physics – Albert Abraham Michelson
Chemistry – Eduard Buchner
Medicine – Charles Louis Alphonse Laveran
Literature – Rudyard Kipling
Peace – Ernesto Teodoro Moneta, Louis Renault


== References ==


== Further reading ==
Gilbert, Martin. A History of the Twentieth Century: Volume 1 1900-1933 (1997); global coverage of politics, diplomacy and warfare; pp 143–57.
International Year Book: 1907 (1908) 1002pp, worldwide coverage online edition","In 1907, there were significant events such as the 1907 Kingston earthquake, the Mud March, the sinking of the French warship Jean Bart, the establishment of the first taxicabs with taximeters in London, and the beginning of the Peking to Paris motor race. Additionally, it was the year of birth of notable figures like Maria Branyas, who became the last surviving person born in 1907 and died in",Year 1907 ( MCMVII ) was a common year starting on Tuesday (link will display the full calendar) of the Gregorian calendar and a common year starting on Monday of the 13-day-slower Julian calendar .,0,0,supported,0.194271720242,-0.08387871044079194,-8.052356202316027,96,,0.6374244689941406,1.95749014308,2.6222134137,0.7968223677951679,5,-0.249736159818,0.5,0.5,0.0,0.5,0.6114501953125,0.0415802001953125,0.34698486328125,1.103633298415708,0.7509402570923034,0.8992636533079068,0.5131736523778971,0.5,abstain
Q2173_990,wikiqa,what is metal music about,"Heavy metal (or simply metal) is a genre of rock music that developed in the late 1960s and early 1970s, largely in the United Kingdom and United States. With roots in blues rock, psychedelic rock and acid rock, heavy metal bands developed a thick, monumental sound characterized by distorted guitars, extended guitar solos, emphatic beats and loudness.
In 1968, three of the genre's most famous pioneers – British bands Led Zeppelin, Black Sabbath and Deep Purple – were founded. Though they came to attract wide audiences, they were often derided by critics. Several American bands modified heavy metal into more accessible forms during the 1970s: the raw, sleazy sound and shock rock of Alice Cooper and Kiss; the blues-rooted rock of Aerosmith; and the flashy guitar leads and party rock of Van Halen. During the mid-1970s, Judas Priest helped spur the genre's evolution by discarding much of its blues influence, while Motörhead introduced a punk rock sensibility and an increasing emphasis on speed. Beginning in the late 1970s, bands in the new wave of British heavy metal such as Iron Maiden and Saxon followed in a similar vein. By the end of the decade, heavy metal fans became known as ""metalheads"" or ""headbangers"". The lyrics of some metal genres became associated with aggression and machismo, an issue that has at times led to accusations of misogyny.
During the 1980s, glam metal became popular with groups such as Bon Jovi, Mötley Crüe and Poison. Meanwhile, however, underground scenes produced an array of more aggressive styles: thrash metal broke into the mainstream with bands such as Metallica, Slayer, Megadeth and Anthrax, while other extreme subgenres such as death metal and black metal became – and remain – subcultural phenomena. Since the mid-1990s, popular styles have expanded the definition of the genre. These include groove metal and nu metal, the latter of which often incorporates elements of grunge and hip-hop.


== Characteristics ==
Heavy metal is traditionally characterized by loud distorted guitars, emphatic rhythms, dense bass-and-drum sound and vigorous vocals. Heavy metal subgenres variously emphasize, alter or omit one or more of these attributes. In a 1988 article, The New York Times critic Jon Pareles wrote, ""In the taxonomy of popular music, heavy metal is a major subspecies of hard-rock—the breed with less syncopation, less blues, more showmanship and more brute force."" The typical band lineup includes a drummer, a bassist, a rhythm guitarist, a lead guitarist and a singer, who may or may not be an instrumentalist. Keyboard instruments are sometimes used to enhance the fullness of the sound. Deep Purple's Jon Lord played an overdriven Hammond organ. In 1970, John Paul Jones used a Moog synthesizer on Led Zeppelin III; by the 1990s, synthesizers were used in ""almost every subgenre of heavy metal"".

The electric guitar and the sonic power that it projects through amplification has historically been the key element in heavy metal. The heavy metal guitar sound comes from a combined use of high volumes and heavy fuzz. For classic heavy metal guitar tone, guitarists maintain gain at moderate levels, without excessive preamp or pedal distortion, to retain open spaces and air in the music; the guitar amplifier is turned up loud to produce the ""punch and grind"" characteristic. Thrash metal guitar tone has scooped mid-frequencies and tightly compressed sound with multiple bass frequencies. Guitar solos are ""an essential element of the heavy metal code ... that underscores the significance of the guitar"" to the genre. Most heavy metal songs ""feature at least one guitar solo"", which is ""a primary means through which the heavy metal performer expresses virtuosity"". Some exceptions are nu metal and grindcore bands, which tend to omit guitar solos. With rhythm guitar parts, the ""heavy crunch sound in heavy metal ... [is created by] palm muting"" the strings with the picking hand and using distortion. Palm muting creates a tighter, more precise sound and it emphasizes the low end.
The lead role of the guitar in heavy metal often collides with the traditional ""frontman"" or bandleader role of the vocalist, creating a musical tension as the two ""contend for dominance"" in a spirit of ""affectionate rivalry"". Heavy metal ""demands the subordination of the voice"" to the overall sound of the band. Reflecting metal's roots in the 1960s counterculture, an ""explicit display of emotion"" is required from the vocals as a sign of authenticity. Critic Simon Frith claims that the metal singer's ""tone of voice"" is more important than the lyrics.
The prominent role of the bass ‍is also key to the metal sound, and the interplay of bass and guitar is a central element. The bass provides the low-end sound crucial to making the music ""heavy"". The bass plays a ""more important role in heavy metal than in any other genre of rock"". Metal basslines vary widely in complexity, from holding down a low pedal point as a foundation to doubling complex riffs and licks along with the lead or rhythm guitars. Some bands feature the bass as a lead instrument, an approach popularized by Metallica's Cliff Burton with his heavy emphasis on bass ‍solos and use of chords while playing the ‍bass in the early 1980s. Lemmy of Motörhead often played overdriven power chords in his bass lines.
Heavy metal drumming is defined by a loud, consistent beat that drives the band, relying on the ""trifecta of speed, power, and precision."" Heavy metal drumming ""requires an exceptional amount of endurance"", and drummers have to develop ""considerable speed, coordination, and dexterity ... to play the intricate patterns"" used in heavy metal. A characteristic metal drumming technique is the cymbal choke, which consists of striking a cymbal and then immediately silencing it by grabbing it with the other hand (or, in some cases, the same striking hand), producing a burst of sound. The metal drum setup is generally much larger than those employed in other forms of rock music. Black metal, death metal and some ""mainstream metal"" bands ""all depend upon double-kicks and blast beats"".

In live performance, loudness – an ""onslaught of sound"", in sociologist Deena Weinstein's description – is considered vital. In his book, Metalheads, psychologist Jeffrey Arnett refers to heavy metal concerts as ""the sensory equivalent of war"". Following the lead set by Jimi Hendrix, Cream and the Who, early heavy metal acts such as Blue Cheer set new benchmarks for volume. As Blue Cheer's Dick Peterson put it, ""All we knew was we wanted more power."" A 1977 review of a Motörhead concert noted how ""excessive volume in particular figured into the band's impact"". Weinstein makes the case that in the same way that melody is the main element of pop and rhythm is the main focus of house music, powerful sound, timbre and volume are the key elements of metal. She argues that the loudness is designed to ""sweep the listener into the sound"" and to provide a ""shot of youthful vitality"".
Heavy metal performers tended to be almost exclusively male until at least the mid-1980s, with some exceptions such as Girlschool. However, by the 2010s, women were making more of an impact, and PopMatters' Craig Hayes argues that metal ""clearly empowers women"". In the power metal and symphonic metal subgenres, there has been a sizable number of bands that have had women as the lead singers, such as Nightwish, Delain and Within Temptation.


=== Musical language ===


==== Rhythm and tempo ====

The rhythm in metal songs is emphatic, with deliberate stresses. Weinstein observes that the wide array of sonic effects available to metal drummers enables the ""rhythmic pattern to take on a complexity within its elemental drive and insistency"". In many heavy metal songs, the main groove is characterized by short, two- or three-note rhythmic figures – generally made up of eighth or 16th notes. These rhythmic figures are usually performed with a staccato attack created by using a palm-muted technique on the rhythm guitar.
Brief, abrupt and detached rhythmic cells are joined into rhythmic phrases with a distinctive, often jerky texture. These phrases are used to create rhythmic accompaniment and melodic figures called riffs, which help to establish thematic hooks. Heavy metal songs also use longer rhythmic figures such as whole note- or dotted quarter note-length chords in slow-tempo power ballads. The tempos in early heavy metal music tended to be ""slow, even ponderous"". By the late 1970s, however, metal bands were employing a wide variety of tempos, and as recently as the 2000s, metal tempos range from slow ballad tempos (quarter note = 60 beats per minute) to extremely fast blast beat tempos (quarter note = 350 beats per minute).


==== Harmony ====
One of the signatures of the genre is the guitar power chord. In technical terms, the power chord is relatively simple: it involves just one main interval, generally the perfect fifth, though an octave may be added as a doubling of the root. When power chords are played on the lower strings at high volumes and with distortion, additional low-frequency sounds are created, which add to the ""weight of the sound"" and create an effect of ""overwhelming power"". Although the perfect fifth interval is the most common basis for the power chord, power chords are also based on different intervals such as the minor third, major third, perfect fourth, diminished fifth or minor sixth. Most power chords are also played with a consistent finger arrangement that can be slid easily up and down the fretboard.


==== Typical harmonic structures ====
Heavy metal is usually based on riffs created with three main harmonic traits: modal scale progressions, tritone and chromatic progressions, and the use of pedal points. Traditional heavy metal tends to employ modal scales, in particular the Aeolian and Phrygian modes. Harmonically speaking, this means the genre typically incorporates modal chord progressions such as the Aeolian progressions I-♭VI-♭VII, I-♭VII-(♭VI), or I-♭VI-IV-♭VII and Phrygian progressions implying the relation between I and ♭II (I-♭II-I, I-♭II-III, or I-♭II-VII for example). Tense-sounding chromatic or tritone relationships are used in a number of metal chord progressions. In addition to using modal harmonic relationships, heavy metal also uses ""pentatonic and blues-derived features"".
The tritone, an interval spanning three whole tones – such as C to F# – was considered extremely dissonant and unstable by medieval and Renaissance music theorists. It was nicknamed the diabolus in musica – ""the devil in music"".
Heavy metal songs often make extensive use of pedal point as a harmonic basis. A pedal point is a sustained tone, typically in the bass range, during which at least one foreign (i.e., dissonant) harmony is sounded in the other parts. According to Robert Walser, heavy metal harmonic relationships are ""often quite complex"" and the harmonic analysis done by metal players and teachers is ""often very sophisticated"". In the study of heavy metal chord structures, it has been concluded that ""heavy metal music has proved to be far more complicated"" than other music researchers had realized.


==== Relationship with classical music ====

Robert Walser stated that, alongside blues and R&B, the ""assemblage of disparate musical styles known ... as 'classical music'"" has been a major influence on heavy metal since the genre's earliest days, and that metal's ""most influential musicians have been guitar players who have also studied classical music. Their appropriation and adaptation of classical models sparked the development of a new kind of guitar virtuosity [and] changes in the harmonic and melodic language of heavy metal.""
In an article written for Grove Music Online, Walser stated that the ""1980s brought on ... the widespread adaptation of chord progressions and virtuosic practices from 18th-century European models, especially Bach and Antonio Vivaldi, by influential guitarists such as Ritchie Blackmore, Marty Friedman, Jason Becker, Uli Jon Roth, Eddie Van Halen, Randy Rhoads and Yngwie Malmsteen."" Kurt Bachmann of Believer has stated that ""if done correctly, metal and classical fit quite well together. Classical and metal are probably the two genres that have the most in common when it comes to feel, texture, creativity.""
Although a number of metal musicians cite classical composers as inspiration, classical and metal are rooted in different cultural traditions and practices – classical in the art music tradition, metal in the popular music tradition. As musicologists Nicolas Cook and Nicola Dibben note: ""Analyses of popular music also sometimes reveal the influence of 'art traditions.' An example is Walser's linkage of heavy metal music with the ideologies and even some of the performance practices of nineteenth-century Romanticism. However, it would be clearly wrong to claim that traditions such as blues, rock, heavy metal, rap or dance music derive primarily from ""art music.'""


=== Lyrical themes ===

According to David Hatch and Stephen Millward, Black Sabbath and the numerous heavy metal bands that they inspired have concentrated lyrically ""on dark and depressing subject matter to an extent hitherto unprecedented in any form of pop music."" They take as an example Black Sabbath's second album, Paranoid (1970), which ""included songs dealing with personal trauma—'Paranoid' and 'Fairies Wear Boots' (which described the unsavoury side effects of drug-taking)—as well as those confronting wider issues, such as the self-explanatory 'War Pigs' and 'Hand of Doom.'"" Deriving from the genre's roots in blues music, sex is another important topic – a thread running from Led Zeppelin's suggestive lyrics to the more explicit references of glam metal and nu metal bands.

The thematic content of heavy metal has long been a target of criticism. According to Jon Pareles, ""Heavy metal's main subject matter is simple and virtually universal. With grunts, moans and subliterary lyrics, it celebrates ... a party without limits ... [T]he bulk of the music is stylized and formulaic."" Music critics have often deemed metal lyrics juvenile and banal, and others have objected to what they see as advocacy of misogyny and the occult. During the 1980s, the Parents Music Resource Center petitioned the U.S. Congress to regulate the popular music industry due to what the group asserted were objectionable lyrics, particularly those in heavy metal songs. Andrew Cope stated that claims that heavy metal lyrics are misogynistic are ""clearly misguided"" as these critics have ""overlook[ed] the overwhelming evidence that suggests otherwise"". Music critic Robert Christgau called metal ""an expressive mode [that] it sometimes seems will be with us for as long as ordinary white boys fear girls, pity themselves, and are permitted to rage against a world they'll never beat"".
Heavy metal artists have had to defend their lyrics in front of the U.S. Senate and in court. In 1985, Twisted Sister frontman Dee Snider was asked to defend his song ""Under the Blade"" at a U.S. Senate hearing. At the hearing, the PMRC alleged that the song was about sadomasochism and rape; Snider stated that the song was about his bandmate's throat surgery. In 1986, Ozzy Osbourne was sued over the lyrics of his song ""Suicide Solution"". A lawsuit against Osbourne was filed by the parents of John McCollum, a depressed teenager who committed suicide allegedly after listening to Osbourne's song. Osbourne was not found to be responsible for the teen's death. In 1990, Judas Priest was sued in American court by the parents of two young men who had shot themselves five years earlier, allegedly after hearing the subliminal statement ""do it"" in the band's cover of the song ""Better by You, Better than Me"". While the case attracted a great deal of media attention, it was ultimately dismissed. In 1991, U.K. police seized death metal records from the British record label Earache Records, in an ""unsuccessful attempt to prosecute the label for obscenity"".
In some predominantly Muslim countries, heavy metal has been officially denounced as a threat to traditional values, and in countries such as Morocco, Egypt, Lebanon and Malaysia, there have been incidents of heavy metal musicians and fans being arrested and incarcerated. In 1997, the Egyptian police jailed many young metal fans, and they were accused of ""devil worship"" and blasphemy after police found metal recordings during searches of their homes. In 2013, Malaysia banned Lamb of God from performing in their country, on the grounds that the ""band's lyrics could be interpreted as being religiously insensitive"" and blasphemous. Some people consider heavy metal music to be a leading factor for mental health disorders, and that heavy metal fans are more likely to suffer poor mental health, but a study from 2009 suggests that this is not true and that fans of heavy metal music suffer from poor mental health at a similar or lower rate compared to the general population.


=== Image and fashion ===

For many artists and bands, visual imagery plays a large role in heavy metal. In addition to its sound and lyrics, a heavy metal band's image is expressed in album cover art, logos, stage sets, clothing, design of instruments and music videos.
Down-the-back long hair is the ""most crucial distinguishing feature of metal fashion"". Originally adopted from the hippie subculture, by the 1980s and 1990s, heavy metal hair ""symbolised the hate, angst and disenchantment of a generation that seemingly never felt at home"", according to journalist Nader Rahman. Long hair gave members of the metal community ""the power they needed to rebel against nothing in general"".
The classic uniform of heavy metal fans consists of light-colored, ripped, frayed or torn blue jeans, black T-shirts, boots, and black leather or denim jackets. Deena Weinstein wrote, ""T-shirts are generally emblazoned with the logos or other visual representations of favorite metal bands."" In the 1980s, a range of sources – from punk rock and goth music to horror films – influenced metal fashion. Many metal performers of the 1970s and 1980s used radically shaped and brightly colored instruments to enhance their stage appearance.
Fashion and personal style was especially important for glam metal bands of the era. Performers typically wore long, dyed, hairspray-teased hair (hence the nickname ""hair metal""); makeup such as lipstick and eyeliner; gaudy clothing, including leopard-skin-printed shirts or vests and tight denim, leather or spandex pants; and accessories such as headbands and jewelry. Pioneered by the heavy metal act X Japan in the late 1980s, bands in the Japanese movement known as visual kei, which includes many non-metal groups, emphasize elaborate costumes, hair and makeup.


=== Physical gestures ===

When performing live, many metal musicians – as well as the audience for whom they're playing – engage in headbanging, which involves rhythmically beating time with the head, often emphasized by long hair. The sign of the horns hand gesture was popularized by vocalist Ronnie James Dio during his time with the bands Black Sabbath and Dio. Although Gene Simmons of Kiss claims to have been the first to make the gesture on the 1977 Love Gun album cover, there is speculation as to who started the phenomenon.
Attendees of metal concerts do not dance in the usual sense. Two primary body movements used are headbanging and an arm thrust that is both a sign of appreciation and a rhythmic gesture. The performance of air guitar is popular among metal fans both at concerts and listening to records at home. According to Deena Weinstein, thrash metal concerts have two elements that are not part of the other metal genres: moshing and stage diving, which ""were imported from the punk/hardcore subculture"". Weinstein states that moshing participants bump and jostle each other as they move in a circle in an area called the ""pit"" near the stage. Stage divers climb onto the stage with the band and then jump ""back into the audience"".


=== Fan subculture ===

It has been argued that heavy metal has outlasted many other rock genres largely due to the emergence of an intense, exclusionary and strongly masculine subculture. While the metal fan base is largely young, white, male and blue-collar, the group is ""tolerant of those outside its core demographic base who follow its codes of dress, appearance, and behavior"". Identification with the subculture is strengthened not only by the group experience of concert-going and shared elements of fashion, but also by contributing to metal magazines and, more recently, websites. Attending live concerts in particular has been called the ""holiest of heavy metal communions"".
The metal scene has been characterized as a ""subculture of alienation"" with its own code of authenticity. This code puts several demands on performers: they must appear both completely devoted to their music and loyal to the subculture that supports it; they must appear uninterested in mainstream appeal and radio hits; and they must never ""sell out"". Deena Weinstein stated that for the fans themselves, the code promotes ""opposition to established authority, and separateness from the rest of society"".
Musician and filmmaker Rob Zombie observed, ""Most of the kids who come to my shows seem like really imaginative kids with a lot of creative energy they don't know what to do with"" and that metal is ""outsider music for outsiders. Nobody wants to be the weird kid; you just somehow end up being the weird kid. It's kind of like that, but with metal you have all the weird kids in one place."" Scholars of metal have noted the tendency of fans to classify and reject some performers (and some other fans) as ""poseurs"" ""who pretended to be part of the subculture, but who were deemed to lack authenticity and sincerity"".


== Etymology ==
The origin of the term ""heavy metal"" in a musical context is uncertain. The phrase has been used for centuries in chemistry and metallurgy, where the periodic table organizes elements of both light and heavy metals (e.g., uranium). An early use of the term in modern popular culture was by countercultural writer William S. Burroughs. His 1961 novel The Soft Machine includes a character known as ""Uranian Willy, the Heavy Metal Kid"". Burroughs' next novel, Nova Express (1964), develops the theme, using ""heavy metal"" as a metaphor for addictive drugs: ""With their diseases and orgasm drugs and their sexless parasite life forms—Heavy Metal People of Uranus wrapped in cool blue mist of vaporized bank notes—And The Insect People of Minraud with metal music."" Inspired by Burroughs' novels, the term was used in the title of the 1967 album Featuring the Human Host and the Heavy Metal Kids by Hapshash and the Coloured Coat, which has been claimed to be its first use in the context of music. The phrase was later lifted by Sandy Pearlman, who used the term to describe the Byrds for their supposed ""aluminium style of context and effect"", particularly on their album The Notorious Byrd Brothers (1968).
Metal historian Ian Christe describes what the components of the term mean in ""hippiespeak"": ""heavy"" is roughly synonymous with ""potent"" or ""profound"", and ""metal"" designates a certain type of mood, grinding and weighted as with metal. The word ""heavy"" in this sense was a basic element of beatnik and later countercultural hippie slang, and references to ""heavy music"" – typically slower, more amplified variations of standard pop fare – were already common by the mid-1960s, such as in reference to Vanilla Fudge. Iron Butterfly's debut album, which was released in early 1968, was titled Heavy. The first use of ""heavy metal"" in a song lyric is in reference to a motorcycle in the Steppenwolf song ""Born to Be Wild"", also released that year: ""I like smoke and lightning / Heavy metal thunder / Racin' with the wind / And the feelin' that I'm under"".
An early documented use of the phrase in rock criticism appears in Sandy Pearlman's February 1967 Crawdaddy review of the Rolling Stones' Got Live If You Want It (1966), albeit as a description of the sound rather than as a genre: ""On this album the Stones go metal. Technology is in the saddle—as an ideal and as a method."" Another appears in the 11 May 1968 issue of Rolling Stone, in which Barry Gifford wrote about the album A Long Time Comin' by U.S. band Electric Flag: ""Nobody who's been listening to Mike Bloomfield—either talking or playing—in the last few years could have expected this. This is the new soul music, the synthesis of white blues and heavy metal rock."" In the 7 September 1968 edition of the Seattle Daily Times, reviewer Susan Schwartz wrote that the Jimi Hendrix Experience ""has a heavy-metals blues sound"". In January 1970, Lucian K. Truscott IV, reviewing Led Zeppelin II for the Village Voice, described the sound as ""heavy"" and made comparisons with Blue Cheer and Vanilla Fudge.
Other early documented uses of the phrase are from reviews by critic Metal Mike Saunders. In the 12 November 1970 issue of Rolling Stone, he commented on an album put out the previous year by the British band Humble Pie: ""Safe as Yesterday Is, their first American release, proved that Humble Pie could be boring in lots of different ways. Here they were a noisy, unmelodic, heavy metal-leaden shit-rock band with the loud and noisy parts beyond doubt. There were a couple of nice songs ... and one monumental pile of refuse."" He described the band's latest, self-titled release as ""more of the same 27th-rate heavy metal crap"".
In a review of Sir Lord Baltimore's Kingdom Come in the May 1971 edition of Creem, Saunders wrote, ""Sir Lord Baltimore seems to have down pat most all the best heavy metal tricks in the book."" Creem critic Lester Bangs is credited with popularizing the term via his early 1970s essays on bands such as Led Zeppelin and Black Sabbath. Through the decade, ""heavy metal"" was used by certain critics as a virtually automatic putdown. In 1979, lead New York Times popular music critic John Rockwell described what he called ""heavy-metal rock"" as ""brutally aggressive music played mostly for minds clouded by drugs"" and, in a different article, as ""a crude exaggeration of rock basics that appeals to white teenagers"".
Coined by Black Sabbath drummer Bill Ward, ""downer rock"" was one of the earliest terms used to describe this style of music and was applied to acts such as Sabbath and Bloodrock. Classic Rock magazine described the downer rock culture revolving around the use of Quaaludes and the drinking of wine. The term would later be replaced by ""heavy metal"".
Earlier on, as ""heavy metal"" emerged partially from heavy psychedelic rock, also known as acid rock, ""acid rock"" was often used interchangeably with ""heavy metal"" and ""hard rock"". ""Acid rock"" generally describes heavy, hard or raw psychedelic rock. Musicologist Steve Waksman stated that ""the distinction between acid rock, hard rock, and heavy metal can at some point never be more than tenuous"", while percussionist John Beck defined ""acid rock"" as synonymous with hard rock and heavy metal.
Apart from ""acid rock"", the terms ""heavy metal"" and ""hard rock"" have often been used interchangeably, particularly in discussing bands of the 1970s, a period when the terms were largely synonymous. For example, the 1983 edition of the Rolling Stone Encyclopedia of Rock & Roll includes the following passage: ""Known for its aggressive blues-based hard-rock style, Aerosmith was the top American heavy-metal band of the mid-Seventies"".
""The term 'heavy metal' is self-defeating,"" remarked Kiss bassist Gene Simmons. ""When I think of heavy metal, I've always thought of elves and evil dwarves and evil princes and princesses. A lot of the Maiden and Priest records were real metal records. I sure as hell don't think Metallica's metal, or Guns N' Roses is metal, or Kiss is metal. It just doesn't deal with the ground opening up and little dwarves coming out riding dragons! You know, like bad Dio records.""


== History ==


=== Proto-metal:1950s-late 1960s ===
Heavy metal's quintessential guitar style, which is built around distortion-heavy riffs and power chords, traces its roots to early 1950s Memphis blues guitarists such as Joe Hill Louis, Willie Johnson and particularly Pat Hare, who captured a ""grittier, nastier, more ferocious electric guitar sound"" on records such as James Cotton's ""Cotton Crop Blues"" (1954). Other early influences include the late 1950s instrumentals of Link Wray, particularly ""Rumble"" (1958); the early 1960s surf rock of Dick Dale, including ""Let's Go Trippin'"" (1961) and ""Misirlou"" (1962); and the Kingsmen's version of ""Louie Louie"" (1963), which became a garage rock standard.

However, the genre's direct lineage begins in the mid-1960s. American blues music was a major influence on the early British rockers of the era. Bands like the Rolling Stones and the Yardbirds developed blues rock by recording covers of classic blues songs, often speeding up the tempos. As they experimented with the music, the UK blues-based bands – and in turn the U.S. acts they influenced – developed what would become the hallmarks of heavy metal (in particular, the loud, distorted guitar sound). The Kinks played a major role in popularising this sound with their 1964 hit ""You Really Got Me"".
In addition to the Kinks' Dave Davies, other guitarists such as the Who's Pete Townshend and the Yardbirds' Jeff Beck were experimenting with feedback. Where the blues rock drumming style started out largely as simple shuffle beats on small kits, drummers began using a more muscular, complex and amplified approach to match and be heard against the increasingly loud guitar. Vocalists similarly modified their technique and increased their reliance on amplification, often becoming more stylized and dramatic. In terms of sheer volume, especially in live performance, the Who's ""bigger-louder-wall-of-Marshalls"" approach was seminal to the development of the later heavy metal sound.
The combination of this loud and heavy blues rock with psychedelic rock and acid rock formed much of the original basis for heavy metal. The variant or subgenre of psychedelic rock often known as ""acid rock"" was particularly influential on heavy metal and its development; acid rock is often defined as a heavier, louder, or harder variant of psychedelic rock, or the more extreme side of the psychedelic rock genre, frequently containing a loud, improvised, and heavily distorted, guitar-centered sound. Acid rock has been described as psychedelic rock at its ""rawest and most intense"", emphasizing the heavier qualities associated with both the positive and negative extremes of the psychedelic experience rather than only the idyllic side of psychedelia. In  contrast to more idyllic or whimsical pop psychedelic rock, American acid rock garage bands such as the 13th Floor Elevators epitomized the frenetic, heavier, darker, and more psychotic psychedelic rock sound known as acid rock, a sound characterized by droning guitar riffs, amplified feedback, and guitar distortion, while the 13th Floor Elevators' sound in particular featured yelping vocals and ""occasionally demented"" lyrics. Frank Hoffman noted that ""[Psychedelic rock] was sometimes referred to as 'acid rock'. The latter label was applied to a pounding, hard rock variant that evolved out of the mid-1960s garage-punk movement. ... When rock began turning back to softer, roots-oriented sounds in late 1968, acid-rock bands mutated into heavy metal acts.""
One of the most influential bands in forging the merger of psychedelic rock and acid rock with the blues rock genre was the British power trio Cream, who derived a massive, heavy sound from unison riffing between guitarist Eric Clapton and bassist Jack Bruce, as well as Ginger Baker's double bass drumming. Their first two LPs – Fresh Cream (1966) and Disraeli Gears (1967) – are regarded as essential prototypes for the future style of heavy metal. The Jimi Hendrix Experience's debut album, Are You Experienced (1967), was also highly influential. Hendrix's virtuosic technique would be emulated by many metal guitarists, and the album's most successful single, ""Purple Haze"", is identified by some as the first heavy metal hit. Vanilla Fudge, whose first album also came out in 1967, has been called ""one of the few American links between psychedelia and what soon became heavy metal,"" and the band has been cited as an early American heavy metal group. On their self-titled debut album, Vanilla Fudge created ""loud, heavy, slowed-down arrangements"" of contemporary hit songs, blowing these songs up to ""epic proportions"" and ""bathing them in a trippy, distorted haze"".
During the late 1960s, many psychedelic singers, such as Arthur Brown, began to create outlandish, theatrical, and often macabre performances that influenced many metal acts. The American psychedelic rock band Coven, who opened for early heavy metal influencers such as Vanilla Fudge and the Yardbirds, portrayed themselves as practitioners of witchcraft or black magic, using dark – Satanic or occult – imagery in their lyrics, album art and live performances, which consisted of elaborate, theatrical ""Satanic rites"". Coven's 1969 debut album, Witchcraft Destroys Minds & Reaps Souls, featured imagery of skulls, black masses, inverted crosses, and Satan worship, and both the album artwork and the band's live performances marked the first appearances in rock music of the sign of the horns, which would later become an important gesture in heavy metal culture. Coven's lyrical and thematic influences on heavy metal were quickly overshadowed by the darker and heavier sounds of Black Sabbath.


=== Origins: late 1960s and early 1970s ===

Critics disagree over who can be thought of as the first heavy metal band. Most credit the British bands Led Zeppelin and Black Sabbath, with American commentators tending to favour Led Zeppelin and British commentators tending to favour Black Sabbath, though many give equal credit to both. Deep Purple, the third band in what is sometimes considered the ""unholy trinity"" of heavy metal along with Led Zeppelin and Black Sabbath, fluctuated between many rock styles until late 1969 when they took a heavy metal direction. A few commentators – mainly American – argue for other groups, including Iron Butterfly, Steppenwolf, Blue Cheer, or Vanilla Fudge, as the first to play heavy metal.
In 1968, the sound that would become known as heavy metal began to coalesce. That January, San Francisco band Blue Cheer released a cover of Eddie Cochran's classic ""Summertime Blues"" as a part of their debut album, Vincebus Eruptum, and many consider it to be the first true heavy metal recording. The same month, Steppenwolf released their self-titled debut album, on which the track ""Born to Be Wild"" refers to ""heavy metal thunder"" in describing a motorcycle. In July, the Jeff Beck Group, whose leader had preceded Page as the Yardbirds' guitarist, released its debut record, Truth, which featured some of the ""most molten, barbed, downright funny noises of all time"", breaking ground for generations of metal guitarists. In September, Page's new band, Led Zeppelin, made its live debut in Denmark (but were billed as the New Yardbirds). The Beatles' double album The Beatles, released in November, included ""Helter Skelter"", one of the heaviest-sounding songs released by a major band at that time. The Pretty Things' rock opera S.F. Sorrow, released in December, featured ""proto heavy metal"" songs such as ""Old Man Going"" and ""I See You"". Iron Butterfly's 1968 song ""In-A-Gadda-Da-Vida"" is sometimes described as an example of the transition between acid rock and heavy metal or the turning point in which acid rock became ""heavy metal"", and both Iron Butterfly's 1968 album In-A-Gadda-Da-Vida and Blue Cheer's 1968 album Vincebus Eruptum have been described as laying the foundation of heavy metal and greatly influential in the transformation of acid rock into heavy metal.
In this counterculture period, MC5, who began as part of the Detroit garage rock scene, developed a raw, distorted style that has been seen as a major influence on the future sound of both heavy metal and later punk music. The Stooges also began to establish and influence a heavy metal and later punk sound, with songs such as ""I Wanna Be Your Dog"", featuring pounding and distorted heavy guitar power chord riffs. Pink Floyd released two of their heaviest and loudest songs to date, ""Ibiza Bar"" and ""The Nile Song"", the latter of which being regarded as ""one of the heaviest songs the band recorded."" King Crimson's debut album In the Court of the Crimson King started with ""21st Century Schizoid Man"", which was considered heavy metal by several critics.

In January 1969, Led Zeppelin's self-titled debut album was released and reached No. 10 on the Billboard album chart. In July, Led Zeppelin and a power trio with a Cream-inspired, but cruder sound, called Grand Funk Railroad played the Atlanta Pop Festival. That same month, another Cream-rooted trio led by Leslie West released Mountain, an album filled with heavy blues rock guitar and roaring vocals. In August, the group – now itself dubbed Mountain – played an hour-long set at the Woodstock Festival, exposing the crowd of 300,000 people to the emerging sound of heavy metal. Mountain's proto-metal or early heavy metal hit song ""Mississippi Queen"" from the album Climbing! is especially credited with paving the way for heavy metal and was one of the first heavy guitar songs to receive regular play on radio. In September 1969, the Beatles released the album Abbey Road containing the track ""I Want You (She's So Heavy)"", which has been credited as an early example of or influence on heavy metal or doom metal. In October 1969, British band High Tide debuted with the heavy, proto-metal album Sea Shanties.
Led Zeppelin defined central aspects of the emerging genre, with Page's highly distorted guitar style and singer Robert Plant's dramatic, wailing vocals. Other bands, with a more consistently heavy, ""purely"" metal sound, would prove equally important in codifying the genre. The 1970 releases by Black Sabbath (Black Sabbath, which is generally accepted as the first heavy metal album, and Paranoid) and Deep Purple (Deep Purple in Rock) were crucial in this regard.
Birmingham's Black Sabbath had developed a particularly heavy sound in part due to a work accident in which guitarist Tony Iommi lost the ends of two fingers. Unable to play normally, Iommi had to tune his guitar down for easier fretting and rely on power chords with their relatively simple fingering. The bleak, industrial, working-class environment of Birmingham, a manufacturing city full of noisy factories and metalworking, has itself been credited with influencing Black Sabbath's heavy, chugging, metallic sound – and the sound of heavy metal in general.
Deep Purple had fluctuated between styles in its early years, but by 1969, vocalist Ian Gillan and guitarist Ritchie Blackmore had led the band toward the developing heavy metal style. In 1970, Black Sabbath and Deep Purple scored major U.K. chart hits with ""Paranoid"" and ""Black Night"", respectively. That same year, two other British bands released debut albums in a heavy metal mode: Uriah Heep with ... Very 'Eavy ... Very 'Umble and UFO with UFO 1. Bloodrock released their self-titled debut album, a collection of heavy guitar riffs, gruff style vocals and sadistic and macabre lyrics. The influential Budgie brought the new metal sound into a power trio context, creating some of the heaviest music of the time. The occult lyrics and imagery employed by Black Sabbath and Uriah Heep would prove particularly influential; Led Zeppelin also began foregrounding such elements with its fourth album, released in 1971. In 1973, Deep Purple released the song ""Smoke on the Water"", whose iconic riff is usually considered as the most recognizable one in ""heavy rock"" history, as a single of the classic live album Made in Japan.

On the other side of the Atlantic, the trendsetting group was Grand Funk Railroad, who was described as ""the most commercially successful American heavy-metal band from 1970 until they disbanded in 1976, [they] established the Seventies success formula: continuous touring."" Other influential bands identified with metal emerged in the U.S. such as Sir Lord Baltimore (Kingdom Come, 1970), Blue Öyster Cult (Blue Öyster Cult, 1972), Aerosmith (Aerosmith, 1973) and Kiss (Kiss, 1974). Sir Lord Baltimore's 1970 debut album and both Humble Pie's debut and self-titled third album were among the first albums to be described in print as ""heavy metal"", with As Safe As Yesterday Is referred to by the term ""heavy metal"" in a 1970 review in Rolling Stone magazine. In Germany, Scorpions debuted with Lonesome Crow in 1972. Blackmore, who had emerged as a virtuoso soloist with Deep Purple's highly influential album Machine Head (1972), left the band in 1975 to form Rainbow with Ronnie James Dio, singer and bassist for blues rock band Elf and future vocalist for Black Sabbath and heavy metal band Dio. Rainbow with Ronnie James Dio would expand on the mystical and fantasy-based lyrics and themes sometimes found in heavy metal, pioneering both power metal and neoclassical metal. These bands also built audiences via constant touring and increasingly elaborate stage shows.
There are arguments about whether these and other early bands truly qualify as ""heavy metal"" or simply as ""hard rock"". Those closer to the music's blues roots or placing greater emphasis on melody are now commonly ascribed the latter label. AC/DC, which debuted with High Voltage in 1975, is a prime example. The 1983 Rolling Stone encyclopedia entry begins, ""Australian heavy-metal band AC/DC ..."" Rock historian Clinton Walker wrote, ""Calling AC/DC a heavy metal band in the seventies was as inaccurate as it is today. ... [They] were a rock 'n' roll band that just happened to be heavy enough for metal."" The issue is not only one of shifting definitions, but also a persistent distinction between musical style and audience identification; Ian Christe describes how the band ""became the stepping-stone that led huge numbers of hard rock fans into heavy metal perdition"".
In certain cases, there is little debate. After Black Sabbath, the next major example is Britain's Judas Priest, which debuted with Rocka Rolla in 1974. In Christe's description,

Black Sabbath's audience was ... left to scavenge for sounds with similar impact. By the mid-1970s, heavy metal aesthetic could be spotted, like a mythical beast, in the moody bass and complex dual guitars of Thin Lizzy, in the stagecraft of Alice Cooper, in the sizzling guitar and showy vocals of Queen, and in the thundering medieval questions of Rainbow. ... Judas Priest arrived to unify and amplify these diverse highlights from hard rock's sonic palette. For the first time, heavy metal became a true genre unto itself.
Though Judas Priest did not have a top 40 album in the United States until 1980, for many it was the definitive post-Sabbath heavy metal band; its twin-guitar attack, featuring rapid tempos and a non-bluesy, more cleanly metallic sound, was a major influence on later acts. While heavy metal was growing in popularity, most critics were not enamored of the music. Objections were raised to metal's adoption of visual spectacle and other trappings of commercial artifice, but the main offense was its perceived musical and lyrical vacuity: reviewing a Black Sabbath album in the early 1970s, Robert Christgau described it as ""dull and decadent ... dim-witted, amoral exploitation.""


=== Mainstream: late 1970s and 1980s ===

Punk rock emerged in the mid-1970s as a reaction against contemporary social conditions as well as what was perceived as the overindulgent, overproduced rock music of the time, including heavy metal. Sales of heavy metal records declined sharply in the late 1970s in the face of punk, disco and more mainstream rock. With the major labels fixated on punk, many newer British heavy metal bands were inspired by the movement's aggressive, high-energy sound and ""lo-fi"", do it yourself ethos. Underground metal bands began putting out cheaply recorded releases independently to small, devoted audiences.
Motörhead, founded in 1975, was the first important band to straddle the punk/metal divide. With the explosion of punk in 1977, others followed. British music magazines such as the NME and Sounds took notice, with Sounds writer Geoff Barton christening the movement the ""New Wave of British Heavy Metal"". NWOBHM bands including Iron Maiden, Saxon and Def Leppard re-energized the heavy metal genre. Following the lead set by Judas Priest and Motörhead, they toughened up the sound, reduced its blues elements and emphasized increasingly fast tempos.
""This seemed to be the resurgence of heavy metal,"" noted Ronnie James Dio, who joined Black Sabbath in 1979. ""I've never thought there was a desurgence of heavy metal – if that's a word! – but it was important to me that, yet again [after Rainbow], I could be involved in something that was paving the way for those who are going to come after me.""
By 1980, the NWOBHM had broken into the mainstream, as albums by Iron Maiden and Saxon, as well as Motörhead, reached the British top 10. Though less commercially successful, NWOBHM bands such as Venom and Diamond Head would have a significant influence on metal's development. In 1981, Motörhead became the first of this new breed of metal bands to top the U.K. charts with the live album No Sleep 'til Hammersmith.
The first generation of metal bands was ceding the limelight. Deep Purple broke up soon after Blackmore's departure in 1975, and Led Zeppelin split following drummer John Bonham's death in 1980. Black Sabbath were plagued with infighting and substance abuse, while facing fierce competition from their opening band, Van Halen. Eddie Van Halen established himself as one of the leading metal guitarists of the era. His solo on ""Eruption"", from the band's self-titled 1978 album, is considered a milestone. Eddie Van Halen's sound even crossed over into pop music when his guitar solo was featured on the track ""Beat It"" by Michael Jackson, which reached No. 1 in the U.S. in February 1983.
Inspired by Van Halen's success, a metal scene began to develop in Southern California during the late 1970s. Based on the clubs of L.A.'s Sunset Strip, bands such as Mötley Crüe, Quiet Riot, Ratt and W.A.S.P. were influenced by traditional heavy metal of the 1970s. These acts incorporated the theatrics (and sometimes makeup) of glam metal or ""hair metal"" bands such as Alice Cooper and Kiss. Glam metal bands were often visually distinguished by long, overworked hairstyles accompanied by wardrobes which were sometimes considered cross-gender. The lyrics of these glam metal bands characteristically emphasized hedonism and wild behavior, including lyrics that involved sexual expletives and the use of narcotics.In the wake of the New Wave of British Heavy Metal and Judas Priest's breakthrough with British Steel (1980), heavy metal became increasingly popular in the early 1980s. Many metal artists benefited from the exposure they received on MTV, which began airing in 1981; sales often soared if a band's videos screened on the channel. Def Leppard's videos for Pyromania (1983) made them superstars in America, and Quiet Riot became the first domestic heavy metal band to top the Billboard chart with Metal Health (1983). One of the seminal events in metal's growing popularity was the 1983 US Festival in California, where the ""heavy metal day"" featuring Ozzy Osbourne, Van Halen, Scorpions, Mötley Crüe, Judas Priest and others drew the largest audiences of the three-day event.
Between 1983 and 1984, heavy metal's share of all recordings sold in the U.S. increased from 8% to 20%. Several major professional magazines devoted to the genre were launched, including Kerrang! in 1981 and Metal Hammer in 1984, as well as a host of fan journals. In 1985, Billboard declared: ""Metal has broadened its audience base. Metal music is no longer the exclusive domain of male teenagers. The metal audience has become older (college-aged), younger (pre-teen), and more female.""
By the mid-1980s, glam metal was a dominant presence on the U.S. charts, music television and the arena concert circuit. New bands such as L.A.'s Warrant and acts from the East Coast like Poison and Cinderella became major draws, while Mötley Crüe and Ratt remained very popular. Bridging the stylistic gap between hard rock and glam metal, New Jersey's Bon Jovi became enormously successful with its third album, Slippery When Wet (1986). The similarly styled Swedish band Europe became international stars with The Final Countdown (1986), whose title track hit No. 1 in 25 countries. In 1987, MTV launched Headbangers Ball, a show devoted exclusively to heavy metal videos. However, the metal audience had begun to factionalize, with those in many underground metal scenes favoring more extreme sounds and disparaging the popular style as ""light metal"" or ""hair metal"".
One band that reached diverse audiences was Guns N' Roses. With the release of their chart-topping album Appetite for Destruction in 1987, they ""recharged and almost single-handedly sustained the Sunset Strip sleaze system for several years"". The following year, Jane's Addiction emerged from the same L.A. hard-rock club scene with their major-label debut, Nothing's Shocking. Reviewing the album, Steve Pond of Rolling Stone declared, ""As much as any band in existence, Jane's Addiction is the true heir to Led Zeppelin."" The group was one of the first to be identified with the ""alternative metal"" trend that would come to the fore in the next decade. Meanwhile, new bands like New York City's Winger and New Jersey's Skid Row sustained the popularity of the glam metal style.


=== Other heavy metal genres: 1980s, 1990s and 2000s ===

Many subgenres of heavy metal developed outside of the commercial mainstream during the 1980s, such as crossover thrash. Several attempts have been made to map the complex world of underground metal, most notably by the editors of AllMusic, as well as critic Garry Sharpe-Young. Sharpe-Young's multivolume metal encyclopedia separates the underground into five major categories: thrash metal, death metal, black metal, power metal and the related subgenres of doom and gothic metal.
In 1990, a review in Rolling Stone suggested retiring the term ""heavy metal"" as the genre was ""ridiculously vague"". The article stated that the term only fueled ""misperceptions of rock & roll bigots who still assume that five bands as different as Ratt, Extreme, Anthrax, Danzig and Mother Love Bone"" sound the same.


==== Thrash metal ====

Thrash metal emerged in the early 1980s under the influence of hardcore punk and the New Wave of British Heavy Metal, particularly songs in the revved-up style known as speed metal. The movement began in the United States, with Bay Area thrash metal being the leading scene. The sound developed by thrash groups was faster and more aggressive than that of the original metal bands and their glam metal successors. Low-register guitar riffs are typically overlaid with shredding leads. Lyrics often express nihilistic views or deal with social issues using visceral, gory language. Thrash has been described as a form of ""urban blight music"" and ""a palefaced cousin of rap"".
The subgenre was popularized by the ""Big Four of Thrash"": Metallica, Anthrax, Megadeth and Slayer. Three German bands, Kreator, Sodom and Destruction, played a central role in bringing the style to Europe. Others, including the San Francisco Bay Area's Testament and Exodus, New Jersey's Overkill, and Brazil's Sepultura and Sarcófago, also had a significant impact. Although thrash metal began as an underground movement, and remained largely that for almost a decade, the leading bands of the scene began to reach a wider audience. Metallica brought the sound into the top 40 of the Billboard album chart in 1986 with Master of Puppets, the genre's first Platinum record. Two years later, the band's album ... And Justice for All hit No. 6, while Megadeth and Anthrax also had top 40 records on the American charts.
Though less commercially successful than the rest of the Big Four, Slayer released one of the genre's definitive records: Reign in Blood (1986) was credited for incorporating heavier guitar timbres and including explicit depictions of death, suffering, violence and occult into thrash metal's lyricism. Slayer attracted a following among far-right skinheads, and accusations of promoting violence and Nazi themes have dogged the band. Even though Slayer did not receive substantial media exposure, their music played a key role in the development of extreme metal.
In the early 1990s, bands that got their start in thrash metal achieved breakout success, challenging and redefining the metal mainstream. Metallica's self-titled 1991 album topped the Billboard chart, as the band established an international following. Megadeth's Countdown to Extinction (1992) debuted at No. 2, Anthrax and Slayer cracked the top 10, and albums by regional bands such as Testament and Sepultura entered the top 100.


==== Death metal ====

Thrash metal soon began to evolve and split into more extreme metal genres. ""Slayer's music was directly responsible for the rise of death metal,"" according to MTV News. The NWOBHM band Venom was also an important progenitor. The death metal movement in both North America and Europe adopted and emphasized the elements of blasphemy and diabolism employed by such acts. Florida's Death, San Francisco Bay Area's Possessed and Ohio's Necrophagia are recognized as seminal bands in the style. All three have been credited with inspiring the subgenre's name. Possessed in particular did so via their 1984 demo, Death Metal, and their song ""Death Metal"", which came from their 1985 debut album, Seven Churches. In the late 1980s and early 1990s, Swedish death metal became notable and melodic forms of death metal were created.
Death metal utilizes the speed and aggression of both thrash and hardcore, fused with lyrics preoccupied with Z-grade slasher movie violence and Satanism. Death metal vocals are typically bleak, involving guttural ""death growls"", high-pitched screaming, the ""death rasp"" and other uncommon techniques. Complementing the deep, aggressive vocal style are down-tuned, heavily distorted guitars and extremely fast percussion, often with rapid double bass drumming and ""wall of sound""–style blast beats. Frequent tempo and time signature changes and syncopation are also typical.
Death metal, like thrash metal, generally rejects the theatrics of earlier metal styles, opting instead for an everyday look of ripped jeans and plain leather jackets. One major exception to this rule was Deicide's Glen Benton, who branded an inverted cross on his forehead and wore armor on stage. Morbid Angel adopted neo-fascist imagery. These two bands, along with Death and Obituary, were leaders of the major death metal scene that emerged in Florida in the mid-1980s. In the U.K., the related style of grindcore, led by bands such as Napalm Death and Extreme Noise Terror, emerged from the anarcho-punk movement.


==== Black metal ====

The first wave of black metal emerged in Europe in the early and mid-1980s, led by the United Kingdom's Venom, Denmark's Mercyful Fate, Switzerland's Hellhammer and Celtic Frost, and Sweden's Bathory. By the late 1980s, Norwegian bands such as Mayhem and Burzum were heading a second wave. Black metal varies considerably in style and production quality, although most bands emphasize shrieked and growled vocals, highly distorted guitars frequently played with rapid tremolo picking, a dark atmosphere and intentionally lo-fi production, often with ambient noise and background hiss.
Satanic themes are common in black metal, though many bands take inspiration from ancient paganism, promoting a return to supposed pre-Christian values. Numerous black metal bands also ""experiment with sounds from all possible forms of metal, folk, classical music, electronica and avant-garde"". Darkthrone drummer Fenriz explained: ""It had something to do with production, lyrics, the way they dressed and a commitment to making ugly, raw, grim stuff. There wasn't a generic sound.""
Although bands such as Sarcófago had been donning corpsepaint, by 1990, Mayhem was regularly wearing it; many other black metal acts also adopted the look. Bathory inspired the Viking metal and folk metal movements, and Immortal brought blast beats to the fore. Some bands in the Scandinavian black metal scene became associated with considerable violence in the early 1990s, with Mayhem and Burzum linked to church burnings. Growing commercial hype around death metal generated a backlash; beginning in Norway, much of the Scandinavian metal underground shifted to support a black metal scene that resisted being co-opted by the commercial metal industry.
By 1992, black metal scenes had begun to emerge in areas outside Scandinavia, including Germany, France and Poland. The 1993 murder of Mayhem's Euronymous by Burzum's Varg Vikernes provoked intensive media coverage. Around 1996, when many in the scene felt the genre was stagnating, several key bands, including Burzum and Finland's Beherit, moved toward an ambient style, while symphonic black metal was explored by Sweden's Tiamat and Switzerland's Samael. In the late 1990s and early 2000s, Norway's Dimmu Borgir and England's Cradle of Filth brought black metal closer to the mainstream.


==== Power metal ====

During the late 1980s, the power metal scene came together largely in reaction to the harshness of death and black metal. Though a relatively underground style in North America, it enjoys wide popularity in Europe, Japan and South America. Power metal focuses on upbeat, epic melodies and themes that ""appeal to the listener's sense of valor and loveliness"". The prototype for the sound was established in the mid- to late 1980s by Germany's Helloween, who, in their 1987 and 1988 Keeper of the Seven Keys albums, combined the power riffs, melodic approach and a high-pitched, ""clean"" singing style of bands like Judas Priest and Iron Maiden with thrash's speed and energy, ""crystalliz[ing] the sonic ingredients of what is now known as power metal"".
Traditional power metal bands like Sweden's HammerFall, England's DragonForce and the U.S.'s Iced Earth have a sound clearly indebted to the classic NWOBHM style. Many power metal bands such as the U.S.'s Kamelot, Finland's Nightwish, Stratovarius and Sonata Arctica, Italy's Rhapsody of Fire and Russia's Catharsis feature a keyboard-based ""symphonic"" sound, sometimes employing orchestras and opera singers. Power metal has built a strong fanbase in Japan and South America, where bands like Brazil's Angra and Argentina's Rata Blanca are popular.
Closely related to power metal is progressive metal, which adopts the complex compositional approach of bands like Rush and King Crimson. This style emerged in the United States in the early and mid-1980s, with innovators such as Queensrÿche, Fates Warning and Dream Theater. The mix of the progressive and power metal sounds is typified by New Jersey's Symphony X, whose guitarist Michael Romeo is among the most recognized of latter-day shredders.


==== Doom metal ====

Emerging in the mid-1980s with such bands as California's Saint Vitus, Maryland's the Obsessed, Chicago's Trouble and Sweden's Candlemass, the doom metal movement rejected other metal styles' emphasis on speed, slowing its music to a crawl. Doom metal traces its roots to the lyrical themes and musical approach of early Black Sabbath. The Melvins have also been a significant influence on doom metal and a number of its subgenres. Doom metal emphasizes melody, melancholy tempos and a sepulchral mood relative to many other varieties of metal.
The 1991 release of Forest of Equilibrium, the debut album by U.K. band Cathedral, helped spark a new wave of doom metal. During the same period, the doom-death fusion style of British bands Paradise Lost, My Dying Bride and Anathema gave rise to European gothic metal. with its signature dual-vocalist arrangements, exemplified by Norway's Theatre of Tragedy and Tristania. New York's Type O Negative introduced an American take on the style.
In the United States, sludge metal, which mixes doom metal and hardcore punk, emerged in the late 1980s; Eyehategod and Crowbar were leaders in a major Louisiana sludge scene. Early in the next decade, California's Kyuss and Sleep, inspired by the earlier doom metal bands, spearheaded the rise of stoner metal, while Seattle's Earth helped develop the drone metal subgenre. The late 1990s saw new bands form such as the Los Angeles–based Goatsnake, with a classic stoner/doom sound, and Sunn O))), which crosses lines between doom, drone and dark ambient metal; the New York Times has compared their sound to an ""Indian raga in the middle of an earthquake"".


=== 1990s and early 2000s subgenres and fusions ===

Glam metal fell out of favor with the popular breakthrough of grunge and alternative rock,  but as well as the growing popularity of the more aggressive sound typified by Metallica and the post-thrash groove metal of Pantera and White Zombie.
Grunge acts were influenced by the heavy metal sound, but rejected the excesses of the more popular metal bands, such as their ""flashy and virtuosic solos"" and ""appearance-driven"" MTV orientation. In 1991, Metallica released their album Metallica, also known as The Black Album, which moved the band's sound out of the thrash metal genre and into standard heavy metal. The album was certified 16× Platinum by the RIAA. A few new, unambiguously metal bands had commercial success during the first half of the decade – Pantera's Far Beyond Driven topped the Billboard chart in 1994 – but, ""In the dull eyes of the mainstream, metal was dead."" Some bands tried to adapt to the new musical landscape. Metallica revamped its image: the band members cut their hair and, in 1996, headlined the alternative music festival Lollapalooza, which was founded by Jane's Addiction singer Perry Farrell. While this prompted a backlash among some longtime fans, Metallica remained one of the most successful bands in the world into the new century.

Like Jane's Addiction, many of the most popular early 1990s groups with roots in heavy metal fall under the umbrella term ""alternative metal"". Bands in Seattle's grunge scene such as Soundgarden are credited for making a ""place for heavy metal in alternative rock"", and Alice in Chains were at the center of the alternative metal movement. The label was applied to a wide spectrum of other acts that fused metal with different styles: Faith No More combined their alternative rock sound with punk, funk, metal and hip-hop; Primus joined elements of funk, punk, thrash metal and experimental music; Tool mixed metal and progressive rock; bands such as Fear Factory, Ministry and Nine Inch Nails began incorporating metal into their industrial sound (and vice versa); and Marilyn Manson went down a similar route, while also employing shock effects of the sort popularized by Alice Cooper. Alternative metal artists, though they did not represent a cohesive scene, were united by their willingness to experiment with the metal genre and their rejection of glam metal aesthetics (with the stagecraft of Marilyn Manson and White Zombie – also identified with alt metal – significant, if partial, exceptions). Alternative metal's mix of styles and sounds represented ""the colorful results of metal opening up to face the outside world"".
In the mid- and late 1990s came a new wave of U.S. metal groups inspired by the alternative metal bands and their mix of genres. Dubbed ""nu metal"", bands such as Slipknot, Linkin Park, Limp Bizkit, Papa Roach, P.O.D., Korn and Disturbed incorporated elements ranging from death metal to hip-hop, often including DJs and rap-style vocals. The mix demonstrated that ""pancultural metal could pay off"". Nu metal gained mainstream success through heavy MTV rotation and Ozzy Osbourne's 1996 introduction of Ozzfest, which led the media to talk of a resurgence of heavy metal. In 1999, Billboard noted that there were more than 500 specialty metal radio shows in the U.S., nearly three times as many as 10 years before. While nu metal was widely popular, traditional metal fans did not fully embrace the style. By early 2003, the movement's popularity was on the wane, though several nu metal acts such as Korn or Limp Bizkit retained substantial followings.


=== Recent styles: mid- to late 2000s, 2010s and 2020s ===

Metalcore, a hybrid of extreme metal and hardcore punk, emerged as a commercial force in the mid-2000s, having mostly been an underground phenomenon throughout the 1980s and 1990s; pioneering bands include Earth Crisis, Converge, Hatebreed and Shai Hulud. By 2004, melodic metalcore – influenced by melodic death metal as well – was popular enough that Killswitch Engage's The End of Heartache and Shadows Fall's The War Within debuted at No. 21 and No. 20, respectively, on the Billboard album chart.

Evolving even further from metalcore came mathcore, a more rhythmically complicated and progressive style brought to light by bands such as the Dillinger Escape Plan, Converge and Protest the Hero. Mathcore's main defining quality is the use of odd time signatures, and has been described to possess rhythmic comparability to free jazz.
Heavy metal remained popular in the 2000s, particularly in continental Europe. By the new millennium, Scandinavia had emerged as one of the areas producing innovative and successful bands, while Belgium, the Netherlands and especially Germany were the most significant markets. Metal music is more favorably embraced in Scandinavia and Northern Europe than other regions due to social and political openness in these regions; Finland in particular has been often called the ""Promised Land of Heavy Metal"", as there are more than 50 metal bands for every 100,000 inhabitants – more than any other nation in the world. Established continental metal bands that placed multiple albums in the top 20 of the German charts between 2003 and 2008 include Finland's Children of Bodom, Norway's Dimmu Borgir, Germany's Blind Guardian and Sweden's HammerFall.
In the 2000s, an extreme metal fusion genre known as deathcore emerged. Deathcore incorporates elements of death metal, hardcore punk and metalcore. Deathcore features characteristics such as death metal riffs, hardcore punk breakdowns, death growling, ""pig squeal""-sounding vocals and screaming. Deathcore bands include Whitechapel, Suicide Silence, Despised Icon and Carnifex.

The term ""retro-metal"" has been used to describe bands such as Texas-based the Sword, California's High on Fire, Sweden's Witchcraft and Australia's Wolfmother. The Sword's Age of Winters (2006) drew heavily on the work of Black Sabbath and Pentagram, Witchcraft added elements of folk rock and psychedelic rock, and Wolfmother's self-titled 2005 debut album had ""Deep Purple-ish organs"" and ""Jimmy Page-worthy chordal riffing"". Mastodon, which plays a progressive/sludge style of metal, has inspired claims of a metal revival in the United States, dubbed by some critics the ""New Wave of American Heavy Metal"".
By the early 2010s, metalcore was evolving to more frequently incorporate synthesizers and elements from genres beyond rock and metal. The album Reckless & Relentless by British band Asking Alexandria, which sold 31,000 copies in its first week, and the Devil Wears Prada's 2011 album Dead Throne, which sold 32,400 in its first week, reached No. 9 and No. 10, respectively, on the Billboard 200 chart. In 2013, British band Bring Me the Horizon released their fourth studio album, Sempiternal, to critical acclaim. The album debuted at No. 3 on the U.K. Album Chart and at No. 1 in Australia. The album sold 27,522 copies in the U.S. and charted at No. 11 on the Billboard Chart, making it their highest-charting release in America until their follow-up album, That's the Spirit, which debuted at No. 2 in 2015.
Also in the 2010s, a metal style called ""djent"" developed as a spinoff of standard progressive metal. Djent music uses rhythmic and technical complexity, heavily distorted, palm-muted guitar chords, syncopated riffs and polyrhythms alongside virtuoso soloing. Another typical characteristic is the use of extended range seven-, eight- and nine-string guitars.
Fusion of nu metal with electropop by singer-songwriters Poppy, Grimes and Rina Sawayama saw a popular and critical revival of the former genre in the late 2010s and 2020s, particular on their respective albums I Disagree, Miss Anthropocene and Sawayama.


== Global reach ==

Metal has been recognized as a global music genre, being listened to and performed around the world. Laina Dawes explored the multidimensional components of racism in her book What Are You Doing Here?, including the perspectives of black women musicians and fans, in the heavy metal scene in North America and the United Kingdom. She also grounded her doctoral thesis ""'Freedom Ain't Free': Race and Representation(s) in Extreme Heavy Metal"" on her own experiences, laying out some of the nuances of a community that can be both a site of exclusionism and at the same time also a place for greater freedom of expression compared to mainstream genres. The band Alien Weaponry from the Māori people of New Zealand promotes heavy metal music as one way of combating racism.


== Women in heavy metal ==

Women have been involved in heavy metal since its very conception, given the role played by Esther ""Jinx"" Dawson, vocalist and leader of Coven, in introducing the ""sign of the horns"" to metal culture in the late 1960s, alongside their early usage of Satanic themes in rock music. The next milestone took place in the 1970s when Genesis, the forerunner of Vixen, formed in 1973. In 1978, during the rise of the New Wave of British Heavy Metal, the band Girlschool was founded and, in 1980, collaborated with Motörhead under the pseudonym Headgirl. Starting in 1982, Doro Pesch, dubbed ""the Metal Queen"", reached success across Europe (inspiring the formation of other woman-fronted metal bands, such as Spain's Santa in 1983), leading the German band Warlock before starting her solo career. In 1983 another pioneering heavy metal singer, Mari Hamada, made her debut, achieving great success in Japan from the 1980s until well into the 21st century. Also that year, Lita Ford embarked on a successful metal solo career, following her tenure in the short-lived all-female rock band the Runaways in the mid-to-late 1970s. Debuting as the female lead singer of the American band Chastain in 1985, Leather Leone was a pioneer in power metal vocals. In 1986, the German thrash band Holy Moses, fronted by pioneer growler Sabina Classen, issued their first album.
Bolt Thrower's bassist Jo Bench, since joining the band in 1987, has inspired female musicians to play metal. Other women who have played instruments in otherwise male-dominated metal bands include Shirley Temple's daughter Lori Black (Melvins), Kate Reddy of Krishnacore band 108 and Kim Deal (Pixies).
In 1994, Liv Kristine joined Norwegian gothic metal band Theatre of Tragedy, providing ""angelic"" clean female vocals to contrast with male death growls. In 1996, Finnish band Nightwish was founded and featured Tarja Turunen's vocals. This was followed by more women fronting heavy metal bands, such as Halestorm, In This Moment, Within Temptation, Arch Enemy and Epica among others. Liv Kristine was featured on the title track of Cradle of Filth's 2004 album, Nymphetamine, which was nominated for the 2004 Grammy Award for Best Metal Performance.  In 2013, Halestorm won the Grammy in the combined category of Best Hard Rock/Metal Performance for ""Love Bites (So Do I)"". In 2021, In This Moment, Code Orange and Poppy were all nominated in the Best Metal Performance category.
The most notable of these 1990s/2000s female-fronted groups was the American band Evanescence, headed by vocalist Amy Lee and featuring a musical style usually described as gothic alternative metal and hard rock with classical elements. Their first album Fallen, released in 2003, broke into the popular music scene and was a worldwide phenomenon; it earned the band two Grammy Awards and briefly catapulted Lee to a level of fame similar to that of contemporary popstars such as Christina Aguilera, Avril Lavigne, and Beyoncé. Although their later albums have not had a similar impact, Evanescence are still one of the most commercially successful metal groups of the 21st century, having sold over 30 million records.
In Japan, the 2010s saw a boom of all-female metal bands, including Destrose, Aldious, Mary's Blood, Cyntia and Lovebites, as well as the mainstream success of Babymetal.
Women such as Gaby Hoffmann and Sharon Osbourne have held important managerial roles behind the scenes. In 1981, Hoffmann helped Don Dokken acquire his first record deal, as well as became the manager of Accept in 1981 and wrote songs under the pseudonym of ""Deaffy"" for many of band's studio albums. Vocalist Mark Tornillo stated that Hoffmann still had some influence in songwriting on their later albums. Osbourne, the wife and manager of Ozzy Osbourne, founded the Ozzfest music festival and managed several bands and artists, including Motörhead, Coal Chamber, the Smashing Pumpkins, Electric Light Orchestra, Lita Ford and Queen.


=== Allegations of sexism ===
The popular media and academia have long charged heavy metal with sexism and misogyny. In the 1980s, American conservative groups like the Parents Music Resource Center (PMRC) and the Parent Teacher Association (PTA) co-opted feminist views on anti-woman violence to form attacks on metal's rhetoric and imagery. According to Robert Christgau in 2001, metal, along with hip-hop, has made ""reflexive and violent sexism ... current in the music"".
In response to such claims, debates in the metal press have centered on defining and contextualizing sexism. Hill claims that ""understanding what counts as sexism is complex and requires critical work by fans when sexism is normalised."" Citing her own research, including interviews of British female fans, she found that metal offers them an opportunity to feel liberated and genderless, albeit if assimilated into a culture that is largely neglectful of women.
In 2018, Metal Hammer editor Eleanor Goodman published an article titled ""Does Metal Have a Sexism Problem?"" interviewing veteran industry people and artists about the plight of women in metal. Some talked about a history of difficulty receiving professional respect from male counterparts. Among those interviewed was Wendy Dio, who had worked in label, booking and legal capacities in the music industry before her marriage to and management of metal artist Ronnie James Dio. She said that after marrying Dio, her professional reputation became reduced to her marital role as his wife, and her competency was questioned. Gloria Cavalera, former manager of Sepultura and wife of the band's former frontman Max Cavalera, said that since 1996, she had received misogynistic hate mail and death threats from fans and that ""women take a lot of crap. This whole #MeToo thing, do they think it just started? That has gone on since the pictures of the cavemen pulling girls by their hair.""


== Persecution ==


=== East Germany ===
In socialist East Germany, heavy metal and other music scenes were becoming increasingly popular in the early 1980s. Heavy metal fans were widely seen as being ‘negative decadent’ by the Stasi secret police because their standards of dress and behaviour were not in keeping with socialist standards of respectability as promoted by the ruling SED party. Along with punk, heavy metal culture was considered to represent a relatively severe threat. It was thought by the Stasi that metallers could become increasingly politically incorrect and liaise with human rights and peace groups in a political manner. In conjunction with this, they may also be used by the imperialist Western ‘enemy’ as an internal ‘hostile-negative’ force which undermined ‘the communist upbringing of young people; encouraging immorality and decadence; and weakening economic performance.’ This meant that ‘a broad spectrum of young people’ became of ‘operative interest’ to the Stasi. Unofficial collaborators were deployed in order to counteract the influence of heavy metal groupings and prominent individuals. This could involve surveillance and ‘silent repression’ such as decomposition which involved the use of counterespionage methods against everyday civilians. The use of such methods allowed for large scale repression while avoiding international condemnation.


== Notes ==


== References ==


== Bibliography ==


== External links ==

Encyclopedia Metallum: The Metal Archives.
Spirit of Metal.
""Metal Storm"".
""The International Society for Metal Music Studies (ISMMS)"".
AllMusic entry for heavy metal
Heavy Metal Historian podcast at WaybackMachine","Metal music is characterized by loud distorted guitars, emphatic rhythms, and powerful vocals, often exploring themes of darkness, rebellion, and intensity, while fostering a strong subculture of fans known as ""metalheads.""","Heavy metal (often referred to as metal) is a genre of rock music that developed in the late 1960s and early 1970s, largely in the United Kingdom and in the United States.",0,0,supported,1.19734592522,-0.1998104394199419,-8.39203845563756,42,,0.6065899133682251,2.17099340295,2.23286196758,0.815142313868401,4,0.827239651456,1.0,1.0,0.0,0.0,0.934814453125,0.0024585723876953125,0.0627288818359375,1.0856006575365322,0.7475523918513262,0.8968594885170499,0.5131736523778971,0.5,abstain
Q634_384,wikiqa,how many millions of years have great white sharks been around?,"The great white shark (Carcharodon carcharias), also known as the white shark, white pointer, or great white, is a large shark. It is closely related to the mako sharks, the porbeagle, and the salmon shark. It is a robustly built species with a grayish upperside and a white underside. The white shark is one of the largest living shark and fish species, being smaller than the whale shark and basking shark. It has about 300 triangular, serrated teeth that are continuously replaced. Its massive, fatty liver can reach over a quarter of its body weight, providing buoyancy and storing energy. The species is partially warm-blooded, an adaptation that allows it to remain active in colder waters.
White sharks inhabit tropical and temperate ocean waters around the world and can be found both along the coast and further out to sea. Populations are most concentrated at the Pacific and Atlantic sides of North America and in the waters of southern Africa and Oceania. They are a highly migratory species, traveling between the coast and the open ocean and even between continents. The white shark preys on marine mammals such as seals and dolphins, as well as fish, including other sharks, and squid. It is also a prolific scavenger of whale carcasses. Though normally an apex predator, the species is sometimes preyed on by orcas. White sharks are generally solitary, but may gather in aggregations, particularly at feeding sites. They may communicate and establish dominance hierarchies with body language. The species reproduces with pups hatching from eggs inside the female before being born live. Juvenile white sharks typically inhabit shallower water and are limited to feeding on smaller prey.
The white shark has a fearsome reputation among the public. It is featured in the 1974 novel Jaws and its 1975 film adaptation, both of which portray it as a ferocious man-eater. In reality, white sharks normally do not prey on humans, and the majority of bites are due to curiosity or possibly mistaken identity. Many attempts have been made to keep the species in captivity, but specimens either ended up dying or being released. White shark aggregations have attracted tourists who may view them from boats or from inside shark cages.
The International Union for Conservation of Nature lists the white shark as a vulnerable species globally and critically endangered regionally in European and Mediterranean waters. Major threats have included accidental catching by commercial fisheries, recreational fishing, and entanglement in protective nets near beaches. Several governments have enacted protections for the species, including bans on catching and killing it.


== Etymology and naming ==

The most common English names for the species include great white shark, white shark, and the Australian English variant white pointer. These names refer to its white underside, which is noticeable in dead sharks lying upside down. Colloquial use favors the name 'great white shark' or simply 'great white', with 'great' perhaps emphasizing the size and power of the species. Scientists typically use 'white shark', as no ""lesser white shark"" exists for comparison, though some use 'white shark' to refer to all members of the Lamnidae.
The scientific generic name, Carcharodon, is a portmanteau of two Ancient Greek words. The prefix carchar- is derived from κάρχαρος (kárkharos), which means ""sharp"". The suffix -odon derives from ὀδών (odṓn), which translates to ""tooth"". The specific name carcharias is from the καρχαρίας (karkharías), the Ancient Greek word for shark. The white shark was one of the species originally described by Carl Linnaeus in his 1758 10th edition of Systema Naturae and assigned the scientific name Squalus carcharias, Squalus being the genus in which he placed all sharks. By the 1810s, the shark was recognized as needing to be placed in a new genus, but not until 1838 did Sir Andrew Smith coin the name Carcharodon as the new genus.
A few attempts have been made to describe and classify the white shark before Linnaeus. One of the earliest mentions of it in literature as a distinct type of animal appears in Pierre Belon's 1553 book. In it, he illustrated and described the shark under the name Canis carcharias based on the ragged nature of its teeth and its perceived similarities with dogs. Guillaume Rondelet would give it the name Lamia—after the child-eating monster from Greek Mythology—in the his 1554 book Libri de Piscibus Marinis. The book identified it as the fish that swallowed the prophet Jonah in biblical texts.


== Taxonomy and evolution ==
The white shark is the sole living species in the genus Carcharodon and is one of five living species of the family Lamnidae. The other four members of this family are the mako sharks, porbeagle, and salmon shark. The family belongs to the Lamniformes, the order of mackerel sharks.


=== Evolutionary history ===
Most genetic and anatomical analyses place the white shark as the closet living relative of the mako sharks. Under this, the 1996 molecular clock study dated the most recent common ancestor of the white shark and the makos between 60 and 43 million years ago (mya). A 2024 clock shifted the range between 57.2 and 31.8 mya. A minority of analyses recovered an alternate placement of the mako sharks as closer to Lama.

The white shark first appears in the fossil record in the Pacific basin around 6–5 mya, between the late Miocene and early Pliocene. Like all sharks, the white shark's skeleton is made primarily of soft cartilage that does not preserve well. As a result, the overwhelming majority of fossils are teeth. Nevertheless, paleontologists have traced the emergence of the white shark and its immediate ancestry to a large extinct shark known as Carcharodon hastalis. This species had teeth similar to the modern white shark's, except for the cutting edges, which lacked serrations. C. hastalis occupied a lower position in the food web compared to modern white sharks and was probably mostly fish-eating, with some marine mammals in its diet.
Around 8–6 mya, a Pacific population of C. hastalis evolved into C. hubbelli. This divergent lineage was characterized by a gradual development of serrations over the next few million years. It is likely the ancestral, unserrated population had already been regularly targeting marine mammals for millions of years. Teeth from the same time period may exhibit significant variation in shape and their serrations, which may be indicative of persistent interbreeding with C. hastalis for at least some time. White sharks dispersed globally by the end of the Pliocene, replacing the much larger shark, megalodon.


=== Populations and genetic history ===

The white shark's genome has remained relatively stable in its evolution. As a species, it does not behave as a unified metapopulation at the global scale. Instead, populations within the major ocean basins show distinct genetic lineages that diverged from each other at least thousands of years ago. A 2020 mitochondrial DNA (mDNA) (mother inherited) study concluded that Mediterranean sharks show closer affinity with Australia/New Zealand and Northeastern Pacific sharks than with sharks from South Africa and the Northwestern Atlantic. The researchers suggest that, over 3 mya, sharks from the former region swam to South Africa and north in response to Pleistocene climatic oscillations and ended up in the Mediterranean. A 2024 study cautioned that mDNA is ""informative about the species’ deep history but are of very limited use for estimating recent connectivity"". Using nuclear DNA (both mother and father inherited), the study concluded that white shark populations can be divided into three major branches or clades: North Atlantic (represented by the US East Coast and Mediterranean), Indo-Pacific (represented by Australia, New Zealand, and South Africa), and North Pacific (represented by California, Baja California, and East Asia). These diverged relatively recently, around 100,000–200,000 years ago, in response to lowered sea levels. 
A 2025 study affirmed the existence of these three clades but found that they diverged around 7,000 years ago following a decline in the global white shark population, which started 800,000 years ago. Analysis of the Y chromosome (father inherited) likewise found no clear geographic structure, consistent with recent fragmentation. The datings by the 2024 study coincide with the penultimate glaciation, which may have restricted cross-oceanic movements through sea level fall. Separation probably remains enforced by thermal barriers, namely the cold Benguela upwelling separating South Africa from the Atlantic (which is known to deter white sharks) and the warm equatorial waters separating the North and South Pacific (a known soft barrier for many sharks and rays).


== Appearance and anatomy ==

The white shark has a stocky, torpedo-shaped body with a short, cone-shaped snout. Its long gill slits do not reach around the head. It has a large triangular first dorsal fin, which partly lines up with the pectoral fins, and a tiny second dorsal fin. The tail fin has two lobes of similar size and a single keel, and the anal fin is tiny. The white shark has a countershaded coloration for camouflage; being dark on top, usually blue-gray or gray-brown, with a white underside. It also has black tips on the underside of the pectoral fins. There is evidence that the species can change pigments, adding melanin to blotches of white over the course of months. The skin is covered in dermal denticles (tooth-like scales), which are smaller than in other sharks and have a three-to-five-ridged surface, with each ridge having tips that point backwards.


=== Size ===

The white shark is one of the largest living sharks and fish, but is smaller than the whale shark and basking shark. Female white sharks measure on average 4.6–4.9 m (15–16 ft) in length and weigh 1,000–1,900 kg (2,200–4,200 lb), while males average 3.4–4.0 m (11–13 ft) in length and weigh 680–1,000 kg (1,500–2,200 lb). 
The maximum size of the white shark has been debated. Its reputation has led to exaggerated and discredited claims of specimens reaching over 11 m (36 ft) during the 19th and 20th centuries. Biologists Richard Ellis and John E. McCosker wrote, ""These giants seem to disappear or shrink when a responsible observer approaches with tape measure."" According to shark expert John Ernest Randall, the largest white shark reliably measured was a 5.94 m (19.5 ft) specimen reported from Ledge Point, Western Australia, in 1987. Randall states that the species can likely grow larger than 6 m (20 ft) in length. A 2014 study of white shark catch records in the northwest Pacific concluded that the longest reliably measured shark was 6.02 m (19.8 ft) in total length and the heaviest weighed 2,530 kg (5,580 lb). A complete female white shark specimen caught in the Mediterranean and displayed in the Museum of Zoology in Lausanne, Switzerland, measured 5.83 m (19.1 ft) in total body length with the tail fin in its depressed position and is estimated to have weighed 2,000 kg (4,410 lb), making it the largest preserved specimen.


=== Teeth and jaws ===

The triangular teeth can reach 7.5 cm (3.0 in). In juveniles, they are elongated and pointy but become broader and more serrated as they develop into adults. This reflects a shift from a diet mainly of fish to the incorporation of marine mammals. The front teeth are adapted for penetrating prey, while those located towards the back of the mouth, being more flattened at the sides and bent backwards, are designed for tearing. The teeth are arranged in rows like a conveyor belt, with teeth at the back moving to replace those at the front. An open mouth exposes roughly 26 front-row teeth in the upper jaw and 24 in the lower jaw, respectively, with a total of 300 teeth in the mouth.
The jaws are separate from the skull and are connected to the body entirely by muscles and tendons, allowing them to extend forward. A 2008 study using a computer scan of a 2.5 m (8.2 ft) long and 240 kg (530 lb) juvenile white shark determined that the specimen could exert a bite force of 1,602 newtons (360 lbf) in the front and 3,131 newtons (704 lbf) in the back. From this, the researchers calculated that a specimen 6.4 m (21 ft) long and weighing 3,324 kg (7,328 lb) could exert a bite force of 9,320 newtons (2,100 lbf) in the front and 18,216 newtons (4,095 lbf) in the back. The jaws are strengthened by mineralized cartilage; this is lacking in young white sharks, which have to eat softer food.


=== Senses ===
As with other sharks, white sharks use five senses when hunting: eyesight, hearing, smell (olfaction), electroreception (via pits called Ampullae of Lorenzini), and water flow detection (via a lateral line). Analysis of the brain and cranial nerves suggests that sight and smell are the most developed. The eyes of the white shark can appear solid black but have blue irises, and the pupil is more horizontal than in other sharks. The eyes have more cones than rods, indicating daytime vision. They lack nictitating membranes (a transparent third eyelid) but possess well-developed muscles that allow them to roll around to keep track of prey and roll back to avoid attacks. The white shark has a relatively large olfactory bulb, an adaptation for detecting scents across the open ocean. A vomeronasal organ, located in the roof of the mouth, also appears to play a role in smell.


=== Internal physiology ===

The white shark is an obligate ram ventilator; to breathe, it must swim constantly so water flows through its gills. Spiracles, extra breathing holes behind the eyes common in bottom-dwelling sharks, are reduced or absent in this species. Over 95% of the shark's musculature is white, fast-twitch muscles, which allow them to move in quick sprints, particularly when ambushing prey. The rest are dark, slow-twitch muscles, which contain oxygen and power the shark while at cruising speed.  
The white shark has a large, double-lobed liver that can be almost 30% of its body weight and stores lipids, fatty acids, and oils. The liver helps keep the shark from sinking, as the oil is six times more buoyant than the surrounding water. The lipids and fatty acids provide the shark with energy for travel as well as power, reproduction, and growth. One study concluded that a white shark liver is more energy-rich than whale blubber. White sharks appear to have strong immune systems and can tolerate high amounts of toxic heavy metals like mercury and arsenic in their blood, more so than other vertebrates. They are also documented to heal relatively quickly from even severe wounds, and the species's genome shows ""positive selection in key genes involved in the wound-healing process"".
White sharks use a system of blood vessels to warm up portions of their body (regional endothermy), which allows them to be active and hunt in cool waters. In this complex blood vessel system, known as a rete mirabile, warm blood generated from the dark muscles is constantly supplied to other parts of the body. Heat is retained within the body rather than exiting via the gills. Warm blood can also be redirected from the liver to the body core. In addition, the species has an enlarged, thickened heart, and its blood contains more red blood cells and hemoglobin than most mammals and birds. One study found that stomach temperatures ranged from 24.7–26.8 °C (76–80 °F) in waters 12.9–16.1 °C (55–61 °F).


== Distribution and habitat ==

White sharks range from tropical to temperate and even colder waters around the world, with major populations in the northwestern and northeastern Pacific, western North Atlantic, the Mediterranean, southern African waters and Oceania. It is also present near the coasts of South America but appears to be uncommon. Shark expert Greg Skomal lists the Farallon Islands, California; Guadalupe Island, Mexico; Cape Cod, Massachusetts; Western Cape, South Africa; Neptune Islands, Australia; and both Stewart Island and the Chatham Islands, New Zealand, as major coastal feeding aggregations. Researchers have also identified an offshore feeding aggregation between western North America and Hawaii dubbed the White Shark Café.
White sharks can be found both along the coast and in the open ocean. They are typically close to the surface but may dive to depths of up to 1,300 m (4,300 ft). Deeper dives are more common in the open ocean. Coastal habitats used include nearshore archipelagos, offshore reefs, banks and shoals, and headlands. A 2018 study indicated that white sharks will congregate in patches of warm water in the open ocean. Juvenile white sharks are more limited to shallow coastal waters with temperatures between 14 and 24 °C (57 and 75 °F). Increased sightings of young sharks in areas where they were not previously common, such as Monterey Bay on the central California coast, suggest climate change may be forcing juveniles closer to the poles.


=== Migrations ===
White sharks go on vast migrations in response to food availability and temperature changes, as well as possibly to mate. One individual that was tagged off the South African coast swam to the southern coast of Australia and back within a year. Another white shark from South Africa was tracked swimming to Australia's northwestern coast and back, a journey of 20,000 km (12,000 mi; 11,000 nmi) in under nine months. In May 2024, a satellite tag was recovered from an Indonesian fisherman, which was determined to have come from a subadult female white shark tagged off the South African coast in May 2012, which swam to and was killed off the Indonesian coast in November 2016. In the northeastern Pacific, white sharks travel between the coastal US and Mexico and the Hawaiian Archipelago; they feed along the coast during fall and winter and farther out to sea during spring and summer. In the western North Atlantic, white sharks congregate between the Gulf of Maine and Cape Hatteras during spring and summer, and shift farther south toward Florida and into the Gulf of Mexico during the fall and winter. In fall, winter, and spring, some sharks disperse widely across the ocean, reaching as far east as the Azores.


== Behavior and ecology ==

White sharks are estimated to swim 2.88–4.86 km/h (1.79–3.02 mph) but can sprint up to 24.12 km/h (14.99 mph). One individual was recorded cruising at a sustained speed of 4.7 km/h (2.9 mph) while migrating, which is fast for a shark and more similar to fast-swimming tuna. White sharks display various surface behaviors. These include spyhopping (poking head out of the surface) to observe an object above the water, as well as 'repetitive aerial gaping' where a spyhopping shark repeatedly gapes its mouth while belly-up, possibly as a sign of frustration after missing a bait. How they sleep is not well understood. At night, one individual was recorded swimming slowly in one direction along a current with its mouth open.
The white shark is generally considered to be a solitary species, though aggregations do occur. A 2016 study of sharks around Mossel Bay, South Africa, concluded that white shark associations are generally random with few social interactions. By contrast, a 2019 study found that sharks around Neptune Islands gathered in non-random aggregations. Similarly, a 2022 study of white sharks at Guadalupe Island suggests that individuals may associate so that they can learn from others where to find prey or carcasses to scavenge. White shark aggregations can consist of individuals of a specific age and sex. At Neptune Islands, sightings of subadult females peak during April and May, subadult males in February and again in September, adult females in June, and adult males in September.


=== Diet and feeding ===
The white shark is an apex predator that opportunistically feeds on fish, cephalopods (like squid), marine mammals, sea birds, and sea turtles. Diet differs based on size and age; individuals that have reached around 3 m (10 ft) can feed on marine mammals, while juveniles are limited to smaller prey like fish and cephalopods. White sharks prefer prey with high fat content, but even large individuals are recorded to eat low-fat foods.

Marine mammals preyed on include seals and cetaceans (like dolphins). White sharks are also recorded to bite sea otters but do not usually consume them. The seasonal availability of seals drives white shark migration to certain locations. Targeted species include harbor seals, northern elephant seals and California sea lions off western North America; harbor seals, and gray seals off eastern North America; Cape fur seals off South Africa; Cape fur seals, New Zealand fur seals, and Australian sea lions off Australia; and New Zealand fur seals off New Zealand. White sharks mainly hunt seals by ambush and normally target newly weaned young, as they have thick blubber but are still small, inexperienced, and vulnerable. Adults are more difficult to overpower and can injure the shark with their teeth and claws; bull elephant seals are particularly formidable, being as massive as adult white sharks. Some species will harass the shark. 
Observations off California find that white sharks ambush seals near the surface from below, seizing and dragging them under. Earless seals, like elephant seals, are more likely to be struck in front of the hind flippers or the head—even leading to decapitation—while eared seals, like sea lions, are more likely to be grabbed behind the torso. With their large fore-flippers, eared seals are usually able to break free from the first bite but are weakened and vulnerable to being recaptured. Prey is released after it dies of blood loss, and the shark feeds on the carcass after it floats to the surface. In 1984, Timothy Tricas and John McCosker suggested that white sharks bite seals, release them, and then wait for them to bleed to death before eating, though this has been refuted. Off South Africa, ambushes on Cape fur seals usually involve the shark leaping or breaching out of the water. To breach, a shark starts at around 20 m (66 ft) below the surface and ascends quickly towards its target. Sharks may breach partially or entirely out of the water at different angles, clearing up to around 3 m (10 ft) when airborne. Missed seals may be chased after; such pursuits involve the prey using its speed and agility to escape as the shark employs various maneuvers to catch them. The longer the chase, the less likely the shark is to succeed. Sharks commonly consume fur seals quickly after they are killed. White sharks in Cape Cod hunt seals in shallow water, relying on the murkiness of the water for concealment and striking them from the sides.

Cetacean species recorded as prey include small toothed whales like bottlenose dolphins, common dolphins, Indo-Pacific humpback dolphins, striped dolphins, Risso's dolphins, and harbor porpoises. Bite wounds from white sharks have also been documented on species as large as beaked whales. White sharks typically attack toothed whales from behind—beyond the prey's echolocation—and target the tail, underside, or dorsal area. There are two records of predation on small humpback whales; one involved two sharks working as a pair. In both cases, the whale was weakened by net entanglement. The pair killed the whale by strategic biting, while in the other case, the shark drowned its victim. White sharks are more likely to scavenge large whales. Multiple sharks will gorge themselves on a single whale carcass, biting into it and ripping off chunks by shaking their heads side-to-side. They may spit out pieces, possibly judging them to be too low in energy, using their teeth to detect pressure. The sharks do not appear to act aggressively towards each other, but accidental bites can occur. Eventually, the sharks become lethargic; they can no longer lift their heads out of the water, nor can they get in a good bite as they bump into the dead whale.
White sharks feed on numerous fish species, including other sharks. One 2023 study found that juvenile and subadult white sharks off the east coast of Australia fed primarily on ray-finned fishes, particularly flathead grey mullets, Japanese scads, and various species of porgies, mackerels, and tuna. Off California, white sharks will eat cabezons, white seabasses, lingcod, halibut, leopard sharks, smooth-hounds, spiny dogfishes, school sharks, stingrays, bat rays, and skates. In the Mediterranean, they consume Atlantic bluefin tunas, bullet tunas, Atlantic bonitos, swordfishes, blue sharks, shortfin makos, and stingrays. An ocean sunfish was also recorded in a white shark's stomach. Off the northeastern US, juveniles commonly eat bottom-dwelling fish like hake, while off South Africa, they often prey on dusky sharks. The remains of an adult whale shark were found in a white shark, though whether this was active hunting or scavenging could not be determined.
They are also recorded to consume cephalopods, as evidenced by beaks found in their stomachs. Off South Africa, white sharks under 2.5 m (8.2 ft) were found with remains of coastal and bottom-dwelling species like certain octopus species, as well as species of the genera Sepia and Loligo, while larger sharks seem to prefer more open-ocean species like those of the genera Ancistrocheirus, Octopoteuthis, Lycoteuthis, Ornithoteuthis, Chiroteuthis, and Argonauta. Near Guadalupe, white sharks have been documented with scars that appear to have been caused by neon flying squids, jumbo squids, and giant squids. Both fish and cephalopods may be important food sources at the White Shark Café.
Other animals recorded as prey include sea turtles. The shells of green sea turtles and loggerhead sea turtles have been found in white shark stomachs in the Mediterranean, and bites have been recorded on leatherback sea turtles off central California. Around Seal Island, South Africa, white sharks are recorded to attack and kill seabirds like Cape cormorants, white-breasted cormorants, kelp gulls, Cape gannets, brown skuas, sooty shearwaters, and African penguins but rarely consume them.


=== Social communication ===

White sharks communicate with each other through a complex array of body language. Most behaviors have been observed at aggregations around seal rookeries shortly after peak hunting periods, where sharks engage in extensive socializing. At least 20 unique forms of body language are known, most of which consist of two sharks swimming with or around each other in passing, parallel, or in circles to examine the other in a ritualized manner.
Occasionally, one shark will openly show off its body in a lateral display to the other. It is hypothesized that the main purpose of these interactions is to establish social rank by size to avoid competition. Indeed, observations by Sperone and colleagues in 2010 found display behaviors to be more common between individuals of similar size where differences are not immediately obvious. There is no evidence that sex is a significant factor in behavioral patterns. With dominance established, the smaller shark then acts submissively towards the larger shark by yielding during subsequent encounters or simply avoiding confrontation. Body language is less frequent in California and Australia compared to Dyer Island in South Africa. It is thought that this is because the former locations are less densely populated, and so sharks there are more familiar with each other's hierarchy.
Direct violence is extremely rare, as individuals typically end conflicts through peaceful means. Splash fights appear to be the most common way of resolving ownership disputes over prey. Here, one shark slaps the surface with its tail to splash water at the competing shark. The competitor either withdraws or responds with a tail splash of its own. Usually, one or two splashes are exchanged per shark, though individuals will sometimes persist with more. The contest is ""won"" by the shark that compels the other to concede via the most tenacious splashing, which appears to signal strength and vigor. Larger body size does not always secure superior signal strength; on occasion, the smaller shark emerges victorious. White sharks have also been observed employing tail splashing to intimidate tiger sharks around a whale carcass and even against boats and shark cages, which were likely perceived as competitors.


=== Reproduction and growth ===

Little is known of the reproductive behavior of the white shark. There are two anecdotal accounts of the species possibly mating, one in 1991 and another in 1997, both off New Zealand. These testimonies both report belly-to-belly rolling during copulation. It is assumed that the male bites onto the female's head or fin while inserting one of his claspers (sex organs), as is the case in other shark species. The accounts also suggest that white sharks mate in shallow water away from feeding areas. Females at Guadalupe and Cape Cod have been seen with scarring that may have been the result of copulation, possible evidence that these areas are used for mating. Conversely, other studies have concluded that white sharks may mate offshore; males were found to gather in the White Shark Café during spring and were followed by some females, suggesting a lek mating system where females move through and choose their partners. In 2013, it was proposed that whale carcasses are an important location for sexually mature sharks to meet for mating.
Some pregnant females have been caught and have provided information on the species's reproductive biology. The white shark is ovoviviparous; fertilized eggs hatch within the female, and the embryos continue to develop within each uterus. Their nourishment comes in three stages: they first feed on their yolk sacs, then a milky substance secreted by the uterus known as lipid histotrophy, and finally switch to consuming unfertilized eggs. After around 12 months, the female gives live birth to two to ten pups. It takes at least two years until she gives birth again. White sharks generally give birth during spring and summer in shallow waters surrounding islands with temperatures between 15.7 and 23.1 °C (60 and 74 °F). White sharks are born at a length of 1–1.6 m (3–5 ft). In July 2023, a possible newborn white shark was filmed for the first time, off the coast of southern California (just off Carpinteria), measuring an estimated 1.5 m (5 ft) and with a pale complexion attributed to histotrophy. A follow-up study confirmed the Carpinteria shark was a newborn but suggests that the paleness is embryonic epithelium covering the shark's skin denticles. This is known to exist in the related salmon shark and rubs off shortly after birth.
Bands in the shark's vertebrae are used to determine the animal's age and growth. Early studies determined that the species grows relatively quickly; a 1985 study concluded that white sharks reach maturity nine to ten years of age at a length of 3.7–4.3 m (12–14 ft). Conversely, a 2015 study concluded that white sharks are a slow-growing and long-lived species. Males reach maturity at approximately 26 years and a length of around 3.4 m (11 ft), while females take 33 years to reach maturity at a length of around 4.6–4.9 m (15–16 ft). Their growth rate levels off after the age of 40.


=== Mortality and health ===

White sharks are estimated to reach over 70 years of age. A 2018 study of sharks off eastern Australia and New Zealand found that juveniles had an annual survival rate of over 70%, while adults had a rate of over 90%.
White sharks are sometimes preyed on by orcas, which they also likely compete with for food. The first recorded orca predation occurred at the Farallon Islands in 1997 when an estimated 4.7–5.3 m (15.4–17.4 ft) female orca killed an estimated 3–4 m (9.8–13.1 ft) white shark. Another similar attack apparently occurred there in 2000, but its outcome is not clear. Subsequently, orca predation on white sharks would be documented in other areas. Around South Africa, orcas typically hunt white sharks in groups of two to six. These whales consume the energy-rich liver of the sharks, and dead white sharks washed ashore are found with these organs removed. In 2017, a live white shark was seen with purported orca teeth marks, the first piece of evidence for the species surviving an attack. The arrival of orcas in an area can cause white sharks to flee, as has been documented both off South Africa and California. However, a 2026 study off Neptune Islands found that orcas alone are unlikely to cause white sharks to leave an area long-term. In addition to orcas, white sharks may fall prey to other sharks, including older white sharks, as pups and juveniles.
There are two recorded instances of the parasitic cookiecutter shark targeting white sharks off Guadalupe. However, the relative dearth of records indicates that white sharks are not a common food source for them. As many as 116 parasite species infest white sharks, including copepod crustaceans, such as  Nesippus orientalis, Nemesis lamna, and Dinemoura latifolia, which attach to the skin, fins, mouth, and gills. The white shark is the primiary host of two species of tapeworms from the genus Clistobothrium, these being Clistobothrium carcharodoni and Clistobothrium tumidum. The former is believed to be transmitted to  white sharks through the consumption of infected cetacean prey, while the source of C. tumdium is unknown. The intensity of C. carcharodoni infestations in affected sharks is extremely high; in one case, up to 2,533 specimens were recovered from the spiral intestine of a single individual.


== Relationship with humans ==
Prior to the 1970s, the white shark as a species was known mostly to biologists and fishermen. The release of the 1971 documentary Blue Water, White Death is credited with bringing the shark to public attention. The white shark's popularity would increase further with the 1974 novel Jaws, written by Peter Benchley and its 1975 film adaptation, directed by Steven Spielberg. The novel and film created the image of the species as a dangerous man-eater. Benchley would later express regret, stating, ""I cannot rewrite Jaws, nor make an ignoble monster of this magnificent animal.""
Compared to other fish, the white shark was not an important species for fishermen. Their meat was considered tasty, but the difficulty of catching them made it not worth the effort. Nevertheless, their reputation and size made them targets for sport fishing. The species was lured by chum (grounded bait) and then presented with a hooked bait. Port Lincoln, South Australia, was an epicenter of white shark fishing starting in the 1950s. In 1959, a fisherman named Alf Dean caught a 1,208 kg (2,663 lb) shark and was given the record for being the largest fish caught by rod and reel. A larger white shark was caught in Streaky Bay but was disqualified based on the bait used.


=== Bites ===

Among shark species, the white shark is responsible for the largest number of recorded shark bite incidents on humans, with 351 documented unprovoked bite incidents involving humans since 1580 as of 2024. The majority of them have been non-fatal, while 59 have been fatal. White sharks do not appear to find humans suitable as prey, though cases of humans being consumed have been reported. A white shark was blamed for the Jersey Shore shark attacks of 1916, but some experts have suspected that it was actually a bull shark.
In 1984, Tricas and McCosker proposed that white sharks attack humans out of mistaken identity; surfboards in particular may have a similar silhouette to seals. A 2021 study concludes that the sharks are likely colorblind and cannot see in fine enough detail to determine whether the silhouette above them is a seal or a swimming human, potentially vindicating the hypothesis. Other studies have disputed the ""mistaken identity"" hypothesis and have instead proposed that shark bites are actually exploratory bites. A 2016 study finds that most shark bites on surfers are too superficial to kill a seal and compares them to the test bites they make on different objects. Similarly, a 2023 paper criticized the ""mistaken identity"" hypothesis for focusing too much on vision and not considering the shark's other senses. The authors conclude that ""sharks don't make 'mistakes' but instead continually explore their environments and routinely investigate novel objects as potential prey by biting them"". A 2025 study of drone footage from various white shark ""hotspots"" found that despite the frequency of encounters between them and humans in nearshore areas, no aggression was documented. Fishermen were the most likely to encounter sharks, while swimmers were the least likely.
White sharks infrequently bite boats. Tricas and McCosker's underwater observations suggest that sharks are attracted to boats by the electrical fields they generate, which are picked up by the ampullae of Lorenzini.


=== Captivity ===

The white shark is difficult to keep in captivity due to its large size and migratory nature. Attempts have been made since 1955 in facilities in North America, Hawaii, Australia, and South Africa. The sharks survived only for days during the earliest attempts, while in the early 1980s, aquariums like Steinhart Aquarium, Sea World San Diego, and Marineland of the Pacific were able to keep juvenile white sharks for weeks before releasing them. A major contributor to the mortality of captive white sharks was the poor transport; many were accidentally captured by commercial nets and kept on fishing lines or in a tank before being handed over to aquarium staff, causing them stress. One famous shark named Sandy, who measured 2.3 m (7.5 ft), was kept at Steinhart for five days in August 1980 and was released for bumping into the walls.
The most successful attempts at keeping the species occurred at the Monterey Bay Aquarium (MBA), where six white sharks were displayed between 2004 and 2011. Researchers at universities in California attributed the aquarium's success at exhibiting white sharks to the use of a 4-million-US-gallon (15,000,000 L) net pen, which gave the sharks time to recover from capture prior to transport. A 3,200-US-gallon (12,000 L) portable tank used to transport the fish to the exhibit allowed the sharks to swim continuously. The sharks started at 1.4–1.6 m (4.6–5.2 ft) but grew too big and had to be released; one shark was kept for 198 days and attracted one million visitors. Having gained enough information on the species, MBA discontinued keeping white sharks.


=== Tourism ===
Areas where white sharks gather have been sites for ecotourism; operators allow guests to view them from boats or from inside shark cages. Most operators allow the throwing of chum in the water to attract the sharks. Cited benefits of ecotours include education, funding for research and increasing the value of living sharks. One study in southern Australia found that shark tours had positive effects on the participants' knowledge and awareness of the animals and support for their conservation.
There is some concern that interactions with tourists could affect the sharks' behavior. At Neptune Islands, it was found that white sharks used more energy during encounters with cage divers. The researchers note, however, that cage-diving can have a minimal effect on shark populations as long as they limit interactions with individual sharks. In the same area, intensive boat activity drove many sharks away, but regulations introduced in 2012—limiting the number of licensed operators and their operating days—enabled the population to recover. There is no strong evidence that chumming alters the feeding behavior of white sharks or habituates them to being fed by humans. In January 2023, the Mexican government banned white shark tourism at Guadalupe. This followed reports of swimming outside cages, mishandling chum, littering, and two incidents of sharks getting stuck and harmed by the cages, one of which may have resulted in death.


== Conservation ==
In 2018, the white shark was assessed as vulnerable worldwide by the International Union for Conservation of Nature (IUCN) due to a population decline of 30–49% since around 1859. It was also given a green status of ""moderately depleted"" in 2021. The biggest threats to white sharks are accidental catching in fishing nets and, in Australia and South Africa, protective nets and traps near beaches. They nevertheless have a high survival rate when released from nets. The species is included in Appendix II of CITES, meaning that international trade in the species (including parts and derivatives) requires a permit. A 2025 study suggested the global population is at least 5,800 individuals, with co-author Gavin Naylor suggesting that the true figure may be closer to 20,000.


=== South Africa ===
The species has been protected in South Africa since 1991; the law bans both deliberate killing and selling. The province of KwaZulu-Natal (KZN), via the KwaZulu-Natal Sharks Board, allows for nets to be used around protected beaches to reduce the risk of shark attacks but not at major aggregation sites. A 1996 study estimated the average population size between 1989 and 1993 to be 1,279; however, in 2004, a study estimated 1,953 individuals post-protection. A 2023 study concluded that white shark numbers off South Africa have remained stable since 1991. While sightings of sharks at major aggregation sites in the Western Cape have declined since the early 2010s, the researchers have attributed this to their distribution shifting further east, possibly in response to attacks by orcas. The results of this study are disputed; in 2024, it was noted that white shark catches in KZN have declined since 2010, suggesting they have not moved eastward.


=== Oceania ===
The white shark population is estimated to be 2,500–6,750 individuals around eastern Australia and New Zealand. The species was given legal protection by the Australian Government under the Environmental Protection and Biodiversity Conservation (EPBC) Act of 1999 and declared vulnerable in 2000. Similar protections are given at the state level, some of which have protected the species before the national government. New South Wales, Tasmania and Western Australia list the species as vulnerable, while Victoria lists it as endangered. In 2002, the Australian government created the White Shark Recovery Plan, implementing government-mandated conservation research and monitoring in addition to federal protection and stronger regulation of shark-related trade and tourism activities. An updated recovery plan was published in 2013 to review progress and research findings and to implement further conservation actions. The report found that the 2002 plan had some success, having completed 14 of 34 tasks listed. A study in 2012 revealed that Australia's white shark population was separated by Bass Strait into genetically distinct eastern and western populations, indicating a need for the development of regional conservation strategies.
The causes of decline prior to protection included mortality from commercial and sport fishing harvests, as well as being caught in beach protection netting. In 2013, it was reported that deaths from commercial fishing had reduced and there were no incidental takes from sport fishing, though the population did not fully recover. In spite of official protections in Australia, white sharks continue to be killed in state 'shark control' programs within the country. The states of Queensland and New South Wales have implemented 'shark control' programs (shark culling) to reduce shark attacks at beaches. These programs kill white sharks (as well as other marine life) using nets and traps with baited hooks. Partly because of these programs, shark numbers in eastern Australia have decreased. Critics have disputed that these programs reduce shark-related fatalities and have proposed alternatives like helicopter patrols as well as tagging and displaying the location of individual shark via social media. Western Australia implemented a shark cull program in 2013 but discontinued it the following year in response to a recommendation by the Environmental Protection Authority.
In April 2007, white sharks were given full protection in New Zealand waters 370 km (230 mi) from land, as well as from New Zealand-flagged boats outside this range. Violations of the law could carry as much as a $250,000 fine and up to six months in prison. In June 2018 the New Zealand Department of Conservation classified the white shark under the New Zealand Threat Classification System as ""Nationally Endangered"". The species meets the criteria for this classification, as there exists a small, stable population of between 250 and 1000 mature individuals. This classification has the qualifiers ""Data Poor"", ""Threatened Overseas"", and ""Conservation Dependent"".


=== United States ===
Since 1997, the US federal government has prohibited the harvesting of the white sharks in US waters, and any shark that is caught is expected to be released immediately. The 2006 Consolidated Atlantic Highly Migratory Species Fishery Management Plan manages Atlantic white sharks, while the Pacific Fishery Management Council manages the species in the Pacific. The white shark also receives protection in National Marine Sanctuaries managed by the National Oceanic and Atmospheric Administration.
White sharks receive additional protection in some states. Since 1 January 1994, the species has been protected in California waters up to 3 miles (4.8 km) offshore, though exceptions exist for white sharks caught for scientific research or unintentionally caught as bycatch. In 2013, white sharks were added to California's Endangered Species Act, which added further restrictions on both scientific captures and bycatches, requiring a special permit for both. In September 2019, California governor Gavin Newsom signed Assembly Bill 2109 into law, banning the luring of white sharks using bait, chum, and decoys in California waters and prohibiting their usage within one nautical mile of any shoreline, pier, or jetty when a shark is present. A 2014 study estimated the population of white sharks along the California coastline to be approximately 2,400.
The white shark is also protected at the state level in Massachusetts. In 2005, a law was passed to prohibit the capturing of white sharks in state waters, while in 2015, bans were placed on using chumming or baiting to lure them. In 2025, shore-based fishing around Cape Cod was restricted, a response to viral videos of anglers catching white sharks. White sharks have benefited from the increase in seal populations off Cape Cod since the enactment of the Marine Mammal Protection Act in 1972, and as many as 800 individual white sharks have been documented to visit the area.


=== Europe and the Mediterranean ===
The IUCN listed the species as critically endangered around Europe in 2015 and in the Mediterranean in 2016. Factors that contributed to this listing include its genetic isolation in this region, its slow growth rate, its decline in numbers along with those of other large shark species, and its negative public perception. The IUCN suggests that no more than 250 mature white sharks inhabit the waters around Europe, mostly in the Mediterranean. 
A 2017 study suggested a decrease in the average size of Mediterranean white sharks, which may be a sign of a declining population. In 2020, a study examined records of white sharks from 1860 to 2016 and concluded that white shark sightings peaked in the 1880s and again in the 1980s but detected a 61% decrease since 1975. Similarly, a 2025 study found that only four white sharks were seen in the past ten years, in contrast to around ten sightings per year between 1985 and 1995. Fishing is one cause for the decline. While there is no fishing industry based on this species, it has been deliberately caught and harpooned in response to attacks and media coverage. These sharks are also accidentally captured or intentionally killed when stealing from nets, longlines, or hooks. Other possible causes include the decline of prey species like bluefin tuna and Mediterranean monk seals.
The white shark is protected as an endangered species by every coastal Mediterranean nation under the Barcelona Convention of 1978 (amended in 1995). In 2009, the European Commission also gave white sharks legal protection from fishing and capturing. An EU-funded program managed to successfully release a juvenile white shark caught as bycatch around Lampedusa in 2023. Researchers have highlighted this as an example of how cooperation between scientists and local fishermen is important for the conservation of the white shark in Mediterranean waters.


== See also ==

List of sharks
List of threatened sharks
Outline of sharks – Overview of and topical guide to sharks


== Notes ==


== References ==


=== Sources ===
Ellis, Richard; McCosker, John E. (1991). Great White Shark. Stanford University Press. ISBN 0-8047-2529-2.
Klimley, A. Peter; Ainley, David G., eds. (1996). Great White Sharks: The Biology of Carcharodon carcharias. Academic Press. ISBN 0-12-415031-4.
Civard-Racinais, Alexandrine (2012). Great White Shark: Myth and Reality. Firefly. ISBN 978-1-77085-102-3.
Domeier, Michael L., ed. (2012). Global Perspectives on the Biology and Life History of the White Shark. CRC Press. ISBN 978-1-4398-4840-1.
Skomal, Greg (2023). The Great White Shark Handbook. Cider Mill Press. ISBN 978-1-60433-771-6.


== External links ==

OCEARCH - Global White Shark Project
Atlantic White Shark Conservancy
White Shark Conservation Trust, New Zealand",Around 6 to 5 million years.,"The great white shark, Carcharodon carcharias, also known as the great white, white pointer, white shark, or white death, is a species of large lamniform shark which can be found in the coastal surface waters of all the major oceans.",0,0,supported,0.730796178943,-0.14588828842445112,-1.3129945958200602,9,,0.46438926458358765,3.15561281626,-0.653961707845,0.0,1,0.999586835828,1.0,1.0,0.0,0.0,0.994140625,0.00377655029296875,0.00183868408203125,1.0188101468618669,0.7347407657098063,0.8875078215907951,0.5131736523778971,0.5,abstain
Q479_287,wikiqa,what happened in 1877 in us,"1877 (MDCCCLXXVII) was a common year starting on Monday of the Gregorian calendar and a common year starting on Saturday of the Julian calendar, the 1877th year of the Common Era (CE) and Anno Domini (AD) designations, the 877th  year of the 2nd millennium, the 77th  year of the 19th century, and the  8th   year of the 1870s decade. As of the start of 1877, the Gregorian calendar was 12 days ahead of the Julian calendar, which remained in localized use until 1923.  


== Events ==


=== January ===
January 1 – Queen Victoria is proclaimed Empress of India by the Royal Titles Act 1876, introduced by Benjamin Disraeli, the prime minister of the United Kingdom .
January 8 – Great Sioux War of 1876: Battle of Wolf Mountain – Crazy Horse and his warriors fight their last battle with the United States Cavalry in Montana.
January 20 – The Constantinople Conference ends, with Ottoman Turkey rejecting proposals of internal reform and Balkan provisions.
January 29 – The Satsuma Rebellion, a revolt of disaffected samurai in Japan, breaks out against the new imperial government; it lasts until September, when it is crushed by a professionally led army of draftees.


=== February ===
February 17 – Major General Charles George Gordon of the British Army is appointed Governor-General of the Sudan.


=== March ===
March 2 – Compromise of 1877: The 1876 United States presidential election is resolved with the selection of Rutherford B. Hayes as the winner, even though Samuel J. Tilden won the popular vote on November 7, 1876.
March 4
Emile Berliner patents the microphone in the United States.
Pyotr Ilyich Tchaikovsky's ballet Swan Lake debuts in Moscow.
March 15 – English cricket team in Australia and New Zealand in 1876–77: The first Test cricket match is held between England and Australia.
March 24 – For the only time in history, The Boat Race between the Universities of Oxford and Cambridge is declared a ""dead heat"" (i.e., a draw).
March – The Nineteenth Century magazine is founded in London.


=== April ===
April 10 – The first human cannonball act in the British Isles, and perhaps the world, is performed by 17-year-old Rossa Matilda Richter (""Zazel"") at the London Royal Aquarium.
April 12
The United Kingdom annexes the South African Republic, violating the Sand River Convention of 1852, causing the First Boer War.
The University of Tokyo is officially established in Japan.
April 24 – Russo-Turkish War (1877–1878): Russia declares war on the Ottoman Empire.


=== May ===
May 5 – Great Sioux War of 1876: Sitting Bull leads his band of Lakota into Canada, to avoid harassment by the U.S. Army under Colonel Nelson Miles.
May 6 – Chief Crazy Horse of the Oglala Sioux surrenders to U.S. troops in Nebraska.
May 8–11 – At Gilmore's Gardens in New York City, the first Westminster Kennel Club Dog Show is held.
May 9 – Iquique Earthquake and tsunami: An earthquake of at least magnitude 8.5 Ms occurs on the west coast of South America, killing 2,541 around the Pacific Rim.
May 16 – 16 May 1877 crisis in France: Parliament passes a no-confidence motion against the government appointed by President MacMahon.
May 21 (May 9 O.S.) – By a speech in the Parliament of Romania by Mihail Kogălniceanu, the country declares itself independent from the Ottoman Empire (recognized in 1878 after the end of the Romanian independence war).
May 30 – Yakub Beg of Yettishar dies having been poisoned in Korla.


=== June ===
June 15 – Henry Ossian Flipper becomes the first African American cadet to graduate from the U.S. Military Academy.
June 17 – American Indian Wars: Battle of White Bird Canyon – The Nez Perce defeat the U.S. Cavalry at White Bird Canyon, in the Idaho Territory. This begins the Nez Perce War.
June 20 – Alexander Graham Bell installs the world's first commercial telephone service in Hamilton, Ontario, Canada.
June 21 – The Molly Maguires are hanged at Carbon County Prison, in Mauch Chunk, Pennsylvania.
June 26 – The eruption of the volcano Cotopaxi in Ecuador causes severe mudflows that wipe out surrounding cities and valleys, killing 1,000.
June 30 – The British Mediterranean fleet is sent to Besika Bay.


=== July ===
July 1 – An F4 tornado touches down near Gap, Pennsylvania, and moves towards Chester County. A woman is killed near Ercildoun; a man is killed near Parkesburg; and possibly a third person dies. 4 homes are destroyed at Parkesburg and 20 buildings are destroyed at Ercildoun. 10 or more homes are leveled in Chester County.
July 9–19 – The All England Lawn Tennis and Croquet Club stages the first Wimbledon Championships in lawn tennis. English cricketer Spencer Gore becomes first Wimbledon gentlemen's singles champion (the only event held).
July 16 – Great Railroad Strike of 1877: Riots by Baltimore and Ohio Railroad railroad workers in Baltimore lead to a sympathy strike and rioting in Pittsburgh, and a full-scale worker's rebellion in St. Louis, briefly establishing a communist government, before U.S. president Rutherford B. Hayes calls in the armed forces.
July 19 – Russo-Turkish War: The first battle in the siege of Plevna is fought.
July 30
Russo-Turkish War: The second battle in the siege of Plevna is fought.
Russo-Turkish War: The Turkish army and its allies destroy the Bulgarian city of Stara Zagora and massacre the inhabitants.
July – The serial publication of Leo Tolstoy's Anna Karenina is concluded, in The Russian Messenger.


=== August ===
August 9 – American Indian Wars: Battle of the Big Hole – Near Big Hole River, Montana, a small band of Nez Perce people who refuse government orders to move to a reservation, clash with the United States Army. The army loses 29 soldiers, and the Indians lose 89 warriors, in an Army victory.
August 12 – American astronomer Asaph Hall discovers Deimos, the outer moon of Mars.
August 18 – Asaph Hall discovers Phobos, the inner moon of Mars.


=== September ===
September 1 – The Battle of Lovcha, third battle in the siege of Plevna, is fought. Russian forces successfully reduce the Ottoman fortress at Lovcha.
September 5 – American Indian Wars: Oglala Sioux chief Crazy Horse is bayoneted by a United States soldier, after resisting confinement in a guardhouse at Fort Robinson in Nebraska.
September 22 – Treaty 7 is concluded between several mainly Blackfoot First Nations tribes and the Canadian Confederation, at the Blackfoot Crossing of the Bow River, settling the Blackfoot on Indian reserves in what will become southern Alberta.
September 24 – Battle of Shiroyama in Kagoshima, Japan: The Imperial Japanese Army annihilates heavily outnumbered rebel samurai under Saigō Takamori (who is killed), ending the Satsuma Rebellion.


=== October ===
October 22 – The Blantyre mining disaster in Scotland kills 207 miners.


=== November ===
November 14 – Henrik Ibsen's first contemporary realist drama The Pillars of Society is premièred at the Odense Teater.
November 21 – Thomas Edison announces his invention of the phonograph, a machine that can record sound, considered his first great invention. Edison demonstrates the device for the first time on November 29.
November 22 – The first college lacrosse game is played between New York University and Manhattan University.


=== December ===
December 9 – The fourth battle of the Russo-Turkish War is fought, concluding the siege of Plevna.
December 13 – Serbia restates its previous declaration of war against Turkey.
December 17 – Disastrous premiere of Anton Bruckner's Third Symphony in D minor at the Vienna Philharmonic
December 30 – Brahms' Symphony No. 2 premieres in Vienna.


== Births ==


=== January–March ===

January 2 – Slava Raškaj, Croatian painter (d. 1906)
January 3 – Josephine Hull, American actress (d. 1957)
January 22 – Hjalmar Schacht, German economist, politician and banker (d. 1970)
January 26 – Kees van Dongen, Dutch-French painter (d. 1968)
February 4 – Eddie Cochems, father of the forward pass in American football (d. 1953)
February 7 – G. H. Hardy, British mathematician (d. 1947)
February 8 – Carl Tanzler, German-born radiology technologist (d. 1952)
February 12 – Louis Renault, French industrialist, founder of Renault automobile company (d. 1944)
February 14 – Edmund Landau, German mathematician (d. 1938)
February 17
Isabelle Eberhardt, Swiss explorer, writer (d. 1904)
André Maginot, French politician (d. 1932)
February 19 – Gabriele Münter, German painter (d. 1962)
February 25 – Erich von Hornbostel, Austrian musicologist (d. 1935)
March 2 – Consuelo Vanderbilt, Duchess of Marlborough (d. 1964)
March 4 – Garrett Morgan, American inventor (d. 1963)
March 7 – Thorvald Ellegaard, Danish track cyclist (d. 1954)
March 10 – Pascual Ortiz Rubio, Mexican politician, substitute President of Mexico, 1930–1932 (d. 1963)
March 12 – Wilhelm Frick, German Nazi Minister of the Interior (d. 1946)
March 17 – Ville Kiviniemi, Finnish politician (d. 1951)
March 18 – Edgar Cayce, American psychic (d. 1945)


=== April–June ===

April 15 – Georg Kolbe, German sculptor (d. 1947)
April 17 – Lionel Pape, English actor (d. 1944)
April 26 – Alliott Verdon Roe, English aviation pioneer (d. 1958)
April 30 – Alice B. Toklas, American writer (d. 1967)
May 3 – Karl Abraham, German psychoanalyst (d. 1925)
May 24 – Samuel W. Bryant, American admiral (d. 1938)
May 25 – Billy Murray, American singer (d. 1954)
May 27 – Isadora Duncan, American dancer (d. 1927)
June 4 – Heinrich Otto Wieland, German chemist, Nobel Prize laureate (d. 1957)
June 7 – Charles Glover Barkla, English physicist, Nobel Prize laureate (d. 1944)
June 11 – Renée Vivien, British poet who wrote in French (d. 1909)
June 12 – Thomas C. Hart, American admiral, politician (d. 1971)
June 14 – Jane Bathori, French opera singer (d. 1970)
June 18 – James Montgomery Flagg, American artist, comics artist and illustrator (d. 1960)
June 19 – Charles Coburn, American actor (d. 1961)


=== July–September ===

July 2
Rinaldo Cuneo, American artist (""the painter of San Francisco"") (d. 1939)
Hermann Hesse, German-born writer, Nobel Prize laureate (d. 1962)
July 6 – Arnaud Massy, French golfer (d. 1950)
July 13 – Erik Scavenius, Prime Minister of Denmark (d. 1962)
July 19 – Arthur Fielder, English cricketer (d. 1949)
July 27 – Ernst von Dohnányi, Hungarian conductor (d. 1960)
July 31 – Louisa Bolus, South African botanist and taxonomist (d. 1970)
August 1 – George Hackenschmidt, Estonian strongman, professional wrestler (d. 1968)
August 6 – Wallace H. White, Jr., U.S. Senator from Maine (d. 1952)
August 7 – Ulrich Salchow, Swedish figure skater (d. 1949)
August 16 – Roque Ruaño, Spanish priest, civil engineer (d. 1935)
August 22 – Ananda Coomaraswamy, Ceylonese Tamil philosopher (d. 1947)
August 26 – John Latham, Australian politician, judge (d. 1964)
August 27
Lloyd C. Douglas, American minister, author (d. 1951)
Charles Rolls, Welsh co-founder of the Rolls-Royce car firm, pioneer aviator (d. 1910)
August 29 – Dudley Pound, British admiral (d. 1943)
September 1
Francis William Aston, English chemist, Nobel Prize laureate (d. 1945)
Rex Beach, American novelist, playwright, and Olympic water polo player (d. 1949)
September 2 – Frederick Soddy, English chemist, Nobel Prize laureate (d. 1956)
September 6 – Buddy Bolden, American jazz musician (d. 1931)
September 14 – Leonhard Seppala, Norwegian-American sled dog breeder, trainer and musher (d. 1967)
September 16 – Thomas Alan Goldsborough, American politician, member of the US House of Representatives from 1921 to 1939 and a United States district judge from 1939 to 1951 (d. 1951)
September 25 – Plutarco Elías Calles, Mexican general and President of Mexico, 1924–1928; known as Jefe Maximo (""Maximum Boss"") from 1928 to 1934 (d. 1945)
September 26
Alfred Cortot, Swiss pianist (d. 1962)
Edmund Gwenn, English actor (d. 1959)
Bertha De Vriese, Belgian physician (d. 1958)


=== October–December ===
October 10 – William Morris, 1st Viscount Nuffield, British businessman, philanthropist (d. 1963)
October 15 – Helen Ware, American stage, film actress (d. 1939)
October 21 – Oswald Avery, Canadian-American physician, medical researcher (d. 1955)
October 22 – Frederick Twort, English bacteriologist (d. 1950)
October 29 – Narcisa de Leon, Filipino film producer (d. 1966)
October 30 – Hugo Celmiņš, 2-time prime minister of Latvia (d. 1941)
November 1 – Else Ury, German writer, children's book author (d. 1943)
November 2 – Claire McDowell, American silent film actress (d. 1966)
November 3 – Carlos Ibáñez del Campo, 2-time President of Chile (d. 1960)
November 9
Enrico De Nicola, 1st President of Italy (d. 1959)
Muhammad Iqbal, Islamic philosopher and poet, one of the founding fathers of All-India Muslims League (d. 1938)
November 15 – William Hope Hodgson, English author (d. 1918)
November 17 – Frank Lahm, Brigadier General USAF, airship pilot, early military aviator trained by the Wright brothers (d. 1963)
November 20 – Herbert Pitman, British mariner; 3rd Officer aboard RMS Titanic (d. 1961)
November 22
Endre Ady, Hungarian poet (d. 1919)
Joan Gamper, Swiss-born businessman, founder of FC Barcelona (d. 1930)
November 24 – Edward C. Kalbfus, American admiral (d. 1954)
December 3 – Richard Pearse, New Zealand airplane pioneer (d. 1953)
December 4 – Morris Alexander, South African politician (d. 1946)
December 16 – Kichisaburō Nomura, Japanese admiral and diplomat (d. 1964)
December 20 – Thomas Walter Swan, American jurist and judge on the United States Court of Appeals for the Second Circuit from 1926 until 1975 (d. 1975)
December 30 – Edward Ellington, British military officer; Marshal of the Royal Air Force (d. 1967)


=== Date unknown ===
F. X. Gouraud, French physician and dietitian (d. 1913)
Rashid Tali’a, Prime Minister of Jordan (d. 1926)


== Deaths ==


=== January–June ===

January 1 – Karl von Urban, Austrian field marshal (suicide) (b. 1802)
January 2 – Alexander Bain, Scottish inventor (b. 1811)
January 4 – Cornelius Vanderbilt, American entrepreneur (b. 1794)
January 20 – Dato Maharajalela Lela, Malay nationalist
February 15 – Rayko Zhinzifov, Bulgarian poet and translator (b. 1839)
February 18 – Henrietta A. Bingham, American editor (b. 1841)
February 20
Louis M. Goldsborough, United States Navy admiral (b. 1805)
Marie Simon, German nurse (b. 1824)
February 25 – Jung Bahadur Rana, Nepalese ruler (b. 1817)
March 1 – Antoni Patek, Polish watchmaker (b. 1811)
March 24 – Walter Bagehot, British businessman, essayist and journalist (b. 1826)
March 25 – Caroline Chisholm, Australian humanitarian (b. 1808)
March 31 – Bully Hayes, American-born Caribbean blackbirder (killed) (b. 1827 or 1829)
April 8 – Bernardino António Gomes, Portuguese physician and naturalist (b. 1806)
April 14 – Konstantin Bernhard von Voigts-Rhetz, Prussian general (b. 1809)
April 15 – J. P. C. Emmons, American attorney and politician (b. 1818)
May 6 – J. L. Runeberg, Finnish national poet (b. 1804)
May 19 – Charlotta Djurström, Swedish actress and theater manager (b. 1807)
May 26 – Kido Takayoshi, Japanese statesman (b. 1833)
June 3
Ludwig Ritter von Köchel, Austrian musicologist (b. 1800)
Sophie of Württemberg, queen consort of the Netherlands (b. 1818)
June 17 – John Stevens Cabot Abbott, American historian, pastor and pedagogical writer (b. 1805)
June 22 – John R. Goldsborough, U.S. Navy commodore (b. 1809)


=== July–December ===
July 16 – Samuel McLean, American congressman (b. 1826)
July 27 – John Frost, British Chartist leader (b. 1784)
August 2 – Karl Friedrich von Steinmetz, Prussian field marshal Urdu (b. 1796)
August 8 – William Lovett, British Chartist leader (b. 1800)
August 17 – Isaac Aaron, English-born physician, owner of the Australian Medical Journal and secretary of the Australian Medical Association (b. 1804)
August 29 – Brigham Young, American Mormon leader (b. 1801)
August 30 – Raphael Semmes, American and Confederate naval officer (b. 1809)
September 2 – Konstantinos Kanaris, Greek politician (b. 1795)
September 3 – Adolphe Thiers, French historian, politician (b. 1797)
September 5 – Crazy Horse, American Oglala Lakota chief (b. 1840-45)
September 12 – Emily Pepys, English child diarist (b. 1833)
September 13 – Alexandre Herculano, Portuguese writer and historian (b. 1810)
September 17 – Henry Fox Talbot, English photographer (b. 1800)
September 24 – Saigō Takamori, Japanese samurai (b. 1828)
October 3 – James Roosevelt Bayley, first Roman Catholic Bishop of Newark, New Jersey, and eighth Archbishop of Baltimore (b. 1814)
October 10 – Johann Georg Baiter, Swiss philologist, textual critic (b. 1801)
October 16 – Théodore Barrière, French dramatist (b. 1823)
October 28 – Julia Kavanagh, Irish novelist (b. 1824)
October 29 – Nathan Bedford Forrest, American Confederate Civil War General, first Grand Wizard of the Ku Klux Klan (b. 1821)
November 1 – Oliver P. Morton, American politician (b. 1823)
November 2 – Friedrich Graf von Wrangel, Prussian field marshal (b. 1784)
December 12 – José de Alencar, Brazilian novelist (b. 1829)
December 17 – Louis d'Aurelle de Paladines, French general (b. 1804)
December 29 – Angelica Singleton Van Buren, Acting First Lady of the United States (b. 1818)
December 30 – William Cormick, physician in Qajar Iran of British origin (b. 1822)
December 31 – Gustave Courbet, French painter (b. 1819)


=== Date unknown ===
Nicolae Golescu, 9th Prime Minister of Romania (b. 1810)


== References ==


== Further reading ==
1877 Annual Cyclopedia (1878) highly detailed coverage of ""Political, Military, and Ecclesiastical Affairs; Public Documents; Biography, Statistics, Commerce, Finance, Literature, Science, Agriculture, and Mechanical Industry"" for year 1877; massive compilation of facts and primary documents; worldwide coverage; 827 pp
Bellesiles, Michael A. (2010). 1877: America's Year of Living Violently. New York: New Press. ISBN 9781595584410.
Bruce, Robert V. (1957). 1877: Year of Violence. I.R. Dee. ISBN 9780929587059. {{cite book}}: ISBN / Date incompatibility (help) online
Lloyd, John P. ""The strike wave of 1877"" in The Encyclopedia of Strikes in American History (2009) pp 177-190. online
Piper, Jessica. ""The great railroad strike of 1877: A catalyst for the American labor movement."" History Teacher 47.1 (2013): 93-110. online","In 1877 in the US, the Great Railroad Strike of 1877 occurred, leading to riots and worker rebellions, with the strike briefly establishing a communist government in St. Louis before federal troops were called in to suppress it.",Year 1877 ( MDCCCLXXVII ) was a common year starting on Monday (link will display the full calendar) of the Gregorian calendar and a common year starting on Saturday of the 12-day slower Julian calendar .,0,0,supported,0.329965840466,-0.09956175152771209,-5.177211079441029,52,,0.5666755437850952,2.44736670713,0.664374764385,0.46973232850822505,3,0.0666860850695,1.0,1.0,0.0,0.0,0.7384033203125,0.06203269958496094,0.19948101043701172,0.991425785059527,0.7293694495917514,0.8834640934416675,0.5131736523778971,0.5,abstain
Q2292_1055,wikiqa,where is c-reactive protein made,"C-reactive protein (CRP) is an annular (ring-shaped) pentameric protein found in blood plasma, whose circulating concentration rises in response to inflammation. It is an acute-phase protein of hepatic origin that increases following interleukin-6 secretion by macrophages and T cells. Its physiological role is to bind to lysophosphatidylcholine expressed on the surface of dead or dying cells (and some types of bacteria) in order to activate the complement system via C1q.
CRP is synthesized by the liver in response to factors released by macrophages, T cells and fat cells (adipocytes). It is a member of the pentraxin family of proteins. It is not related to C-peptide (insulin) or protein C (blood coagulation). C-reactive protein was the first pattern recognition receptor (PRR) to be identified.


== History and etymology ==
Discovered by Tillett and Francis in 1930, it was initially thought that CRP might be a pathogenic secretion since it was elevated in a variety of illnesses, including cancer. The later discovery of hepatic synthesis (made in the liver) demonstrated that it is a native protein. Initially, CRP was measured using the quellung reaction which gave a positive or a negative result. More precise methods nowadays use dynamic light scattering after reaction with CRP-specific antibodies.
CRP was so named because it was first identified as a substance in the serum of patients with acute inflammation that reacted with the cell wall  polysaccharide (C-polysaccharide) of pneumococcus.


== Genetics and structure ==
It is a member of the small pentraxins family (also known as short pentraxins). The polypeptide encoded by this gene has 224 amino acids. The full-length polypeptide is not present in the body in significant quantities due to signal peptide, which is removed by signal peptidase before translation is completed. The complete protein, composed of five monomers, has a total mass of approximately 120,000 Da. In serum, it assembles into stable pentameric structure with a discoid shape.


== Function ==
CRP binds to the phosphocholine expressed on the surface of bacterial cells such as pneumococcus bacteria. This activates the complement system, promoting phagocytosis by macrophages, which clears necrotic and apoptotic cells and bacteria. With this mechanism, CRP also binds to ischemic/hypoxic cells, which could regenerate with more time. However, the binding of CRP causes them to be disposed of prematurely. CRP binds to the Fc-gamma receptor IIa, to which IgG isotype antibodies also bind. In addition, CRP activates the classical complement pathway via C1q binding. CRP thus forms immune complexes in the same way as IgG antibodies.
This so-called acute phase response occurs as a result of increasing concentrations of interleukin-6 (IL-6), which is produced by macrophages as well as adipocytes in response to a wide range of acute and chronic inflammatory conditions such as bacterial, viral, or fungal infections; rheumatic and other inflammatory diseases; malignancy; and tissue injury and necrosis. These conditions cause release of IL-6 and other cytokines that trigger the synthesis of CRP and fibrinogen by the liver.
CRP binds to phosphocholine on micro-organisms. It is thought to assist in complement binding to foreign and damaged cells and enhances phagocytosis by macrophages (opsonin-mediated phagocytosis), which express a receptor for CRP. It plays a role in innate immunity as an early defense system against infections.


== Serum levels ==


=== Measurement methods ===
Traditional CRP measurement only detected CRP in the range of 10 to 1,000 mg/L, whereas high sensitivity CRP (hs-CRP) detects CRP in the range of 0.5 to 10 mg/L. hs-CRP can detect cardiovascular disease risk when in excess of 3 mg/L, whereas below 1 mg/L would be low risk. Traditional CRP measurement is faster and less costly than hs-CRP, and can be adequate for some applications, such as monitoring hemodialysis patients. Current immunoassay methods for CRP have similar precision to hsCRP performed by nephelometry and could probably replace hsCRP for cardiovascular risk assessment, however, in the United States this would represent off-label use, making it a laboratory-developed test under FDA regulations.


=== Normal ===
In healthy adults, the normal concentrations of CRP varies between 0.8 mg/L and 3.0 mg/L. However, some healthy adults show elevated CRP at 10 mg/L. CRP concentrations also increase with age, possibly due to subclinical conditions. Additionally, there are seasonal variations of CRP concentrations, with highest levels occurring in the winter. Gene polymorphism of interleukin-1 family, interleukin 6, and polymorphic GT repeat of the CRP gene do affect the usual CRP concentrations when a person does not have any medical illnesses.


=== Acute inflammation ===
When there is a stimulus, the CRP level can increase 10,000-fold from less than 50 μg/L to more than 500 mg/L. Its concentration can increase to 5 mg/L by 6 hours and peak at 48 hours. The plasma half-life of CRP is 19 hours, and is constant in all medical conditions. Therefore, the only factor that affects the blood CRP concentration is its production rate, which increases with inflammation, infection, trauma, necrosis, malignancy, and allergic reactions. Other inflammatory mediators that can increase CRP are TGF beta 1, and tumor necrosis factor alpha. In acute inflammation, CRP can increase as much as 50 to 100 mg/L within 4 to 6 hours in mild to moderate inflammation or an insult such as skin infection, cystitis, or bronchitis. It can double every 8 hours and reaches its peak at 36 to 50 hours following injury or inflammation. CRP between 100 and 500 mg/L is considered highly predictive of inflammation due to bacterial infection.  Once inflammation subsides, CRP level falls quickly because of its relatively short half-life.


=== Metabolic inflammation ===
CRP concentrations between 2 and 10 mg/L are considered as metabolic inflammation: metabolic pathways that cause arteriosclerosis and type II diabetes mellitus.


== Clinical significance ==


=== Diagnostic use ===
CRP is used mainly as an inflammation marker. Apart from liver failure, there are few known factors that interfere with CRP production. Interferon alpha inhibits CRP production from liver cells which may explain the relatively low levels of CRP found during viral infections compared to bacterial infections 
Measuring and charting CRP values can prove useful in determining disease progress or the effectiveness of treatments. ELISA and radial immunodiffusion methods are available for research use, while immunoturbidimetry is used clinically for CRP and nephelometry is typically used for hsCRP. Cutoffs for cardiovascular risk assessment have included:

low: hs-CRP level under 1.0 mg/L
average: between 1.0 and 3.0 mg/L
high: above 3.0 mg/L
Normal levels increase with aging. Higher levels are found in late pregnant women, mild inflammation and viral infections (10–40 mg/L), active inflammation, bacterial infection (40–200 mg/L), severe bacterial infections and burns (>200 mg/L).
CRP cut-off levels indicating bacterial from non-bacterial illness can vary due to co-morbidities such as malaria, HIV and malnutrition and the stage of disease presentation. In patients presenting to the emergency department with suspected sepsis, a CRP/albumin ratio of less than 32 has a negative predictive value of 89% for ruling out sepsis.
CRP is a more sensitive and accurate reflection of the acute phase response than the ESR (erythrocyte sedimentation rate). ESR may be normal while CRP is elevated. CRP returns to normal more quickly than ESR in response to therapy.


=== Cardiovascular disease ===
Recent research suggests that patients with elevated basal levels of CRP are at an increased risk of diabetes, hypertension and cardiovascular disease. A study of over 700 nurses showed that those in the highest quartile of trans fat consumption had blood levels of CRP that were 73% higher than those in the lowest quartile. Although one group of researchers indicated that CRP may be only a moderate risk factor for cardiovascular disease, this study (known as the Reykjavik Study) was found to have some problems for this type of analysis related to the characteristics of the population studied, and there was an extremely long follow-up time, which may have attenuated the association between CRP and future outcomes. Others have shown that CRP can exacerbate ischemic necrosis in a complement-dependent fashion and that CRP inhibition can be a safe and effective therapy for myocardial and cerebral infarcts; this has been demonstrated in animal models and humans.
It has been hypothesized that patients with high CRP levels might benefit from use of statins. This is based on the JUPITER trial that found that elevated CRP levels without hyperlipidemia benefited. Statins were selected because they have been proven to reduce levels of CRP. Studies comparing effect of various statins in hs-CRP revealed similar effects of different statins. A subsequent trial however failed to find that CRP was useful for determining statin benefit.
In a meta-analysis of 20 studies involving 1,466 patients with coronary artery disease, CRP levels were found to be reduced after exercise interventions. Among those studies, higher CRP concentrations or poorer lipid profiles before beginning exercise were associated with greater reductions in CRP.
To clarify whether CRP is a bystander or active participant in atherogenesis, a 2008 study compared people with various genetic CRP variants. Those with a high CRP due to genetic variation had no increased risk of cardiovascular disease compared to those with a normal or low CRP. A study published in 2011 shows that CRP is associated with lipid responses to low-fat and high-polyunsaturated fat diets.


=== Coronary heart disease risk ===
Arterial damage results from white blood cell invasion and inflammation within the wall. CRP is a general marker for inflammation and infection, so it can be used as a very rough proxy for heart disease risk. Since many things can cause elevated CRP, this is not a very specific prognostic indicator. Nevertheless, a level above 2.4 mg/L has been associated with a doubled risk of a coronary event compared to levels below 1 mg/L; however, the study group in this case consisted of patients who had been diagnosed with unstable angina pectoris; whether elevated CRP has any predictive value of acute coronary events in the general population of all age ranges remains unclear. Currently, C-reactive protein is not recommended as a cardiovascular disease screening test for average-risk adults without symptoms.
The American Heart Association and U.S. Centers for Disease Control and Prevention have defined risk groups as follows:

Low Risk: less than 1.0 mg/L
Average risk: 1.0 to 3.0 mg/L
High risk: above 3.0 mg/L
But hs-CRP is not to be used alone and should be combined with elevated levels of cholesterol, LDL-C, triglycerides, and glucose level. Smoking, hypertension and diabetes also increase the risk level of cardiovascular disease.


=== Fibrosis and inflammation ===
Scleroderma, polymyositis, and dermatomyositis elicit little or no CRP response. CRP levels also tend to remain low despite inflammatory activity in systemic lupus erythematosus (SLE) unless serositis or synovitis is present. This may be explained by increased levels of type I IFN in SLE, since type I IFN (i.e IFN alpha) inhibits hepatic CRP production. A polymorphisms of the CRP gene which cause lower CRP levels is also more frequent in SLE patients compared with controls. Elevations of CRP in the absence of clinically significant inflammation can occur in kidney failure. CRP level is an independent risk factor for atherosclerotic disease. Patients with high CRP concentrations are more likely to develop stroke, myocardial infarction, and severe peripheral vascular disease. Elevated level of CRP can also be observed in inflammatory bowel disease (IBD), including Crohn's disease and ulcerative colitis.
High levels of CRP has been associated to point mutation Cys130Arg in the APOE gene, coding for apolipoprotein E, establishing a link between lipid values and inflammatory markers modulation.


=== Cancer ===
The role of inflammation in cancer is not well understood. Some organs of the body show greater risk of cancer when they are chronically inflamed.  While there is an association between increased levels of C-reactive protein and risk of developing cancer, there is no association between genetic polymorphisms influencing circulating levels of CRP and cancer risk.
In a 2004 prospective cohort study on colon cancer risk associated with CRP levels, people with colon cancer had higher average CRP concentrations than people without colon cancer. It can be noted that the average CRP levels in both groups were well within the range of CRP levels usually found in healthy people. However, these findings may suggest that low inflammation level can be associated with a lower risk of colon cancer, concurring with previous studies that indicate anti-inflammatory drugs could lower colon cancer risk.


=== Obstructive sleep apnea ===
C-reactive protein (CRP), a marker of systemic inflammation, is also increased in obstructive sleep apnea (OSA).  CRP and interleukin-6 (IL-6) levels were significantly higher in patients with OSA compared to obese control subjects. Patients with OSA have higher plasma CRP concentrations that increased corresponding to the severity of their apnea-hypopnea index score.  Treatment of OSA with CPAP (continuous positive airway pressure) significantly alleviated the effect of OSA on CRP and IL-6 levels.


=== Rheumatoid arthritis ===
In the context of rheumatoid arthritis (RA), CRP is one of the acute phase reactants, whose assessment is defined as part of the joint 2010 ACR/EULAR classification criteria for RA with abnormal levels accounting for a single point within the criteria. Higher levels of CRP are associated with more severe disease and a higher likelihood of radiographic progression. Rheumatoid arthritis associated antibodies together with 14-3-3η YWHAH have been reported to complement CRP in predicting clinical and radiographic outcomes in patients with recent onset inflammatory polyarthritis. Elevated levels of CRP appear to be associated with common comorbidities including cardiovascular disease, metabolic syndrome, diabetes and interstitial lung (pulmonary) disease. Mechanistically, CRP also appears to influence osteoclast activity leading to bone resorption and also stimulates RANKL expression in peripheral blood monocytes.
It has previously been speculated that single-nucleotide polymorphisms in the CRP gene may affect clinical decision-making based on CRP in rheumatoid arthritis, e.g. DAS28 (Disease Activity Score 28 joints). A recent study showed that CRP genotype and haplotype were only marginally associated with serum CRP levels and without any association to the DAS28 score. Thus, that DAS28, which is the core parameter for inflammatory activity in RA, can be used for clinical decision-making without adjustment for CRP gene variants.


=== Viral infections ===
Increased blood CRP levels were higher in people with avian flu H7N9 compared to those with H1N1 (more common) influenza, with a review reporting that severe H1N1 influenza had elevated CRP. In 2020, people infected with COVID-19 in Wuhan, China, had elevated CRP.


== Additional images ==


== References ==


== External links ==
MedlinePlus Encyclopedia: C-reactive protein
Inflammation, Heart Disease and Stroke: The Role of C-Reactive Protein (American Heart Association)
C-Reactive+Protein at the U.S. National Library of Medicine Medical Subject Headings (MeSH)
CRP: analyte monograph - The Association for Clinical Biochemistry and Laboratory Medicine
George Vrousgos, N.D. - Southern Cross University Archived 2020-02-18 at the Wayback Machine
Human CRP genome location and CRP gene details page  in the UCSC Genome Browser.
Overview of all the structural information available in the PDB for UniProt: P02741 (C-reactive protein) at the PDBe-KB.",The liver.,"C-reactive protein (CRP) is a protein found in the blood, the levels of which rise in response to inflammation (i.e. C-reactive protein is an acute-phase protein ).",0,0,supported,0.374442593198,-0.10470221553138497,-0.3141066465941549,3,,0.4598984718322754,3.18670776388,-0.653961707845,0.0,1,1.0148534427,1.0,1.0,0.0,0.0,0.99658203125,0.001079559326171875,0.0022563934326171875,0.9284093177892796,0.7167524591545736,0.8736776367583244,0.5131736523778971,0.5,abstain
Q2269_1041,wikiqa,what was wrong with ellen on seinfeld,"""The Van Buren Boys"" is the 148th episode of the sitcom Seinfeld. This was the 14th episode for the 8th season, originally airing on February 6, 1997. In this episode, everyone is convinced Jerry's new girlfriend, Ellen,  is a loser, Elaine ghostwrites Peterman's autobiography, and Kramer and George have separate run-ins with a New York street gang whose sign is holding up eight fingers, because the gang is named for the eighth President of the United States, Martin Van Buren.


== Plot ==
At Lorenzo's Pizzeria, Kramer has an encounter with ""The Van Buren Boys"", a street gang. Because he is holding a garlic shaker, he unknowingly flashes their gang sign (eight fingers, as Martin Van Buren was the eighth president) and saves himself.
George interviews candidates for The Susan Ross Foundation's scholarship. He dismisses several well-qualified candidates, instead favoring an underachiever named Steven because he wants to be an architect. George envisions Steven as fulfilling his own dreams. However, emboldened by getting the scholarship, Steven raises his aspirations from architect to city planner. George responds by taking the scholarship away from Steven. Embittered by George's betrayal, Steven joins the Van Buren boys, who pressure George to give the scholarship back.
Elaine is assigned to ghostwrite Peterman's autobiography. Since his exotic adventures have already been extensively covered in the company catalog, Peterman wants the book to deal with his day-to-day life, which dismays Elaine when she learns he spends his time reclining in his surprisingly generic apartment. She tells Peterman about Kramer's encounter with the Van Buren gang. He suggests paying off Kramer so he can use the story in his autobiography. Kramer sells Peterman all his stories, but most of them turn out to be dull.
George asks Kramer how he escaped the Van Buren Boys. Elaine told Kramer that he can no longer tell his stories, since they now belong to Peterman, so Kramer tells him only that the Van Buren Boys never bother their own kind. George bluffs to the Van Buren Boys that he is a former member, but as he does not know their sign, they demand he prove membership by mugging the next passers-by. He implores Jerry's parents to pretend he is mugging them; oblivious to his situation, they walk off. George runs away from the gang.
Elaine embellishes Kramer's stories, but Peterman finds the rewrites clichéd. She tells him a real Kramer story that he finds much more interesting. No longer able to keep his friends entertained, Kramer asks for his stories back; thinking Elaine came up with the story herself, Peterman says Kramer can have them.
Jerry's girlfriend, Ellen, seems perfect in every way, but her friends thank him for dating her as if it were a charity case, and George and Kramer perform an intervention, telling Jerry she is a loser. Jerry flies his parents in to get their impression. Once he sees that his parents like Ellen, he loses his enthusiasm for her.


== Production ==
The table read for the episode was held on January 9, 1997. All of the episode's scenes which were filmed before a live studio audience were done on January 14, except for the cold open, which was filmed for ""The Comeback"".
The kid who gets the scholarship is named after Steve Koren, a Seinfeld writer.


== Cultural references ==
Jerry refers to The Twilight Zone.


== References ==


== External links ==
""The Van Buren Boys"" at IMDb","Ellen was considered a loser by Jerry's friends and George and Kramer, who performed an intervention telling Jerry she was a loser.","""The Van Buren Boys"" is the 148th episode of the sitcom Seinfeld , and name of a fictional New York street gang .",0,0,supported,-0.190450571307,-0.03941388399533352,-1.0247609838786715,26,,0.5080121159553528,2.85356140727,1.09526014749,0.9878433260530742,2,1.00911288117,1.0,1.0,0.0,0.0,0.99609375,0.0025234222412109375,0.001468658447265625,0.8687835384863214,0.7044925146325666,0.8637786903689908,0.5131736523778971,0.5,abstain
Q313_199,wikiqa,how did j.p morgan become a wealthy man?,"John Pierpont  Morgan Sr. (April 17, 1837 – March 31, 1913) was an American financier and investment banker who dominated corporate finance on Wall Street throughout the Gilded Age and Progressive Era. As the head of the banking firm that ultimately became known as JPMorgan Chase & Co., he was a driving force behind the wave of industrial consolidations in the United States at the turn of the twentieth century.
Over the course of his career on Wall Street, Morgan spearheaded the formation of several prominent multinational corporations including U.S. Steel, International Harvester, and General Electric. He and his partners also held controlling interests in numerous other American businesses including Aetna, Western Union, the Pullman Car Company, and 21 railroads. His grandfather Joseph Morgan was one of the co-founders of Aetna. Through his holdings, Morgan exercised enormous influence over capital markets in the United States. During the Panic of 1907, he organized a coalition of financiers that saved the American monetary system from collapse.
As the Progressive Era's leading banker, Morgan's dedication to efficiency and modernization helped transform the shape of the American economy. Adrian Wooldridge characterized Morgan as America's ""greatest banker"". Morgan died in Rome, Italy, in his sleep in 1913 at the age of 75, leaving his fortune and business to his son, J. P. Morgan Jr. Biographer Ron Chernow estimated his fortune at $80 million (equivalent to $1.9 billion in 2024).


== Childhood and education ==

John Pierpont Morgan was born on April 17, 1837, in Hartford, Connecticut, to Junius Spencer Morgan (1813–1890), of the influential Morgan family., and Juliet Pierpont (1816–1884).  His father, Junius, was then a partner at Howe Mather & Co., the largest dry goods wholesaler in Hartford. His mother Juliet was the daughter of the poet John Pierpont. His uncle James Lord Pierpont composed the famous Christmas song Jingle Bells. Morgan preferred to be called ""Pierpont"", as opposed to ""John"". In 1847, when Morgan was ten years old, his grandfather Joseph Morgan died and left the family a large fortune. He was educated in public and private schools in New England, where he attended West Middle School and Cheshire Academy. Junius soon became a senior partner at the rechristened Mather Morgan & Co. In September 1851, he passed the entrance exam for The English High School of Boston, which specialized in mathematics for careers in commerce. In April 1852, he suffered from rheumatic fever, an illness whose symptoms became more severe as his life progressed and ultimately left him in such pain that he could not walk. Junius sent him to the Azores to recover. He convalesced there for almost a year, then returned to Boston to resume his studies. In 1856, his father sent him to Bellerive, a school in the Swiss village of La Tour-de-Peilz, where he gained fluency in French. His father then sent him to the University of Göttingen to improve his German. He attained passable fluency and a degree in art history within six months, completing his studies in 1857.


== J.S. Morgan & Co.: 1858–1871 ==

After completing his education, Morgan went to London in August 1857 to join his father, now a partner in the merchant banking firm George Peabody & Co. For the next fourteen years, he worked as his father's American representative in a series of affiliated New York City banking houses, learning the trade and lifestyle of a bank partner: Duncan, Sherman & Company (1858–1861), his own firm J. Pierpont Morgan & Co. (1861–1864), and finally Dabney Morgan (1864–1872). Dabney, Morgan & Company was co-founded by Charles H. Dabney and Jim Goodwin.


=== Duncan, Sherman & Company: 1858–1861 ===
Morgan soon moved on to New York City to begin work at Duncan Sherman as a junior clerk. Through his father's reputation and his position as the obvious successor to the Peabody house, he was among the most sought-after young men on Wall Street and enjoyed the company of many of New York's leading citizens. Morgan held a great deal of independence in both his investment decisions and lifestyle, owing partly to his father's faith in Morgan's austere religious discipline. ""Remember,"" J.S. Morgan wrote his son, ""that there is an Eye above that is ever upon you and that for every act, word, and deed you will one day be called to give account."" He adopted a serious, energetic approach to his work and was praised by his father's friends for his work ethic and capacity for business.
At the time Morgan entered the firm, Peabody & Co. was struggling in the wake of the Panic of 1857, a rash of business failures which dramatically damaged investor confidence in American securities. Peabody & Co., whose business was focused on the United States, was particularly threatened when a few of its American correspondent banks were forced to suspend operations. The house's creditors, including Baring Brothers, demanded payment; Peabody defied them, daring his rivals to put him out of business, and turned to the Bank of England for a loan in November 1857. Morgan himself expressed surprise that the famed Barings house was not more accommodating. The loan secured the house's survival and the London office was stabilized, but Duncan Sherman came under criticism on Wall Street, and the Mercantile Agency recommended its dissolution. J. P. Morgan urged his father to stand by Duncan Sherman in the face of ""outrageous"" reports ""of Browns & Barings getting the credit for what they never did"".
While at Duncan Sherman, Morgan acquired experience in the financing and reorganization of railroads, including the major Ohio & Mississippi and Illinois Central lines, for which he personally negotiated the loans. Most of his work involved collecting and transmitting interest and dividend payments, executing orders on the New York Stock Exchange, and conducting credit checks on mercantile houses doing business with Peabody & Co.
Starting in early January 1859, Morgan spent several months in the South to visit the firm's correspondents in Georgia, Alabama, and Louisiana and to improve his knowledge of the cotton trade. He briefly visited Cuba, where he developed a lifelong taste for Cuban cigars. Most of his time in the South was spent in New Orleans, a leading cotton export hub. He received a stern warning from Duncan Sherman when he conducted an unauthorized trade of coffee at a profit, which he considered his first totally independent transaction. Later that summer, he visited his father in London. They discussed the prospects of Morgan's going into business for himself, and Morgan courted Amelia Sturges, whom he later married.


=== J. Pierpont Morgan & Co.: 1861–1864 ===
As the American Civil War began, business slowed, delaying Morgan's efforts to open his own office. He opened J. Pierpont Morgan & Company some time between April and July 1861, conducting operations out of a one-room office at 53 Exchange Place. As he anticipated, most of his business was for his father and consistent with the work he had managed at Duncan Sherman. Morgan avoided serving during the war by paying a substitute $300 to take his place.
The Civil War radically altered Morgan's focus by virtually eliminating his cotton business and drastically reducing iron imports for American railroads in favor of securities and foreign exchange operations. The Morgans, trading through J. P.'s New York office, made a large profit in the purchase and sale of Union bonds once the Battle of Antietam turned the war in the Union's favor. The Morgans also expanded their trade in European securities during a period of industrial expansion, financed by a large deposit from W. W. Corcoran after he liquidated his American holdings out of sympathy for the Confederate cause.
Morgan also profited in gold after specie payments were suspended in 1862; its price was largely pegged to the possibility of a Union victory. In October 1863, he and Edward B. Ketchum transferred $1.15 million (equivalent to $22.9 million in 2024) in gold to England, forcing a price spike and allowing both men to sell their holdings at a large profit. Critics have long considered the deal a speculative effort to corner the American gold market and evidence of Morgan's insensitivity to the nation's financial situation, although the economic consequences were ultimately minor.
In 1862, Morgan made his cousin, James Goodwin, a partner. The firm received a serious boost when Morgan's father succeeded George Peabody as head of the London office. J.S. Morgan transferred all of the firm's remaining commercial credit and securities accounts from Duncan Sherman, and by the end of 1862, J. Pierpont Morgan & Co. was considered one of the stronger private banking houses on Wall Street.


==== Hall Carbine Affair ====

In August 1861, Morgan lent $20,000 (equivalent to $550,000 in 2024) to Simon Stevens, a well-connected New York City attorney and former secretary to Thaddeus Stevens. Stevens used the money to purchase five thousand carbines for resale to General John C. Frémont, commander of the Department of the West. The carbines in question were developed by John H. Hall and manufactured by Simeon North, purchased by the U.S. government, and resold to arms dealer Arthur M. Eastman for $3.50 apiece in June 1861 (equivalent to $125 in 2025). After the Union defeat at Bull Run placed a premium on arms, Stevens used the Morgan loan to purchase the rifles from Eastman at $11.50 apiece and immediately resold them to Frémont, a longtime acquaintance, at $22 each.
During the loan's thirty-eight day duration, Morgan held title to the carbines and assumed responsibility for having their barrels replaced with rifled ones before shipment to Frémont. Stevens approached Morgan for another loan, which Morgan refused, instead asking Stevens for the $20,000 on the original loan and attempting to remove himself from the transaction. On September 14, Morgan received $55,000 from the Army for the carbines, deducted the face value of the loan plus expenses and interest, and passed the remainder to Stevens.
By September, when Morgan received payment, the deal was already controversial. Military officials felt Frémont had overpaid, and an 1863 House of Representatives report indicted the profiteers as ""worse than traitors in arms"". Though Morgan was neither criticized nor censured during contemporary investigations, his name remained connected with the Hall Carbine Affair for many years.
Debate over Morgan's knowledge and involvement became a cause célèbre within his lifetime, attracting a wide range of commentary, and the debate has persisted long after his death. Interest in Morgan's role in the affair was rekindled in 1910 with the publication of Gustavus Myers' History of the Great American Fortunes. Myers claimed the rifles were more likely to blow the rifleman's thumb off than they were to cause any damage to the enemy. An earlier version of the carbine rifle was known to be subject to this problem. R. Gordon Wasson, later the head of public relations for J.P. Morgan & Co., argued that there was no evidence Morgan knew that he was participating in a scheme to profit. Vincent Carosso, author of an academic history of the Morgan house, concurs that Stevens ""used Morgan's name"" to cover his greed and that ""none of the evidence suggested that Morgan himself had been a party to the shabby contract or had participated in its profits,"" though he ""failed to exercise the care and caution that he had demonstrated two years earlier in the New Orleans coffee deal"". Matthew Josephson, who popularized the term ""robber baron"", asserted that Morgan certainly did know of the scheme, because he had presented the government with a bill for $58,175 before he delivered the remaining rifles that were being held as collateral. Reviewing the evidence, Charles Morris also concluded that it was ""implausible"" that Morgan did not know about the source of his profits.


=== Dabney, Morgan & Co.: 1864–1872 ===

On October 1, 1864, George Peabody retired completely from the rechristened J. S. Morgan & Co. and agreed to reinvest his share of the partnership with the firm. In an effort to expand the business internationally, Junius Morgan hired Dabney on November 15 as a senior partner. Dabney, a fifty-seven-year-old partner at Duncan Sherman, was widely respected in the business community for his accounting skill and integrity. In the reconfigured firm, J. P. Morgan took on primary responsibility for recruiting new business.
Both Dabney Morgan and J.S. Morgan & Co. remained focused on merchant banking and commodities into the 1870s. Between 1863 and 1873, the firm's profits from its securities business only exceeded its commissions on trade in 1865. Dabney Morgan traded globally in a variety of commodities, including iron rails, American cotton, Philippine tobacco, Brazilian coffee, and Peruvian guano. Beginning on the advice of Levi P. Morton in 1865, J. P. Morgan secured an exclusive four-year contract with the Peruvian government to export guano, used in the production of fertilizer and gunpowder, at a two-and-a-half percent commission.
To the extent the firm engaged in securities trading, the focus was railroad stock and government bonds. However, railroad construction had halted during the Civil War. Construction did not recover until after 1867, when the firm of Jay Cooke & Company in Philadelphia dominated in getting American government financing. In 1866, J. S. Morgan & Co. did make a ""considerable sum"" selling shares of the Atlantic Telegraph Company after the trans-Atlantic telegraph wire was laid. Despite this success, the firm's creditor, Brown Shipley, declined to expand Morgan's line of credit, stating the company was no better than a speculative trader in securities.


== Drexel Morgan & Co.: 1871–1895 ==
In 1871, at the behest of J.S. Morgan, the Philadelphia financier Anthony Joseph Drexel became J. P.'s mentor. They formed Drexel Morgan & Co. This new merchant banking partnership, based in New York, served as an agent for European investment in the United States and assumed the leading role in financing America's railroads and stabilizing and revitalizing American securities markets. The firm created a national capital market for industrial companies, which had previously existed only for railroads and canals. Drexel Morgan also played an important role in government finance. To restore investor confidence, Drexel Morgan underwrote the pay of the entire U.S. Army in 1877 and bailed out the U.S. government in 1895 during the Panic of 1893.


=== Railroad investments and management ===

In his ascent to power, Morgan focused on America's largest business enterprises: railroads. He led the syndicate that broke the government-financing privileges of Jay Cooke and developed and financed a national railroad empire by reorganization and consolidation. He raised large sums in Europe, and especially through the American rails section of the London Stock Exchange. Rather than participating solely as a financier, he actively managed and reorganized the railroad corporations, increasing efficiency and acting as an early pioneer in the practice of private equity investing, a process that became known as ""Morganization"".
In 1883, Morgan successfully marketed a large part of William H. Vanderbilt's New York Central holdings. In 1885, he reorganized the New York, West Shore & Buffalo Railroad and leased it to the New York Central. In 1887, Congress passed the Interstate Commerce Act. Morgan set up industry conferences in 1889 and 1890 which paved the way for a wave of consolidations in the early 20th century. In an unprecedented move, he brought together railroad presidents to follow the new laws and write agreements for the maintenance of ""public, reasonable, uniform and stable rates"". The first of their kind, the conferences created a community of interest among competing lines, paving the way for the great consolidations of the early 20th century.


== J.P. Morgan & Company: 1895–1913 ==

After the death of Anthony Drexel, the firm was renamed J. P. Morgan & Company in 1895, retaining close ties with Drexel & Company of Philadelphia; Morgan, Harjes & Company of Paris; and J.S. Morgan & Company (after 1910 Morgan, Grenfell & Company) of London. By 1900, it was one of the world's most powerful banking houses, focused primarily on reorganizations and consolidations.
Morgan had many partners over the years, such as George Walbridge Perkins, but always remained firmly in charge. His international reputation as a financier began to draw investors to the businesses that he took over.


=== Panic of 1893 and election of 1896 ===
At the depths of the Panic of 1893, around 1895, the U.S. Treasury nearly depleted its gold reserves. Morgan put forward a plan for the federal government to buy gold from his and European banks, but it was declined in favor of a plan to sell government bonds directly to the general public. Morgan demanded a meeting with President Grover Cleveland, where he claimed the United States government could default that day if action was not taken.
Morgan came up with a plan to use an old Civil War statute that allowed Morgan and the Rothschilds to sell 3.5 million ounces of gold directly to the U.S. Treasury in exchange for a 30-year bond issue. The episode saved the Treasury but hurt Cleveland's standing with the populist agrarian wing of the Democratic Party, ensuring his political career was over. In the 1896 United States presidential election, bankers came under a withering attack from William Jennings Bryan, and Morgan was among many who donated heavily to Republican William McKinley.


=== Nikola Tesla's Wardenclyffe station: 1900 ===
In 1900, the inventor Nikola Tesla convinced Morgan he could build a trans-Atlantic wireless communication system based on his theories of Earth and atmospheric electrical conduction (eventually sited at Wardenclyffe) that would outperform the short-range radio wave-based wireless telegraph system then being demonstrated by Guglielmo Marconi. In what may have been a philanthropic investment, Morgan gave Tesla $150,000 (equivalent to $4.6 million in 2024) to build the system and Tesla offered him a 51% control of the patents. Almost as soon as the letter of agreement was signed, Tesla decided to scale up the facility to include his ideas of terrestrial wireless power transmission to make what he thought was a more competitive system. Morgan refused to give Tesla any further money towards the project and, with Tesla unable to secure further investment capital, Wardenclyffe's development stalled and the site was abandoned by 1906.


=== Northern Securities: 1901–1904 ===

The Northern Pacific Railway went bankrupt in the Panic of 1893. The bankruptcy wiped out the railroad's bondholders, leaving it free of debt, and a complex financial battle for its control ensued. In 1901, a compromise was reached between Morgan, New York financier E. H. Harriman and Minnesota railroad builder James J. Hill. To reduce competition in the Midwest, they created the Northern Securities Company to merge three of the region's most important railways: the Northern Pacific Railway, the Great Northern Railway, and the Chicago, Burlington and Quincy Railroad. The parties ran into unexpected opposition from President Theodore Roosevelt, who considered the merger bad for consumers and a violation of the seldom enforced Sherman Antitrust Act of 1890. In 1902, Roosevelt ordered Attorney General Philander Knox to sue to break it up. In 1904, the Supreme Court dissolved the Northern Security company; though Morgan did not lose money, his all-powerful political reputation suffered.


=== U.S. Steel: 1901–1913 ===
In 1900, Morgan began talks to purchase Andrew Carnegie's steel business and merge it with several other steel, coal, mining and shipping firms. After financing the creation of the Federal Steel Company, Morgan merged it with the Carnegie Steel Company and several other steel and iron businesses (including William Edenbirn's Consolidated Steel and Wire Company) in 1901, forming the United States Steel Corporation. U.S. Steel was the world's first billion-dollar company, with an authorized capitalization of $1.4 billion, much larger than any other industrial firm and comparable in size to the largest railroads.
U.S. Steel's goals were to achieve greater economies of scale, reduce transportation and resource costs, expand product lines, and improve distribution to allow the United States to compete globally with the United Kingdom and Germany. U.S. Steel president Charles M. Schwab and others claimed the company's size would enable it to be more aggressive and effective in pursuing distant international markets. Critics regarded U.S. Steel as a monopoly, as it sought to dominate not only steel, but also the construction of bridges, ships, railroad cars, rails, wire, nails, and many other products. With U.S. Steel, Morgan captured two-thirds of the steel market, and Schwab was confident that the company would soon hold a 75% market share.
U.S. Steel also faced criticism for its labor policies. U.S. Steel was non-union and used aggressive tactics to identify and root out pro-union ""troublemakers"". The lawyers and bankers who had organized the merger, including Morgan, were more concerned with long-range profits, stability, good public relations, and avoiding trouble. His views generally prevailed, and the result was a ""paternalistic"" labor policy.


=== Failed London Underground line: 1902 ===
Morgan suffered a rare business defeat in 1902 when he attempted to build and operate a line on the London Underground. Transit magnate Charles Tyson Yerkes thwarted Morgan's effort to obtain parliamentary authority to build the Piccadilly, City and North East London Railway, a subway line that would have competed with ""tube"" lines controlled by Yerkes. Morgan called Yerkes' coup ""the greatest rascality and conspiracy I ever heard of"".


=== International Mercantile Marine and RMS Titanic: 1902–1913 ===
In 1902, J.P. Morgan & Co. financed the formation of International Mercantile Marine Co. (IMMC), an Atlantic shipping company which absorbed several major American and British lines, in an attempt to monopolize the shipping trade. Morgan hoped to dominate transatlantic shipping through interlocking directorates and contractual arrangements with the railroads, but that proved impossible because of the unscheduled nature of sea transport, American antitrust legislation, and an agreement with the British government.
Morgan had booked a luxury suite with a private promenade deck on the RMS Titanic and scheduled to sail on the ill-fated maiden voyage of the ship, which was owned by an IMMC subsidiary, White Star Line, but those plans were later changed. The ship's famous sinking was a financial disaster for IMMC. Analysis of financial records shows that IMMC was over-leveraged and suffered from inadequate cash flow causing it to default on bond interest payments.
In response to the sinking, Morgan purportedly said:

Monetary losses amount to nothing in life. It is the loss of life that counts. It is that frightful death.


=== Panic of 1907 ===

The Panic of 1907 was a financial crisis that almost crippled the American economy. Major New York banks were on the verge of bankruptcy and there was no mechanism to rescue them, until Morgan stepped in to help resolve the crisis. To ease the crisis, Secretary of the Treasury George B. Cortelyou earmarked $35 million of federal money to deposit in New York banks. Morgan then met with the nation's leading financiers in his New York mansion, where he forced them to devise a plan to meet the crisis. James Stillman, president of the National City Bank, also played a central role. Morgan organized a team of bank and trust executives which redirected money between banks, secured further international lines of credit, and bought up the plummeting stocks of healthy corporations.
A delicate issue arose regarding the brokerage firm of Moore and Schley, which was deeply invested in the Tennessee Coal, Iron and Railroad Company (TCI). Moore and Schley had used over $6 million of TCI stock as collateral for loans to Wall Street banks, which the firm now could not pay. If Moore and Schley failed, it could precipitate a larger crisis. Thus, Morgan proposed merging the TCI with U.S. Steel, one of its chief competitors.
U.S. Steel president Elbert Gary agreed, but was concerned that antitrust implications could obstruct the merger. Morgan sent Gary to see President Theodore Roosevelt, who promised legal immunity for the deal. U.S. Steel thereupon paid $30 million for the TCI stock and Moore and Schley was saved. The announcement had an immediate effect; by November 7, 1907, the panic was over.


=== Criticisms and investigations ===

While conservatives hailed Morgan for civic responsibility, strengthening the national economy, and devotion to the arts and religion, critics of banking and consolidation viewed him as one of the leading figures in the system they rejected. They attacked Morgan for the terms of his 1895 loan of gold to the U.S. Treasury. Many, including writer Upton Sinclair, attacked him for his handling of the Panic of 1907.
In December 1912, Morgan testified before the Pujo Committee, a subcommittee of the House Banking and Currency committee. The committee ultimately concluded that a small number of financial leaders was exercising considerable control over many industries. The partners of J.P. Morgan & Co. and directors of First National and National City Bank controlled aggregate resources of $22.245 billion, which Louis Brandeis compared to the value of all the property in the twenty-two states west of the Mississippi River.
In the early 2000s, an investigation by historian James Lide discovered that through parts of its business, JPMorgan Chase accepted thousands of slaves as collateral on loans made to plantation owners in the early 19th century, and that it ended up owning several hundred slaves. The banks in question, Citizens' Bank and Canal Bank, both now part of JPMorgan, served plantations from the 1830s until the American Civil War, and sometimes took ownership of slaves when the plantation owners defaulted on loans. JPMorgan estimated that between 1831 and 1865, the two banks accepted approximately 13,000 slaves as collateral and ended up owning about 1,250 slaves. An apology was made in compliance with a rule requiring companies to detail past dealings with the slave trade when doing business with the city of Chicago.


== List of Morgan corporations ==
From 1890 to 1913, 42 major corporations were organized or their securities were underwritten, in whole or part, by J.P. Morgan and Company.


=== Manufacturing and construction industry ===


=== Railroads ===


== Personal life ==


=== Marriages and children ===

In October 1861, Morgan married Amelia ""Memi"" Sturges (1835–1862) at her home on 5 East Fourteenth Street. He had courted her for two years, and when they married, Memi was already seriously ill with tuberculosis. Morgan had to carry her to the drawing room for a small private ceremony and afterwards to the carriage which took them to the pier. They traveled to Algiers, where he hoped the warm climate would restore their health, but it did not, and she died in Nice in February 1862, four months and ten days after their marriage.
On May 31, 1865, Morgan married Frances Louisa ""Fanny"" Tracy (1842–1924), whom he met at St. George's Church. They had four children:

Louisa Pierpont Morgan (1866–1946), who married Herbert L. Satterlee (1863–1947)
J. P. Morgan Jr. (1867–1943), who succeeded his father and married Jane Norton Grew
Juliet Pierpont Morgan (1870–1952), who married William Pierson Hamilton (1869–1950), a grandson of John Church Hamilton
Anne Tracy Morgan (1873–1952), philanthropist


=== Appearance ===

Morgan often had a tremendous physical effect on people; one man said that a visit from Morgan left him feeling ""as if a gale had blown through the house"". He was physically large with massive shoulders, piercing eyes, and a purple nose. He was known to dislike publicity and hated being photographed without his permission; as a result of his self-consciousness of his rosacea, all of his professional portraits were retouched. His deformed nose was due to a disease called rhinophyma, which can result from rosacea. As the deformity worsens, pits, nodules, fissures, lobulations, and pedunculation contort the nose. This condition inspired the brilliant taunt ""Johnny Morgan's nasal organ has a purple hue."" Surgeons could have shaved away the rhinophymous growth of sebaceous tissue during Morgan's lifetime, but as a child he suffered from infantile seizures, and Morgan's son-in-law, Herbert L. Satterlee, has speculated that he did not seek surgery for his nose because he feared the seizures would return.
His social and professional self-confidence were too well established to be undermined by this affliction. It appeared as if he dared people to meet him squarely and not shrink from the sight, asserting the force of his character over the ugliness of his face.
Morgan smoked dozens of cigars per day and favored large Havana cigars dubbed Hercules' Clubs by observers.


=== Religion ===
Morgan was a lifelong member of the Episcopal Church, and by 1890 was one of its most influential leaders. He was a founding member of the Church Club of New York, an Episcopal private member's club in Manhattan. Morgan was appointed as one of the first laymen on the committee that created the 1892 revision of the Book of Common Prayer, where he petitioned for the creation of a special limited collectible printing that he later financed. In 1910, the General Convention of the Episcopal Church established a commission, proposed by Bishop Charles Brent, to implement a world conference of churches to address their differences in their ""faith and order"". Morgan was so impressed by the proposal for such a conference that he contributed $100,000 (equivalent to $2.4 million in 2024) to finance the commission's work.


=== Residences ===

His house at 219 Madison Avenue was originally built in 1853 by John Jay Phelps and purchased by Morgan in 1882. On June 6, 1882, it became the first electrically lit private residence in America. A coal-fueled steam engine provided power for two generators that produced the required electricity. His interest in the new technology was a result of his financing Thomas Alva Edison's Edison Electric Illuminating Company in 1878. It was there that a reception of 1,000 people was held for the marriage of Juliet Morgan and William Pierson Hamilton on April 12, 1894, where they were given a favorite clock of Morgan's. Morgan also owned the ""Cragston"" estate, located in Highland Falls, New York.
J. P. Morgan spent three months of every year in London and owned two houses there. His 'town' house, 13 Prince's Gate, was inherited from his father and was later expanded by the acquisition of the neighboring Number 14 to house his growing art collection. After his death the merged houses were offered to the US government for use as the residence of the US Ambassador, from 1929 to 1955. His other property was Dover House, Putney, which was later demolished and developed into the Dover House Estate.


=== Social organizations and philanthropy ===
Morgan was a member of the Union Club in New York City. When a friend, Erie Railroad president John King, was blackballed, Morgan resigned and organized the Metropolitan Club of New York. He donated the land on 5th Avenue and 60th Street at a cost of $125,000, and commanded Stanford White to ""...build me a club fit for gentlemen, forget the expense..."" He invited King in as a charter member and served as club president from 1891 to 1900.
Morgan was a benefactor of the Morgan Library and Museum, the American Museum of Natural History, the Metropolitan Museum of Art, the British Museum, Groton School, Harvard University (especially its medical school), Trinity College, the Lying-in Hospital of the City of New York, and the New York trade schools.


=== Yachting ===

Morgan was the Commodore of the New York Yacht Club (NYYC) and was present at a board meeting on October 27, 1898, to discuss the construction of a new clubhouse.   Morgan offered to acquire a 75-by-100-foot (23 by 30 m) plot on 44th Street in midtown Manhattan  if the NYYC raised its annual membership dues from $25 to $50 and the new clubhouse occupied the entire site. The NYYC's board accepted his offer, and Morgan bought the lots the next day for $148,000 and donated to the club.
NYYC members hosted an informal housewarming party on January 29, 1901, giving Morgan a trophy in gratitude of his purchase of the site.
An avid yachtsman, Morgan owned several large yachts, the first being the Corsair, built by William Cramp & Sons for Charles J. Osborn (1837–1885) and launched on May 26, 1880. Osborn was Jay Gould's private banker. Morgan bought the yacht in 1882. The well-known quote, ""If you have to ask the price, you can't afford it"" is commonly attributed to Morgan in response to a question about the cost of maintaining a yacht, although the story is unconfirmed.


=== Collections ===
Morgan was a wide-ranging collector of books, manuscripts, decorative arts, bronze statuettes, ivories, clocks, etc., with less of an interest in paintings than most artists. He became a major collector after his father's death in 1891. Referred to as a ""collector of collections"", he assembled one of the largest and most notable private collections in the world. He was a founding member of the Metropolitan Museum of Art, and a trustee from 1888 to 1913. He became vice-president, then president of the museum in 1904, and directed its emphasis to the pursuit of important, original works. He also donated works to the museum during his lifetime, including a large collection of French decorative arts.
After the passage of a favorable tariff bill, Morgan's collection was shipped from London (mostly from his house at 14 Princes Gate) to the US. His paintings were exhibited at the Metropolitan in 1913, and the entire collection filled the second floor of a new wing at the Metropolitan in 1914. Many of the most valuable works were sold by his son and heir, J. P. Morgan, Jr., (known as Jack). In 1917, Jack donated a substantial portion of his father's collection, which consisted of thousands of objects, estimated at 40% of the total, to the Metropolitan. He also donated the London house at 14 Princes Gate to the U.S. Government to serve as its embassy.
For a number of years, the British artist and art critic Roger Fry served as a curator, and subsequently as a purchasing agent. He came into conflict with Morgan, and his employment at the museum came to an end.
Some paintings and art objects, as well as most of his rare books and manuscripts are in the Morgan Library & Museum on 36th Street, near Madison Avenue in New York City. His son, J. P. Morgan Jr., made the Pierpont Morgan Library a public institution in 1924, as a memorial to his father. He appointed Belle da Costa Greene, his father's private librarian, as its first director.


==== Gems ====
By the turn of the century, Morgan had become one of America's most important collectors of gems and had assembled the most important gem collection in the U.S.  Tiffany & Co. assembled his first collection, which comprised over 1,000 American gemstones, under Tiffany's chief gemologist, George Frederick Kunz. The collection was exhibited at the World's Fair in Paris in 1889. The exhibit won two golden awards and drew the attention of important scholars, lapidaries, and the general public.
George Frederick Kunz continued to build a second, even finer, collection which was exhibited in Paris in 1900. These collections have been donated to the American Museum of Natural History in New York, where they were known as the Morgan-Tiffany and the Morgan-Bement collections.


==== Photography ====

Morgan was a patron to photographer Edward S. Curtis, offering Curtis $75,000 in 1906 (equivalent to $1.96 million in 2024) to create a series on the American Indians. Curtis eventually published a 20-volume work entitled The North American Indian. Curtis also produced a motion picture, In the Land of the Head Hunters (1914), which was restored in 1974 and re-released as In the Land of the War Canoes. Curtis was also famous for a 1911 magic lantern slide show The Indian Picture Opera which used his photos and original musical compositions by composer Henry F. Gilbert.


== Death ==
It is said in the newspaper on March 31, 1913, that Morgan fell ill to ""a long sinking spell"" which included symptoms of extreme weakness, nervousness after his realization of the inability to take in food due to a paralysis of the muscles in his throat; no other organic trouble was present. When he tried to speak, contraction of his throat followed. As his condition worsened, he was in and out of consciousness, while they gave him food through ""injection"". Morgan had been traveling abroad and died on March 31, 1913, in his sleep at the Grand Hotel Plaza in Rome, Italy. His body was brought back to America aboard the SS France, a French Line passenger ship. Flags on Wall Street flew at half-staff, and in an honor usually reserved for heads of state, the stock market closed for two hours when his body passed through New York City. His body was brought to lie in his home and adjacent library the first night of arrival in New York City. His remains were interred in the Cedar Hill Cemetery in his birthplace of Hartford, Connecticut. His son, John Pierpont ""Jack"" Morgan Jr., inherited the banking business. 
His estate was worth $68.3 million ($1.59 billion in 2024 dollars), of which about $30 million represented his share in the New York and Philadelphia banks. The value of his art collection was estimated at $50 million.


=== Legacy ===
His son, J. P. Morgan Jr., took over the business at his father's death, but he was never as influential. The 1933 Glass–Steagall Act forced the dissolution of the House of Morgan into three entities: 

J.P. Morgan & Co., which later became Morgan Guaranty Trust and ended up merging with Chase Bank
Morgan Stanley, an investment house formed by his grandson Henry Sturgis Morgan
Morgan Grenfell in London, an overseas securities house
The gemstone morganite was named in his honor.
The Cragston Dependencies, associated with his estate, Cragston (at Highlands, New York), was listed on the National Register of Historic Places in 1982.


== In popular culture ==

A contemporary literary biography of Morgan is used as an allegory for the financial environment in America after World War I in the second volume, Nineteen Nineteen, of John Dos Passos' U.S.A. trilogy.
Morgan appears as a character in Caleb Carr's novel The Alienist, in E. L. Doctorow's novel Ragtime, in Steven S. Drachman's novel The Ghosts of Watt O'Hugh,  in Graham Moore's novel The Last Days of Night, and in Marie Benedict and Victoria Christopher Murray's novel The Personal Librarian.
Morgan is believed to have been the model for Walter Parks Thatcher (played by George Coulouris), guardian of the young Citizen Kane (film directed by Orson Welles) with whom he has a tense relationship—Kane blaming Thatcher for destroying his childhood.
According to Phil Orbanes, former vice president of Parker Brothers, the Rich Uncle Pennybags of the American version of the board game Monopoly is modeled after J. P. Morgan. The family of the illustrator Daniel Fox, who in 1936 created the mascot for the game, have credited J. P. Morgan as being the inspiration for the character.
Morgan's career is highlighted in episodes three and four of the History Channel's miniseries docudrama The Men Who Built America.
""My Name Is Morgan (But It Ain't J.P.)"" – 1906 popular song released as an Edison cylinder recording, with words by Will A. Mahoney, music by Halsey K. Mohr, and sung by Bob Roberts. Originally released as a ""coon song"" but revised over the years, a poor man named Morgan tells his girlfriend not to mistake him for a rich man.
1950s popular singer, later game show panelist Jaye P. Morgan, born Mary Margaret Morgan, acquired the nickname reflecting J.P. Morgan while serving as her high school class treasurer.
The villain of Street Fighter 6 is an elderly upper-class banker that uses a variety of aliases, all of which have the initials ""JP"". He claims to have lived for over one hundred years, empowered by his business association with M. Bison
In the 2012 TV series called Titanic: Blood and Steel, J. P. Morgan was portrayed by Chris Noth (6 episodes/Episodes 1, 7-9 & 11-12).


== See also ==
Ventfort Hall Mansion and Gilded Age Museum
SS J. Pierpont Morgan, a lake freighter named after Morgan
List of richest Americans in history


== Notes ==


== References ==


== Sources ==
Auchincloss, Louis (1990). J.P. Morgan: The Financier as Collector. Harry N. Abrams, Inc. ISBN 0-8109-3610-0.
Bruner, Robert F.; Carr, Sean D. (2007). The Panic of 1907: Lessons Learned from the Market's Perfect Storm.
Brandeis, Louis (1914). Other People's Money and How the Bankers Use It. New York: Frederic A. Stokes Company.
Brands, H.W. (2010). American Colossus: The Triumph of Capitalism, 1865–1900. New York: Doubleday.
Burgan, Michael (2007). J. Pierpont Morgan: Industrialist and Financier. Capstone.
Carosso, Vincent P. (1987). The Morgans: Private International Bankers, 1854–1913. Harvard Univ. Press. p. 888. ISBN 978-0-674-58729-8.
Chernow, Ron (2001). The House of Morgan: An American Banking Dynasty and the Rise of Modern Finance. Springer. ISBN 0-8021-3829-2.
Clark, John J.; Clark, Margaret T. (1997). ""The International Mercantile Marine Company: A Financial Analysis"". American Neptune. 57 (2): 137–154.
Garraty, John A. (1960). ""The United States Steel Corporation Versus Labor: the Early Years"". Labor History. 1 (1): 3–38. doi:10.1080/00236566008583839.
Gross, Michael (2009). Rogues' Gallery: The Secret History of the Moguls and the Money That Made the Metropolitan Museum. New York: Broadway Books. p. 69. ISBN 978-0-7679-2488-7. OCLC 244417339.
Hein, David; Shattuck, Gardiner H. Jr. (2005). The Episcopalians. Westport: Praeger.
Morris, Charles (2006). The Tycoons: How Andrew Carnegie, John D. Rockefeller, Jay Gould, and J. P. Morgan Invented the American Supereconomy. New York: Holt Paperbacks. ISBN 978-0-8050-8134-3.
Rottenberg, Dan (2006). The Man Who Made Wall Street: Anthony J. Drexel and the Rise of Modern Finance. University of Pennsylvania Press. p. 98. ISBN 9780812219661. Retrieved September 21, 2015.
Satterlee, Herbert L. (1939). J. Pierpont Morgan. New York: The Macmillan Company., written by Morgan's son-in-law
Strouse, Jean (1999). Morgan, American Financier. Perennial. ISBN 978-0-06-095589-2.


== Further reading ==


=== Biographies ===
Bryman, Jeremy. J. P. Morgan: Banker to a Growing Nation. Morgan Reynolds Publishing (2001) ISBN 1-883846-60-9, for middle schools
Wheeler, George, Pierpont Morgan and Friends: the Anatomy of a Myth, Englewood Cliffs, N.J., Prentice-Hall, 1973. ISBN 0136761488


=== Specialized studies ===
Carosso, Vincent P. Investment Banking in America: A History Harvard University Press (1970)
De Long, Bradford. ""Did JP Morgan's Men Add Value?: An Economist's Perspective on Financial Capitalism"", in Peter Temin, ed., Inside the Business Enterprise: Historical Perspectives on the Use of Information (1991) pp. 205–36; shows firms with a Morgan partner on their board had higher stock prices (relative to book value) than their competitors
Forbes, John Douglas. J. P. Morgan Jr. 1867–1943 (1981). 262 pp. biography of his son
Fraser, Steve. Every Man a Speculator: A History of Wall Street in American Life HarperCollins (2005)
Garraty, John A. Right-Hand Man: The Life of George W. Perkins. (1960) ISBN 978-0-313-20186-8; Perkins was a top aide 1900–1910
Geisst;  Charles R. Wall Street: A History from Its Beginnings to the Fall of Enron Archived July 1, 2012, at the Wayback Machine. Oxford University Press. 2004.
Giedeman, Daniel C. ""J. P. Morgan, the Clayton Antitrust Act, and Industrial Finance-Constraints in the Early Twentieth Century"", Essays in Economic and Business History, 2004 22: 111–126
Hannah, Leslie. ""J. P. Morgan in London and New York before 1914"", Business History Review 85 (Spring 2011) 113–50
Keys, C.M. (January 1908). ""The Builders I: The House of Morgan"". The World's Work. Vol. 15, no. 2. pp. 9779–9704. Retrieved July 10, 2009.
Moody, John. The Masters of Capital: A Chronicle of Wall Street (1921)


=== Other ===
Baker, Ray Stannard (October 1901). ""J. Pierpont Morgan"". McClure's Magazine. Vol. 17, no. 6. pp. 507–518. Retrieved July 10, 2009., a biographical magazine article
Brands, H.W. (1999). Masters of Enterprise: Giants of American Business from John Jacob Astor and J. P. Morgan to Bill Gates and Oprah Winfrey., including a short biography of Morgan


== External links ==

The Morgan Library and Museum, 225 Madison Ave, New York, NY 10016
The American Experience—J.P. Morgan
 Texts on Wikisource:
""Morgan, John Pierpont"" . The Cyclopædia of American Biography. 1918. pp. 12–14.
""Morgan, John Pierpont"". Encyclopædia Britannica (11th ed.). 1911.
""Morgan, John Pierpont"". New International Encyclopedia. 1905.","Through his successful career in finance, founding and leading J.P. Morgan & Co., and his significant investments in major corporations and railroads.","John Pierpont ""J. P.""",0,0,supported,0.389886444101,-0.10648716058160834,-2.9816404962850336,28,,0.5838462114334106,2.32847433322,1.78601234211,0.8693794915987816,3,0.973766528185,1.0,1.0,0.0,0.0,0.986572265625,0.004898726940155029,0.008538246154785156,0.8131124816337614,0.6927723583908842,0.8539541317125041,0.5131736523778971,0.5,abstain
Q2583_1229,wikiqa,WHO WERE THE SINGERS IN SISTER ACT,"Sister Act is a musical based on the hit 1992 film of the same name with music by Alan Menken, lyrics by Glenn Slater, book by Bill and Cheri Steinkellner, and additional material by Douglas Carter Beane. After having a regional premiere in 2006, in Pasadena, California, the original West End production opened on June 2, 2009, at the London Palladium, starring Patina Miller and produced by Stage Entertainment and Whoopi Goldberg. Subsequent productions have been seen on Broadway and in many countries around the world.


== Synopsis ==


=== West End ===
Act 1
In Philadelphia, the Mother superior declares that the convent is in need (Prologue) before Deloris Van Cartier, crowned 'Lady Fabulous' of 1978, is seen performing in the night club run by her gangster boyfriend Curtis Shank (""Take Me to Heaven""). Deloris is overjoyed as she believes her boyfriend is going to introduce her to a record producer on that day (her birthday), although she soon learns that this is not to be. Hurt and frustrated, Deloris goes to her backup singers KT and LaRosa, about her dreams of stardom and fame (""Fabulous, Baby!""). She decides to break up with Shank and head out of Philadelphia to go fulfill her dreams on her own. However she gets to Shank just in time to see him and his crew made up of nephew TJ, Bones, and Dinero, shoot someone who they believe has ""squealed"" about them to the cops. Horrified, Deloris runs away and Shank orders his men to get her and bring her back. Deloris runs to a police station and tells the desk chief, Eddie, about what happened. The two recognize each other as old friends from school with Deloris calling him ""Sweaty Eddie"". Eddie decides that Deloris needs to go into the witness protection program and sends her to the place he believes Shank will never find her - a convent called The Holy Order of the Little Sisters of Our Mother of Perpetual Faith.
Deloris is disappointed by this idea as she learns from the Mother superior that contact with the outside world is limited, and that she cannot smoke, drink, or wear any of her less than appropriate clothing (""Here Within These Walls""). Deloris joins the other nuns for dinner and after several comedic interactions with the overly perky Sister Mary Patrick, Deloris discovers how the other nuns got their ""calling"" from the Lord (""How I Got the Calling""). They then ask Deloris to share her story with them and she lies.
Meanwhile, back in his nightclub, Shank is frustrated that he cannot find Deloris anywhere. He tells his goons how he will not stop until he finds and kills Deloris (""When I Find My Baby""). Back at the convent Deloris is bored by the simple life of the nuns and decides to hit the town. She goes across the street to a slinky bar, and is followed by Sister Mary Lazarus, Sister Mary Patrick, and Sister Mary Robert. When the three nuns arrive they are shocked to find Sister Mary Clarence (Deloris' undercover name) drinking and dancing, however they assume that she is attempting to save the lost souls in the bar. Deloris goes along with this idea and gets the whole bar dancing (""Do the Sacred Mass""). However, the joyful mood is quickly destroyed when Deloris recognises Shank's boys entering the bar. She tries to hide herself as they ask people in the bar if they've seen Deloris. Suddenly there is a fight in the bar which has to be broken up by Eddie and the Mother superior, who orders the nuns to go back to the convent. She then confronts Deloris telling her that she must conform to the life of the nuns.  Eddie agrees, telling Deloris that Shank has upped the price on her head, so she needs to be careful. Deloris storms back to the convent after being informed that she has to wake up at 5 a.m. and join the choir. Eddie, now alone with only the drunks and homeless on the street, sings of his desire to be cool, to let go, and impress Deloris (""I Could Be That Guy"").
The following morning Deloris attends the choir practice and loudly admits that the choir sounds terrible. This prompts the Mother superior to let Deloris lead the choir. Deloris does so and teaches the nuns how to sing on key and on time. She also manages to break the quiet and timid Sister Mary Robert out of her shell (""Raise Your Voice""). That Sunday, the choir perform an up-tempo hymn (""Take Me to Heaven (Reprise)"") which to the struggling church's surprise brings in more people and more donations. The Mother superior, however, is horrified how the simple traditional choir she knew has changed and become modern.  The news of the choir soon spreads with photographers and news reporters coming in to get the story behind the latest sensation - this wonderful nontraditional choir.

Act 2
Over the coming weeks, the choir has become incredibly successful and the money from donations has paid for the church to be remodelled and fixed (""Sunday Morning Fever""). However, the newfound fame comes at a price. Shank and his goons spot Deloris with the choir in the newspaper. Shank orders his boys to get into the convent and bring Deloris to him. TJ, Bones, and Dinero discuss how they will do this (""Lady in the Long Black Dress""). Meanwhile, back at the church, Monsignor Howard has some terrific news: the choir has been asked to perform a special concert in front of the Pope. The choir are overjoyed but nervous and that night they ask Deloris to pray for their success (""Bless Our Show""). Deloris is also looking forward to the occasion, although the Mother superior calls her over and tells her that Shank's men have just come looking for her and she must leave quickly. The other nuns overhear and Deloris is forced to tell them the truth about who she really is and that she cannot perform with them. Deloris quickly runs off to get her things followed by Sister Mary Robert while the other nuns disappointedly go back to their rooms. Alone in Deloris' room, the Mother superior expresses joy that life can go back to being as it was. However it is evident that she, along with the other nuns, have developed a love for Sister Mary Clarence and her modern if somewhat unorthodox ways (""Here Within These Walls (Reprise)"").
As Deloris prepares to leave Sister Mary Robert begs to come with her, claiming that she has been inspired to become a stronger person and go after the things she wants (""The Life I Never Led""). Deloris tells her that she doesn't need her to do that, and that she can do it all herself if she really wants to. Deloris runs from the convent and stays at Eddie's house for the night. While there she initially is overjoyed that the following day she will testify against Shank and his boys and then go back to pursuing the career she's dreamed of (""Fabulous, Baby! (Reprise)""). Guilty for abandoning her sisters when they needed her, she reflects on her life and realises that the choices she is making will leave her with nothing but fame and money, and when the lights go out she will be alone. She decides to return to the convent and sing with her sisters (""Sister Act"").
Meanwhile, Shank thinks up a new way to get into the convent (""When I Find My Baby (Reprise)""). Dressed as nuns, Shank and his boys sneak into the convent; they find and chase Deloris. Sister Mary Patrick, who has seen what has happened, informs the other nuns who insist they must go and help Deloris. The Mother superior, however, is adamant that they stay and call the police, prompting an outburst from Sister Mary Robert who tells her that she won't be quiet and take orders blindly anymore; that she is going to help Deloris (""The Life I Never Led (Reprise)""). The other nuns agree and all of them go running through the convent looking for Deloris. It all comes down to a final confrontation in which Shank, armed and dangerous, tells Deloris to get on her knees and beg for her life. However, all the sisters and nuns stand in front of her telling Shank that they will have to go through them first (""Sister Act (Reprise)""). Shank is about to start firing at the nuns when Eddie comes in and fights Shank off. He arrests Shank and his boys and then asks Deloris out on a date which she accepts. The Mother superior and Deloris come to a truce and accept that perhaps they are not so different after all. The show ends with all the nuns and eventually the entire cast performing for the Pope (""Spread the Love Around"").


=== Broadway ===
Act 1
On Christmas Eve, Deloris Van Cartier is performing for her gangster boyfriend Curtis Jackson in the night club he owns (""Take Me to Heaven""). Deloris is overjoyed as she believes her boyfriend is going to introduce her to a record producer on that day, although she soon learns that this is not to be. Jackson tells her he cannot join her for Christmas Day, but gives her a coat, which she discovers belonged to his wife. Hurt and frustrated, Deloris sings to her backup singers, Michelle and Tina, about her dreams of stardom and fame (""Fabulous, Baby!""). She decides to break up with Jackson to fulfill her dreams on her own, but gets to him just in time to see him and his crew shoot Ernie, who they believe has ""squealed"" about them to the cops.
Horrified, Deloris runs to a police station and tells the desk chief, Eddie, about what happened. Eddie decides that Deloris needs to go into the witness protection program and sends her to the place he believes Jackson will never find her - a convent. When she arrives, Deloris is upset to learn from the Mother superior that contact with the outside world is limited, and that she cannot smoke, drink, or wear any of her own clothing (""Here Within These Walls""). Deloris, introduced as ""Sister Mary Clarence,"" joins the other nuns for dinner and discovers just how much is limited when she is a nun (""It’s Good to Be A Nun""). Deloris asks them about what they are missing, and the Mother superior makes Deloris go on a fast.
Back in his nightclub, Jackson is frustrated that he cannot find Deloris anywhere. He tells his ""crew,"" Joey, TJ, and Pablo, how he will not stop until he finds and kills Deloris (""When I Find My Baby""). Deloris, hungry from the fast, leaves the convent and goes to a bar across the street, where Joey, TJ, and Pablo are eating. She is followed by two nuns, Sister Mary Patrick and Sister Mary Robert, who realize what life is like outside the convent. Joey almost recognizes Deloris when he gives her money for the jukebox, but dismisses it. When a drag queen enters in a similar outfit to Deloris' opening costume, Joey, TJ, and Pablo try to stop her and get into a fight, giving Deloris, Sister Mary Patrick, and Sister Mary Robert a chance to escape.
At the convent, Eddie confronts Deloris, telling her that she needs to be more careful, and the Mother superior informs her that she join the choir the following day. Deloris storms off, and Eddie, now alone with only the drunks and homeless on the street, sings of his desire to be cool, to let go, and impress Deloris (""I Could Be That Guy"").
The following morning Deloris attends the choir practice and, upon realizing how bad they are, offers to help them. She replaces Sister Mary Lazarus, an older and crankier nun, as their leader, and teaches the nuns how to sing in key and in time (""Raise Your Voice""). That Sunday, the choir perform an up-tempo hymn (""Take Me to Heaven (Reprise)"") which brings in more people and more donations but leaves the Mother superior disgusted.

Act 2
The Mother superior wants to get rid of Deloris, but Monsignor O’Hara tells her that the men who were planning to buy the church love the choir, and have given their money to improve and keep the church. Over the coming weeks, the choir has become incredibly successful and the money from donations has paid for the church to be remodeled and fixed (""Sunday Morning Fever""). Monsignor O’Hara has some terrific news: the choir has been asked to perform a special concert in front of the Pope. However, Jackson and his goons spot Deloris with the choir on the television. Jackson orders his boys to get into the convent and bring Deloris to him. TJ, Joey, and Pablo discuss how they will do this (""Lady in the Long Black Dress"").
That night, the Mother superior asks God why He has given her the challenge that is Deloris (“Haven’t Got A Prayer""), and shortly after, receives a call from Eddie. Meanwhile, Deloris is approached by the Nuns before they go to sleep, asking her to lead them praying for their show for the Pope, which is the following day (“Bless the Show”). The Mother superior arrives and tells Deloris that the court date for Jackson has moved up to the next day and she must leave immediately. The other nuns overhear and Deloris is forced to tell them the truth about who she really is and that she cannot perform with them.
As Deloris prepares to leave, Sister Mary Robert begs to come with her, claiming that she has been inspired to become a stronger person and go after the things she wants (""The Life I Never Led""). Deloris, staying at Eddie's house for the night, is initially overjoyed that she will be able to go back to pursuing the career she's dreamed of after testifying against Jackson (""Fabulous, Baby! (Reprise)""). However, she realizes that her sisters are more important than any fame or money, and decides to return to the convent to sing with them (""Sister Act"").
Meanwhile, Jackson thinks up a new way to get into the convent, giving Joey, TJ, and Pablo nun costumes (""When I Find My Baby (Reprise)""). Deloris interrupts a choir rehearsal and is told by the Mother superior that she is endangering the lives of the nuns and that she must leave. Sister Mary Robert stands with Deloris (""The Life I Never Led (Reprise)""), but is interrupted by Curtis and his men breaking into the church. The nuns scatter and are able to take down Joey, TJ, and Pablo, but Jackson enters and traps Sister Mary Robert at gunpoint.
Deloris begs Jackson to kill her instead, but the Mother superior and all the other nuns stand between them (""Sister Act (Reprise)""). Jackson is about to start firing at the nuns when Eddie enters and  arrests Jackson and his boys. He and Deloris share a kiss. The Mother superior and Deloris come to a truce and accept that perhaps they are not so different after all, and the entire company performs for the Pope (""Spread the Love Around"").


== Productions ==


=== Original productions in Pasadena and Atlanta ===
The musical premiered at the Pasadena Playhouse in Pasadena, California on October 24, 2006, and closed on December 23, 2006. It broke records, grossing $1,085,929 to become the highest grossing show ever at the venue. Patina Miller, who would later go on to play Deloris when the show opened in London, was in the ensemble and understudied the role of Deloris, which was originated in the musical by Dawnn Lewis.
The musical was directed by Peter Schneider, developed by Schneider and Michael Reno, choreographed by Marguerite Derricks, with set design by David Potts, costumes by Garry Lennon, lighting by Donald Holder, and sound by Carl Casella and Dominick Sack.
Charles McNulty of the Los Angeles Times wrote that the musical has ""Broadway blockbuster written all over it,"" and Laurence Vittes described it as ""hugely entertaining... likely to become a classic"" in The Hollywood Reporter. Jonas Schwartz of Theatremania.com was less enthusiastic, saying it ""suffers from a bit of an identity crisis.""
The production then moved to the Alliance Theatre in Atlanta, Georgia, where it ran from January 17 to February 25, 2007. The cast included Dawnn Lewis as Deloris, Elizabeth Ward Land as the Mother Superior, Harrison White as Curtis, and Beth Malone as Sister Mary Robert.
Curt Holman, writing for the Atlanta-based website CreativeLoafing.com, described it as ""a whiplash-inducing experience of genuinely clever and exuberant flourishes alternating with cringe-inducing embarrassments....  The weakest parts of Sister Act tend to be the most faithful moments to the film, which makes you wonder what Menken, Slater and the production's delightful design team could have done with original material.""


=== Original London production ===

Sister Act opened in the West End at the London Palladium on June 2, 2009, following previews from May 7. The production was directed by Peter Schneider and choreographed by Anthony Van Laast, with set design by Klara Zieglerova, costumes by Lez Brotherston and lighting by Natasha Katz. Following a year-long search, Patina Miller, who understudied the role of Deloris at Pasadena Playhouse was cast as the principal star, alongside Sheila Hancock as the Mother superior, Ian Lavender as Monsignor Howard, Chris Jarman as Shank, Ako Mitchell as Eddie, Katie Rowley Jones as Sister Mary Robert, Claire Greenway as Sister Mary Patrick and Julia Sutton (later replaced by Jacqueline Clarke) as Sister Mary Lazarus. It was announced on April 29, 2010, that pop singer Simon Webbe of Blue fame would join the cast as Shank on May 31, 2010, and that the production would close on January 1, 2011. It was then announced the show would close on October 30, 2010, to make way for Andrew Lloyd Webber's new musical production of The Wizard of Oz. Chris Jarman took a planned break from the show from May, during which time Webbe played the role of Shank, and Sheila Hancock left on July 31 due to other contractual commitments. All cast members (with the exception of Simon Webbe, who left on August 28) stayed in the show until it closed. Whoopi Goldberg joined the cast as the Mother superior for a limited engagement that was supposed to last from August 10–31, 2010, but she left the cast on August 27 due to her mother suffering a stroke. Goldberg was then succeeded by Sally Dexter. However, Goldberg returned to the cast for five performances on October 22, 23, and 25. The show closed as announced on October 30, 2010.


=== Original Broadway production ===
A newly revised adaptation of the show opened on Broadway at the Broadway Theatre on April 20, 2011, after previews beginning March 24, 2011. Jerry Zaks was the new director (Zaks had previously worked with composer Alan Menken on the 2003 Broadway production of Little Shop of Horrors) with Douglas Carter Beane rewriting the book. Patina Miller, who originated the role of Deloris in the West End production, reprised the role, making her Broadway debut. The original cast featured Victoria Clark (the Mother superior), Fred Applegate (Monsignor), Sarah Bolt (Sister Mary Patrick), Chester Gregory (Eddie), Kingsley Leggs (Curtis), Marla Mindelle (Sister Mary Robert) and Audrie Neenan (Sister Mary Lazarus). On October 12, 2011, Clark left the production for unknown reasons. Her understudy, Jennifer Allen played the role after her departure. Carolee Carmello took over the role of the Mother superior on November 19, 2011. Raven-Symoné replaced Miller as Deloris on March 27, 2012. The show received multiple Tony Award nominations for the 2011 season, including for Best Musical, Best Actress in a Musical (Miller) and Best Featured Actress in a Musical (Clark). The production closed on August 26, 2012, after 28 previews and 561 performances.


=== Subsequent productions ===
In 2010 Stage Entertainment produced the first international adaptation in Germany.
The first UK touring production opened on October 4, 2011, at the Manchester Opera House, with Cynthia Erivo as Deloris Van Cartier, Denise Black as the Mother superior, Julie Atherton as Sister Mary Robert, and Michael Starke as Monsignor O'Hara. The tour played its final performance on October 20, 2012.
A new non-replica UK tour officially opened on August 11, 2016, running to September 3, 2017. Directed and choreographed by Craig Revel Horwood, the tour starred Alexandra Burke as Deloris Van Cartier, Jon Robyns as Eddie and Rosemary Ashe as Sister Mary Lazarus.
The first national North American tour debuted on October 2, 2012, at the Ed Mirvish Theatre in Toronto, Canada and closed on June 29, 2014, at the Majestic Theatre in San Antonio, Texas. The cast included Ta'Rea Campbell as Deloris Van Cartier and Hollis Resnik as the Mother superior (later replaced by Lynne Wintersteller). A second national tour (non-equity) ran from 2014 to 2015.
On May 9, 2017, an international tour started at the Marina Bay Sands in Singapore and visited Philippines, China, Japan, and South Korea, closing January 21, 2018 at the Blue Square Interpark Hall in Seoul. The cast was led by Dené Hill as Deloris Van Cartier.
On October 23, 2019, it was announced that the musical would run from July 29, 2020, at the Hammersmith Apollo in London for 39 performances with Jennifer Saunders in the role of the Mother Superior and Whoopi Goldberg as Deloris Van Cartier. The production was delayed twice due to the COVID-19 pandemic and finally played from July 19 to August 28, 2022, with Goldberg no longer involved. Full casting was announced on March 18, 2022 where it was confirmed that Beverley Knight would play the role of Van Cartier.
A third UK and Ireland tour was expected to start on April 21, 2020, at the Leicester Curve Theatre but was also delayed and started on June 27, 2022 at the Manchester Palace Theatre, playing its final performance on October 5, 2024 at the Liverpool Empire Theatre.
A Danish production opened on September 21, 2023, at Det Ny Teater in Copenhagen, with Julie Steincke as Deloris Van Cartier.
An Asian non-replica tour produced by EMK Productions launched in November 2023, starring Nicole Vanessa Ortiz as Deloris Van Cartier.
A West End revival played a limited season from March 15 to August 31, 2024 at the Dominion Theatre, with Beverley Knight (March 15-June 8) and Alexandra Burke (June 10-August 31) sharing the role of Deloris Van Cartier, and Ruth Jones making her West End debut as the Mother Superior (March 15-August 3).


== Major casts ==


=== Notable replacements ===


==== West End ====
Mother Superior: Whoopi Goldberg, Sally Dexter
Curtis Shank: Simon Webbe


==== Broadway ====
Deloris van Cartier: Raven-Symoné
Mother Superior: Carolee Carmello


==== First US Tour ====
Mother Superior: Lynne Wintersteller
Eddie Souther: Chester Gregory


==== Third UK Tour ====
Mother Superior: Sue Cleaver, Wendi Peters


==== West End (2024) ====
Deloris van Cartier: Alexandra Burke
Mother Superior: Lesley Joseph
Eddie Souther: Lee Mead


== Musical numbers ==
West End

Broadway


== Critical response ==


=== West End ===
Critical opinion of the West End production has been mixed. Ian Shuttleworth of the Financial Times thought although the plot is filled with ""great holes,"" ""It's not a brainless show; Glenn Slater's lyrics are often enjoyably sharp. It's just that whenever the choice arises between creative and commercial, commercial wins out every time.""
Charles Spencer in The Telegraph wrote Sister Act ""proves more enjoyable on stage than it did on film"" and ""the cheers and standing ovation at the end were both genuine and deserved."" He added, ""The book, by Cheers writers Cheri and Bill Steinkellner, is strong, funny and touching. And the disco-inspired score by Disney favourite Alan Menken, with neat lyrics by Glenn Slater, is a cracker. Frankly, what's not to like, especially when you've got a chorus line of jiving nuns singing their hearts out ecstatically?""
While Michael Billington of The Guardian thought Alan Menken's music ""has a pounding effectiveness,"" he rated the musical only two out of five stars, calling it ""noisily aggressive"" and ""a show that feels less like a personally driven work of art than a commercial exploitation of an existing franchise."" He continued, ""What was originally a fairytale fantasy . . . makes little sense in its new, vulgarised incarnation. In the movie, the music arose naturally from the story: there was even a certain wit about seeing a group of wimpled warblers turned into a cohesive unit. But here, long before the heroine has got to work on their larynxes, they are leaping about the stage like showbiz pros telling us How I Got the Calling. In order to pad out a slight story, every key member of the cast also has to be given a number. As a result, the plot grinds to a halt while we hear about the macho fantasies of a sweaty cop, or the hoodlums weary us with their own wet dreams.""
In the Evening Standard, Fiona Mountford rated it four out of five stars and stated, ""Whether or not divine intervention is involved, it's a wimple-wibbling, habit-forming triumph.""
The Times critic, Benedict Nightingale rated the show three out of five stars, observing that ""a rather sweet, sentimental film has been hyped up, coarsened, given what — were the Palladium flown to Times Square — we'd call the big, brash Broadway treatment . . . There's less deft comedy, but much more music, most of it indebted to the 1970s, where the action is now set. That lets Alan Menken, the composer, have a lot of catchy fun with period rock and disco.""
David Benedict of Variety cited its ""slow start"" and ""clunky storytelling"" but thought ""the cumulative effect is shamelessly and irresistibly entertaining.""


=== Broadway ===
The Broadway production received mostly positive reviews.
Mark Kennedy of The Associated Press wrote in his review, ""This is a musical that hits all the right spots, achieving something close to Broadway grace. It helps that the musical has great original tunes by songwriter Alan Menken and lyricist Glenn Slater that skitters from Motown, to soul and funk, to disco and even a little jokey Barry White. Menken and Slater, who also teamed up for The Little Mermaid, know perfectly how to switch up the mood and tempo.
Elysa Gardner of USA Today gave the show three and a half out of four stars and said, ""Sister Act: A Divine Musical Comedy may be less giddily profane, and thought-provoking, than The Book of Mormon, but it has its own distinct and surprising charms. Composer Alan Menken and lyricist Glenn Slater provide original tunes that nod cheekily, but with genuine affection, to that pop era while also propelling the story with a style and exuberance specific to well-crafted musical theater.""
Elisabeth Vincentelli of the New York Post also gave the show three and a half out of four stars and wrote, ""Big, glitzy numbers are the toast of Broadway musicals. The only thing better? Big, glitzy numbers . . . with nuns! ""Sister Act"" has plenty of both—and it's one of the season's happiest surprises. 
Menken evokes the lush, funky sound of Philly soul without falling into mere pastiche: ""When I Find My Baby"" starts off like bedroom R&B before the lyrics take a hilarious turn. ""Take Me to Heaven"" and ""Spread the Love Around"" bloom into full-throttle disco epics, the latter building up to an ecstatic finale.
Thom Geier of Entertainment Weekly gave the show a ""B+"" and wrote, ""It's been a season of ill-conceived or just plain disappointing stage musicals based on movies...Who'd have guessed that the latest iteration of Broadway's recycling trend, Sister Act...would be such a lark? It helps that the show boasts a genuine star turn by newcomer Patina Miller as aspiring singer Deloris Van Cartier. While Sister Act relies on all-new music, thankfully the score is by gifted tunesmith Alan Menken (Little Shop of Horrors, Beauty and the Beast) and his longtime lyricist, Glenn Slater. There are some real melodic standouts here, boosted by the decision to re-set the show in 1977 Philadelphia.""
Charles Isherwood of the New York Times gave the show a mixed review and wrote, ""I wish I could report that the singing nuns from the Church of Philly Soul are giving those perky Mormons in Africa a run for their money in the unholy hilarity department. But when the jubilant choral numbers subside, as inevitably they must, ""Sister Act"" slumps back into bland musical-theater grooves and mostly lacks the light of invigorating inspiration. Mr. Menken, who wrote the lustrous period-pop score for ""Little Shop of Horrors"" (with the lyricist Howard Ashman), is a skillful interpreter of the Philadelphia sound."" He did, however, praise Miller's performance, writing she ""has a radiant presence and a strong voice with a tangy timbre. As Deloris Van Cartier, a would-be disco diva in 1970s Philly who goes on the lam when the bullets start flying, she truly comes into her own when Deloris sheds her purse full of wisecracks.
Steven Suskin of Variety gave the show an unfavorable review: ""New tuner has various assets that place it comfortably in the feel-good entertainment category, and might have launched it to the top last season or even three months ago. But timing is everything. ""Sister Act"" comes in on the heels of a handful of musicals, including another disco-beat film adaptation (Priscilla Queen of the Desert), and comparisons are not favorable. The Broadway version of 'Sister Act' is glossy, but seems like a worn set of tires repatched too often.""


== Awards and nominations ==


=== Original London production ===


=== Original Broadway production ===


=== 2022 London Revival ===


== Sister Act Nun Run ==
The Sister Act Nuns Run was first held in May 2009, just before the opening of the West End musical. When the team from Sister Act got together with the team from Barnardos it was decided a Nun Run would be a great way to promote the new musical as well as raise money for a great cause.
Despite it being a brand new charity run, almost 1000 people got dressed up as nuns to run the streets of London, and altogether they raised over £30,000, and on the back of its success it was decided that this 4 mile run was to be an annual event.
In late 2009 it was announced that the 2010 run was again to take place in May, but this time taking a different route, passing some of London's greatest landmarks such as The Tower of London, Tate Modern, and St. Paul's Cathedral.
To link the run with Sister Act the Musical (other than the fact everyone is dressed as nuns), some of the cast as well as Barnardo's Children's Choir give performances at the start line. This not only helps to fuse the link between Barnardo's and the show, but makes it a fun event, as it is designed as a charity event rather than for competitive runners.
The 2010 run sets this as an annual event which the organizers hope will grow year after year.
The 2011 run took place in September 2011 to coincide with the UK national tour.


== References ==


== External links ==
​Sister Act​ at the Internet Broadway Database
Sister Act Nun Run
New York Times, November 13, 2008","The singers in Sister Act include Patina Miller, Whoopi Goldberg, and other cast members who performed in the musical.","Sister Act is a musical written by Cheri Steinkellner and Bill Steinkellner with additional book material by Douglas Carter Beane , with lyrics by Glenn Slater and music by Alan Menken .",0,0,supported,0.382412731547,-0.1056233756153981,-2.5349610147695545,24,,0.7259340286254883,1.3446361834,0.679254318692,0.7529111015749106,2,-1.44980253078,0.0,0.0,0.0,1.0,0.283203125,0.11724853515625,0.599609375,0.7673824929989094,0.6829544026080145,0.8454505866579042,0.5131736523778971,0.5,abstain
Q1403_707,wikiqa,who built the first ship,"Shipbuilding is the construction of ships and other floating vessels. In modern times, it normally takes place in a specialized facility known as a shipyard. Shipbuilders, also called shipwrights, follow a specialized occupation that traces its roots to before recorded history.
Until recently, with the development of complex non-maritime technologies during the industrial revolution, a ship has often represented the most advanced structure that the society building it could produce. Some key industrial advances were developed to support shipbuilding, for instance the sawing of timbers by mechanical saws propelled by windmills in Dutch shipyards during the first half of the 17th century. The design process saw the early adoption of the logarithm (invented in 1615) to generate the curves used to produce the shape of a hull, especially when scaling up these curves accurately in the mould loft.
Shipbuilding and ship repairs, both commercial and military, are referred to as naval engineering. The construction of boats is a similar activity called boat building.
The dismantling of ships is called ship breaking.
The earliest evidence of maritime transport by modern humans is the settlement of Australia between 50,000 and  60,000 years ago. This almost certainly involved rafts, possibly equipped with some sort of sail. Much of the development beyond that raft technology occurred in the ""nursery"" areas of the Mediterranean and in Maritime Southeast Asia. Favoured by warmer waters and a number of inter-visible islands, boats (and, later, ships) with water-tight hulls (unlike the ""flow through"" structure of a raft) could be developed. The ships of ancient Egypt were built by joining the hull planks together, edge to edge, with tenons set in mortices cut in the mating edges. A similar technique, but with the tenons being pinned in position by dowels, was used in the Mediterranean for most of classical antiquity. Both these variants are ""shell first"" techniques, where any reinforcing frames are inserted after assembly of the planking has defined the hull shape. Carvel construction then took over in the Mediterranean. Northern Europe used clinker construction, but with some flush-planked ship-building in, for instance, the bottom planking of cogs. The north-European and Mediterranean traditions merged in the late 15th century, with carvel construction being adopted in the North and the centre-line mounted rudder replacing the quarter rudder of the Mediterranean. These changes broadly coincided with improvements in sailing rigs, with the three masted ship becoming common, with square sails on the fore and main masts, and a fore and aft sail on the mizzen.
Ship-building then saw a steady improvement in design techniques and introduction of new materials. Iron was used for more than fastenings (nails and bolts) as structural components such as iron knees were introduced, with examples existing in the mid-18th century and from the mid-19th century onwards. This was partly led by the shortage of ""compass timber"", the naturally curved timber that meant that shapes could be cut without weaknesses caused by cuts across the grain of the timber. Ultimately, whole ships were made of iron and, later, steel.


== History ==


=== Pre-history ===
The earliest known depictions (including paintings and models) of shallow-water sailing boats is from the 6th to 5th millennium BC of the Ubaid period of Mesopotamia. They were made from bundled reeds coated in bitumen and had bipod masts. They sailed in shallow coastal waters of the Persian Gulf.


=== 4th millennium BC ===


==== Ancient Egypt ====
Evidence from Ancient Egypt shows that the early Egyptians knew how to assemble planks of wood into a ship hull as early as 3100 BC. Egyptian pottery as old as 4000 BC shows designs of early fluvial boats or other means for navigation. The Archaeological Institute of America reports that some of the oldest ships yet unearthed are known as the Abydos boats. These are a group of 14 ships discovered in Abydos that were constructed of wooden planks which were ""sewn"" together. Discovered by Egyptologist David O'Connor of New York University, woven straps were found to have been used to lash the planks together, and reeds or grass stuffed between the planks helped to seal the seams. Because the ships are all buried together and near a mortuary belonging to Pharaoh Khasekhemwy, originally they were all thought to have belonged to him, but one of the 14 ships dates to 3000 BC, and the associated pottery jars buried with the vessels also suggest earlier dating. The ship dating to 3000 BC was about 75 feet (23 m) long and is now thought to perhaps have belonged to an earlier pharaoh. According to professor O'Connor, the 5,000-year-old ship may have even belonged to Pharaoh Aha.


==== Austronesia ====

The Austronesian expansion, which began c. 3000 BC with migration from Taiwan to the island of Luzon in the Philippines, spread across Island Southeast Asia. Then, between 1500 BC and 1500 AD they settled uninhabited islands of the Pacific, and also sailed westward to Madagascar. This is associated with distinctive maritime technology: lashed lug construction techniques (both in outrigger canoes and in large planked sailing vessels), various types of outrigger and twin-hulled canoes and a range of sailing rigs that included the crab claw sail. The origins of this technology is difficult to date, relying largely on linguistics (studying the words for parts of boats), the written comments of people from other cultures, including the observations of European explorers at the time of first contact and the later more systematic ethnographic observations of the types of craft in use. There is only a small body of archaeological evidence available. Since Island Southeast Asia contained effective maritime transport between its very large number of islands long before Austronesian seafaring, it is argued that Austronesians adopted an existing maritime technology from the existing inhabitants of this region.

Austronesian ships varied from simple canoes to large multihull ships. The simplest form of all ancestral Austronesian boats had five parts. The bottom part consists of a single piece of hollowed-out log. At the sides were two planks, and two horseshoe-shaped wood pieces formed the prow and stern. These were fitted tightly together edge-to-edge with dowels inserted into holes in between, and then lashed to each other with ropes (made from rattan or fiber) wrapped around protruding lugs on the planks. This characteristic and ancient Austronesian boatbuilding practice is known as the ""lashed-lug"" technique. They were commonly caulked with pastes made from various plants as well as tapa bark and fibres which would expand when wet, further tightening joints and making the hull watertight. They formed the shell of the boat, which was then reinforced by horizontal ribs. Shipwrecks of Austronesian ships can be identified from this construction as well as the absence of metal nails. Austronesian ships traditionally had no central rudders but were instead steered using an oar on one side.

Austronesians traditionally made their sails from woven mats of the resilient and salt-resistant pandanus leaves. These sails allowed Austronesians to embark on long-distance voyaging.
The ancient Champa of Vietnam also uniquely developed basket-hulled boats whose hulls were composed of woven and resin-caulked bamboo, either entirely or in conjunction with plank strakes. They range from small coracles (the o thúng) to large ocean-going trading ships like the ghe mành.


=== 3rd millennium BC ===


==== Ancient Egypt ====
Early Egyptians also knew how to assemble planks of wood with treenails to fasten them together, using pitch for caulking the seams. The ""Khufu ship"", a 43.6-meter vessel sealed into a pit in the Giza pyramid complex at the foot of the Great Pyramid of Giza in the Fourth Dynasty around 2500 BC, is a full-size surviving example which may have fulfilled the symbolic function of a solar barque.  Early Egyptians also knew how to fasten the planks of this ship together with mortise and tenon joints.


==== Indus Valley ====
The oldest known tidal dock in the world was built around 2500 BC during the Harappan civilisation at Lothal near the present day Mangrol harbour on the Gujarat coast in India. Other ports were probably at Kot Bala and Dwarka. However, it is probable that many small-scale ports, and not massive ports, were used for the Harappan maritime trade. Ships from the harbour at these ancient port cities established trade with Mesopotamia. Shipbuilding and boatmaking may have been prosperous industries in ancient India. Native labourers may have manufactured the flotilla of boats used by Alexander the Great to navigate across the Hydaspes and even the Indus, under Nearchos. The Indians also exported teak for shipbuilding to ancient Persia. Other references to Indian timber used for shipbuilding is noted in the works of Ibn Jubayr.


=== 2nd millennium BC ===


==== Mediterranean ====
The ships of Ancient Egypt's Eighteenth Dynasty were typically about 25 meters (80 ft) in length and had a single mast, sometimes consisting of two poles lashed together at the top making an ""A"" shape. They mounted a single square sail on a yard, with an additional spar along the bottom of the sail. These ships could also be oar propelled. The ocean- and sea-going ships of Ancient Egypt were constructed with cedar wood, most likely hailing from Lebanon.
The ships of Phoenicia seem to have been of a similar design.


=== 1st millennium BC ===


==== Austronesia ====
Austronesians established the Austronesian maritime trade network at around 1000 to 600 BC, linking Southeast Asia with East Asia, South Asia, the Middle East, and later East Africa. The route later became part of the Spice trade network and the Maritime Silk Road.


==== China ====
The naval history of China stems back to the Spring and Autumn period (722 BC–481 BC) of the ancient Chinese Zhou dynasty. The Chinese built large rectangular barges known as ""castle ships"", which were essentially floating fortresses complete with multiple decks with guarded ramparts. However, the Chinese vessels during this era were essentially fluvial (riverine). True ocean-going Chinese fleets did not appear until the 10th century Song dynasty.


==== Mediterranean ====
There is considerable knowledge regarding shipbuilding and seafaring in the ancient Mediterranean.


=== 1st millennium AD ===


==== Austronesia ====

Large multi-masted seafaring ships of Southeast Asian Austronesians first started appearing in Chinese records during the Han dynasty as the k'un-lun po or kunlun bo (""ship of the k'un-lun [dark-skinned southern people]""). These ships used two types of sail of their invention, the junk sail and tanja sail. Large ships are about 50–60 metres (164–197 ft) long, had 5.2–7.8 metres (17–26 ft) tall freeboard, each carrying provisions enough for a year, and could carry 200–1000 people. The Chinese recorded that these Southeast Asian ships were hired for passage to South Asia by Chinese Buddhist pilgrims and travelers, because they did not build seaworthy ships of their own until around the 8–9th century AD.

Austronesians (especially from western Island Southeast Asia) were trading in the Indian Ocean as far as Africa during this period. By around 50 to 500 AD, a group of Austronesians, believed to be from the southeastern coasts of Borneo (possibly a mixed group related to the modern Ma'anyan, Banjar, and/or the Dayak people) crossed the Indian Ocean and colonized Madagascar. This resulted in the introduction of outrigger canoe technology to non-Austronesian cultures in the East African coast.


==== China ====
The ancient Chinese also built fluvial ramming vessels as in the Greco-Roman tradition of the trireme, although oar-steered ships in China lost favor very early on since it was in the 1st century China that the stern-mounted rudder was first developed. This was dually met with the introduction of the Han dynasty junk ship design in the same century. The Chinese were using square sails during the Han dynasty and adopted the Austronesian junk sail later in the 12th century. Iconographic remains show that Chinese ships before the 12th century used square sails, and the junk rig of Chinese ships is believed to be developed from tilted sails.
Southern Chinese junks were based on keeled and multi-planked Austronesian ship known as po by the Chinese, from the Old Javanese parahu, Javanese prau, or Malay perahu – large ship.  Southern Chinese junks showed characteristics of Austronesian ships that they are made using timbers of tropical origin, with keeled, V-shaped hull. This is different from northern Chinese junks, which are developed from flat-bottomed riverine boats. The northern Chinese junks were primarily built of pine or fir wood, had flat bottoms with no keel, water-tight bulkheads with no frames, transom (squared) stern and stem, and have their planks fastened with iron nails or clamps.
It was unknown when the Chinese people started adopting Southeast Asian (Austronesian) shipbuilding techniques. They may have been started as early as the 8th century, but the development was gradual and the true ocean-going Chinese junks did not appear suddenly. The word ""po"" survived in Chinese long after, referring to the large ocean-going junks.


==== Mediterranean ====
In September 2011, archeological investigations done at the site of Portus in Rome revealed inscriptions in a shipyard constructed during the reign of Trajan (98–117) that indicated the existence of a shipbuilders guild.


=== Early 2nd millennium AD ===


==== Austronesia ====

Roughly at this time is the last migration wave of the Austronesian expansion, when the Polynesian islands spread over vast distances across the Pacific Ocean were being colonized by the (Austronesian) Polynesians from Island Melanesia using double-hulled voyaging catamarans. At its furthest extent, there is a possibility that they may have reached the Americas. After the 11th century, a new type of ship called djong or jong was recorded in Java and Bali. This type of ship was built using wooden dowels and treenails, unlike the kunlun bo which used vegetal fibres for lashings.
The empire of Majapahit used jong, built in northern Java, for transporting troops overseas. The jongs were transport ships which could carry 100–2000 tons of cargo and 50–1000 people, 28.99–88.56 meter in length. The exact number of jong fielded by Majapahit is unknown, but the largest number of jong deployed in an expedition is about 400 jongs, when Majapahit attacked Pasai, in 1350.


==== Europe ====

Viking longships were seen as marking an advance on traditional clinker-built hulls where leather thongs were used to join plank boards.  This consensus has been challenged. Haywood has argued that earlier Frankish and Anglo-Saxon nautical practice was much more accomplished than had been thought and has described the distribution of clinker vs. carvel construction in Western Europe (see map [1]). An insight into shipbuilding in the North Sea/Baltic areas of the early medieval period was found at Sutton Hoo, England, where a ship was buried with a chieftain. The ship was 26 metres (85 ft) long and 4.3 metres (14 ft) wide. Upward from the keel, the hull was made by overlapping nine strakes on either side with rivets fastening the oaken planks together. It could hold upwards of thirty men.
Sometime around the 12th century, northern European ships began to be built with a straight sternpost, enabling the mounting of a rudder, which was much more durable than a steering oar held over the side. Development in the Middle Ages favored ""round ships"", with a broad beam and heavily curved at both ends. Another important ship type was the galley, which was constructed with both sails and oars.
The first extant treatise on shipbuilding was written c. 1436 by Michael of Rhodes, a man who began his career as an oarsman on a Venetian galley in 1401 and worked his way up into officer positions. He wrote and illustrated a book that contains a treatise on shipbuilding, a treatise on mathematics, much material on astrology, and other materials. His treatise on shipbuilding treats three kinds of galleys and two kinds of round ships.


==== China ====

Shipbuilders in the Ming dynasty (1368~1644) were not the same as the shipbuilders in other Chinese dynasties, due to hundreds of years of accumulated experiences and rapid changes in the Ming dynasty. Shipbuilders in the Ming dynasty primarily worked for the government, under command of the Ministry of Public Works.
During the early years of the Ming dynasty, the Ming government maintained an open policy towards sailing. Between 1405 and 1433, the government conducted seven diplomatic Ming treasure voyages to over thirty countries in Southeast Asia, India, the Middle East and Eastern Africa. The voyages were initiated by the Yongle Emperor, and led by the Admiral Zheng He. Six voyages were conducted under the Yongle Emperor's reign, the last of which returned to China in 1422. After the Yongle Emperor's death in 1424, his successor the Hongxi Emperor ordered the suspension of the voyages. The seventh and final voyage began in 1430, sent by the Xuande Emperor. Although the Hongxi and Xuande Emperors did not emphasize sailing as much as the Yongle Emperor, they were not against it. This led to a high degree of commercialization and an increase in trade. Large numbers of ships were built to meet the demand.
The Ming voyages were large in size, numbering as many as 300 ships and 28,000 men. The shipbuilders were brought from different places in China to the shipyard in Nanjing, including Zhejiang, Jiangxi, Fujian, and Huguang (now the provinces of Hubei and Hunan). One of the most famous shipyards was Long Jiang Shipyard (zh:龙江船厂), located in Nanjing near the Treasure Shipyard where the ocean-going ships were built. The shipbuilders could build 24 models of ships of varying sizes.

Several types of ships were built for the voyages, including Shachuan (沙船), Fuchuan (福船) and Baochuan (treasure ship) (宝船). Zheng He's treasure ships were regarded as Shachuan types, mainly because they were made in the treasure shipyard in Nanjing. Shachuan, or 'sand-ships', are ships used primarily for inland transport. However, in recent years, some researchers agree that the treasure ships were more of the Fuchuan type. It is said in vol. 176 of San Guo Bei Meng Hui Bian (三朝北盟汇编) that ships made in Fujian are the best ones. Therefore, the best shipbuilders and laborers were brought from these places to support Zheng He's expedition.
The shipyard was under the command of Ministry of Public Works. The shipbuilders had no control over their lives. The builders, commoner's doctors, cooks and errands had lowest social status. The shipbuilders were forced to move away from their hometown to the shipyards. There were two major ways to enter the shipbuilder occupation: family tradition, or apprenticeship. If a shipbuilder entered the occupation due to family tradition, the shipbuilder learned the techniques of shipbuilding from his family and is very likely to earn a higher status in the shipyard. Additionally, the shipbuilder had access to business networking that could help to find clients. If a shipbuilder entered the occupation through an apprenticeship, the shipbuilder was likely a farmer before he was hired as a shipbuilder, or he was previously an experienced shipbuilder.
Many shipbuilders working in the shipyard were forced into the occupation. The ships built for Zheng He's voyages needed to be waterproof, solid, safe, and have ample room to carry large amounts of trading goods. Therefore, due to the highly commercialized society that was being encouraged by the expeditions, trades, and government policies, the shipbuilders needed to acquire the skills to build ships that fulfil these requirements.
Shipbuilding was not the sole industry utilising Chinese lumber at that time; the new capital was being built in Beijing from approximately 1407 onwards, which required huge amounts of high-quality wood. These two ambitious projects commissioned by Emperor Yongle would have had enormous environmental and economic effects, even if the ships were half the dimensions given in the History of Ming. Considerable pressure would also have been placed on the infrastructure required to transport the trees from their point of origin to the shipyards.
Shipbuilders were usually divided into different groups and had separate jobs. Some were responsible for fixing old ships; some were responsible for making the keel and some were responsible for building the helm.

It was the keel that determined the shape and the structure of the hull of Fuchuan Ships. The keel is the middle of the bottom of the hull, constructed by connecting three sections; stern keel, main keel and poop keel. The hull spreads in the arc towards both sides forming the keel.
The helm was the device that controls direction when sailing. It was a critical invention in shipbuilding technique in ancient China and was only used by the Chinese for a fairly long time. With a developing recognition of its function, the shape and configuration of the helm was continually improved by shipbuilders. The shipbuilders not only needed to build the ship according to design, but needed to acquire the skills to improve the ships.
After 1477, the Ming government reversed its open maritime policies, enacting a series of isolationist policies in response to piracy. The policies, called Haijin (sea ban), lasted until the end of the Ming dynasty in 1644. During this period, Chinese navigation technology did not make any progress and even declined in some aspect.


==== Indian Ocean ====
In the Islamic world, shipbuilding thrived at Basra and Alexandria. The dhow, felucca, baghlah, and the sambuk became symbols of successful maritime trade around the Indian Ocean from the ports of East Africa to Southeast Asia and the ports of Sindh and Hind (India) during the Abbasid period.


=== Early modern ===


==== Bengal ====
Mughal Empire had a large shipbuilding industry, which was largely centred in the Bengal Subah. Economic historian Indrajit Ray estimates shipbuilding output of Bengal during the sixteenth and seventeenth centuries at 223,250 tons annually, compared with 23,061 tons produced in nineteen colonies in North America from 1769 to 1771. He also assesses ship repairing as very advanced in Bengal.


==== West Africa ====
Documents from 1506, for example, refer to watercraft on the Sierra Leone river carrying 120 men. Others refer to Guinea coast peoples using war canoes of varying sizes – some 70 feet in length, 7–8 feet broad, with sharp pointed ends, rowing benches on the side, and quarterdecks or forecastles build of reeds. The watercraft included miscellaneous facilities, such as cooking hearths, and storage spaces for the crew's sleeping mats.
From the 17th century, some kingdoms added brass or iron cannons to their vessels. By the 18th century, however, the use of swivel cannons on war canoes accelerated. The city-state of Lagos, for instance, deployed war canoes armed with swivel cannons.


==== Europe ====
With the development of the carrack, the west moved into a new era of ship construction by building the first regular oceangoing vessels. In a relatively short time, these ships grew to an unprecedented size, complexity, and cost.
The United Kingdom was one of the principal shipping nations in the 19th century. By 1815, at the end of the Napoleonic wars, the tonnage of the mercantile marine in the United Kingdom was roughly twice that of the United States. Britain also was a major shipbuilding nation. By 1841, there were 20,424 men and boys employed in building ships in the United Kingdom.
Shipyards became large industrial complexes, and the ships built were financed by consortia of investors. These considerations led to the documentation of design and construction practices in what had previously been a secretive trade run by master shipwrights and ultimately led to the field of naval architecture, in which professional designers and draftsmen played an increasingly important role. Even so, construction techniques changed only very gradually. The ships of the Napoleonic Wars were still built more or less to the same basic plan as those of the Spanish Armada of two centuries earlier, although there had been numerous subtle improvements in ship design and construction throughout this period. For instance, the introduction of tumblehome, adjustments to the shapes of sails and hulls, the introduction of the wheel, the introduction of hardened copper fastenings below the waterline, the introduction of copper sheathing as a deterrent to shipworm and fouling, etc.


=== Industrial Revolution ===

Initially copying wooden construction traditions with a frame over which the hull was fastened, Isambard Kingdom Brunel's Great Britain of 1843 was the first radical new design, being built entirely of wrought iron. Despite her success,  and the great savings in cost and space provided by the iron hull, compared to a copper-sheathed counterpart, there remained problems with fouling due to the adherence of weeds and barnacles. As a result, composite construction remained the dominant approach where fast ships were required, with wooden timbers laid over an iron frame (Cutty Sark is a famous example). Later Great Britain's iron hull was sheathed in wood to enable it to carry a copper-based sheathing.  Brunel's Great Eastern represented the next great development in shipbuilding. Built-in association with John Scott Russell, it used longitudinal stringers for strength, inner and outer hulls, and bulkheads to form multiple watertight compartments. Steel also supplanted wrought iron when it became readily available in the latter half of the 19th century, providing great savings when compared with iron in cost and weight. Wood continued to be favored for the decks.

During World War II, the need for cargo ships was so great that construction time for Liberty ships went from initially eight months or longer, down to weeks or even days. They employed production line and prefabrication techniques such as those used in shipyards today. The total number of dry-cargo ships built in the United States in a 15-year period just before the war was a grand total of two. During the war, thousands of Liberty ships and Victory ships were built, many of them in shipyards that did not exist before the war. And, they were built by a workforce consisting largely of women and other inexperienced workers who had never seen a ship before (or even the ocean).


== Worldwide shipbuilding industry ==

After World War II, shipbuilding (which encompasses the shipyards, the marine equipment manufacturers, and many related service and knowledge providers) grew as an important and strategic industry in a number of countries around the world. This importance stems from:

The large number of skilled workers required directly by the shipyard, along with supporting industries such as steel mills, railroads and engine manufacturers; and
A nation's need to manufacture and repair its own navy and vessels that support its primary industries
Historically, the industry has suffered from the absence of global rules and a tendency towards state-supported over-investment due to the fact that shipyards offer a wide range of technologies, employ a significant number of workers, and generate income as the shipbuilding market is global.
Japan used shipbuilding in the 1950s and 1960s to rebuild its industrial structure; South Korea started to make shipbuilding a strategic industry in the 1970s, and China is now in the process of repeating these models with large state-supported investments in this industry.
As a result, the world shipbuilding market suffers from over-capacities, depressed prices, low profit margins, trade distortions and widespread subsidization. All efforts to address the problems in the OECD have so far failed, with a 1994 international shipbuilding agreement never entering into force and a 2003–2005 round of negotiations ending in no agreement. After numerous efforts to restart negotiations, talks were formally terminated in December 2010.
Where state subsidies have been removed and domestic industrial policies do not provide support in high labor cost countries, shipbuilding has gone into decline. The British shipbuilding industry is a prime example of this with its industries suffering badly from the 1960s. In the early 1970s British yards still had the capacity to build all types and sizes of merchant ships but today they have been reduced to a small number specialising in defence contracts, luxury yachts and repair work. Decline has also occurred in other European countries, although to some extent this has reduced by protective measures and industrial support policies. In the US, the Jones Act (which places restrictions on the ships that can be used for moving domestic cargoes) has meant that merchant shipbuilding has continued, albeit at a reduced rate, but such protection has failed to penalise shipbuilding inefficiencies. The consequence of this is that contract prices are far higher than those of any other country building oceangoing ships.


=== Present day shipbuilding ===
Beyond the 2000s, the three East Asian manufacturing powerhouses, China, South Korea and Japan, have dominated world shipbuilding by completed gross tonnage.  China State Shipbuilding Corporation, China Shipbuilding Industry Corporation, Hyundai Heavy Industries, Samsung Heavy Industries, Hanwha Ocean and Imabari Shipbuilding supply most of the global market for large container, bulk carrier, tanker and Ro-ro ships. During the early 2020s, Chinese shipbuilders saw an increase in orders as operators demand greener fleets. As of 2023, China's shipbuilding output, newly received orders and orders-on-hand accounted for 50%, 67%, and 55% of the global market share, respectively, with double-digital growth of all three indexes compared to the previous year. According to a September 2023 report by the Alliance for American Manufacturing (based on a leaked presentation slide from an earlier USN briefing, verified by the Office of Naval Intelligence), China's shipbuilding capacity is 232 times greater than the United States, with a manufacturing capacity of roughly 23,250,000 tons compared to less than 100,000 tons by U.S. shipyards.
When referring to the ship type, then China, South Korea and Japan are the producing countries of the carrier ships as mentioned above. While Italy, France, Finland, Germany, United Kingdom and other European countries are the makers of cruise ships (the most), icebreakers, crane vessel and so on.
The market share of European ship builders began to decline in the 1960s as they lost work to Japan in the same way Japan most recently lost their work to South Korea and China. Over the four years from 2007, the total number of employees in the European shipbuilding industry declined from 150,000 to 115,000. In 2022, some key shipbuilders in Europe are BAE Systems, Fincantieri, Damen Group, Meyer Werft Navantia, and Naval Group.
Shipbuilding output of the United States also underwent a similar change. The US is ranked the 10th largest shipbuilder worldwide. The top companies that build large naval vessels, such as aircraft carriers and cruisers, include Huntington Ingalls, Bollinger and General Dynamics. In the small to medium military vessels category, key shipbuilders include Vigor Industrial, and VT Halter Marine. As the US Navy is shifting to a new fleet architecture that is more widely distributed, unmanned surface vehicles (USVs) development is rapidly propelled to higher priority.
Key strategic Program of Record includes prototyping and construction of up to 9 MUSVs, for which a sole contract was awarded to L3Harris Technologies, who partnered with Swiftships to build the MUSVs.
In 2018, the US Defense Department initiated Overlord Program, and developed USV Prototypes 1 (NOMAD) and 2 (RANGER). Both of them took part in multiple fleet level exercises and demonstrations, traveled 28,982 nautical miles (53,675 km) in autonomous mode, and tested numerous payloads.
Nomam, formerly known as Riley Claire, is a converted offshore patrol vessel, which was built by Swiftships. The objective of the Ghost Fleet Overlord program is to convert large, commercial vessels to autonomous systems.
As of 2024, China builds nearly 75% of new vessels on order and has the capacity to build more ships in one month than the United States builds in a year.


=== Modern shipbuilding manufacturing techniques ===

Modern shipbuilding makes considerable use of prefabricated modular sections. Entire multi-deck segments of the hull or superstructure will be built elsewhere in the yard, transported to the building dock or slipway, then lifted into place. This is known as ""block construction"". The most modern shipyards pre-install equipment, pipes, electrical cables, and any other components within the blocks, to minimize the effort needed to assemble or install components deep within the hull once it is welded together.
Ship design work, also called naval architecture, may be conducted using a ship model basin. Previously, loftsmen at the mould lofts of shipyards were responsible for taking the dimensions, and details from drawings and plans and translating this information into templates, battens, ordinates, cutting sketches, profiles, margins and other data. However, since the early 1970s computer-aided design became normal for the shipbuilding design and lofting process.
Modern ships, since roughly 1940, have been produced almost exclusively of welded steel. Early welded steel ships used steels with inadequate fracture toughness, which resulted in some ships suffering catastrophic brittle fracture structural cracks (see problems of the Liberty ship). Since roughly 1950, specialized steels such as ABS Steels with good properties for ship construction have been used. Although it is commonly accepted that modern steel has eliminated brittle fracture in ships, some controversy still exists. Brittle fracture of modern vessels continues to occur from time to time because grade A and grade B steel of unknown toughness or fracture appearance transition temperature (FATT) in ships' side shells can be less than adequate for all ambient conditions.
As modern shipbuilding panels on a panel line become lighter and thinner, the laser hybrid welding technique is utilized. The laser hybrid blend focuses a higher energy beam on the material to be joined, allowing it to keyhole with a much higher depth to width ratio than comparative traditional welding techniques. Typically a MIG process trails the keyhole providing filler material for the weld joint. This allows for very high penetration without excessive heat input from decreased weld metal deposited leading to less distortion and welding at higher travel speeds.


=== Ship repair industry ===

All ships need repair work at some point in their working lives. A part of these jobs must be carried out under the supervision of the classification society.
A lot of maintenance is carried out while at sea or in port by ship's crew.
However, a large number of repair and maintenance works can only be carried out while the ship is out of commercial operation, in a ship repair yard.
Prior to undergoing repairs, a tanker must dock at a deballasting station for completing the tank cleaning operations and pumping ashore its slops (dirty cleaning water and hydrocarbon residues).


== See also ==
Ancient shipbuilding techniques
Boat building
List of shipbuilders and shipyards
List of the largest shipbuilding companies
List of Russian marine engineers
Ships of ancient Rome
Marine propulsion – Systems for generating thrust for ships and boats on water
Shipbuilding in the American colonies
Ship repair and Dry Dock


== References ==


=== Notes ===


== Further reading ==
Casson, Lionel (2014). Ships and Seamanship in the Ancient World. Princeton University Press. ISBN 9780691610184.
Landström, Björn (1961). The Ship: An Illustrated History. Doubleday. ISBN 9780385098236. {{cite book}}: ISBN / Date incompatibility (help)
Unger, Richard W. (1980). The Ship in the Medieval Economy, 600–1600. McGill–Queen's University Press. ISBN 9780856649493.
Walker, Fred M. (2010). Ships & Shipbuilders: Pioneers of Design and Construction. Naval Institute Press. ISBN 9781591147886.


== External links ==

Shipbuilding Picture Dictionary
U.S. Shipbuilding – extensive information about the U.S. shipbuilding industry, including over 500 pages of U.S. shipyard construction records
Shipbuilding News
Bataviawerf – the Historic Dutch East Indiaman Ship Yard – Shipyard of the historic ships Batavia and Zeven Provincien in the Netherlands, since 1985 here have been great ships reconstructed using old construction methods.
Photos of the reconstruction of the Dutch East Indiaman Batavia Archived 2020-10-20 at the Wayback Machine – Photo web site about the reconstruction of the Batavia on the shipyard Batavia werf, a 16th-century East Indiaman in the Netherlands. The site is constantly expanding with more historic images as in 2010 the shipyard celebrates its 25th year.
Modern shipbuilding and the men engaged in it, David Pollock (London: E. & F. N. Spon, 1884).","The first ship is believed to have been built by ancient Egyptians, with evidence dating back to around 3100 BC.","An expedition's shipwrights building a brigantine , 1541.",0,0,supported,0.0524701772435,-0.06748979527361673,-1.754734677114035,26,,0.7425719499588013,1.22943262784,1.69028721972,0.8352719738421959,3,-1.22192547235,0.0,0.0,0.0,1.0,0.25146484375,0.00881195068359375,0.73974609375,0.7028312049583307,0.6688151875763217,0.8327639201050052,0.5131736523778971,0.5,abstain
Q1272_626,wikiqa,what are the economics of the netherlands,"The Netherlands has a highly developed market economy focused on trade and logistics, manufacturing, services, innovation and technology and sustainable and renewable energy. It is the world's 18th largest economy by nominal GDP and the 28th largest by purchasing power parity (PPP) and is the fifth largest economy in European Union by nominal GDP. It has the world's 11th highest nominal per capita GDP and the 13th highest PPP-adjusted per capita GDP as of 2023, making it one of the highest earning nations in the world. Many of the world's largest tech companies are based in its capital Amsterdam or have established their European headquarters in the city, such as IBM, Microsoft, Google, Oracle, Cisco, Uber and Netflix. Its second largest city Rotterdam is a major trade, logistics and economic center of the world and is Europe's largest seaport. Netherlands is ranked fifth on the Global Innovation Index and fourth on the WEF Global Competitiveness Report. Among OECD nations, Netherlands has a highly efficient and strong social security system; social expenditure stood at roughly 25.3% of GDP.
The Netherlands has a prosperous and open economy, which depends heavily on foreign trade. The economy is noted for stable industrial relations, fairly low unemployment and inflation, a sizable current account surplus (which, compared to the size of the country, is even more than Germany) and an important role as a European transportation hub; Rotterdam is the biggest port in Europe; and Amsterdam has one of the biggest airports in the world. Industrial activity is predominantly in food processing, chemicals, petroleum refining, high-tech, financial services, the creative sector and electrical machinery. Its highly mechanized agricultural sector employs no more than 2% of the labor force but provides large surpluses for the food-processing industry and for exports. The Netherlands, along with 11 of its EU partners, began circulating the euro currency on 1 January 2002.
The Netherlands has had steady natural gas resources since 1959, when a wellspring was discovered. Currently the Netherlands accounts for more than 25% of all natural gas reserves in the European Union. Over the following decades, the sale of natural gas generated a significant rise in revenue for the Netherlands.  However, the unforeseen consequences of the country's energy wealth originally impacted the competitiveness of other sectors of the economy, leading to the theory of Dutch disease, after the discovery of the vast Groningen gas field.
The Netherlands is a ""conduit country"" that helps to funnel profits from high-tax countries to tax havens. It has been ranked as the 7th largest tax haven in the world.
The stern financial was abandoned in 2009, because of the then-current credit crises. The relatively large banking sector was partly nationalized and bailed out through government interventions. The unemployment rate dropped to 5.0% in the summer of 2011, but increased with a sharp rate to 7.3% in May 2013, and 6.8% in 2015. It dropped again to 3.9% in March 2018. The state budget deficit was about 2.2% in 2015, well below the norm of 3.0% in the EU. In 2016, the state budget showed a surplus of 0.4%. It was expected to grow to a surplus of over 1.0% in 2017. The Dutch invented and introduced the stock market, which initially focused on merchandise trading through the Dutch East India Company. The Netherlands is a founding member of the European Union, the OECD and the World Trade Organization.


== History ==

After declaring its independence from the empire of Philip II of Spain in 1581, the Netherlands experienced almost a century of explosive economic growth. A technological revolution in capital, due to Protestant traders of Flanders who fled to the Netherlands, helped the young Republic become the dominant trade power by the mid-17th century. In 1670 the Dutch merchant marine totalled 568,000 tons of shipping—about half the European total. The main reasons for this were the dominance of the Amsterdam Entrepôt in European trade, and that of the Dutch East India Company (or Verenigde Oost-Indische Companie – VOC) and West India Companies in intercontinental trade. These companies were based on the English model and the success of England's joint-stock enterprises and trading guilds.
Beside trade, an early ""industrial revolution"" (powered by wind, water and peat), land reclamation from the sea, and agricultural revolution, helped the Dutch economy achieve the highest standard of living in Europe (and presumably the world) by the middle of the 17th century. Affluence facilitated what is known as the Dutch Golden Age. This economic boom abruptly came to an end by a combination of political-military upheavals and adverse economic developments around 1670. Still the Netherlands kept a high level of prosperity, due to trade and agriculture.
Towards the 1800s, the Netherlands did not industrialize as rapidly as some other countries in Europe. One explanation for this is that the Netherlands were struggling to come to terms with having lost their dominant economical (based mainly on trade and agriculture) and political position in the world. Griffiths argues that government policies made possible a unified Dutch national economy in the 19th century. They included the abolition of internal tariffs and guilds; a unified coinage system; modern methods of tax collection; standardized weights and measures; and the building of many roads, canals, and railroads.
The rest of Europe in the 19th century saw the gradual transformation of the Netherlands into a modern middle-class industrial society. The number of people employed in agriculture decreased while the country made an effort to revive its stake in the highly competitive industrial and trade business. The Netherlands lagged behind Belgium until the late 19th century in industrialization, then caught up by about 1920. Major industries included textiles and (later) the great Philips industrial conglomerate. Rotterdam became a major shipping and manufacturing center. Poverty slowly declined and begging largely disappeared along with steadily improving working conditions for the population.
It wasn’t until the early 1930's when more interventionist economic policies were heavily considered by the Dutch. The great depression in 1930 raised doubts about the fairness of a pure market system, and its inability to correct the economy on its own. In 1940, Nazi Germany successfully invaded the Netherlands in just 5 days, followed by 5 years of occupation. In the later years of the war (1942–45), the Germans faced significant financial struggles and began to exploit the Dutch economy as much as they could. Two years later, in 1947, the Dutch economy had fully recovered. This was the fastest post-war recovery of any other Western European country. The following period from 1950-1973 is known as the second Golden Age of the Dutch economy.
This second Golden Age was fueled by high cooperation between firms, employers, unions, and the government. The government also adopted more hands-on economic regulations such as the guided wage policy, restrictions on shareholder control, and the expansion of welfare state programs.
In 1959, the Netherlands discovered large natural gas fields. The export of natural gas led to large windfall profits. However, as an unforeseen consequence, these were believed to have led to a decline in the manufacturing sector in the Netherlands.


== Government ==
While the private sector is the cornerstone of the Dutch economy, governments at different levels have a large part to play. Public spending, excluding social security transfer payments, was at 28% of GDP in 2011. Total tax revenue was 38.7% of GDP in 2010, which was below the EU average. In addition to its own spending, the government plays a significant role through the permit requirements and regulations pertaining to almost every aspect of economic activity. The government combines a rigorous and stable microeconomic policy with wide-ranging structural and regulatory reforms. The government has gradually reduced its role in the economy since the 1980s. Privatization and deregulation is still continuing. With regards to social and economic policy, the government cooperates with its so called social partners (trade unions and employers' organizations). The three parties come together in the Social-Economic Council (‘Sociaal Economische Raad’), the main platform for social dialogue.


=== Social security system ===
The Dutch social security is very comprehensive and multi-faceted, and is divided into the national security (Volksverzekering) and the employee insurance (Werknemersverzekering). Whereas the first covers all living in the Netherlands and the social benefits provided, the latter provides employment-related benefits. All living in the Netherlands are required to pay into the social security system, including residents from outside the Netherlands, with a few exceptions.
The Volksverzekering is compulsory for all and covers the residents under different forms of national insurance:

Long-term care under the Long-Term Care Act (Wet Langdurige Zorg (WLZ)) (formerly known as The Exceptional Medical Expenses Act (Algemen Wet Bijzondere Ziektekosten (AWBZ)))
Pension care under the General Old Age Pensions Act (Algemene Ouderdomswet (AOW))
Survivor benefits under the General Surviving Relatives Act (Algemene nabestaandenwet( ANW)) (formerly known as  The General Widow's and Orphans’ Act (Algemene Weduwen-en Wezenwet (AWW)))
Child benefits under the General Family Allowances Act (Algemene Kinderbijslagwet (AKW))
It is overseen by the Social Insurance Bank (Sociale Verzekeringsbank (SVB)) and financed through earning-related contributions of employers and employees up until a maximum income-ceiling. Whilst employed persons get their contribution deducted automatically from their wage, the unemployed pay by themselves. The AKW is financed by employers, whereas the AOW is financed by the employees. The AOW, additionally, is financed by a small government subsidy.
The Werknemersverzekering is compulsory for all employed people within the Netherlands. It includes the coverage of employees in the following areas:

Unemployment benefits under the Unemployment Insurance Act (Werkloosheidswet (WW))
Sick leave under the Sickness Benefits Act (Ziektewet (ZW))
Disability benefits under the Disablement Insurance Act (Wet werk en inkomen naar arbeidsvermogen (WIA))
The financing for the Werknemersverzekering is automatically deducted from the employee's income by the employer.


==== Unemployment benefits ====


===== Coverage =====
The unemployment benefits in the Netherlands, as set out under the WW, covers almost all employees, that are employees based on a working-contract. Excluded from the WW are the following: self-employed, nationally employed, persons working less than four days a week, heads of stockholders and voluntary workers that earn up to €150 per year.


===== Right to benefits =====
To profit from the benefit the unemployed has to submit an application to the Employee Insurance Agency (Uitvoeringsinstituut Werknemersverzekeringen (UWV)) within one week of becoming unemployed and additionally has to register as job-seeker. The WW only covers employees with a sufficient work history,  meaning that an applicant has to have been working for at least 26 weeks in the past 36 weeks before becoming unemployed. If so, the working-weeks requirement is met. Moreover, the employee is only eligible to unemployment benefits if the unemployment has not been due to his own fault (e.g. own termination of the job contract).


===== Benefits =====
The benefits received through the WW are earnings-related and amount to 75% of the previous daily earnings (based on 5 working days per week) for the duration of two months. After those two months the benefits reduce to 70%. Part-time work is taken into account with a calculation of parts of the working hours. If this benefit is less than the minimum income, the benefit can be supplemented under the Additional Allowances Act (Toeslagenwet). If there has been a change of employment, all jobs in the previous twelve months are included in the calculation of the benefits. To continue to receive benefits, the individual needs to be actively looking for work. Moreover, one needs to participate in e-coaching three and twelve months after the start of unemployment. After one year of unemployment one must register with an employment agency.


=== Controversial issues ===


==== Labour market and social welfare ====
The Dutch labour market has relatively strict regulations for employers on firing employees, although by June 2014 the House of Representatives has agreed to loosen these regulations. Due to the costs of employees and costs of firing them, a large part of the working force (about 15% of the working force) is an independent one person company (ZZP).  They are independent and get paid by delivery without higher social costs. Another big part of the workforce is hired as temporary workforce. State unemployment benefits in the form of a 70% benefit of the employee's last-earned salary for up to three years (with a maximum of roughly 2500 euros per month) are available for fired employees, provided that they have worked for a certain minimum time period, usually 26 weeks. Moreover, the self-employed individuals (zelfstandigen zonder personeel (ZZP)) are not automatically covered under the Werknemersverzekeringen, and are not obligated to enroll into unemployment, sickness or disabilities insurance. Self-employed individuals are therefore required to enroll themselves with private insurance companies.  The Dutch Government is however, working hard to combat bogus self-employment by applying significant changes and tightening of rules under Wet Deregulering Beoordeling Arbeidsrelaties (DBA).


==== Age of retirement ====
Under the AOW (General Old Age Pensions Act) of 1956, every Dutch citizen was entitled to a state pension from the age of 65. However the act was amended in 2012 to increase the pension age in several stages up to 67 in 2024. Married couples and those who live together receive 50% of minimum wage per person, and a single person receives 70% of minimum wage. Most (about 70%) earn an extra pension from private pension funds. Employees are obliged to participate in the sector pension funds. The total amount of pension funds at the end of 2009 was some 664 billion euro and by the end of 2019 this had increased to 1560 billion euro, for a population of just over 17 million. Employees receive on average about 70% of their final salary. During the economic crisis and because of low interest rates, pension funds have had difficulty keeping up with inflation.


==== Inequality and redistribution ====
With a Gini coefficient of 25.1 (2013) the income inequality is relatively low in the Netherlands. However, the inequality when measured in distributions of household wealth is high, where the top 1% owns 24% of all net wealth, and the top 10% own 60%. Moreover, rather large wealth disparities persist in the Netherlands in relation to age, where those under 35 years-of-age own 10% as much as older workers. This is a consequence from the low taxation of home ownership and a generous mortgage interest deductibility, which benefit the wealthier households. Due to the generous pensions the pension-related savings are the most important part of wealth in the Netherlands, yet are not subject to capital income taxation, which increases the inequality. The taxation comes as income tax when the saved pension is paid out. People having earned minimum wages only, will not build up any pension. The idea behind a pension is to have a net income after retirement that is comparable to before retirement. The AOW, the Dutch retirement law, guarantees an income up to 70% of minimum wage per person. Therefore, only people earning more than minimum wage need to save to ensure comparable income after retirement.


==== Home mortgage interest deduction ====
The Netherlands was one of the few countries in the world where the interest paid on mortgages is almost fully deductible from income tax. Since 2013 big changes were made. The conditions allowing a borrowing of more than 116% of the value of the home were reduced to 106% and are still continuously being reduced every year. The deduction is also capped to 50.5% and reducing every year. Together with the after-effects of the Great Recession the result was a housing crisis, with a decrease of prices almost 25% percent in some areas. Recent years have shown a recovery of 10% to even 20% per year in the most popular cities.
The Service sector accounts for more than half of the national income, primarily in transportation, distribution and logistics, financial areas, software development and the creative industry. The breadth of service providers in financial services has contributed to the Netherlands achieving a DAW Index score of 5 in 2012. Industrial activity is dominated by the machinery, electronics/high tech industry, metalworking, oil refining, chemical, and food-processing industries. Construction amounts to about 6% of GDP. Agriculture and fishing, although visible and traditional Dutch activities, account for just 2%.
The Netherlands continues to be one of the leading European nations for attracting foreign direct investment and is one of the five largest investors in the United States. The economy experienced a slowdown in 2005, but in 2006 recovered to the fastest pace in six years on the back of increased exports and strong investment. The pace of job growth reached 10-year highs in 2007. The Netherlands is the fifth-most competitive economy in the world, according to the World Economic Forum's Global Competitiveness Report.


== Primary sector ==


=== Agriculture ===
In 2018, in addition to smaller productions of other agricultural products, the Netherlands produced:

1.2 million tons of onion;
14 million tons of cow milk;
247 thousand tons of barley;
269 thousand tons of apple;
295 thousand tons of lettuce;
300 thousand tons of mushroom and truffle;
355 thousand tons of bell pepper;
402 thousand tons of pear;
410 thousand tons of cucumber;
538 thousand tons of carrot;
6.0 million tonnes of potatoes (10th largest producer in the world);
6.5 million tons of sugar beet, which is used to produce sugar and ethanol;
910 thousand tons of tomato;
961 thousand tons of wheat.


== Energy sector ==


=== Natural gas ===

The discovery of the large Groningen natural gas field in 1959 and the massive windfalls accrued over subsequent decades, were believed to have led to a decline in the manufacturing sector in the Netherlands, leading to the theory of Dutch disease.
While its oil reserves in the North Sea are of little importance, the Netherlands have an estimated 25% of natural gas reserves in the EU. Natural gas reserves of the Netherlands are estimated (as of 2014) to be about 600 billion cubic feet, or about 0.3% of the world total. In 2014–2015 the government decided to reduce the production of gas in the province Groningen significantly due to problems of sinking ground, differential settlement levels and tremors (small earth quakes) causing damages to properties, end 2018 the government decided to completely abandon the gas production in the province of Groningen by reducing the production slightly each year, the production was expected to come to a halt entirely by 2028. On June 23, 2023, the government decided to close the remaining five production facilities as of October 1, 2023. The possibility of reopening one or more facilities is being kept open, citing the uncertain international situation and possibly very cold weather as possible reasons for this. All wells will be permanently closed and dismantled as of October 1, 2024.
To reduce its greenhouse emissions, the government of the Netherlands is subsidizing a transition away from natural gas for all homes in the country by 2050. In the Netherlands, 98% of enterprises are reducing greenhouse gas emissions, beating the EU average of 89%. However, only 48% of Dutch firms set and monitor their own emission targets. Dutch enterprises mostly cut emissions through waste reduction or recycling (86%), as well as energy efficiency programmes (76%).
In the Netherlands, 78% of enterprises have invested in reducing carbon emissions and mitigating the impact of weather disasters as of 2023. Six out of ten (60%) plan to invest in these areas during the next three years. The numbers for 'already invested' and 'intend to invest' above the EU average (56% and 54%, respectively). The largest invested is in trash reduction or recycling (86% of Dutch firms).
Dutch companies are more likely to see the transition to stronger climate laws as an opportunity (39% vs 23% from other European firms).


=== Nuclear energy ===

Researchers in the Netherlands began studying nuclear energy in the 1930s and began construction of research reactor Dodewaard in 1955. Researchers’ goal was to introduce nuclear power technology by 1962 and replace fossil fuels. In 1968, a test nuclear reactor was attached to the power grid. This unit was shut down in 1997. In the 1970s, the Dutch chose a policy that required reprocessing all spent nuclear fuel. In 1984, the government decided to create a long-term (100 years) storage facility for all intermediate and low-level radioactive waste and research strategies for ultimate disposal. In September 2003, the Central Organization for Radioactive Waste created an interim storage facility for high-level waste. The Netherlands' only commercial nuclear reactor is Borssele, which became operational in 1973 and as of 2011 produces about 4% of the country's electricity. The older Dodewaard nuclear power plant was a test reactor that later got attached to the national grid but was closed in 1997. A 2MW research reactor known as Reactor Institute Delft (RID) is located in Delft, as part of the physics department of Delft University of Technology. This reactor is not meant for energy provision but used as a neutron and positron source for research.
In 1994, the States General of the Netherlands voted to phase out nuclear power after a discussion of nuclear waste management. In 1997, the power station at Dodewaard was shut down and the government decided it was planning to end Borssele's operating license in 2003. This has since been postponed to 2034, if it complied with the highest safety standards. After the 2010 election, the new government was open to expanding nuclear power. Both of the companies that share ownership of Borssele are proposing to build new reactors. In January 2012, Delta announced it postpones any decision to start building a second nuclear power plant.


== Tourism ==
In 2011, the Netherlands was visited by 11.3 million foreign tourists. In 2012, the Dutch tourism industry contributed 5.4% in total to the country's GDP and 9.6% in total to its employment. With its global ranking of 147th and 83rd place for total contribution to respectively GDP and employment, tourism is a relatively small sector of the Dutch economy. North Holland was by far the most popular province for foreign tourists in 2011. Out of all 11.3 million tourists, 6 million visited North Holland. South Holland took the second place with 1.4 million. Germans, Britons and Belgians made up the majority of foreign tourists, respectively 3, 1.5 and 1.4 million.  As of 2020, there are nine World Heritage Sites in the Netherlands. The Netherlands are well known for their art and rich historical heritage.
In the fast food restaurant and snackbar sector McDonald's dominates and employs the most staff, followed by Burger King, FEBO established as only national player, and Kwalitaria. Other chains in the Dutch market are Pizza Hut, Domino's Pizza, and Kentucky Fried Chicken. The Belgium chain Quick retreated from the Dutch market in 2000.


== Data ==
The following table shows the main economic indicators in 1980–2021 (with IMF staff estimates in 2022–2027). Inflation under 5% is in green.


== Companies ==
In 2022, the sector with the highest number of companies registered in Netherlands is Services with 761,749 companies followed by Finance, Insurance, and Real Estate and Retail Trade with 693,255 and 101,025 companies respectively.
In the Netherlands, 91% of enterprises say they have invested appropriately during the past three years (2023 - 2020). This beats the EU average at 82%. Compared to other enterprises in the EU, Dutch firms prioritise new goods or services (26% vs. 34% for replacement). In keeping with the EU average of 10%, just 7% of enterprises in the Netherlands do not plan to invest. Dutch companies were hurt by the energy crisis in 2022 - 2023, albeit to a lower extent than those elsewhere in the EU. While most companies are concerned about energy prices, just 30% consider it a critical issue. This is half of the EU average (59%).
Dutch firms face significant long-term hurdles to investment, including a lack of trained people (71%), and high energy prices (66%). Barriers are diminishing, with numbers lower than the EU average and than 2021. For example, the availability of funding is less of an impediment than across the EU (23% versus 44%).
In 2023, one in ten Dutch enterprises (13%) brought new goods, processes, or services to the Dutch or global market. Majority of Dutch firms are also more technologically oriented than EU peers - almost eight out of ten Dutch firms (78%) employed at least one digital technology in 2023. The EU average is 70%. The majority of Dutch firms utilise digital platform technologies (59%), robots (56%), and the Internet of Things (55%), whereas just a small percentage use 3D printing (19%) or augmented/VR technology (15%).


== Largest companies ==

The Netherlands is home to several large multinationals including Heineken, Ahold, Philips, TomTom, Randstad NV and ING, all of which have their headquarters in Amsterdam. Thousands of companies of non-Dutch origin have their headquarters in the Netherlands, like EADS, LyondellBasell and IKEA, because of attractive corporate tax levels.
The Netherlands' biggest companies in the Fortune Global 500 as of 2022 are as following:


== Mergers and acquisitions ==
In the Netherlands 22,484 deals were conducted between 1985 and 2018, with an overall value of 2,226.6 billion USD. The year with the most deals was 2000, with 1,169 deals. The year with the highest overall value was 2007, with almost 394.9 billion USD. However this was followed by a drastic slump during the Great Recession.


== Caribbean Netherlands ==
Economy of Bonaire
Economy of Saba
Economy of Sint Eustatius
The wider Dutch Kingdom

Economy of Aruba
Economy of Curacao
Economy of Sint Maarten


== See also ==
Bureau for Economic Policy Analysis
De Nederlandsche Bank (Central Bank of The Netherlands)
List of companies of the Netherlands
Ministry of Finance
Polder Model (Dutch version of consensus policy in economics)
Social-Economic Council (economic advisory council of the Dutch government)
Taxation in the Netherlands
VNO-NCW (Confederation of Netherlands Industry and Employers)
Amsterdam Stock Exchange


== Sources ==
CBS – Statistics agency of the Netherlands
CPB – Netherlands Bureau for Economic Policy Analysis
DNB – Dutch central bank
Eurostat – EU statistics agency
CIA World Factbook
Infographic about the relationship of energy to the economy in the Netherlands. Dutch government, 2012


== External links ==
World Bank Summary Trade Statistics Netherlands
Tariffs applied by the Netherlands as provided by ITC's Market Access Map, an online database of customs tariffs and market requirements


== Further reading ==
van Riel, Arthur. ""Review: Rethinking the Economic History of the Dutch Republic: The Rise and Decline of Economic Modernity Before the Advent of Industrialized Growth,"" The Journal of Economic History, Vol. 56, No. 1 (Mar. 1996), pp. 223–229 in JSTOR
de Vries, Johan. ""Benelux, 1920–1970,"" in C. M. Cipolla, ed. The Fontana Economic History of Europe: Contemporary Economics Part One (1976) pp 1–71
Vlekke, Bernard H. M. Evolution of the Dutch Nation (1945) 382 pp. online edition Archived 28 June 2011 at the Wayback Machine
Wintle, Michael P. An Economic and Social History of the Netherlands, 1800–1920: Demographic, Economic, and Social Transition (Cambridge University Press, 2000) online edition
van Zanden, J. L. The Economic History of The Netherlands 1914–1995: A Small Open Economy in the 'Long' Twentieth Century (Routledge, 1997) excerpt and text search


== References ==","The Netherlands has a highly developed market economy focused on trade, logistics, manufacturing, services, innovation, and sustainable energy, with a strong emphasis on exports and a significant role as a European transportation hub. It is known for its efficient social security system, high per capita income, and a diversified industrial base including food processing, chemicals, and high-tech industries. The economy also faces challenges such as energy transitions and maintaining competitiveness in global markets.",Dutch exports in 2006,0,0,supported,0.477209527447,-0.11657965023188246,-10.142429570173775,87,,0.729712724685669,1.31847190405,1.18929956308,0.4483129734743762,5,-0.957738748341,0.0,0.0,0.0,1.0,0.3395182291666667,0.007946014404296875,0.6525065104166666,0.6975822354727864,0.6676515048422212,0.8316965649678916,0.5131736523778971,0.5,abstain
Q969_451,wikiqa,what can electrical energy be transformed into,"Energy transformation, also known as energy conversion, is the process of changing energy from one form to another. In physics, energy is a quantity that provides the capacity to perform work (e.g. lifting an object) or provides heat. In addition to being converted, according to the law of conservation of energy, energy is transferable to a different location or object or living being, but it cannot be created or destroyed.


== Limitations in the conversion of thermal energy ==
Conversions to thermal energy from other forms of energy may occur with 100% efficiency. Conversion among non-thermal forms of energy may occur with fairly high efficiency, though there is always some energy dissipated thermally due to friction and similar processes. Sometimes the efficiency is close to 100%, such as when potential energy is converted to kinetic energy as an object falls in a vacuum. This also applies to the opposite case; for example, an object in an elliptical orbit around another body converts its kinetic energy (speed) into gravitational potential energy (distance from the other object) as it moves away from its parent body. When it reaches the furthest point, it will reverse the process, accelerating and converting potential energy into kinetic. Since space is a near-vacuum, this process has close to 100% efficiency.
Because transformations between non-thermal forms of energy are constrained only by the conservation of energy, they have a theoretical maximum efficiency of 100%. By contrast, transformations from thermal energy to other forms of energy are additionally constrained by the second law of thermodynamics and have a theoretical maximum efficiency strictly less than 100% (see Carnot cycle), and typically much lower. In addition, only a difference in the density of thermal/heat energy (temperature) can be used to perform work.  This is because thermal energy represents a particularly disordered form of energy; it is spread out randomly among many available states of a collection of microscopic particles constituting the system (these combinations of position and momentum for each of the particles are said to form a phase space). The measure of this disorder or randomness is entropy, and its defining feature is that the entropy of an isolated system never decreases. One cannot take a high-entropy system (like a hot substance, with a certain amount of thermal energy) and convert it into a low entropy state (like a low-temperature substance, with correspondingly lower energy), without that entropy going somewhere else (like the surrounding air). In other words, there is no way to concentrate energy without spreading out energy somewhere else.
Thermal energy in equilibrium at a given temperature already represents the maximal evening-out of energy between all possible states because it is not entirely convertible to a ""useful"" form, i.e. one that can do more than just affect temperature. The second law of thermodynamics states that the entropy of a closed system can never decrease. For this reason, thermal energy in a system may be converted to other kinds of energy with efficiencies approaching 100% only if the entropie of the universe is increased by other means, to compensate for the decrease in entropy associated with the disappearance of the thermal energy and its entropy content. Otherwise, only a part of that thermal energy may be converted to other kinds of energy (and thus useful work). This is because the remainder of the heat must be reserved to be transferred to a thermal reservoir at a lower temperature. The increase in entropy for this process is greater than the decrease in entropy associated with the transformation of the rest of the heat into other types of energy.
In order to make energy transformation more efficient, it is desirable to avoid thermal conversion. For example, the efficiency of nuclear reactors, where the kinetic energy of the nuclei is first converted to thermal energy and then to electrical energy, lies at around 35%. By direct conversion of kinetic energy to electric energy, effected by eliminating the intermediate thermal energy transformation, the efficiency of the energy transformation process can be dramatically improved.


== History of energy transformation ==

Energy transformations in the universe over time are usually characterized by various kinds of energy, which have been available since the Big Bang, later being ""released"" (that is, transformed to more active types of energy such as kinetic or radiant energy) by a triggering mechanism.


=== Release of energy from gravitational potential ===
A direct transformation of energy occurs when hydrogen produced in the Big Bang collects into structures such as planets, in a process during which part of the gravitational potential is converted directly into heat. In Jupiter, Saturn, and Neptune, for example, such heat from the continued collapse of the planets' large gas atmospheres continues to drive most of the planets' weather systems. These systems, consisting of atmospheric bands, winds, and powerful storms, are only partly powered by sunlight. However, on Uranus, little of this process occurs. This is likely because the planet emits very little internal heat compared to other gas giants, possibly due to a past giant impact that released much of its primordial heat or an interior structure that inhibits efficient heat transport.
On Earth, a significant portion of the heat output from the interior of the planet, estimated at a third to half of the total, is caused by the slow collapse of planetary materials to a smaller size, generating heat.


=== Release of energy from radioactive potential ===
Familiar examples of other such processes transforming energy from the Big Bang include nuclear decay, which releases energy that was originally ""stored"" in heavy isotopes, such as uranium and thorium. This energy was stored at the time of the nucleosynthesis of these elements. This process uses the gravitational potential energy released from the collapse of Type II supernovae to create these heavy elements before they are incorporated into star systems such as the Solar System and the Earth. The energy locked into uranium is released spontaneously during most types of radioactive decay, and can be suddenly released in nuclear fission bombs. In both cases, a portion of the energy binding the atomic nuclei together is released as heat.


=== Release of energy from hydrogen fusion potential ===
In a similar chain of transformations beginning at the dawn of the universe, nuclear fusion of hydrogen in the Sun releases another store of potential energy which was created at the time of the Big Bang. At that time, according to one theory, space expanded and the universe cooled too rapidly for hydrogen to completely fuse into heavier elements. This resulted in hydrogen representing a store of potential energy which can be released by nuclear fusion. Such a fusion process is triggered by heat and pressure generated from the gravitational collapse of hydrogen clouds when they produce stars, and some of the fusion energy is then transformed into starlight. Considering the solar system, starlight, overwhelmingly from the Sun, may again be stored as gravitational potential energy after it strikes the Earth. This occurs in the case of avalanches, or when water evaporates from oceans and is deposited as precipitation high above sea level (where, after being released at a hydroelectric dam, it can be used to drive turbine/generators to produce electricity).
Sunlight also drives many weather phenomena on Earth. One example is a hurricane, which occurs when large unstable areas of warm ocean, heated over months, give up some of their thermal energy suddenly to power a few days of violent air movement. Sunlight is also captured by plants as a chemical potential energy via photosynthesis, when carbon dioxide and water are converted into a combustible combination of carbohydrates, lipids, and oxygen. The release of this energy as heat and light may be triggered suddenly by a spark, in a forest fire; or it may be available more slowly for animal or human metabolism when these molecules are ingested, and catabolism is triggered by enzyme action.
Through all of these transformation chains, the potential energy stored at the time of the Big Bang is later released by intermediate events, sometimes being stored in several different ways for long periods between releases, as more active energy. All of these events involve the conversion of one kind of energy into others, including heat.


== Examples ==


=== Examples of sets of energy conversions in machines ===
A coal-fired power plant involves these energy transformations:

Chemical energy in the coal is converted into thermal energy in the exhaust gases of combustion
Thermal energy of the exhaust gases converted into thermal energy of steam through heat exchange
Kinetic energy of steam converted to mechanical energy in the turbine
Mechanical energy of the turbine is converted to electrical energy by the generator, which is the ultimate output
In such a system, the first and fourth steps are highly efficient, but the second and third steps are less efficient. The most efficient gas-fired electrical power stations can achieve 50% conversion efficiency. Oil- and coal-fired stations are less efficient.
In a conventional automobile, the following energy transformations occur:

Chemical energy in the fuel is converted into kinetic energy of expanding gas via combustion
Kinetic energy of expanding gas converted to the linear piston movement
Linear piston movement converted to rotary crankshaft movement
Rotary crankshaft movement passed into transmission assembly
Rotary movement passed out of transmission assembly
Rotary movement passed through a differential
Rotary movement passed out of differential to drive wheels
Rotary movement of drive wheels converted to linear motion of the vehicle


=== Other energy conversions ===

There are many different machines and transducers that convert one energy form into another. A short list of examples follows:

ATP hydrolysis (chemical energy in adenosine triphosphate → mechanical energy)
Battery (electricity) (chemical energy → electrical energy)
Electric generator (kinetic energy or mechanical work → electrical energy)
Electric heater (electric energy → heat)
Fire (chemical energy → heat and light)
Friction (kinetic energy → heat)
Fuel cell (chemical energy → electrical energy)
Geothermal power (heat→ electrical energy)
Heat engines, such as the internal combustion engine used in cars, or the steam engine (heat → mechanical energy)
Hydroelectric dam (gravitational potential energy → electrical energy)
Electric lamp (electrical energy → heat and light)
Microphone (sound → electrical energy)
Ocean thermal power (heat → electrical energy)
Photosynthesis (electromagnetic radiation → chemical energy)
Piezoelectrics (strain → electrical energy)
Radio transmitters (electrical energy → electromagnetic wave energy)
Thermoelectric (heat → electrical energy)
Wave power (mechanical energy → electrical energy)
Windmill (wind energy → electrical energy or mechanical energy)


== See also ==


== References ==


== Further reading ==
""Energy—Volume 3: Nuclear energy and energy policies"". Applied Energy. 5 (4): 321. October 1979. doi:10.1016/0306-2619(79)90027-8.
Energy Transfer and Transformation | Core knowledge science","Electrical energy can be transformed into heat, light, mechanical energy, sound, chemical energy, and other forms of energy.",Energy Transformation in Energy Systems Language,0,0,supported,0.135817862276,-0.07712282260525544,-1.928070565131386,25,,0.5293490290641785,2.70582130168,-0.113128171514,0.30542655166329,2,0.87798666872,1.0,1.0,0.0,0.0,0.9521484375,0.002712249755859375,0.045013427734375,0.6654887226647412,0.6604922739339073,0.8250521042634987,0.5131736523778971,0.5,abstain
Q2277_1046,wikiqa,what is the LMM engine,"The Duramax V8 engine is a family of 6.6-liter diesel V8 engines produced by DMAX, a wholly owned subsidiary of General Motors in Moraine, Ohio. The Duramax block are supplied by Fritz Winter, a German foundry. The heads are supplied from reliable vendors of General Motors. This engine was initially installed in 2001 Chevrolet and GMC trucks, and has since become an option in pickups, vans, and medium-duty trucks. In 2006, production at Moraine was reportedly limited to approximately 200,000 engines per year. On May 9, 2007, DMAX announced the production of the 1,000,000th Duramax V8 at its Moraine facility, followed by the 2,000,000th on March 24, 2017.


== Engine RPO codes ==


=== LB7 ===
RPO LB7 (engine code ""1"") was first introduced in 2001 and continued until early 2004. It featured a 32-valve design with high-pressure common-rail direct injection and aluminum cylinder heads.
The following trucks use the LB7:

Chevrolet Kodiak/GMC TopKick
Chevrolet Silverado/GMC Sierra HD


==== Specifications ====
Block / Head: Cast Iron / Aluminum
Compression: 17.5:1
Injection: Direct; Bosch high-pressure common-rail
Power / Torque: 300 hp (224 kW) at 3,100 rpm / 520 lb⋅ft (705 N⋅m) at 1,800 rpm
The LLY was introduced in 2004 and completely replaced the LB7 mid-year.


=== LLY ===
The LLY (internally called the 8GF1) (engine code ""2"") is a 6.6 L; 402.7 cu in (6,599 cc) turbocharged engine which debuted in mid-2004 and continued until the end of 2005 (except the Hummer H1 in 2006). It is a 32-valve design with high-pressure common-rail direct injection and aluminum cylinder heads. The LLY was GM's first attempt to implement emissions requirements on their diesel trucks. To meet this goal, they turned to a newly developed Garrett turbocharger with a variable geometry vane system and installed an EGR valve. Learning from problems with injectors in the previous LB7, GM changed the valve covers to allow access to the injectors without having to remove the valve covers, saving significant labor costs if injector replacement became necessary.
The following trucks used the LLY engine:

2006-only Hummer H1 Alpha
Chevrolet Silverado/GMC Sierra 2500HD/3500


==== Specifications ====

Block / Head: Cast gray iron / Cast aluminum
Compression: 17.5:1
Injection: Bosch high-pressure common-rail
Power / Torque: 310 bhp (231 kW) at 3000 rpm / 605 lb⋅ft (820 N⋅m) at 1600 rpm
Head casting is 8GF1
Block casting is #22351021213


=== LLY/LBZ ===
There are two VIN codes for the LBZ. The first is VIN 2 produced in late 2005 and early 2006. The VIN 2 engine is mechanically and physically the same as the VIN D engine but utilizes LLY engine tuning due to the LBZ tuning taking longer to be EPA certified and placed into production.
The second is VIN D. This was introduced in 2006 and continued into 2007 sold only in the ""classic"" body style. It has an improved engine computer tune that produces increased power and torque over the 2005 LLY version of the engine. This also marked the first appearance of the Duramax in the Express/Savana vans. The LBZ is one of the more sought-after Duramax engines because of its strength, reliability, and being pre-emissions (DPF appeared on the next generation LMM in 2007).
Changes include:

Cylinder block casting and machining changes strengthen the bottom of the cylinder bores to support increased power and torque
Upgraded main bearing material increases durability
Revised piston design lowers compression ratio to 16.8:1 from 17.5:1
Piston pin bore diameter increased for added strength
Connecting rod ""I"" section is thicker for added strength
Cylinder heads revised to accommodate lower compression and reduced cylinder firing pressure
Maximum injection pressure increased from 23,000 psi (1,585.8 bar) to more than 26,000 psi (1,792.6 bar)
Fuel delivered via higher-pressure pump, fuel rails, distribution lines and all-new, seven-hole fuel injectors
Fuel injectors spray directly onto glow plugs, providing faster, better-quality starts and more complete cold-start combustion for reduced emissions
Improved glow plugs heat up faster through an independent controller
Revised variable-geometry turbocharger is aerodynamically more efficient to help deliver smooth and immediate response and lower emissions
Air induction system re-tuned to enhance quietness
EGR has larger cooler to bring more exhaust into the system
First application of new, 32-bit E35 controller, which adjusts and compensates for the fuel flow to bolster efficiency and reduce emissions
LBZ applications:

Chevrolet Silverado 2500HD/3500
Chevrolet Kodiak
GMC Sierra 2500HD/3500
GMC TopKick
Chevrolet Silverado/GMC Sierra 2500HD/3500 Classic
LLY applications:

Chevrolet Silverado 2500HD/3500
Chevrolet Kodiak
GMC Sierra 2500HD/3500
Chevrolet Express full-size (reduced power output mated to a 4L85E transmission)
GMC Savana full-size (reduced power output mated to a 4L85E transmission)


==== Specifications ====

Block / Head: Cast gray iron / Cast aluminum
Compression: 16.8:1
Injection: Bosch high-pressure common-rail
Power / Torque: 360 bhp @3200 rpm / 650 lb-ft @1600 rpm


=== LMM ===

The LMM (engine code ""6"") debuted part way through 2007 and ended production with the start of the 2011 calendar year and is mated to the 6-speed Allison transmission. The LMM was the only Duramax offered for model years 2007–2010. A version was used in the Trident Iceni.


==== Specifications ====

Block / Head: Cast gray iron / Cast aluminum
Compression: 16.8:1
Injection: Bosch high-pressure common-rail with CP3.3 injection pump
Power / Torque: 365 bhp (272 kW) at 3200 rpm / 660 lb⋅ft (895 N⋅m) at 1600 rpm

Emission controls:

Additional combustion control, including an even more efficient variable-geometry turbocharging system, cooled (enhanced) exhaust gas recirculation (EGR), and closed crankcase ventilation to reduce nitrogen oxides (NOx)
Additional exhaust control, including oxidizing catalyst and new diesel particulate filter (DPF) to reduce soot and particulate matter
Increased-capacity cooling system
New engine control software
Use of low-ash engine oil (CJ-4)
Applications:

2007–2010 Chevrolet Silverado HD
2007–2010 GMC Sierra HD
2007–2010 Chevrolet Kodiak
2007–2010 GMC TopKick
2007–2010 Chevrolet Express/GMC Savana


=== LGH ===
The 6.6L Duramax diesel engine (VIN code ""L"") is used on 2010 interim and 2011 Chevrolet Express and GMC Savana vans and 2011 Chevrolet Silverado/GMC Sierra HD trucks with RPO ZW9 (chassis cabs or trucks with pickup box delete). The LGH engine is rated at 335 bhp (250 kW) at 3,100 rpm and 685 lb⋅ft (929 N⋅m) at 1,600 rpm. Similar to the LML, this engine also uses a DPF and DEF system to meet emissions standards.


=== LML ===
The 6.6L RPO LML (VIN code ""8"") is the 2011–2016 version of the Isuzu/GM Duramax V8 diesel engine. It is a further advanced version of the LMM engine with the majority of the changes addressing a required drastic reduction in engine emissions. Some mechanical aspects of the engine, such as piston oil flow design for improved temperature control and oil pump design, were also improved to enhance durability even further.
The LML engine was significantly updated for 2011 to comply with the new federal emissions standards for diesel engines, provide better engine rigidity, and further noise reduction. The engine gained new 29,000 PSI piezo injectors as well as a completely reworked fuel system which was now powered by the Bosch CP4 pump, that also now supports up to 20% biodiesel mixtures and a urea injection (to reduce nitrogen oxides) with a 5.3 gallon DEF tank. This engine has a fuel injector in the exhaust tract, to allow raw fuel injection during the particulate filter recycling routine. The RPO LML engine is rated at 397 hp (296 kW) at 3,000 rpm and 765 lb⋅ft (1,037 N⋅m) of torque at 1,600 rpm.


=== L5P ===
The L5P Duramax is the latest version of the Duramax V8 diesel engine.(engine code Y). Introduced in the 2017 model year, it was the most powerful diesel engine GM had produced, with 445 hp (332 kW) at 2,800 rpm and 910 lb⋅ft (1,234 N⋅m) at 1,600 rpm. Design specification performance can exceed 550 bhp (410 kW) at 3,050 rpm and 1,050 lb⋅ft (1,424 N⋅m) at 1,975 rpm.


=== L5P Gen2 ===
The L5P Duramax received an increase in power and torque for the 2024 model year; 470 hp (350 kW) at 2,800 rpm and 975 lb⋅ft (1,322 N⋅m) at 1,600 rpm. Design specification performance can exceed 550 bhp (410 kW) at 3050 rpm and 1,050 lb⋅ft (1,424 N⋅m) at 1975 rpm.


=== L5D ===
The L5D Duramax is a downrated version of the L5P for the Chevrolet Silverado MD and International CV trucks (Class 4, 5, and 6). The L5D was downrated to increase reliability and reduce downtime. The L5D was introduced in 2018 for the 2019 Chevrolet Silverado MD and International CV trucks. Specifications for the L5D are 350 hp (261 kW) at 2,600 rpm and 700 lb⋅ft (949 N⋅m) at 1,600 rpm.


== See also ==
Marinediesel AB


== References ==


== External links ==

LML DURAMAX
Duramax home page
DMAX, Ltd. home page
Duramax Diesel Specs
Duramax timeline
Who Makes Duromax Generator Engines - generators-advicer Archived 2023-08-12 at the Wayback Machine","The LMM engine is a 6.6-liter diesel V8 engine produced by DMAX, part of the Duramax family, introduced in mid-2007 and produced until 2011. It is mated to the 6-speed Allison transmission and is known for its emission control systems, including a diesel particulate filter (DPF) and exhaust gas recirculation (EGR). It delivers 365 bhp (272","The Duramax is a General Motors diesel engine family for light- and medium duty trucks , designed by Isuzu.",0,0,supported,0.224305005393,-0.08734985012046127,-8.385585611564283,96,,0.7631421089172363,1.08700164726,2.59032661951,0.7890669487750496,5,-0.720283698065,0.5,0.5,0.0,0.5,0.474578857421875,0.06308460235595703,0.4622831344604492,0.6463368726567138,0.6561845111765047,0.8209894778254399,0.5131736523778971,0.5,abstain
Q218_142,wikiqa,what cords are used for in wiccan,"In the neopagan religion of Wicca a range of magical tools are used in ritual practice. Each of these tools has different uses and associations and are commonly used at an altar, inside a magic circle.
In the traditional system of Gardnerian magic, there was as an established idea of covens which were groups composed of initiated members that conducted rituals involving magical tools and secret books (Book of Shadows).  These tools were predominately kept within a specific coven because they were considered sacred.  These items were owned and used by individual Wiccans, but could also be used collectively by the coven.
This practice may derive partly from Masonic traditions (such as the use of the Square and Compasses), from which Wicca draws some material, and partly from the rituals of the Hermetic Order of the Golden Dawn. The latter made much use of material from medieval grimoires such as the Key of Solomon, which has many illustrations of magical tools and instructions for their preparation.


== Usage ==
In Wicca, magical tools are used during rituals which both honour the deities and work magic. The general idea is that the tool directs psychic energies to perform a certain action.
In modern-day Wicca, there is an encouragement of solitary practice of rituals and study. Covens are still a part of Wicca and related doctrines but there is now insistence that solitary practice is permissible. The allowance of solitary practice is clearly an important factor in terms of the growth of adherents, as the requirement to join a coven would involve transaction costs of locating fellow members and/or being initiated.
In Gardnerian Wicca as laid down by Gerald Gardner, someone who had been initiated in the first degree had to create (or, alternately purchase and then engrave) their own ritual tools. One of the requirements for being initiated into the second degree is that adherents had to name all of the ritual tools and explain what their purpose and associations were.


=== Consecrating tools ===
Before tools are used in ritual they first are consecrated. In the Gardnerian Book of Shadows, there is a section based entirely on consecrating ritual items. The Book of Shadows states items must be consecrated within a magic circle, at the centre of which lies a pentacle (or paten). Each item that is to be consecrated is placed upon the pentacle, sprinkled with salt and water and then passed through some incense. This is followed by the declaration,

Aradia and Cernunnos, deign to bless and to consecrate this [tool], that it may obtain necessary virtue through thee for all acts of love and beauty. Aradia and Cernunnos, bless this instrument prepared in thine honour.


== Principal tools ==
Various different tools are used in Wiccan ritual. Chief amongst them in importance are the pentacle (or paten), Athame (or sword), wand, and chalice, each of which represents one of the four elements of earth, air, fire and water.


=== Pentacle, or paten ===
The Pentacle, or paten, is a disc-shaped altar consecration tool with a sigil or magical symbol engraved or inscribed upon it. The most common symbol is a pentagram within a circle, specifically a pentacle, although some other symbols may be used such as the triquetra. The disc is symbolic of the element of earth. It is typically used during evocation as a symbol which blesses items, as well as magically energizing that which is placed upon it.


=== Sword, or knife ===
A sword or a ritual knife, commonly known as Athame, is often used in Wiccan ritual. In Gardnerian Wicca these are symbolic of the element of fire.  Athame is elemental in nature while the sword is planetary in nature.
Athame is traditionally black-handled and usually inscribed (sometimes in the Theban alphabet). It is used to direct energy for the casting of magic circles, controlling of spirits and other ritual purposes. Gerald Gardner described it as ""the true Witch's weapon"" in the Bricket Wood Book of Shadows, something which he has been criticized for, by Frederic Lamond believing there should be no ""weapons"" in Wicca. In some traditions, it is never used under any circumstances to draw blood, becoming tainted and requiring destruction if it does.
The term ""Athame"" in its modern spelling first appears in Wicca, but it originates from words found in two historical copies of the Key of Solomon. The version currently held in the Bibliothèque de l'Arsenal, Paris, uses the term ""arthame"" to describe a black-handled knife. This was adopted by C.J.S. Thompson in his 1927 book The Mysteries and Secrets of Magic and by Grillot de Givry in his 1931 book Witchcraft, Magic and Alchemy. The historian Ronald Hutton theorized that Gardner got it either directly or indirectly from one of these sources, although with a modified spelling.


=== Wand ===
In Gardnerian Wicca, the wand is symbolic of the element of air, though in some traditions it instead symbolizes fire. It can be made from any material, including wood, metal and rock, and Wiccan wands are sometimes set with gemstones or crystals.
In his Book of Shadows, Gerald Gardner stated the wand is ""used to summon certain spirits with whom it would not be meet to use the athame"". Frederic Lamond states this referred to elemental spirits, who were traditionally believed to be scared of iron and steel.


=== Chalice, or goblet ===
The chalice, or goblet, is symbolic of the element of water. Many Wiccans do not consider it to be a tool, but instead to be a symbol of the Goddess, particularly her womb. The chalice bears many similarities with the Holy Grail, except for its symbolism used in witchcraft. Rather than being the blood of Christ, it is symbolic of the Goddess' womb. The chalice is traditionally used to hold wine.


== Other tools ==


=== Besom ===
The besom or broom, is often associated with witches and witchcraft. The stories of witches flying on brooms originated from the besom. In Wicca, it is used in handfasting ceremonies wherein a couple jumps over it.  The besom is also used in seasonal fertility dances as a representation of a phallus.


=== Boline ===
The boline is a knife, traditionally with a curved blade like that of a crescent moon. It is used for  harvesting and cutting herbs. A Kirfane which is a white handled knife is used for inscribing candles with symbols or sigils, or cutting ritual cords and often mistaken for the Boline. Unlike the Athame, the Kirfane is used in the physical process of magical works such as ritual cutting; the Kirfane serves for the physical plane what Athame serves for work in the spiritual/astral planes.


=== Cauldron ===
A cauldron is often associated with witches and witchcraft in western culture. In Wicca, it is sometimes used to represent the womb of the Goddess, like the chalice. It is often used for making brews (such as oils), incense-burning, and can be used to hold large, wide pillar candles depending on how small it is. A fire is often lit within the vessel and the flames are leaped over as a simple fertility rite, or at the end of a handfasting. If filled with water, a cauldron can be used for scrying. It plays a large role in Celtic magic in a similar fashion to that of Cerridwen's cauldron.


=== Censer ===
The censer is used to dispense incense.


=== Cingulum ===

In the various forms of British Traditional Wicca, cords, known as cingulum, or singulum (which literally translates as ""girdle"" or ""belt"" from Latin), are worn about the waist by adherents. These are often given to a Wiccan upon their initiation, and worn at each subsequent ritual. Traditionally they are nine feet in length (nine being three times three, the magical number), and are used to measure the circumference of the magic circle so that it can be set up correctly.
In many traditions of Wicca, the colour of a person's cingulum indicates what rank of initiate they are; in several Australian covens for instance, green denotes a novice, white denotes an initiate of the first degree, blue for the second and a plaited red, white and blue for the third, with the High Priest wearing a gold cingulum (symbolising the sun), and the High Priestess wearing silver (symbolising the moon).
Wiccan High Priest Raymond Buckland stated the cingulum should not be worn, but kept especially for spellcraft.


=== Scourge ===
The scourge is a type of religious whip.  It is used in Gardnerian Wicca to flagellate members of the coven, primarily in initiation rites. Frederic Lamond said that whilst Gardner never told his Bricket Wood coven which element this was associated with, he believed that as an ""instrument for exercising power over others"" then it should be Fire.
The scourge stands in contrast to ""the Kiss"" in Gardnerian and other forms of Wicca.  Being representative of the ""gifts of the Goddess,"" the scourge standing for sacrifice and suffering one is willing to endure to learn, the kiss being the blessings of abundance in all life's aspects.


=== Spear ===
In the tradition of Seax-Wica, the spear is used as a ritual tool symbolizing the god Woden, who, in Seax-Wicca tradition, is viewed as an emanation of God in place of the Horned God. According to Norse mythology, the god Odin who is the Norse equivalent to the Anglo-Saxon Woden carried the spear Gungnir. For the purpose of comparison it is notable Seax-Wica is not a part of traditional initiatory Wicca, nor is it substantially linked to the Gardnerian or Alexandrian traditions.


=== Stang ===
The stang is usually a pronged wooden staff, topped either with a naturally occurring fork or with antlers affixed. The stang was among the ritual items used by Robert Cochrane, while the term itself was likely popularized by his influence. The stang can be used for representing the Horned God, directing energy, or helping with spirit journeying.


=== Other ===
Smudge Stick


== Ritual ==
There are elaborate rituals prescribed for the creation and consecration of magical tools. These often include the ritual passing of the tool through representations of the four elements. Some tools are ascribed correspondences to a particular element, one commonly cited correspondence being:

These four tools may be seen in the occult tarot deck designed by Golden Dawn members A.E.Waite and Pamela Colman Smith, most obviously in the card known as The Magician. Some practitioners distinguish high magic and low magic. The former includes ceremonial magic and theurgy, and may be more commonly practiced in Alexandrian covens. The latter is more typical of the hedgewitch, who would be more likely to use everyday tools and utensils, rather than fabricating specially made magical tools.


== References ==","Cords, known as cingulum or singulum, are worn by Wiccans around the waist and are used to measure the circumference of the magic circle during rituals. They also indicate the rank of an initiate based on their color.","The Magician from the Waite-Smith tarot , who is depicted using the same tools that modern Wiccans use.",0,0,supported,-0.243954914303,-0.03323004339753089,-1.5950420830814827,48,,0.5748311281204224,2.39089617249,0.772408859882,0.8055185461512454,2,0.509499854194,1.0,1.0,0.0,0.0,0.851318359375,0.02590656280517578,0.12272262573242188,0.6355319919840616,0.6537427641348124,0.8186651075315717,0.5131736523778971,0.5,abstain
Q2347_1093,wikiqa,what is romania like?,"Romania is a country in  Southeast and Central Europe. It lies on the lower course of the Danube, north of the Balkan Peninsula, and on the northwestern shore of the Black Sea. It borders Ukraine to the north and east, Hungary to the west, Serbia to the southwest, Bulgaria to the south, Moldova to the east, and the Black Sea to the southeast. It is the twelfth-largest country in Europe by area, covering  238,397 km2 (92,046 mi2), and the sixth-most populous member state of the European Union, with nearly 20 million inhabitants. The capital, largest city and economic centre is Bucharest. Other major cities include Cluj-Napoca, Iași, Constanța, Timișoara, Brașov, Oradea and Sibiu.
Romania was settled during the Lower Paleolithic, later becoming Dacia before Trajan's Dacian Wars and Romanisation. The modern Romanian state was formed in 1859 with the unification of Moldavia and Wallachia under Alexandru Ioan Cuza, becoming the Kingdom of Romania in 1881 under Carol I of Romania. Romania gained independence from the Ottoman Empire in 1877, formalised by the Treaty of Berlin. After World War I, Transylvania, Banat, Bukovina, and Bessarabia joined the Old Kingdom, forming Greater Romania, which reached its largest territorial extent. In 1940, under Axis pressure, Romania lost territories to Hungary, Bulgaria, and the Soviet Union. Following the Act of 23 August, Romania switched sides to join the Allies. After World War II, it regained Northern Transylvania through the Paris Peace Treaties. Under Soviet occupation, King Michael I was forced to abdicate, and Romania became a socialist republic and Warsaw Pact member. After the fall of the Iron Curtain and the Romanian revolution in 1989, Romania transitioned to a liberal democracy.
Romania is a developing country with a high-income economy and is widely regarded as a middle power in international relations. It is home to 11 UNESCO World Heritage Sites. Romania is a net exporter of automotive and vehicle parts worldwide and has established a growing reputation as a technology centre, with some of the fastest internet speeds globally. Romania is a member of several international organisations, including the European Union, NATO, and the BSEC.


== Etymology ==

Romania derives from the local name for Romanian (Romanian: român), which in turn derives from Latin romanus, meaning ""Roman"" or ""of Rome"". This ethnonym for Romanians is first attested in the sixteenth century by Italian humanists travelling in Transylvania, Moldavia, and Wallachia. The oldest known surviving document written in Romanian that can be precisely dated, a 1521 letter known as the ""Letter of Neacșu from Câmpulung"", is notable for including the first documented occurrence of Romanian in a country name: Wallachia is mentioned as Țara Rumânească.


== History ==


=== Prehistory ===
Human remains found in Peștera cu Oase (""Cave with Bones""), radiocarbon date from circa 40,000 years ago, and represent the oldest known Homo sapiens in Europe. Neolithic agriculture spread after the arrival of a mixed group of people from Thessaly in the 6th millennium BC. Excavations near a salt spring at Lunca yielded the earliest evidence for salt exploitation in Europe; here salt production began between the 5th and 4th millennium BC. The first permanent settlements developed into ""proto-cities"", which were larger than 320 hectares (800 acres). The Cucuteni–Trypillia culture—the best known archaeological culture of Old Europe—flourished in Muntenia, southeastern Transylvania and northeastern Moldavia in the 3rd millennium BC.
The first fortified settlements appeared around 1800 BC, showing the militant character of Bronze Age societies.


=== Antiquity ===

Greek colonies established on the Black Sea coast in the 7th century BC became important centres of commerce with the local tribes. Among the native peoples, Herodotus listed the Getae of the Lower Danube region, the Agathyrsi of Transylvania and the Syginnae of the plains along the river Tisza at the beginning of the 5th century BC. Centuries later, Strabo associated the Getae with the Dacians who dominated the lands along the southern Carpathian Mountains in the 1st century BC. Burebista was the first Dacian ruler to unite the local tribes. He also conquered the Greek colonies in Dobruja and the neighbouring peoples as far as the Middle Danube and the Balkan Mountains between around 55 and 44 BC. After Burebista was murdered in 44 BC, his kingdom collapsed.
The Romans reached Dacia during Burebista's reign and conquered Dobruja in 46 AD. Dacia was again united under Decebalus around 85 AD. He resisted the Romans for decades, but the Roman army defeated his troops in 106 AD. Emperor Trajan transformed Banat, Oltenia and the greater part of Transylvania into a new province called Roman Dacia, but Dacian, Germanic and Sarmatian tribes continued to dominate the lands along the Roman frontiers. The Romans pursued an organised colonisation policy, and the provincials enjoyed a long period of peace and prosperity in the 2nd century. Scholars accepting the Daco-Roman continuity theory—one of the main theories about the origin of the Romanians—say that the cohabitation of the native Dacians and the Roman colonists in Roman Dacia was the first phase of the Romanians' ethnogenesis. The Carpians, Goths and other neighbouring tribes made regular raids against Dacia from the 210s. The Romans could not resist, and Emperor Aurelian ordered the evacuation of the province Dacia Trajana in the 270s. Scholars supporting the continuity theory are convinced that most Latin-speaking commoners stayed behind when the army and civil administration was withdrawn. The Romans did not abandon their fortresses along the northern banks of the Lower Danube for decades, and Dobruja (known as Scythia Minor) remained an integral part of the Roman Empire until the early 7th century.


=== Middle Ages ===

The Goths were expanding towards the Lower Danube from the 230s, forcing the native peoples to flee to the Roman Empire or to accept their suzerainty. The Goths' rule ended abruptly when the Huns invaded their territory in 376, causing new waves of migrations. The Huns forced the remnants of the local population into submission, but their empire collapsed in 454. The Gepids took possession of the former Dacia province. Place names that are of Slavic origin abound in Romania, indicating that a significant Slavic-speaking population lived in the territory. The first Slavic groups settled in Moldavia and Wallachia in the 6th century, in Transylvania around 600. The nomadic Avars defeated the Gepids and established a powerful empire around 570. The Bulgars, who also came from the European Pontic steppe, occupied the Lower Danube region in 680.

After the Avar Khaganate collapsed in the 790s, the First Bulgarian Empire became the dominant power of the region, occupying lands as far as the river Tisa. The First Bulgarian Empire had a mixed population consisting of the Bulgar conquerors, Slavs and Vlachs (or Romanians) but the Slavicisation of the Bulgar elite had already begun in the 9th century. Following the conquest of southern Transylvania around 830, people from the Bulgar Empire mined salt at the local salt mines. The Council of Preslav declared Old Church Slavonic the language of liturgy in the country in 893. The Vlachs also adopted Old Church Slavonic as their liturgical language.
The Magyars (or Hungarians) took control of the steppes north of the Lower Danube in the 830s, but the Bulgarians and the Pechenegs jointly forced them to abandon this region for the lowlands along the Middle Danube around 894. Centuries later, the Gesta Hungarorum wrote of the invading Magyars' wars against three dukes—Glad, Menumorut and the Vlach Gelou—for Banat, Crișana and Transylvania. The Gesta also listed many peoples—Slavs, Bulgarians, Vlachs, Khazars, and Székelys—inhabiting the same regions. The reliability of the Gesta is debated. Some scholars regard it as a basically accurate account, others describe it as a literary work filled with invented details. The Pechenegs seized the lowlands abandoned by the Hungarians to the east of the Carpathians.
Byzantine missionaries proselytised in the lands east of the Tisa from the 940s and Byzantine troops occupied Dobruja in the 970s. The first king of Hungary, Stephen I, who supported Western European missionaries, defeated the local chieftains and established Roman Catholic bishoprics (office of a bishop) in Transylvania and Banat in the early 11th century. Significant Pecheneg groups fled to the Byzantine Empire in the 1040s; the Oghuz Turks followed them, and the nomadic Cumans became the dominant power of the steppes in the 1060s. Cooperation between the Cumans and the Vlachs against the Byzantine Empire is well documented from the end of the 11th century. Scholars who reject the Daco-Roman continuity theory say that the first Vlach groups left their Balkan homeland for the mountain pastures of the eastern and southern Carpathians in the 11th century, establishing the Romanians' presence in the lands to the north of the Lower Danube.

Exposed to nomadic incursions, Transylvania developed into an important border province of the Kingdom of Hungary. The Székelys—a community of free warriors—settled in central Transylvania around 1100 and moved to the easternmost regions around 1200. Colonists from the Holy Roman Empire—the Transylvanian Saxons' ancestors—came to the province in the 1150s. A high-ranking royal official, styled voivode, ruled the Transylvanian counties from the 1170s, but the Székely and Saxon seats (or districts) were not subject to the voivodes' authority. Royal charters wrote of the ""Vlachs' land"" in southern Transylvania in the early 13th century, indicating the existence of autonomous Romanian communities. Papal correspondence mentions the activities of Orthodox prelates among the Romanians in Muntenia in the 1230s. Also in the 13th century, the Republic of Genoa started establishing colonies on the Black Sea, including Calafat, and Constanța.
The Mongols destroyed large territories during their invasion of Eastern and Central Europe in 1241 and 1242. The Mongols' Golden Horde emerged as the dominant power of Eastern Europe, but Béla IV of Hungary's land grant to the Knights Hospitallers in Oltenia and Muntenia shows that the local Vlach rulers were subject to the king's authority in 1247. Basarab I of Wallachia united the Romanian polities between the southern Carpathians and the Lower Danube in the 1310s. He defeated the Hungarian royal army in the Battle of Posada and secured the independence of Wallachia in 1330. The second Romanian principality, Moldavia, achieved full autonomy during the reign of Bogdan I around 1360. A local dynasty ruled the Despotate of Dobruja in the second half of the 14th century, but the Ottoman Empire took possession of the territory after 1388.
Princes Mircea I and Vlad III of Wallachia, and Stephen III of Moldavia defended their countries' independence against the Ottomans. Most Wallachian and Moldavian princes paid a regular tribute to the Ottoman sultans from 1417 and 1456, respectively. John Hunyadi, organised the defence of the Kingdom of Hungary and anti-Ottoman campaigns from 1440 until his death in 1456. Increasing taxes outraged the Transylvanian peasants, and they rose up in an open rebellion in 1437, but the Hungarian nobles and the heads of the Saxon and Székely communities jointly suppressed their revolt. The formal alliance of the Hungarian, Saxon, and Székely leaders, known as the Union of the Three Nations, became an important element of the self-government of Transylvania. The Orthodox Romanian knezes (""chiefs"") were excluded from the Union.


=== Early modern times and national awakening ===

The Kingdom of Hungary collapsed, and the Ottomans occupied parts of Banat and Crișana in 1541. Transylvania and Maramureș, along with the rest of Banat and Crișana, developed into a new state under Ottoman suzerainty, the Principality of Transylvania. The Reformation, initiated in Germany by Martin Luther in 1517, encouraged the spread of Protestantism across the region; by 1568, the Edict of Torda formally granted local communities the right to choose their own preachers, sanctioning the existence of four ""received"" religions (Catholicism, Lutheranism, Calvinism, and Unitarianism). The Romanians' Orthodox faith remained only tolerated, although they made up more than one-third of the population, according to 17th-century estimates. In June 1609, Gabriel Báthory freed the Romanian Orthodox clergy from both taxation and service demands.
The princes of Transylvania, Wallachia, and Moldavia joined the Holy League against the Ottoman Empire in 1594. The Wallachian prince, Michael the Brave, united the three principalities under his rule in May 1600. The neighbouring powers forced him to abdicate in September, but he became a symbol of the unification of the Romanian lands in the 19th century. Although the rulers of the three principalities continued to pay tribute to the Ottomans, the most talented princes—Gabriel Bethlen of Transylvania, Matei Basarab of Wallachia, and Vasile Lupu of Moldavia—strengthened their autonomy.
The united armies of the Holy League expelled the Ottoman troops from Central Europe between 1684 and 1699, and the Principality of Transylvania was integrated into the Habsburg monarchy. The Habsburgs supported the Catholic clergy and persuaded the Orthodox Romanian prelates to accept the union with the Roman Catholic Church in 1699. In the 18th century, Moldavia and Wallachia maintained their internal autonomy, but in 1711 and 1716, respectively, the period of the Phanariots began, with rulers appointed directly by the Porte from among the noble families of Greek origin in Constantinople. With the signing of the Ausgleich in 1867, Transylvania quickly lost its remaining political autonomy, being politically and administratively incorporated into the Kingdom of Hungary. The Church Union strengthened the Romanian intellectuals' devotion to their Roman heritage. The Orthodox Church was restored in Transylvania only after Orthodox monks stirred up revolts in 1744 and 1759. The organisation of the Transylvanian Military Frontier caused further disturbances, especially among the Székelys in 1764.
Princes Dimitrie Cantemir of Moldavia and Constantin Brâncoveanu of Wallachia concluded alliances with the Habsburg Monarchy and Russia against the Ottomans, but they were dethroned in 1711 and 1714, respectively. The sultans lost confidence in the native princes and appointed Orthodox merchants from the Phanar district of Istanbul to rule Moldavia and Wallachia. The Phanariot princes pursued oppressive fiscal policies and dissolved the army. The neighbouring powers took advantage of the situation: the Habsburg Monarchy annexed the northwestern part of Moldavia, or Bukovina, in 1775, and the Russian Empire seized the eastern half of Moldavia, or Bessarabia, in 1812.
A census revealed that the Romanians were more numerous than any other ethnic group in Transylvania in 1733, but legislation continued to use contemptuous adjectives (such as ""tolerated"" and ""admitted"") when referring to them. The Uniate bishop, Inocențiu Micu-Klein, who demanded recognition of the Romanians as the fourth privileged nation, was forced into exile. Uniate and Orthodox clerics and laymen jointly signed a plea for the Transylvanian Romanians' emancipation in 1791, but the monarch and the local authorities refused to grant their requests.

The Treaty of Küçük Kaynarca authorised the Russian ambassador in Istanbul to defend the autonomy of Moldavia and Wallachia (known as the Danubian Principalities) in 1774. Taking advantage of the Greek War of Independence, a Wallachian lesser nobleman, Tudor Vladimirescu, stirred up a revolt against the Ottomans in January 1821, but he was murdered in June by Phanariot Greeks. After a new Russo-Turkish War, the Treaty of Adrianople strengthened the autonomy of the Danubian Principalities in 1829, although it also acknowledged the sultan's right to confirm the election of the princes.
Mihail Kogălniceanu, Nicolae Bălcescu and other leaders of the 1848 revolutions in Moldavia and Wallachia demanded the emancipation of the peasants and the union of the two principalities, but Russian and Ottoman troops crushed their revolt. The Wallachian revolutionists were the first to adopt the blue, yellow and red tricolour as the national flag. In Transylvania, most Romanians supported the imperial government against the Hungarian revolutionaries after the Diet passed a law concerning the union of Transylvania and Hungary. Bishop Andrei Șaguna proposed the unification of the Romanians of the Habsburg Monarchy in a separate duchy, but the central government refused to change the internal borders.


=== Unification and the Kingdom of Romania ===


==== From the Little Union to the Great War ====
The modern Romanian state was created through the unification of the principalities of Moldavia and Wallachia, accepted as a federative structure by the Great Powers following the Paris Convention of 1858, and later cemented by the simultaneous election as ruler of both states of the unionist Alexandru Ioan Cuza. After carrying out numerous reforms that laid the foundations for the modernisation of the state, he was forced in 1866 by a broad coalition of the political parties of the time, also known as the ""Monstrous coalition"", to abdicate and leave the country.
The union was at one time in peril, but the political leaders of the era succeeded in placing on the princely throne Carol I of Romania, who accepted the Constitution and took the oath on 10 May 1866. Eleven years later, on 10 May 1877, Romania proclaimed its independence—achieved on the battlefield—and in 1881, on the same day of the year, Carol was crowned as King of Romania. In 1913, Romania entered the Second Balkan War against Bulgaria, at the end of which it obtained Southern Dobruja. In 1914, King Carol I died, and his nephew, Ferdinand I, succeeded him on the throne.


==== World War I and the Great Union ====

In 1916, Romania entered World War I on the side of the Entente Powers. Although the Romanian forces did not perform well militarily, by the end of the war the Austrian and Russian Empires had disintegrated; the National Assembly in Transylvania, and the Sfatul Țării in Bessarabia and Bukovina proclaimed their union with Romania, and King Ferdinand I and Queen Maria were crowned sovereign of all Romanians in Alba Iulia on 15 October 1922.
After World War I, the union of Bukovina with Romania was ratified in 1919 by the Treaty of Saint Germain. Most of the territories claimed by Romania from the Kingdom of Hungary—Crișana, Transylvania and parts of Banat and Maramureș—were annexed to the Kingdom of Romania. This act was ratified in 1920 by the Treaty of Trianon, which defined the new border between Hungary and Romania.


==== Interwar period ====
After having left the country and renounced his claim to the throne in 1925, Carol II returned in 1930 and usurped his son's throne; influenced by his inner circle—referred to by historians as the ""Royal Camarilla""—he gradually undermined the democratic system, and in 1938 he assumed dictatorial powers. Although he was pro-Western (especially Anglophile), Carol attempted to appease extreme centrifugal forces by appointing nationalist governments that adopted anti-Semitic measures, such as the Goga cabinet and the one led by the Orthodox Patriarch Miron Cristea.


==== World War II ====

Following the Molotov–Ribbentrop Pact of 1939, in June 1940 Romania accepted the loss of Bessarabia, Northern Bukovina and the Hertsa region in favour of the USSR (as stipulated in the Soviet ultimatum of 28 June 1940). Unaware of the details of the Soviet–German pact, Carol attempted to secure an alliance with Nazi Germany, and appointed Ion Gigurtu as President of the Council of Ministers, who declared that he would pursue a Nazi pro-Axis (Berlin–Rome) policy that was anti-Semitic and fascist-totalitarian in nature. Between 4 July and 4 September 1940, by accepting Hitler's arbitration over Transylvania (after Gigurtu declared on radio that Romania must make territorial sacrifices to justify its Nazi orientation and full adherence to the Berlin–Rome Axis), Romania ceded Northern Transylvania—including the city of Cluj—to Hungary. The vast territories in Transylvania ceded by Ion Gigurtu to Hungary contained important natural resources, including gold mines. Ion Gigurtu also initiated negotiations to cede 8,000 km2 of Southern Dobruja to Bulgaria, these negotiations were interrupted by Antonescu's unconditional acceptance of the territorial cession.
In response to the chaotic withdrawal from Bessarabia, the territorial cessions, public discontent, and protests from political leaders, King Carol II suspended the 1938 Constitution of Romania and appointed General Ion Antonescu as Prime Minister. This measure, supported by the Iron Guard, demanded that the king abdicate in favour of his son, Mihai. Subsequently, Antonescu assumed dictatorial powers and became President of the Council of Ministers, as the self-titled ""Leader"" of the state.
In 1941, as an ally of Nazi Germany, Romania entered World War II by declaring war on the Soviet Union. A shift in fortunes only became discernible after the defeat at Stalingrad and the subsequent change of the USSR from a defensive to an offensive posture. On 23 August 1944, with the Soviet army having been present in northern Moldova since March, King Mihai I forcibly removed Marshal Ion Antonescu from power, as he refused to sign an armistice with the Allies of World War II. Following Antonescu's outright refusal, King Mihai I ordered the dismissal and arrest of the marshal, and Romania switched sides to join the Allies.


=== Socialist Romania (1947–1989) ===

Less than three years after the Soviet occupation of Romania, in 1947, King Michael I was forced to abdicate and the People's Republic of Romania—a state of ""popular democracy""—was proclaimed. The newly established communist regime, led by the Romanian Workers' Party, consolidated its power through a Stalinist-type policy aimed at suppressing any political opposition and transforming the economic and social structures of the old bourgeois regime.
In the early 1960s, the Romanian government began asserting a certain degree of independence from the Soviet Union in its foreign policy, although it did not abandon its repressive policies (which it labeled ""revolutionary conquests"") in domestic affairs. In 1965, communist leader Gheorghe Gheorghiu-Dej died, ushering in a period of change in Romania. After a brief power struggle, Nicolae Ceaușescu emerged as the head of the communist party, becoming General Secretary of the Romanian Communist Party in 1965, President of the State Council in 1967, and President of the Socialist Republic of Romania in 1974. Ceaușescu's rule from 1965 to 1989 grew increasingly authoritarian during the 1980s.


=== Romania since 1989 ===

In the context of the fall of communism throughout Eastern Europe during the revolutions of 1989, a protest in support of Reformed pastor László Tőkés that began in December 1989 in Timișoara quickly escalated into a national uprising against the communist regime, ultimately resulting in the execution of Ceaușescu and his wife Elena on 25 December 1989.
An interim council composed of figures from civil society and former communist officials assumed control of the government, and Ion Iliescu became the provisional president of the country. The new government reversed many of the authoritarian communist policies and dismissed several leaders of the former regime, although still influenced by members of the former regime (the basis for the Golaniad, and Mineriads).
In May 1990, the first free elections in Romania since the 1937 elections were held, with Iliescu of the National Salvation Front winning the presidency with 85% of the vote. In 1992, he was reelected in the first election after the adoption of a permanent constitution via a referendum held the previous year. Illiescu lost the 1996 election to Emil Constantinescu, but returned to power in 2000. Traian Băsescu was elected president in 2004 and 2009, serving until 2014 at which point Klaus Iohannis succeeded him, being re-elected in 2019 and serving until 2025. During these years several events occurred. In 2009, the country was bailed out by the International Monetary Fund as result of the Great Recession in Europe following the 2008 financial crisis.
The post-1989 period has been characterised by the privatisation and closure of several former industrial and economic enterprises from the communist period, while corruption has been a major issue in contemporary politics.
A National Anticorruption Directorate was formed in the country in 2002. During the 2000s, Romania had one of the highest economic growth rates in Europe and has been referred at times as ""the Tiger of Eastern Europe"". This has been accompanied by a significant improvement in living standards as the country successfully reduced domestic poverty and established a functional democratic state. However, Romania's development suffered a major setback during the late 2000s' recession leading to a large gross domestic product contraction and a budget deficit in 2009. This led to Romania borrowing from the International Monetary Fund. Worsening economic conditions led to unrest and triggered a political crisis in 2012.
Since 2014, Romania launched an anti-corruption effort that led to the prosecution of medium- and high-level political, judicial and administrative offenses by the National Anticorruption Directorate. In 2015, massive anti-corruption protests which developed in the wake of the Colectiv nightclub fire led to the resignation of prime minister Victor Ponta. During 2017–2019, in response to measures which were perceived to weaken the fight against corruption, some of the biggest post-1989 protests took place in Romania, with over 500,000 people protesting nationwide.
The 2021 Romanian political crisis led to the ousting of Florin Cîțu's incumbent government. The Ciucă Cabinet then took power, with Romania since having experienced a shift towards authoritarianism and illiberalism, as well as an increased corruption. Around this time, Romania was also hit by the COVID-19 pandemic. In the 2024 presidential election, Independent candidate Călin Georgescu achieved a surprise win in the first round. However, the Constitutional Court annulled the election results, citing Russian meddling. The cancellation led to far-right protests, criticism by the Trump administration, and Ilie Bolojan becoming acting president in February 2025 as Iohannis resigned to political pressure. In the subsequent 2025 Romanian presidential election, Bucharest Mayor Nicușor Dan was elected president.


== Geography ==

Romania is the largest country in Southeastern Europe and the twelfth-largest in Europe, having an area of 238,397 square kilometres (92,046 sq mi). It lies between latitudes 43° and 49° N and longitudes 20° and 30° E. The terrain is distributed roughly equally between mountains, hills, and plains. The Carpathian Mountains dominate the centre of Romania, with 14 mountain ranges reaching above 2,000 m or 6,600 ft—the highest is Moldoveanu Peak at 2,544 m or 8,346 ft. They are surrounded by the Moldavian and Transylvanian plateaus, the Pannonian Plain and the Wallachian plains.
Romania is home to six terrestrial ecoregions: Balkan mixed forests, Central European mixed forests, East European forest steppe, Pannonian mixed forests, Carpathian montane conifer forests, and Pontic steppe. Natural and semi-natural ecosystems cover about 47% of the country's land area. There are almost 10,000 km2 (3,900 sq mi) (about 5% of the total area) of protected areas in Romania covering 13 national parks and three biosphere reserves. The Danube river forms a large part of the border with Serbia and Bulgaria, and flows into the Black Sea, forming the Danube Delta, which is the second-largest and best-preserved delta in Europe, and a biosphere reserve and a biodiversity World Heritage Site. At 5,800 km2 (2,200 sq mi), the Danube Delta is the largest continuous marshland in Europe, and supports 1,688 different plant species alone.
Romania has one of the largest areas of undisturbed forest in Europe, covering almost 27% of its territory. The country had a 2019 Forest Landscape Integrity Index mean score of 5.95/10, ranking it 90th globally out of 172 countries. Some 3,700 plant species have been identified in the country, from which to date 23 have been declared natural monuments, 74 extinct, 39 endangered, 171 vulnerable, and 1,253 rare.
The fauna of Romania consists of 33,792 species of animals, 33,085 invertebrate and 707 vertebrate, with almost 400 unique species of mammals, birds, reptiles, and amphibians, including about 50% of Europe's (excluding Russia) brown bears and 20% of its wolves.


=== Climate ===

Owing to its distance from open sea and its position on the southeastern portion of the European continent, Romania has a climate that is continental, with four distinct seasons. The average annual temperature is 11 °C (52 °F) in the south and 8 °C (46 °F) in the north. In summer, average maximum temperatures in Bucharest rise to 28 °C (82 °F), and temperatures over 35 °C (95 °F) are fairly common in the lower-lying areas of the country. In winter, the average maximum temperature is below 2 °C (36 °F). Precipitation is average, with over 750 mm (30 in) per year only on the highest western mountains, while around Bucharest it drops to approximately 570 mm (22 in).
There are some regional differences: in western sections, such as Banat, the climate is milder and has some Mediterranean influences; the eastern part of the country has a more pronounced continental climate. In Dobruja, the Black Sea also exerts an influence over the region's climate.


== Politics ==

Romania is a unitary semi-presidential representative democratic republic with a structured system of governance and an active civil society. The President, elected by popular vote, serves as the head of state, representing the country in international affairs, safeguarding constitutional order, and acting as supreme commander of the Romanian Armed Forces. The Prime Minister, appointed by the President and confirmed by the Parliament, acts as the head of government, responsible for overseeing the executive branch, implementing domestic and foreign policies, and managing public administration. Legislative authority is vested in a bicameral Parliament, consisting of the Chamber of Deputies and the Senate, whose members are elected through a proportional representation system. The judiciary operates independently, with the High Court of Cassation and Justice as the highest court of appeal.
According to International IDEA’s Global State of Democracy (GSoD) Indices and Democracy Tracker, Romania performs in the mid- range on overall democratic measures, with particular strengths in inclusive suffrage and elected government.


=== Government ===

Romania has a democratic, multi-party system, with legislative power vested in the government and the two chambers of the Parliament, more specifically the Chamber of Deputies and the Senate. The judiciary is independent of the executive and the legislature. The latter is elected by popular vote for a maximum of two terms of five years and appoints the prime minister who in turn appoints the Council of Ministers. The legislative branch of the government, collectively known as the Parliament (residing at the Palace of the Parliament), consists of two chambers (Senate and Chamber of Deputies) whose members are elected every four years by simple plurality.
The justice system is independent of the other branches of government and is made up of a hierarchical system of courts with the High Court of Cassation and Justice being the supreme court of Romania. There are also courts of appeal, county courts and local courts. The Romanian judicial system is strongly influenced by the French model, is based on civil law and is inquisitorial in nature. The Constitutional Court (Curtea Constituțională) is responsible for judging the compliance of laws and other state regulations with the constitution, which is the fundamental law of the country and can be amended only through a public referendum. Romania's 2007 entry into the EU has been a significant influence on its domestic policy, and including judicial reforms, increased judicial cooperation with other member states, and measures to combat corruption. The Economist Intelligence Unit rated Romania as a ""hybrid regime"" in 2024.


=== Foreign relations ===

Since December 1989, Romania has pursued a policy of strengthening relations with the West in general, more specifically with the United States and the EU, albeit with limited relations involving the Russian Federation. It joined NATO on 29 March 2004, the EU on 1 January 2007, while it joined the International Monetary Fund and the World Bank in 1972, and is a founding member of the World Trade Organization. Romania is recognised as a middle power for its military capabilities, as well as its active diplomatic engagement on the global stage.
Recent governments have stated that their goals include strengthening ties with and helping other countries (in particular Moldova, Ukraine, and Georgia) with better integration with the rest of the West. Romania has also made clear since the late 1990s that it supports NATO and EU membership for the democratic former Soviet republics in Eastern Europe and the Caucasus.
Romania applied to join to the Schengen Area in 2007, acquiring full membership in 2025 along with Bulgaria. In December 2005, President Traian Băsescu and United States Secretary of State Condoleezza Rice signed an agreement that would allow a U.S. military presence at several Romanian facilities primarily in the eastern part of the country. In 2009, US Secretary of State Hillary Clinton referred to Romania as ""one of the most trustworthy and respectable"" US allies"". However, by 2025, relations had worsen, with US vice president JD Vance in February scolding ""flimsy suspicions"" and ""enormous pressure from its continental neighbours"" for causing the annulment of the 2024 Romanian presidential election in which Călin Georgescu won the first round.
Relations with Moldova are a special case given that the two countries share the same language and a common history. A movement for unification of Moldova and Romania appeared in the early 1990s after both countries achieved emancipation from communist rule but lost ground in the mid-1990s when a new Moldovan government pursued an agenda towards preserving a Moldovan republic independent of Romania. After the 2009 protests in Moldova and the subsequent removal of Communists from power, relations between the two countries have improved considerably.


=== Military ===

The Romanian Armed Forces consist of land, air, and naval forces led by a Commander-in-chief under the supervision of the Ministry of National Defence, and by the president as the Supreme Commander during wartime. The Armed Forces consist of approximately 55,000 reservists and 71,500 active military personnel—35,800 for land, 10,700 for air, 6,600 for naval forces, and 16,500 in other fields. Total defence spending in 2023 accounted for 2.44% of total national GDP, or approximately US$8.48 billion, with a total of $9 billion intended to be spent until 2026 for modernisation and acquisition of new equipment. Conscription stopped in 2007, when Romania switched to a volunteer army.
The Air Force operates F-16AM/BM MLU fighters, C-27J Spartan and C-130 Hercules transport aircraft, as well as IAR 330 and IAR 316 helicopters. A procurement programme for F-35 fifth-generation fighters is also currently being carried out. The Naval Forces operate three frigates, of which two are Type 22 frigates acquired from the British Royal Navy, as well as four corvettes. The River Flotilla operates Mihail Kogălniceanu and Smârdan-class river monitors.
Romania contributed troops to the international coalition in Afghanistan beginning in 2002, with a peak deployment of 1,600 troops in 2010 (which was the 4th largest contribution according to the US). Its combat mission in the country concluded in 2014. Romanian troops participated in the occupation of Iraq, reaching a peak of 730 soldiers before being slowly drawn down to 350 soldiers. Romania terminated its mission in Iraq and withdrew its last troops on 24 July 2009, among the last countries to do so. The frigate the Regele Ferdinand participated in the 2011 military intervention in Libya.
In December 2011, the Romanian Senate unanimously adopted the draft law ratifying the Romania-United States agreement signed in September of the same year that would allow the establishment and operation of a US land-based ballistic missile defence system in Romania as part of NATO's efforts to build a continental missile shield. The Aegis Ashore missile system based at Deveslu became operational in 2016.
In 2024, construction work started on expanding the Mihail Kogălniceanu Air Base (RoAF 57th Air Base). The air base is set to become the largest NATO base in Europe after the implementation of a project spanning 20 years.


=== Administrative divisions ===

Romania is divided into 41 counties (județe) and the municipality of Bucharest. Each county is administered by a county council, responsible for local affairs, as well as a prefect responsible for the administration of national affairs at the county level. The prefect is appointed by the central government but cannot be a member of any political party. Each county is subdivided further into cities and communes, which have their own mayor and local council. There are a total of 320 cities and 2,861 communes in Romania. A total of 103 of the larger cities have municipality status, which gives them greater administrative power over local affairs. The municipality of Bucharest is a special case, as it enjoys a status on par to that of a county. It is further divided into six sectors and has a prefect, a general mayor (primar general), and a general city council.
The NUTS-3 (Nomenclature of Territorial Units for Statistics) level divisions of the EU reflect Romania's administrative-territorial structure and correspond to the 41 counties plus Bucharest. The cities and communes correspond to the NUTS-5 level divisions, but there are no current NUTS-4 level divisions. The NUTS-1 (four macroregions) and NUTS-2 (eight development regions) divisions exist but have no administrative capacity and are used instead for coordinating regional development projects and statistical purposes.


== Economy ==

In 2024, Romania had a GDP (PPP) of around $894 billion and a GDP per capita (PPP) of $47,203. According to the World Bank, Romania is a high-income economy. According to Eurostat, Romania's GDP per capita (PPS) was 77% of the EU average (100%) in 2022, an increase from 44% in 2007 (the year of Romania's accession to the EU), making Romania one of the fastest growing economies in the EU.
The Bucharest Stock Exchange (BVB) is the stock exchange of Romania, located in Bucharest. In 2024, the BVB boasted a $74 billion market capitalisation and a trading volume of $7.2 billion. As of 2024, 86 companies were listed on the exchange. In September 2020, FTSE Russell upgraded the BVB from a Frontier market to a Secondary Emerging Market.
After 1989 the country experienced a decade of economic instability and decline, led in part by an obsolete industrial base and a lack of structural reform. From 2000 onwards, however, the Romanian economy was transformed into one of relative macroeconomic stability, characterised by high growth, low unemployment and declining inflation. In 2006, according to the Romanian Statistics Office, GDP growth in real terms was recorded at 7.7%, one of the highest rates in Europe. However, the Great Recession forced the government to borrow externally, including an IMF €20 billion bailout programme. According to The World Bank, GDP per capita in purchasing power parity grew from $13,703 in 2007 to $47,903 in 2023.

Romania's main exports are vehicles, software, clothing and textiles, industrial machinery, electrical and electronic equipment, metallurgic products, raw materials, military equipment, pharmaceuticals, fine chemicals, and agricultural products (fruits, vegetables, and flowers). Trade is mostly centred on the member states of the EU, with Germany, Italy and France being the country's single largest trading partners.
In 2005, the government replaced Romania's progressive tax system with a flat tax of 16% for both personal income and corporate profit, among the lowest rates in the EU. The economy is based predominantly on services, which account for 56.2% of the country's total GDP as of 2017, with industry and agriculture accounting for 30% and 4.4% respectively.
Approximately 25.8% of the Romanian workforce is employed in agriculture, one of the highest rates in Europe.

Romania has attracted increasing amounts of foreign investment following the end of communism, with the stock of foreign direct investment (FDI) in Romania rising to €83.8 billion in June 2019. Romania's FDI outward stock (an external or foreign business either investing in or purchasing the stock of a local economy) amounted to $745 million in December 2018, the lowest value among the 28 EU member states.
Since 1867 the official currency has been the Romanian leu (""lion""), which ""was redenominated, with the exchange rate set at 1 new leu = 10,000 old lei"" in 2005 according to the National Bank of Romania. As it joined the EU in 2007, Romania plans to adopt the euro in 2029.


=== Infrastructure ===

According to the Romania's National Institute of Statistics (INS), Romania's total road network was estimated in 2015 at 86,080 kilometres (53,488 mi). The World Bank estimates the railway network at 22,298 kilometres (13,855 mi) of track, the fourth-largest railway network in Europe. Romania's rail transport experienced a dramatic decline after 1989 and was estimated at 99 million passenger journeys in 2004, but has experienced a recent (2013) revival due to infrastructure improvements and partial privatisation of lines, accounting for 45% of all passenger and freight movements in the country. Bucharest Metro, the only underground railway system, was opened in 1979 and measures 80.01 km (49.72 mi) with an average ridership in 2021 of 720,000 passengers during the workweek in the country. There are sixteen international commercial airports in service today. Over 12.8 million passengers flew through Bucharest's Henri Coandă International Airport in 2017.
Romania is a net exporter of electrical energy and is 52nd worldwide in terms of consumption of electric energy. Around a third of the produced energy comes from renewable sources, mostly as hydroelectric power. It has one of the largest refining capacities in Eastern Europe, even though oil and natural gas production has been decreasing for more than a decade. With one of the largest reserves of crude oil and shale gas in Europe it is among the most energy-independent countries in the EU, and is looking to expand its nuclear power plant at Cernavodă further.
There were almost 18.3 million connections to the Internet in June 2014. According to Bloomberg, in 2013 Romania ranked fifth in the world, and according to The Independent, it ranks number one in Europe at Internet speeds, with Timișoara ranked among the highest in the world.


=== Tourism ===

Tourism is a significant contributor to the Romanian economy, generating around 5% of GDP. The number of tourists has been rising steadily, reaching 9.33 million foreign tourists in 2016, according to the Worldbank. Tourism in Romania attracted €400 million in investments in 2005. More than 60% of the foreign visitors in 2007 were from other EU countries. The popular summer attractions of Mamaia and other Black Sea Resorts attracted 1.3 million tourists in 2009.
Most popular skiing resorts are along the Valea Prahovei and in Poiana Brașov. Castles, fortifications, or strongholds as well as preserved medieval Transylvanian cities or towns such as Cluj-Napoca, Sibiu, Brașov, Alba Iulia, Baia Mare, Bistrița, Mediaș, Cisnădie, Sebeș, or Sighișoara also attract a large number of tourists. Bran Castle, near Brașov, is one of the most famous attractions in Romania, drawing hundreds of thousands of tourists every year as it is often (falsely) advertised as being Dracula's Castle. Other attractions include the Danube Delta or the Sculptural Ensemble of Constantin Brâncuși at Târgu Jiu.
Rural tourism, focusing on getting visitors acquainted with local folklore and customs, has become an important alternative, and is targeted to promote such sites as Bran and its Dracula's Castle, the painted churches of northern Moldavia, and the wooden churches of Maramureș, or the villages with fortified churches in Transylvania. The Via Transilvanica long-distance hiking and cycling trail, which crosses 10 counties in the Transylvania, Banat and Bukovina regions of the country further promotes rural slow tourism.
In 2014, Romania had 32,500 companies active in the hotel and restaurant industry, with a total turnover of €2.6 billion. More than 1.9 million foreign tourists visited Romania in 2014, 12% more than in 2013. According to the country's National Statistics Institute, some 77% came from Europe (particularly from Germany, Italy, and France), 12% from Asia, and less than 7% from North America.


=== Science and technology ===

Historically, Romanian researchers and inventors have made notable contributions to several fields. In the history of flight, Traian Vuia built the first aeroplane to take off under its own power and Aurel Vlaicu built and flew some of the earliest successful aircraft, while Henri Coandă discovered the Coandă effect of fluidics. Victor Babeș discovered more than 50 types of bacteria; biologist Nicolae Paulescu developed an extract of the pancreas and showed that it lowers blood sugar in diabetic dogs, thus being significant in the history of insulin; while Emil Palade received the Nobel Prize for his contributions to cell biology. Lazăr Edeleanu was the first chemist to synthesise amphetamine, and he also invented the procedure of separating valuable petroleum components with selective solvents.
During the 1990s and 2000s, the development of research was hampered by several factors, including corruption, low funding, and a considerable brain drain. In recent years, Romania has ranked the lowest or second-lowest in the EU by research and development spending as a percentage of GDP, standing at roughly 0.5% in 2016 and 2017, substantially below the EU average of just over 2%. The country joined the European Space Agency (ESA) in 2011, and CERN in 2016. In 2018, however, Romania lost its voting rights in the ESA due to a failure to pay €56.8 million in membership contributions to the agency.
In the early 2010s, the situation for science in Romania was characterised as ""rapidly improving"" albeit from a low base. In January 2011, Parliament passed a law that enforces ""strict quality control on universities and introduces tough rules for funding evaluation and peer review"". Romania was ranked 49th in the Global Innovation Index in 2025.
The nuclear physics facility of the EU's proposed Extreme Light Infrastructure (ELI) laser will be built in Romania. In early 2012, Romania launched its first satellite from the Centre Spatial Guyanais in French Guiana. Starting in December 2014, Romania became a co-owner of the International Space Station.


== Demographics ==

According to the 2021 Romanian census, Romania's population was 19,053,815. Like other countries in the region, its population is expected to decline gradually as a result of sub-replacement fertility rates and negative net migration rate. According to the 2021 Romanian census, Romanians made up 89.33% of the population, Hungarians 6.05% and the Roma 3.44% of the population, but many ethnicities are not recorded, as they do not have ID cards. International sources give higher figures for Roma than the official census. According to the Council of Europe, the Roma make up 8.32% of the population; this figure is difficult to verify due to the mobility of Roma and the reluctance of some of them to disclose their ethnicity. Hungarians constitute a majority in the counties of Harghita and Covasna. Other minorities include Ukrainians, Germans, Turks, Lipovans, Aromanians, Tatars, and Serbs. In 1930, there were 745,421 Germans living in Romania, but only about 36,000 remained in the country to this day. As of 2009, there were also approximately 133,000 immigrants living in Romania, primarily from Moldova and China.
The total fertility rate (TFR) in 2018 was estimated at 1.36 children born per woman, which is below the replacement rate of 2.1, and one of the lowest in the world; it remains considerably below the high of 5.82 children born per woman in 1912. In 2014, 31.2% of births were to unmarried women.
The birth rate (9.49‰, 2012) is much lower than the mortality rate (11.84‰, 2012), resulting in a shrinking (−0.26% per year, 2012) and aging population (median age: 41.6 years, 2018), one of the oldest populations in the world, with approximately 16.8% of total population aged 65 years and over. The life expectancy in 2015 was estimated at 74.92 years (71.46 years male, 78.59 years female).
The number of Romanians and individuals with ancestors born in Romania living abroad is estimated at 12 million. After the Romanian Revolution of 1989, a significant number of Romanians emigrated to other European countries, North America or Australia. For example, in 1990, 96,919 Romanians permanently settled abroad.


=== Languages ===

The official language is Romanian, a Romance language (the most widely spoken of the Eastern Romance branch), which presents a consistent degree of similarity to Aromanian, Megleno-Romanian, and Istro-Romanian, but shares many features equally with the rest of the Western Romance languages, specifically Italian, French, Spanish, Portuguese, and Catalan. The Romanian alphabet contains the same 26 letters of the standard Latin alphabet, as well as five additional ones (namely ă, â, î, ț, and ș), totalling 31.
Romanian is spoken as a first language by 91.55% of the entire population, while Hungarian and Vlax Romani are spoken by 6.28% and 1.20% of the population, respectively. There are also 40,861 native speakers of Ukrainian (concentrated in some compact regions near the border, where they form local majorities), 17,101 native speakers of Turkish, 15,943 native speakers of German, and 14,414 native speakers of Russian living in Romania.
According to the Constitution, local councils ensure linguistic rights to all minorities. In localities with ethnic minorities of over 20%, that minority's language can be used in the public administration, justice system, and education. Foreign citizens and stateless persons who live in Romania have access to justice and education in their own language. English and French are the main foreign languages taught in schools. In 2010, the Organisation internationale de la Francophonie identified 4,756,100 French speakers in the country. According to the 2012 Eurobarometer, English is spoken by 31% of Romanians, French is spoken by 17%, and Italian and German, each by 7%.


=== Religion ===

Romania is a secular state and has no state religion. An overwhelming majority of the population identify themselves as Christians. At the country's 2021 census, 73.60% of respondents identified as Orthodox Christians, with 73.42% belonging to the Romanian Orthodox Church. Other denominations include Protestantism (6.22%), Roman Catholicism (3.89%), and Greek Catholicism (0.61%). From the remaining population 128,291 people belong to other Christian denominations or have another religion, which includes 58,347 Muslims (mostly of Turkish and Tatar ethnicity) and 2,708 Jewish (Jews once constituted 4% of the Romanian population—728,115 persons in the 1930 census). Additionally, 71,430 people are irreligious, 57,229 are atheist, 25,485 are agnostic, and 2,658,165 people chose to not declare their religion.
The Romanian Orthodox Church is an autocephalous Eastern Orthodox Church in full communion with other Orthodox churches, with a Patriarch as its leader. It is the third-largest Eastern Orthodox Church in the world, and unlike other Orthodox churches, it functions within a Latin culture and uses a Romance liturgical language. Its canonical jurisdiction covers the territories of Romania and Moldova. Romania has the world's third-largest Eastern Orthodox population.


=== Urbanisation ===

Although 54.0% of the population lived in urban areas in 2011, this percentage has been declining since 1996. Counties with over 2⁄3 urban population are Hunedoara, Brașov and Constanța, while those with less than a third are Dâmbovița (30.06%) and Giurgiu and Teleorman. Bucharest is the capital and the largest city in Romania, with a population of over 1.7 million in 2021. Its larger urban zone has a population of almost 2.2 million, which are planned to be included into a metropolitan area up to 20 times the area of the city proper.
Another 17 cities have a population of over 100,000, with Cluj-Napoca, Iași, Constanța and Timișoara having more than 250,000 inhabitants, and Craiova, Brașov and Galați with over 200,000 inhabitants. Metropolitan areas have been constituted for most of these cities.


=== Education ===

Since the Romanian revolution of 1989, the Romanian educational system has been in a continuous process of reform that has received mixed criticism. In 2004, some 4.4 million individuals were enrolled in school. Of these, 650,000 were in kindergarten (three-six years), 3.11 million in primary and secondary level, and 650,000 in tertiary level (universities). In 2018, the adult literacy rate was 98.8%. Kindergarten is optional between three and five years. Since 2020, compulsory schooling starts at age 5 with the last year of kindergarten (grupa mare) and is compulsory until twelfth grade. Primary and secondary education is divided into 12 or 13 grades. There is also a semi-legal, informal private tutoring system used mostly during secondary school, which prospered during the Communist regime.
As of 2025, Babeș-Bolyai University of Cluj-Napoca and the University of Bucharest are included in the QS World University Rankings' top 800.
Romania ranks fifth in the all-time medal count at the International Mathematical Olympiad with 316 total medals, dating back to 1959. Ciprian Manolescu managed to write a perfect paper (42 points) for a gold medal more times than anybody else in the history of the competition, in 1995, 1996 and 1997. Romania has achieved the highest team score in the competition, after China, Russia, the United States and Hungary. Romania also ranks sixth in the all-time medal count at the International Olympiad in Informatics with 107 total medals, dating back to 1989.


=== Healthcare ===

Healthcare in Romania is mainly provided by the public sector, which runs most hospitals and offers national health insurance to nearly all citizens. In 2021, healthcare costs were US$16. 7 billion, or US$2,385 per person, making up €5.69 of GDP. Government spending is higher than in markets like Bulgaria but lower than Hungary. Spending is expected to rise by 7. US$5 billion (+37. 68%) from 2024 to 2028, reaching 27. US$3 billion by 2028.
The Romanian National Institute of Statistics reports over 65,000 health units in Romania, with 53,000 in urban areas and 12,000 in rural areas. There are 543 hospitals, including 488 in urban and 55 in rural areas, along with 160 other hospital-like establishments. Nearly 50% of these are large facilities with over 100 beds, while 39% are small with fewer than 50 beds. The total number of inpatient beds is 135,085, allocated mainly to psychiatry, surgery, and internal medicine among other specialties.


== Culture ==


=== Arts and monuments ===

Architecture
The topic of the origin of Romanian culture began to be discussed by the end of the 18th century among the Transylvanian School scholars. Several writers rose to prominence in the 19th century, including: George Coșbuc, Ioan Slavici, Mihail Kogălniceanu, Vasile Alecsandri, Nicolae Bălcescu, Ion Luca Caragiale, Ion Creangă, and Mihai Eminescu, the later being considered the greatest and most influential Romanian poet, particularly for the poem Luceafărul.
In the 20th century, a number of Romanian artists and writers achieved international acclaim, including: Tristan Tzara, Marcel Janco, Mircea Eliade, Nicolae Grigorescu, Marin Preda, Liviu Rebreanu, Eugène Ionesco, Emil Cioran, and Constantin Brâncuși. Brâncuși has a sculptural ensemble in Târgu Jiu, while his sculpture Bird in Space, was auctioned in 2005 for $27.5 million. Romanian-born Holocaust survivor Elie Wiesel received the Nobel Peace Prize in 1986, while Banat Swabian writer Herta Müller received the 2009 Nobel Prize in Literature.

Prominent Romanian painters include: Nicolae Grigorescu, Ștefan Luchian, Ion Andreescu Nicolae Tonitza, and Theodor Aman. Notable Romanian classical composers of the 19th and 20th centuries include: Ciprian Porumbescu, Anton Pann, Eduard Caudella, Mihail Jora, Dinu Lipatti, and especially George Enescu. The annual George Enescu Festival is held in Bucharest in honour of the 20th-century composer.
Contemporary musicians like Angela Gheorghiu, Gheorghe Zamfir, Inna, Alexandra Stan, and many others have achieved various levels of international acclaim. From the late 2000s through the early 2010s, the Romanian popcorn music style had established itself in the international mainstream. At the Eurovision Song Contest Romanian singers achieved third place in 2005 and 2010.
In cinema, several movies of the Romanian New Wave have achieved international acclaim. At the Cannes Film Festival, The Death of Mr. Lazarescu by Cristi Puiu won the Prix Un Certain Regard in 2005, while 4 Months, 3 Weeks and 2 Days by Cristian Mungiu won the festival's top prize, the Palme d'Or, in 2007. At the Berlin International Film Festival, Child's Pose by Călin Peter Netzer won the Golden Bear in 2013.
The list of World Heritage Sites includes six cultural sites located within Romania, including eight painted churches of northern Moldavia, eight wooden churches of Maramureș, seven villages with fortified churches in Transylvania, the Horezu Monastery, and the Historic Centre of Sighișoara. The city of Sibiu, with its Brukenthal National Museum, was selected as the 2007 European Capital of Culture and the 2019 European Region of Gastronomy. Multiple castles exist in Romania, including the popular tourist attractions of Peleș Castle, Corvin Castle, and Bran Castle or ""Dracula's Castle"".


=== Holidays, traditions, and cuisine ===

There are 12 non-working public holidays, including the Great Union Day, celebrated on 1 December in commemoration of the 1918 union of Transylvania with Romania. Winter holidays include the Christmas and New Year festivities during which various unique folklore dances and games are common: plugușorul, sorcova, ursul, and capra. The traditional Romanian dress that otherwise has largely fallen out of use during the 20th century, is a popular ceremonial vestment worn on these festivities, especially in rural areas. There are sacrifices of live pigs during Christmas and lambs during Easter that has required a special exemption from EU law after 2007. In the Easter, traditions such as painting the eggs are very common. On 1 March mărțișor gifting is featured, which is a tradition whereby females are gifted with a type of talisman that is given for good luck.
Romanian cuisine has been influenced by Austrian and German cuisine (especially in the historical regions that had been formerly administered by the Habsburg monarchy), but also shares some similarities with other cuisines in the Balkan region such as Greek, Bulgarian, and Serbian cuisine. Ciorbă includes a wide range of sour soups, while mititei, mămăligă (similar to polenta), and sarmale are featured commonly in main courses.
Pork, chicken, and beef are the preferred types of meat, but lamb and fish are also quite popular. Certain traditional recipes are made in direct connection with the holidays: chiftele, tobă and tochitură at Christmas; drob, pască and cozonac at Easter and other Romanian holidays. Țuică is a strong plum brandy reaching a 70% alcohol content which is the country's traditional alcoholic beverage, taking as much as 75% of the national crop (Romania is one of the largest plum producers in the world). Traditional alcoholic beverages also include wine, rachiu, palincă and vișinată, but beer consumption has increased dramatically over recent years.


=== Media ===


=== Sports ===

Football is the most popular sport in Romania with over 219,000 registered players as of 2018. The market for professional football in Romania is roughly €740 million according to UEFA.
The governing body is the Romanian Football Federation, which belongs to UEFA. The Romania national football team played its first match in 1922 and is one of only four national teams to have taken part in the first three FIFA World Cups, the other three being Brazil, France, and Belgium. Overall, it has played in seven World Cups and had its most successful period during the 1990s, when it finished 6th at the 1994 FIFA World Cup, eventually being ranked 3rd by FIFA in 1997.
The most successful club is Steaua București, who were the first Eastern European team to win the UEFA Champions League in 1986, and were runners-up in 1989. Dinamo București reached the UEFA Champions League semi-final in 1984 and the UEFA Cup Winners' Cup semi-final in 1990. Other important Romanian football clubs are Rapid București, UTA Arad, Universitatea Craiova, Petrolul Ploiești, CFR Cluj, Astra Giurgiu, and Viitorul Constanța (the latter having recently merged with FCV Farul Constanța).
Tennis is the second most popular sport. Romania reached the Davis Cup finals three times in 1969, 1971 and 1972. The second most popular team sport is handball. The men's team won the handball world championship in 1961, 1964, 1970, 1974 making them the third most successful nation ever in the tournament. The women's team won the world championship in 1962 and have enjoyed more success than their male counterparts in recent years. In the club competition Romanian teams have won the EHF Champions League a total of three times, Steaua București won in 1968 as well as 1977 and Dinamo București won in 1965. In women's handball, powerhouse CSM București lifted the EHF Champions League trophy in 2016.
Popular individual sports include combat sports, martial arts, and swimming. In professional boxing, Romania has produced many world champions across the weight divisions internationally recognised by governing bodies. Another popular combat sport is professional kickboxing, which has produced prominent practitioners including.
Romania's 306 all-time Summer Olympics medals would rank 12th most among all countries, while its 89 gold medals would be 14th most. The 1984 Summer Olympics was their most successful run, where they won 53 medals in total, 20 of them gold, ultimately placing 2nd to the hosts United States in the medal rankings. Amongst countries who have never hosted the event themselves, they are second in the total number of medals earned. Gymnastics is the country's major medal-producing sport.


== See also ==

Outline of Romania


== Notes ==


== References ==


=== Sources ===


== External links ==

Country Profile from BBC News.
Romania Article and Country Profile from Encyclopædia Britannica
Romania Profile from Balkan Insight.
România Un Secol de Istorie – statistical data from INS
Romania. The World Factbook. Central Intelligence Agency.
Government
Romanian Presidency
Romanian Parliament Archived 28 December 2006 at the Wayback Machine
Culture and history links
Treasures of the national library of Romania
Historic Houses of Romania","Romania is a country located in Southeast and Central Europe, known for its diverse geography, rich history, and cultural heritage. It has a high-income economy, a significant number of UNESCO World Heritage Sites, and a blend of Eastern and Western influences in its culture and traditions.","Romania ( ; dated spellings Roumania and Rumania; ) is a country located at the intersection of Central and Southeastern Europe , bordering on the Black Sea .",0,0,supported,0.684389154632,-0.14052473053564443,-7.728860179460444,55,,0.7973341941833496,0.850250329862,1.66156426067,0.6538269766401109,4,-1.18187188016,0.0,0.0,0.0,1.0,0.268524169921875,0.01239013671875,0.718994140625,0.5967005345300268,0.644901078256018,0.8101177752585274,0.5131736523778971,0.5,abstain
Q1353_676,wikiqa,who did richard nixon refer to as the  silent majority,"The silent majority is an unspecified large group of people in a country or group who do not express their opinions publicly. The term was popularized by U.S. President Richard Nixon in a televised address on November 3, 1969, in which he said, ""And so tonight—to you, the great silent majority of my fellow Americans—I ask for your support."" In this usage it referred to those Americans who did not join in the large demonstrations against the Vietnam War at the time, who did not join in the counterculture, and who did not participate in public discourse. Nixon, along with many others, saw this group of Middle Americans as being overshadowed in the media by the more vocal minority.
Preceding Nixon by half a century, it was employed in 1919 by Calvin Coolidge's campaign for the 1920 presidential nomination. Before that, the phrase was used in the 19th century as a euphemism referring to all the people who have died, and others have used it before and after Nixon to refer to groups of voters in various nations of the world.


== Early meanings ==


=== Euphemism for the dead ===
""The majority"" or ""the silent majority"" can be traced back to the Roman writer Petronius, who wrote abiit ad plures (he is gone to the majority) to describe deceased people, since the dead outnumber the living. (In 2023 there were approximately 14.6 dead for every living person.) The phrase was used for much of the 19th century to refer to the dead. Phrases such as ""gone to a better world"", ""gone before"", and ""joined the silent majority"" served as euphemisms for ""died"". In 1902, Supreme Court Justice John Marshall Harlan employed this sense of the phrase, saying in a speech that ""great captains on both sides of our Civil War have long ago passed over to the silent majority, leaving the memory of their splendid courage.""


=== Groups of voters ===
In May 1831, the expression ""silent majority"" was spoken by Churchill C. Cambreleng, representative of New York state, before 400 members of the Tammany Society. Cambreleng complained to his audience about a U.S federal bill that had been rejected without full examination by the United States House of Representatives. Cambreleng's ""silent majority"" referred to other representatives who voted as a bloc:

Whenever majorities trample upon the rights of minorities—when men are denied even the privilege of having their causes of complaint examined into—when measures, which they deem for their relief, are rejected by the despotism of a silent majority at a second reading—when such become the rules of our legislation, the Congress of this Union will no longer justly represent a republican people.
In 1883, an anonymous author calling himself ""A German"" wrote a memorial to Léon Gambetta, published in The Contemporary Review, a British quarterly. Describing French Conservatives of the 1870s, the writer opined that ""their mistake was, not in appealing to the country, but in appealing to it in behalf of a Monarchy which had yet to be defined, instead of a Republic which existed; for in the latter case they would have had the whole of that silent majority with them.""
In 1919, Madison Avenue advertising executive and Republican Party supporter Bruce Barton employed the term to bolster Calvin Coolidge's campaign for the 1920 Republican Presidential nomination. In Collier's magazine, Barton portrayed Coolidge as the everyman candidate: ""It sometimes seems as if this great silent majority had no spokesman. But Coolidge belongs with that crowd: he lives like them, he works like them, and understands.""
Referring to Charles I of England, historian Veronica Wedgwood wrote this sentence in her 1955 book The King's Peace, 1637–1641: ""The King in his natural optimism still believed that a silent majority in Scotland were in his favour.""


== Richard Nixon ==
While Nixon was serving in 1955 as vice-president to Dwight D. Eisenhower, John F. Kennedy and his research assistants wrote in Kennedy's book Profiles in Courage, ""Some of them may have been representing the actual sentiments of the silent majority of their constituents in opposition to the screams of a vocal minority..."" In January 1956, Kennedy gave Nixon an autographed copy of the book. Nixon wrote back the next day to thank him: ""My time for reading has been rather limited recently, but your book is first on my list and I am looking forward to reading it with great pleasure and interest."" Nixon wrote Six Crises, some say his response to Kennedy's book, after visiting Kennedy at the White House in April 1961.
In 1967, labor leader George Meany asserted that those labor unionists (such as himself) who supported the Vietnam War were ""the vast, silent majority in the nation."" Meany's statement may have provided Nixon's speechwriters with the specific turn of phrase.
Barbara Ehrenreich and Jay Caspian Kang later argued that awareness by the media and politicians that there actually might be a silent majority opposed to the anti-war movement was heightened during the August 1968 Democratic National Convention in Chicago, especially in reaction to the widely broadcast violence by police against protesters and media there. The media reacted indignantly ""against the police and the mayor"" after journalists and protesters were attacked and beaten by the police, but were stunned to find that a poll showed 56% of those surveyed ""sympathized with the police"". ""Overnight the press abandoned its protest"", awaking ""to the disturbing possibility that they had grown estranged from a sizable segment of the public.""
In the months leading up to Nixon's 1969 speech, his vice-president Spiro T. Agnew said on May 9, ""It is time for America's silent majority to stand up for its rights, and let us remember the American majority includes every minority. America's silent majority is bewildered by irrational protest..."" Soon thereafter, journalist Theodore H. White analyzed the previous year's elections, writing ""Never have America's leading cultural media, its university thinkers, its influence makers been more intrigued by experiment and change; but in no election have the mute masses more completely separated themselves from such leadership and thinking. Mr. Nixon's problem is to interpret what the silent people think, and govern the country against the grain of what its more important thinkers think.""
On October 15, 1969, the first Moratorium to End the War in Vietnam demonstrations were held, attracting thousands of protesters. Feeling very much besieged, Nixon went on national television to deliver a rebuttal speech on November 3, 1969, where he outlined ""my plan to end the war"" in Vietnam. In his speech Nixon stated his policy of Vietnamization would lower American losses as the South Vietnamese Army would take on the burden of fighting the war; announced his willingness to compromise provided that North Vietnam recognized South Vietnam; and finally promised he would take ""strong and effective measures"" against North Vietnam if the war continued. Nixon also implicitly conceded to the anti-war movement that South Vietnam was really not very important as he maintained that the real issue was the global credibility of the United States, as he stated his belief that all of America's allies would lose faith in American promises if the United States were to abandon South Vietnam. Nixon ended his speech by saying all of this would take time, and asked for the public to support his policy of winning ""peace with honor"" in Vietnam as he concluded: ""And so tonight, to you, the great silent majority of my fellow Americans—I ask for your support. Let us be united for peace. Let us be united against defeat. Because let us understand: North Vietnam cannot defeat or humiliate the United States. Only Americans can do that"". The public reaction to the ""silent majority speech"" was very favorable at the time and the White House phone lines were overwhelmed with thousands of phone calls in the hours afterward as too many people called to congratulate the president for his speech.

Nixon wrote in his official memoirs, RN: The Memoirs of Richard Nixon, regarding the public response:By morning the public reaction was confirmed. The White House mail room reported the biggest response ever to any presidential speech. More than 50,000 telegrams and 30,000 letters had poured in, and the percentage of critical messages among them was low. Thirty-five years later, Nixon speechwriter Pat Buchanan recalled using the phrase in a memo to the president. He explained how Nixon singled out the phrase and went on to make use of it in his speech: ""We [had] used 'forgotten Americans' and 'quiet Americans' and other phrases. And in one memo I mentioned twice the phrase 'silent majority', and it's double-underlined by Richard Nixon, and it would pop up in 1969 in that great speech that basically made his presidency."" Buchanan noted that while he had written the memo that contained the phrase, ""Nixon wrote that speech entirely by himself.""


=== Nixon's constituency ===
Nixon's silent majority referred mainly to the older generation (those World War II veterans in all parts of the U.S.) but it also described many young people in the Midwest, West and in the South, many of whom eventually served in Vietnam. The Silent Majority was mostly populated by blue collar white people who did not take an active part in politics: suburban, exurban and rural middle class voters. They did, in some cases, support the conservative policies of many politicians. According to columnist Kenneth Crawford, ""Nixon's forgotten men should not be confused with Roosevelt's"", adding that ""Nixon's are comfortable, housed, clad and fed, who constitute the middle stratum of society. But they aspire to more and feel menaced by those who have less.""
In his famous speech, Nixon contrasted his international strategy of political realism with the ""idealism"" of a ""vocal minority."" He stated that following the radical minority's demands to withdraw all troops immediately from Vietnam would bring defeat and be disastrous for world peace. Appealing to the silent majority, Nixon asked for united support ""to end the war in a way that we could win the peace."" The speech was one of the first to codify the Nixon Doctrine, according to which, ""the defense of freedom is everybody's business—not just America's business."" After giving the speech, Nixon's approval ratings which had been hovering around 50% shot up to 81% in the nation and 86% in the South.
In January 1970, Time put on their cover an abstract image of a man and a woman representing ""Middle America"" as a replacement for their annual ""Man of the Year"" award. Publisher Roy E. Larsen wrote that ""the events of 1969 transcended specific individuals. In a time of dissent and 'confrontation', the most striking new factor was the emergence of the Silent Majority as a powerfully assertive force in U.S. society."" Larsen described how the silent majority had elected Nixon, had put a man on the moon, and how this demographic felt threatened by ""attacks on traditional values"".
The silent majority theme has been a contentious issue amongst journalists since Nixon used the phrase. Some thought Nixon used it as part of the Southern strategy; others claim it was Nixon's way of dismissing the obvious protests going on around the country, and Nixon's attempt to get other Americans not to listen to the protests. Whatever the rationale, Nixon won a landslide victory in
1972, taking 49 of 50 states, vindicating his ""silent majority"". The opposition vote was split successfully, with 80% of George Wallace supporters voting for Nixon rather than George McGovern, unlike Wallace himself.
Nixon's use of the phrase was part of his strategy to divide Americans and to polarize them into two groups. He used ""divide and conquer"" tactics to win his political battles, and in 1971 he directed Agnew to speak about ""positive polarization"" of the electorate. The ""silent majority"" shared Nixon's anxieties and fears that normalcy was being eroded by changes in society. The other group was composed of intellectuals, cosmopolitans, professionals and liberals, those willing to ""live and let live."" Both groups saw themselves as the higher patriots. According to Republican pollster Frank Luntz, ""silent majority"" is but one of many labels which have been applied to the same group of voters. According to him, past labels used by the media include ""silent majority"" in the 1960s, ""forgotten middle class"" in the 1970s, ""angry white males"" in the 1980s, ""soccer moms"" in the 1990s, and ""NASCAR dads"" in the 2000s.


== Later use in the United States ==

The phrase ""silent majority"" has also been used in the political campaigns of Ronald Reagan during the 1970s and 1980s, the Republican Revolution in the 1994 elections, and the victories of Rudy Giuliani and Michael Bloomberg. 
During Donald Trump's 2016 presidential campaign, he said at a campaign rally on July 11, 2015, in Phoenix, Arizona, that ""the silent majority is back, and we're going to take our country back"". He also referred to the silent majority in subsequent speeches and advertisement, as did the press when describing those who voted for his election as President in 2016. In the midst of the George Floyd protests, he once again invoked the silent majority. CNN analyst Harry Enten described that Trump's support fits better with the term ""loud minority"", based on the fact that neither did he win the popular vote in 2016 nor did he hit 50% in any live interview opinion poll throughout his first presidency.  Jay Caspian Kang argues that some politicians and analysts (Jim Clyburn, Chuck Rocha) feel the unexpected increase in support for Donald Trump among blacks and Latinos in the 2020 election reflects a new silent majority (including some non-whites) reacting against calls for defunding the police and the arrogance of  ""woke white consultants"".


== Later use outside the United States ==
""Silent majority"" was the name of a movement (officially called Anticommunist City Committee) active in Milan, Italy, from 1971 to 1974 and headed by the former monarchist partisan Adamo Degli Occhi, that expressed the hostility of the middle class to the 1968 movement. At the beginning it was of conservative tendency; later it moved more and more to the right, and in 1974 Degli Occhi was arrested because of his relationships with the terroristic movement Movimento di Azione Rivoluzionaria (MAR).
In 1975, in Portugal, then president António de Spínola used the term in confronting the more radical forces of post-revolutionary Portugal.
The phrase was also used by Quebec Premier Jean Charest during the 2012 Student Strike to refer to what he perceived as the majority of the Quebec voters supporting the tuition hikes.
The term was used by British Prime Minister David Cameron during the 2014 Scottish independence referendum; Cameron expressed his belief that most Scots opposed independence, while implicitly conceding they may not be as vocal as the people who support it.
In 2019, the Prime Minister of Australia, Scott Morrison, acknowledged the quiet Australians in his federal election victory speech.
In the face of rising opposition, the Hong Kong government often claims there is a silent majority that is too afraid to voice their support, and a group called ""Silent Majority for Hong Kong"" was set up in 2013 to counteract the Occupy Central with Love and Peace movement. In 2019, when the democratic movement became increasingly violent, the Carrie Lam administration and Beijing authorities appealed to the ""silent majority"" to dissociate themselves from the radical activists and to vote for the pro-government camp in the District Council elections, which were seen as a de facto referendum on the protests. However, with a record turnout of over 70%, the pro-democracy camp won 80% of overall seats and controlled 17 out of the 18 District Councils. A commentator of The New Statesman deduced that Hong Kong's true silent majority stood on the side of the democratic cause. Foreign Policy stated that Beijing had been confident of a huge pro-government victory as a result of a delusion created by its own propaganda.


== See also ==
1% rule
Bradley effect
Covert racism
Consensus decision-making
Democracy
Mainstream media
Majoritarianism
Majority rule
Pact of forgetting
Shy Tory Factor
Social desirability bias
Spiral of silence
The Forgotten People
The Quiet Australians
Visible minority


== References ==


== Further reading ==


== External links ==
 The dictionary definition of silent majority at Wiktionary","The silent majority that Richard Nixon referred to were older Americans, including World War II veterans, young people in the Midwest, West, and South who later served in Vietnam, and blue-collar white people who were part of the suburban, exurban, and rural middle class. They were seen as the majority of Americans who did not participate in public discourse or demonstrations, such as those against the Vietnam War.",The silent majority is an unspecified large majority of people in a country or group who do not express their opinions publicly.,0,0,supported,1.05268961934,-0.1830915809697682,-14.647326477581455,80,,0.7012443542480469,1.51559132958,2.63035877913,0.7988034613343002,5,0.97103845099,1.0,1.0,0.0,0.0,0.98388671875,0.003131389617919922,0.012812614440917969,0.5915705014176758,0.6437254104563295,0.8089658163201713,0.5131736523778971,0.5,abstain
Q2033_897,wikiqa,When was the Montgomery bill founded?,"A G.I. Bill is a colloquial name given to several pieces of legislation that have provided a range of benefits for American military veterans, particularly education benefits.
The first G.I. Bill, the Servicemen's Readjustment Act of 1944, was largely designed and passed through Congress in 1944 in a bipartisan effort led by the American Legion, which wanted to reward practically all wartime veterans. John H. Stelle, a former Democratic governor of Illinois, served as the Chairman of the Legion's Executive Committee, which drafted and mobilized public opinion to get the G.I. Bill to President Roosevelt's desk on June 22, 1944. He is commonly referred to as the ""Father of the G.I. Bill."" It provided immediate financial rewards for practically all World War II veterans, thereby avoiding the highly disputed postponed life insurance policy payout for World War I veterans that had caused political turmoil in the 1920s and 1930s. Benefits included low-cost mortgages, low-interest loans to start a business or farm, one year of unemployment compensation, and dedicated payments of tuition and living expenses to attend high school, college, or vocational school. These benefits were available to all veterans who had been on active duty during the war years for at least 90 days and had not been dishonorably discharged.

The original G.I. Bill ended in 1956, but subsequent bills have provided similar benefits for veterans since. The most recent iteration, the Post-9/11 Veterans Educational Assistance Act of 2008, provides veterans with funding for the full cost of any public college in their state. Other benefits, including medical coverage and home loans, are covered under separate legislation.


== History ==


=== Servicemember's Readjustment Act of 1944 ===

During World War II, politicians wanted to avoid the postwar confusion about veterans' benefits  that became a political football in the 1920s and 1930s.  Veterans' organizations that had formed after the First World War had millions of members; they mobilized support in Congress for a bill that provided benefits only to veterans of military service, including men and women. Ortiz says their efforts ""entrenched the VFW and the Legion as the twin pillars of the American veterans' lobby for decades.""
Harry W. Colmery, Republican National Committee chairman and a former National Commander of the American Legion, is credited with writing the first draft of the G.I. Bill. He reportedly jotted down his ideas on stationery and a napkin at the Mayflower Hotel in Washington, D.C.   A group of 8 from the Salem, Illinois American Legion have also been credited with recording their ideas for veteran benefits on napkins and paper. The group included Omar J. McMackin, Earl W. Merrit, Dr. Leonard W. Esper, George H. Bauer, William R. McCauley, James P. Ringley, A.L. Starshak and Illinois Governor, John Stelle who attended the signing ceremony with President Roosevelt.
U.S. Senator Ernest McFarland, (D) AZ, and National Commander of the American Legion Warren Atherton, (R) CA were actively involved in the bill's passage. Edith Nourse Rogers, (R) MA, who helped write and who co-sponsored the legislation, might be termed as the ""mother of the G.I. Bill"". As with Colmery, her contribution to writing and passing this legislation has been obscured by time.
The bill that President Roosevelt initially proposed had a means test—only poor veterans would get one year of funding; only top-scorers on a written exam would get four years of paid college. The American Legion proposal provided full benefits for all veterans, including women and minorities, regardless of their wealth.
On June 22, 1944, the Servicemen's Readjustment Act of 1944, commonly known as the G.I. Bill of Rights, was signed into law. Professor Edwin Amenta states:

Veterans benefits were a bargain for conservatives who feared increasingly high taxation and the extension of New Deal national government agencies.  Veterans benefits would go to a small group without long-term implications for others, and programs would be administered by the VA, diverting power from New Deal bureaucracies.  Such benefits were likely to hamper New Dealers in their attempts to win a postwar battle over a permanent system of social policy for everyone.
An important provision of the G.I. Bill was low interest, zero down payment home loans for servicemen, with more favorable terms for new construction compared to existing housing. This encouraged millions of American families to move out of urban apartments and into suburban homes.Another provision was known as the 52–20 clause for unemployment. Unemployed war veterans would receive $20 once a week for 52 weeks for up to one year while they were looking for work. Less than 20 percent of the money set aside for the 52–20 Club was distributed. Rather, most returning servicemen quickly found jobs or pursued higher education.
The recipients did not pay any income tax on the GI benefits, since they were not considered earned income.
The G.I. Bill received criticism for directing some funds to for-profit educational institutions. The G.I. Bill was racially discriminatory, as it was intended to accommodate Jim Crow laws. Due to the discrimination by local and state governments, as well as by private actors in housing and education, the G.I. Bill failed to benefit African Americans as it did with white Americans. Columbia University historian Ira Katznelson described the G.I. Bill as affirmative action for whites. The G.I. Bill has been criticized for increasing racial wealth disparities.
Most of the provisions in the World WarII-era G.I. Bill ended in 1956. A variety of benefits have been available to military veterans since the original bill, though the term ""G.I. Bill"" typically is used to refer specifically to education benefits.


=== Outside the United States ===
Canada operated a similar program for its World War II veterans, with a similarly beneficial economic impact.


=== Veterans Readjustment Assistance Act of 1952 ===
At the start of the Korean War, advocates pushed to extend the 1944 Servicemen's Readjustment Act to cover Korean war veterans. After two years of debate, an entirely new piece of legislation was passed by Harry Truman in 1952. The first GI Bill had spawned the creation of numerous low-quality vocational programs that specifically targeted veterans; the Korean War-era bill attempted to curtail this by only allowing benefits to be paid to institutions with at least 15% non-veteran enrollment. 
The Korean War-era legislation maintained the World War II-era bill's provisions for low-interest home loans and some unemployment insurance, though the amount of unemployment insurance was significantly reduced from the first bill. 


=== Veterans Readjustment Benefits Act of 1966 ===
The so-called ""Cold War G.I. Bill"" was authored by Ralph Yarborough, passed unanimously by both chambers of Congress, and signed into law by Lyndon P. Johnson in 1966.


=== Post-Vietnam Era Veterans' Educational Assistance (1976) ===
This iteration of the G.I. bill intended not only to compensate veterans for their service, but to reduce the need for another draft by attracting volunteers to the military. Often referred to as VEAP, the program required that veterans forfeit a portion of each paycheck into a fund, and the government matched each dollar paid into the fund with two dollars. Like previous iterations of the program, VEAP funds could be used for academic or vocational programs.
A greater percentage of Vietnam veterans used G.I. Bill education benefits (72 percent) than World War II veterans (49 percent) or Korean War veterans (43 percent).


=== Montgomery GI Bill (1984) ===
In 1984, former Mississippi Democratic Congressman Gillespie V. ""Sonny"" Montgomery sponsored a new G.I. Bill, which remains in effect today alongside other, newer programs. Active duty members pay $100 per month into the program for 12 months to receive 36 months of tuition after leaving the military. Benefits can be used for degree and certificate programs, flight training, apprenticeship/on-the-job training, and correspondence courses if the veteran was enrolled full-time. Part-time veteran students, reservists and members of the national guard receive reduced benefits. These benefits still exist, alongside the Post-9/11 G.I. Bill.


=== Post-9/11 GI Bill (2008) ===
Congress passed the current iteration of the program into law in recognition of the fact that ""service on active duty in the Armed Forces [had] been especially arduous for the members of the Armed Forces since September 11, 2001"" and with the goal of reducing high levels of unemployment among veterans.
This iteration of the program, signed into law in 2008 and put into effect in 2009, dramatically expanded education benefits. The bill provides partial benefits (under 36 months) to those who served less three years, and allows veterans to transfer their benefits to spouses or dependents. The program covers 100% of in-state tuition, or up to a certain amount for private college or vocational programs. Beneficiaries are also eligible for a monthly housing stipend on top of their tuition costs.
The Post-9/11 G.I. Bill is the most popular option for most veterans, though many are also entitled to benefits from other programs, including the Montgomery G.I. Bill. Congress estimates the program awards about $10 billion to around 600,000 individuals each year.


=== Litigation surrounding use of multiple benefits ===
In 2024, the United States Supreme Court ruled in Rudisill v. McDonough that veterans who accrue educational benefits under both the Montgomery and Post-9/11 G.I. Bills, by serving at least 1,185 days, may use either or both, and may use them in any order. A subsequent case, Perkins v. Collins, affirmed that this applied not only to veterans who served during two distinct enlistments, but to any veteran who served the requisite amount of time.


== Content ==
All veteran education programs are found in law in Title 38 of the United States Code.  Each specific program is found in its own Chapter in Title 38.


=== Chapter 30 (Montgomery GI Bill) ===
In 1984, former Mississippi Democratic Congressman Gillespie V. ""Sonny"" Montgomery revamped the G.I. Bill. From 1984 until 2008, this version of the law was called ""The Montgomery G.I. Bill"". The Montgomery GI Bill — Active Duty (MGIB) stated that active duty members had to forfeit $100 per month for 12 months; if they used the benefits, they received as of 2012 $1564 monthly as a full-time student (tiered at lower rates for less-than-full-time) for a maximum of 36 months of education benefits. This benefit could be used for both degree and certificate programs, flight training, apprenticeship/on-the-job training, and correspondence courses if the veteran was enrolled full-time. Part-time veteran students received less, but for a proportionately longer period. This meant that for every month the veteran received benefits at the half-time, the veteran's benefits were only charged for 1/2 of a month. Veterans from the reserve had different eligibility requirements and different rules on receiving benefits (see Ch. 1606, Ch. 1607 and Ch. 33). MGIB could also be used while active, which only reimbursed the cost of tuition and fees. Each service has additional educational benefit programs for active duty members. Most delay using MGIB benefits until after separation, discharge or retirement.


==== ""Buy-Up"" option ====
The ""Buy-Up"" option, allows active duty members to forfeit up to $600 more toward their MGIB. For every dollar the service member contributes, the federal government contributes $8.  Those who forfeit the maximum ($600) will receive, upon approval, an additional $150 per month for 36 months, or a total of $5400. This allows the veteran to receive $4,800 in additional funds ($5400 total minus the $600 contribution to receive it), but not until after leaving active duty (unless the tuition of a term is higher than the monthly MGIB rate would pay).  The additional contribution must be made while still on active duty. It is available for G.I. Bill recipients using either Ch. 30 or Ch. 1607, but cannot be extended beyond 36 months if a combination of G.I. Bill programs are used.  It will pay past 36 months of eligibility, by being paid to the end of the term where entitlement is exhausted.
The ""buy-up"" option is not to be confused with a ""kicker"".  A kicker is an additional payment as well, however it is a contractual incentive for specific jobs, and not an optional offering soldiers can pay into.


==== Time limit/eligibility ====
MGIB benefits may be used up to 10 years from the date of last discharge or release from active duty. The 10-year period can be extended by the amount of time a service member was prevented from training during that period because of a disability or because he/she was held by a foreign government or power.
The 10-year period can also be extended if one reenters active duty for 90 days or more after becoming eligible. The extension ends 10 years from the date of separation from the later period. Periods of active duty of fewer than 90 days qualify for extensions only if one was separated for one of the following:

A service-connected disability
A medical condition existing before active duty
Hardship
For those eligible based on two years of active duty and four years in the Selected Reserve (also known as ""call to service""), they have 10 years from their release from active duty, or 10 years from the completion of the four-year Selected Reserve obligation to use MGIB benefits.
At this time, service members cannot recoup any monies paid into the MGIB program should it not be utilized.


==== Top-up option ====
Service members may use GI bill in conjunction with Military Tuition Assistance (MilTA) to help with payments above the MilTA CAP. This will reduce the total benefit available once the member leaves service. Veterans Educational Assistance Improvements Act of 2010 (Public Law 111–377, January 4, 2011), Section 111, amended Title 38, U.S. Code, by adding section 3322(h), ""Bar to Duplication of Eligibility Based on a Single Event or Period of Service,"" which does not allow the Department of Veterans Affairs (VA) to establish eligibility for a Service Member under more than one education benefit. If a service member applies for Montgomery GI Bill benefits (such as the Top-up option to augment Tuition Assistance) and entered service on/after August 1, 2011, then they must incur a subsequent period of service to convert to the Post 9/11 GI Bill. If the service member cannot incur another period of service, they are not eligible to convert.  The VA considers a service member has elected a GI Bill upon submission of VA Form 22–1990.and VA approval and issues a Certificate of Eligibility.


==== Educational ====
College, business
Technical or vocational courses
Correspondence courses
Apprenticeship/job training
Flight training (usually limited to 60% for Ch. 30, see Ch. 33 for more flight information)
Under this bill, benefits may be used to pursue an undergraduate or graduate degree at a college or university, a cooperative training program, or an accredited independent study program leading to a degree.


=== Chapter 31 (Vocational Rehabilitation Program) ===
""Chapter 31"" is a vocational rehabilitation program that serves eligible active duty servicemembers and veterans with service-connected disabilities.  This program promotes the development of suitable, gainful employment by providing vocational and personal adjustment counseling, training assistance, a monthly subsistence allowance during active training, and employment assistance after training. Independent living services may also be provided to advance vocational potential for eventual job seekers, or to enhance the independence of eligible participants who are presently unable to work.
In order to receive an evaluation for Chapter 31 vocational rehabilitation and/or independent living services, those qualifying as a ""servicemember"" must have a memorandum service-connected disability rating of 20% or greater and apply for vocational rehabilitation services. Those qualifying as ""veterans"" must have received, or eventually receive, an honorable or other-than-dishonorable discharge, have a VA service-connected disability rating of 10% or more, and apply for services. Law provides for a 12-year basic period of eligibility in which services may be used, which begins on latter of separation from active military duty or the date the veteran was first notified of a service-connected disability rating. In general, participants have 48 months of program entitlement to complete an individual vocational rehabilitation plan. Participants deemed to have a ""serious employment handicap"" will generally be granted exemption from the 12-year eligibility period and may receive additional months of entitlement as necessary to complete approved plans.


=== Chapter 32 (Veterans Educational Assistance Program) ===
The Veterans Educational Assistance Program (VEAP) is available for those who first entered active duty between January 1, 1977, and June 30, 1985, and elected to make contributions from their military pay to participate in this education benefit program. Participants' contributions are matched on a $2 for $1 basis by the Government with a maximum allowable participant contribution of $2,700. (Maximum possible government contribution: $5,400. Maximum possible benefit: $8,100.) This benefit may be used for degree and certificate programs, flight training, apprenticeship/on-the-job training and correspondence courses.


=== Chapter 33 (Post-9/11) ===

Congress, in the summer of 2008, approved an expansion of benefits beyond the current G.I. Bill program for military veterans serving since the September 11 attacks originally proposed by Democratic Senator Jim Webb.  Beginning in August 2009, recipients became eligible for greatly expanded benefits, or the full cost of any public college in their state. The new bill also provides a housing allowance and $1,000 a year stipend for books, among other benefits.
The VA announced in September 2008 that it would manage the new benefit itself instead of hiring an outside contractor after protests by veteran's organizations and the American Federation of Government Employees. Veterans Affairs Secretary James B. Peake stated that although it was ""unfortunate that we will not have the technical expertise from the private sector,"" the VA ""can and will deliver the benefits program on time.""
In December 2010 Congress passed the Post-9/11 Veterans Education Assistance Improvements Act of 2010. The law, often referred to as G.I. Bill 2.0, expands eligibility for members of the National Guard to include time served on Title 32 or in the full-time Active Guard and Reserve (AGR). It does not, however, cover members of the Coast Guard Reserve who have served under Title 14 orders performing duties comparable to those performed by National Guard personnel under Title 32 orders.
The 2010 law also includes enrollment periods. In this case if the veteran is full-time, and the maximum BAH rate is $1500 per month, then the veteran will receive (13/30)x$1500 = $650 for the end of the first period of enrollment, then the veteran will receive (10/30)x$1500 = $500 for the beginning of the second period of enrollment. Effectively, the change in break-pay means the veteran will receive $1150 per month for August instead of $1500 per month. This has a significant impact in December - January BAH payments since most Colleges have 2-4 week breaks.
Another change enables active-duty servicemembers and their G.I. Bill-eligible spouses to receive the annual $1,000 book stipend (pro-rated for their rate of pursuit), adds several vocational, certification and OJT options, and removes the state-by-state tuition caps for veterans enrolled at publicly funded colleges and universities.
Changes to Ch. 33 also includes a new $17,500 annual cap on tuition and fees coverage for veterans attending private colleges and foreign colleges and universities.


=== Chapter 34 (Vietnam Era G.I. Bill) ===
The Vietnam Era G.I. Bill provided educational assistance for service members serving on Active Duty for more than 180 days with any portion of that time falling between January 31, 1955, and January 1, 1977.  To be eligible, service members must have been discharged under conditions other than dishonorable.  There was no service member contribution for this program like Chapter 30 or 32.  This program was sunset on December 31, 1989.


=== Chapter 35 (Survivors' and Dependents' Educational Assistance Program) ===
The Survivors' and Dependents' Educational Assistance (DEA) Program delivers education and training advantages to dependents from eligible resources to veterans who have either have a terminal illness due to a service-related condition, or who were called to active duty or had a disability related to serving in the American forces in the United States. That program gives around 50 months of education benefits. However, there are still more opportunities. The benefits may be used for degree and certificate programs, apprenticeship, and on the job training. Spouses of veterans and former spouses are offered free courses occasionally.


=== Chapter 1606 (Montgomery GI Bill- Selective Reserve) ===
The Montgomery G.I. Bill — Selected Reserve (MGIB-SR) program may be available to members of the
Selected Reserve, including all military branch reserve components as well as the Army National Guard and Air National Guard. This benefit may be used for degree and certificate programs, flight training, apprenticeship/on-the-job training and correspondence courses.


=== Chapter 1607 (Reserve Educational Assistance Program) ===

The Reserve Educational Assistance Program (REAP) was available to all reservists who, after September 11, 2001, complete 90 days or more of active duty service ""in support of contingency operations."" This benefit provided reservists return from active duty with up to 80% of the active duty (Chapter 30) G.I. Bill benefits as long as they remained active participants in the reserves.  Chapter 1607 was sunset on November 25, 2019, to make way for the Post 9/11 G.I. Bill.


== MGIB comparison chart ==


== Other legal safeguards ==
The State of California has an 85-15 rule that aims to prevent predatory for-profit colleges and ""fly-by-night schools"" from targeting veterans.
In 2012, President Barack Obama issued Executive Order 13607 to ensure that military service members, veterans, and their families would not be aggressively targeted by sub-prime colleges.


== GI Bill comparison tool and college choice ==
The Department of Veterans Affairs maintains a website for veterans to compare colleges that use the GI Bill, in order to use their educational benefits wisely.
The VA also has a GI Bill feedback system for veterans to lodge their complaints about schools they are attending.


== See also ==
Social history of soldiers and veterans in the United States


== References ==


== Further reading ==


== External links ==
Official

Official website 
GI Bill Comparison Tool
General information

The American Legion's MyGIBill.org Archived December 9, 2011, at the Wayback Machine
Education Benefits Available by States
Guide to the GI Bill Oral Histories 2003-2004",The Montgomery bill was founded in 1984.,"The Servicemen's Readjustment Act of 1944 (P.L. 78-346, 58 Stat. 284m), known informally as the G.I. Bill, was a law that provided a range of benefits for returning World War II veterans (commonly referred to as G.I.s ).",0,0,supported,-0.0541892156172,-0.05516248412865815,-0.6619498095438978,12,,0.7953062057495117,0.864292437257,0.995385723094,0.9314409415959071,2,-1.94242119638,0.0,0.0,0.0,1.0,0.00040435791015625,0.0002541542053222656,0.99951171875,0.5314461437856317,0.6298203388410958,0.7950663837241614,0.5131736523778971,0.5,abstain
