{
  "validation_fit_only": true,
  "methods": {
    "raw": {
      "fit": {},
      "val_metrics": {
        "ece": 0.07367599830710185,
        "brier": 0.1500735717429245,
        "nll": 0.4720139858613264
      },
      "test_metrics": {
        "ece": 0.08842830100944717,
        "brier": 0.17574301827121916,
        "nll": 0.5275470487908326
      }
    },
    "temperature_scaling": {
      "fit": {
        "temperature": 0.8890981395121386
      },
      "val_metrics": {
        "ece": 0.07930432309823511,
        "brier": 0.14977701723051837,
        "nll": 0.4699586728923471
      },
      "test_metrics": {
        "ece": 0.07924482495352662,
        "brier": 0.17810201440097917,
        "nll": 0.5330295167698301
      }
    },
    "platt_scaling": {
      "fit": {
        "coef": 1.2077927710554466,
        "intercept": 0.1471785748902061
      },
      "val_metrics": {
        "ece": 0.06234699479156842,
        "brier": 0.14957846986784643,
        "nll": 0.4692314975286486
      },
      "test_metrics": {
        "ece": 0.1016348542266511,
        "brier": 0.17732983276038772,
        "nll": 0.5302730140324916
      }
    },
    "isotonic_regression": {
      "fit": {
        "num_thresholds": 13
      },
      "val_metrics": {
        "ece": 1.9927079929169475e-18,
        "brier": 0.13831787831787834,
        "nll": 0.42636219473450837
      },
      "test_metrics": {
        "ece": 0.07249835710857908,
        "brier": 0.16561211517335847,
        "nll": 0.4966323801650228
      }
    }
  }
}