{
  "feature_columns": [
    "mean_token_nll",
    "self_consistency_disagreement",
    "semantic_entropy",
    "groundedness_score"
  ],
  "train_rows": 909,
  "val_rows": 195,
  "test_rows": 196,
  "logistic_regression": {
    "hyperparameters": {
      "C": 1.0,
      "max_iter": 1000,
      "solver": "liblinear"
    },
    "intercept": -1.419788009075841,
    "coefficients": {
      "mean_token_nll": -0.4159093072802226,
      "self_consistency_disagreement": 0.1874358920651863,
      "semantic_entropy": -0.03972737732189376,
      "groundedness_score": -0.2911147179824011
    },
    "train_metrics": {
      "auroc": 0.6662759444527401,
      "auprc": 0.31497314172549146,
      "accuracy": 0.7964796479647965,
      "precision": 0.5,
      "recall": 0.010810810810810811,
      "f1": 0.021164021164021163,
      "positive_rate_at_threshold": 0.0044004400440044
    },
    "val_metrics": {
      "auroc": 0.6768354006034194,
      "auprc": 0.3127748051497808,
      "accuracy": 0.8102564102564103,
      "precision": 1.0,
      "recall": 0.02631578947368421,
      "f1": 0.05128205128205128,
      "positive_rate_at_threshold": 0.005128205128205128
    },
    "test_metrics": {
      "auroc": 0.6901328002284735,
      "auprc": 0.3409336229834824,
      "accuracy": 0.7602040816326531,
      "precision": 0.0,
      "recall": 0.0,
      "f1": 0.0,
      "positive_rate_at_threshold": 0.0
    }
  },
  "manual_weighted_ablation": {
    "weights": {
      "mean_token_nll": 0.1,
      "self_consistency_disagreement": 0.2,
      "semantic_entropy": 0.3,
      "groundedness_score": -0.4
    },
    "train_metrics": {
      "auroc": 0.44093624010751087,
      "auprc": 0.24789483410079338,
      "accuracy": 0.5478547854785478,
      "precision": 0.18956043956043955,
      "recall": 0.372972972972973,
      "f1": 0.25136612021857924,
      "positive_rate_at_threshold": 0.4004400440044004
    },
    "val_metrics": {
      "auroc": 0.4091518605430774,
      "auprc": 0.21584348602177353,
      "accuracy": 0.5128205128205128,
      "precision": 0.13924050632911392,
      "recall": 0.2894736842105263,
      "f1": 0.18803418803418803,
      "positive_rate_at_threshold": 0.40512820512820513
    },
    "test_metrics": {
      "auroc": 0.3065828930458375,
      "auprc": 0.19472496013974194,
      "accuracy": 0.42857142857142855,
      "precision": 0.10843373493975904,
      "recall": 0.19148936170212766,
      "f1": 0.13846153846153847,
      "positive_rate_at_threshold": 0.42346938775510207
    }
  },
  "hyperparameter_tuning": {
    "selection_metric": "validation_f1",
    "c_grid": [
      0.01,
      0.1,
      1.0,
      10.0,
      100.0
    ],
    "class_weight_grid": [
      "none",
      "balanced"
    ],
    "num_trials": 10,
    "best_trial": {
      "C": 0.1,
      "class_weight": "none",
      "selected_threshold": 0.2244614478200118,
      "coefficients": {
        "mean_token_nll": -0.3388288259997837,
        "self_consistency_disagreement": 0.16399777604599086,
        "semantic_entropy": -0.05613460548823587,
        "groundedness_score": -0.26474179114562596
      },
      "intercept": -1.324473523731605,
      "train_metrics": {
        "auroc": 0.66556667164402,
        "auprc": 0.31351112849408613,
        "accuracy": 0.6391639163916392,
        "precision": 0.32935560859188545,
        "recall": 0.745945945945946,
        "f1": 0.45695364238410596,
        "positive_rate_at_threshold": 0.46094609460946095
      },
      "val_metrics": {
        "auroc": 0.6758297016426417,
        "auprc": 0.3112122356645445,
        "accuracy": 0.6615384615384615,
        "precision": 0.32926829268292684,
        "recall": 0.7105263157894737,
        "f1": 0.45,
        "positive_rate_at_threshold": 0.4205128205128205
      },
      "test_metrics": {
        "auroc": 0.6927031272311867,
        "auprc": 0.3433995001509075,
        "accuracy": 0.6836734693877551,
        "precision": 0.40963855421686746,
        "recall": 0.723404255319149,
        "f1": 0.5230769230769231,
        "positive_rate_at_threshold": 0.42346938775510207
      }
    },
    "all_trials": [
      {
        "C": 0.01,
        "class_weight": "none",
        "selected_threshold": 0.30376933872177103,
        "coefficients": {
          "mean_token_nll": -0.14757602434384107,
          "self_consistency_disagreement": 0.07881237725153556,
          "semantic_entropy": -0.055887422893463864,
          "groundedness_score": -0.1548376281442032
        },
        "intercept": -0.8639002600349595,
        "train_metrics": {
          "auroc": 0.6594445274003286,
          "auprc": 0.3090674619277502,
          "accuracy": 0.6380638063806381,
          "precision": 0.3269230769230769,
          "recall": 0.7351351351351352,
          "f1": 0.4525790349417637,
          "positive_rate_at_threshold": 0.45764576457645767
        },
        "val_metrics": {
          "auroc": 0.6637613141133087,
          "auprc": 0.30502741838643943,
          "accuracy": 0.6512820512820513,
          "precision": 0.32142857142857145,
          "recall": 0.7105263157894737,
          "f1": 0.4426229508196721,
          "positive_rate_at_threshold": 0.4307692307692308
        },
        "test_metrics": {
          "auroc": 0.6888476367271169,
          "auprc": 0.3424052328616347,
          "accuracy": 0.6683673469387755,
          "precision": 0.3875,
          "recall": 0.6595744680851063,
          "f1": 0.4881889763779528,
          "positive_rate_at_threshold": 0.40816326530612246
        }
      },
      {
        "C": 0.01,
        "class_weight": "balanced",
        "selected_threshold": 0.5068351705155113,
        "coefficients": {
          "mean_token_nll": -0.21592388194205422,
          "self_consistency_disagreement": 0.09773383611601001,
          "semantic_entropy": -0.06701957130754295,
          "groundedness_score": -0.21297178716677906
        },
        "intercept": -0.028224853299967087,
        "train_metrics": {
          "auroc": 0.6626325220247873,
          "auprc": 0.3079450215300566,
          "accuracy": 0.6468646864686468,
          "precision": 0.3333333333333333,
          "recall": 0.7351351351351352,
          "f1": 0.45868465430016864,
          "positive_rate_at_threshold": 0.44884488448844884
        },
        "val_metrics": {
          "auroc": 0.666275561515253,
          "auprc": 0.3052044694435979,
          "accuracy": 0.6564102564102564,
          "precision": 0.3253012048192771,
          "recall": 0.7105263157894737,
          "f1": 0.4462809917355372,
          "positive_rate_at_threshold": 0.4256410256410256
        },
        "test_metrics": {
          "auroc": 0.6935599028987577,
          "auprc": 0.3477483645649313,
          "accuracy": 0.6683673469387755,
          "precision": 0.38461538461538464,
          "recall": 0.6382978723404256,
          "f1": 0.48,
          "positive_rate_at_threshold": 0.3979591836734694
        }
      },
      {
        "C": 0.1,
        "class_weight": "none",
        "selected_threshold": 0.2244614478200118,
        "coefficients": {
          "mean_token_nll": -0.3388288259997837,
          "self_consistency_disagreement": 0.16399777604599086,
          "semantic_entropy": -0.05613460548823587,
          "groundedness_score": -0.26474179114562596
        },
        "intercept": -1.324473523731605,
        "train_metrics": {
          "auroc": 0.66556667164402,
          "auprc": 0.31351112849408613,
          "accuracy": 0.6391639163916392,
          "precision": 0.32935560859188545,
          "recall": 0.745945945945946,
          "f1": 0.45695364238410596,
          "positive_rate_at_threshold": 0.46094609460946095
        },
        "val_metrics": {
          "auroc": 0.6758297016426417,
          "auprc": 0.3112122356645445,
          "accuracy": 0.6615384615384615,
          "precision": 0.32926829268292684,
          "recall": 0.7105263157894737,
          "f1": 0.45,