example_id,dataset_name,question,context,served_answer,ground_truth_answer,ground_truth_label,judge_binary_label,judge_label,mean_token_nll,mean_token_logprob,sum_token_logprob,num_scored_tokens,mean_next_token_entropy,self_consistency_score,self_consistency_disagreement,semantic_entropy,normalized_semantic_entropy,num_semantic_clusters,groundedness_score,discrete_groundedness_score,entailed_fraction,contradicted_fraction,neutral_fraction,mean_entailment,mean_contradiction,mean_neutral,raw_logit,raw_risk,calibrated_risk,frozen_risk_threshold,classification_threshold_for_metrics,keep_decision
Q1672_866,wikiqa,what are leaf lobe,"A leaf (pl.: leaves) is a principal appendage of the stem of a vascular plant, usually borne laterally above ground and specialized for photosynthesis. Leaves are collectively called foliage, as in ""autumn foliage"", while the leaves, stem, flower, and fruit collectively form the shoot system. In most leaves, the primary photosynthetic tissue is the palisade mesophyll and is located on the upper side of the blade or lamina of the leaf, but in some species, including the mature foliage of Eucalyptus, palisade mesophyll is present on both sides and the leaves are said to be isobilateral. The leaf is an integral part of the stem system, and most leaves are flattened and have distinct upper (adaxial) and lower (abaxial) surfaces that differ in color, hairiness, the number of stomata (pores that intake and output gases), the amount and structure of epicuticular wax, and other features. Leaves are mostly green in color due to the presence of a compound called chlorophyll, which is essential for photosynthesis as it absorbs light energy from the Sun. A leaf with lighter-colored or white patches or edges is called a variegated leaf.
Leaves vary in shape, size, texture and color, depending on the species. The broad, flat leaves with complex venation of flowering plants are known as megaphylls and the species that bear them (the majority) as broad-leaved or megaphyllous plants, which also include acrogymnosperms and ferns. In the lycopods, with different evolutionary origins, the leaves are simple (with only a single vein) and are known as microphylls. Some leaves, such as bulb scales, are not above ground. In many aquatic species, the leaves are submerged in water. Succulent plants often have thick juicy leaves, but some leaves are without major photosynthetic function and may be dead at maturity, as in some cataphylls and spines. Furthermore, several kinds of leaf-like structures found in vascular plants are not totally homologous with them. Examples include flattened plant stems called phylloclades and cladodes, and flattened leaf stems called phyllodes that differ from leaves both in their structure and origin. Some structures of non-vascular plants look and function much like leaves. Examples include the phyllids of mosses and liverworts.


== General characteristics ==

Leaves are the most important organs of most vascular plants. Green plants are autotrophic, meaning that they do not obtain food from other living things but instead create their own food by photosynthesis. They capture the energy in sunlight and use it to make simple sugars, such as glucose and sucrose, from carbon dioxide (CO2) and water. The sugars are then stored as starch, further processed by chemical synthesis into more complex organic molecules such as proteins or cellulose, the basic structural material in plant cell walls, or metabolized by cellular respiration to provide chemical energy to run cellular processes. The leaves draw water from the ground in the transpiration stream through a vascular conducting system known as xylem and obtain carbon dioxide from the atmosphere by diffusion through openings called stomata in the outer covering layer of the leaf (epidermis), while leaves are orientated to maximize their exposure to sunlight. Once sugar has been synthesized, it needs to be transported to areas of active growth such as the shoots and roots. Vascular plants transport sucrose in a special tissue called the phloem. The phloem and xylem are parallel to each other, but the transport of materials is usually in opposite directions. Within the leaf these vascular systems branch (ramify) to form veins that supply as much of the leaf as possible, ensuring that cells carrying out photosynthesis are close to the transportation system.
Typically leaves are broad, flat and thin (dorsiventrally flattened), thereby maximizing the surface area directly exposed to light and enabling the light to penetrate the tissues and reach the chloroplasts, thus promoting photosynthesis. They are arranged on the plant so as to expose their surfaces to light as efficiently as possible without shading each other, but there are many exceptions and complications. For instance, plants adapted to windy conditions may have pendent leaves, such as in many willows and eucalypts. The flat, or laminar, shape also maximizes thermal contact with the surrounding air, promoting cooling. Functionally, in addition to carrying out photosynthesis, the leaf is the principal site of transpiration, providing the energy required to draw the transpiration stream up from the roots, and guttation.
Many conifers have thin needle-like or scale-like leaves that can be advantageous in cold climates with frequent snow and frost. These are interpreted as reduced from megaphyllous leaves of their Devonian ancestors. Some leaf forms are adapted to modulate the amount of light they absorb to avoid or mitigate excessive heat, ultraviolet damage, or desiccation, or to sacrifice light-absorption efficiency in favor of protection from herbivory. For xerophytes the major constraint is not light flux or intensity, but drought. Some window plants such as Fenestraria species and some Haworthia species such as Haworthia tesselata and Haworthia truncata are examples of xerophytes.
Leaves function to store chemical energy and water (especially in succulents) and may become specialized organs serving other functions, such as tendrils of peas and other legumes, the protective spines of cacti, and the insect traps in carnivorous plants such as Nepenthes and Sarracenia. Leaves are the fundamental structural units from which cones are constructed in gymnosperms (each cone scale is a modified megaphyll leaf known as a sporophyll) and from which flowers are constructed in flowering plants.

The internal organization of most kinds of leaves has evolved to maximize exposure of the photosynthetic organelles (chloroplasts) to light and to increase the absorption of CO2 while at the same time controlling water loss. Their surfaces are waterproofed by the plant cuticle, and gas exchange between the mesophyll cells and the atmosphere is controlled by minute (length and width measured in tens of μm) stomata that open or close to regulate the rate exchange of CO2, oxygen (O2), and water vapor into and out of the internal intercellular space system. Stomatal opening is controlled by the turgor pressure in a pair of guard cells that surround the stomatal aperture. In any square centimeter of a plant leaf, there may be from 1,000 to 100,000 stomata.

The shape and structure of leaves vary considerably from species to species of plant, depending largely on their adaptation to climate and available light, but also to other factors such as grazing animals, available nutrients, and ecological competition from other plants. Considerable changes in leaf type occur within species, too, for example as a plant matures (Eucalyptus species commonly have isobilateral, pendent leaves when mature and dominating their neighbors; however, such trees tend to have erect or horizontal dorsiventral leaves as seedlings, when their growth is limited by the available light.) Other factors include the need to balance water loss at high temperature and low humidity against the need to absorb CO2. In most plants, leaves also are the primary organs responsible for transpiration and guttation (beads of fluid forming at leaf margins). 
Leaves can also store food and water and are modified accordingly to meet these functions, for example in the leaves of succulent plants and in bulb scales. The concentration of photosynthetic structures in leaves requires that they be richer in protein, minerals, and sugars than, say, woody stem tissues. Accordingly, leaves are prominent in the diet of many animals. Correspondingly, leaves represent heavy investment on the part of the plants bearing them, and their retention or disposition are the subject of elaborate strategies for dealing with pest pressures, seasonal conditions, and protective measures such as the growth of thorns and the production of phytoliths, lignins, tannins and poisons.
Deciduous plants in cold temperate regions typically shed their leaves in autumn, whereas in areas with a severe dry season, some plants may shed their leaves until the dry season ends. In either case, the shed leaves often contribute their retained nutrients to the soil where they fall. In contrast, many other non-seasonal plants, such as palms and conifers, retain their leaves for long periods; Welwitschia retains its two main leaves throughout a lifetime that may exceed a thousand years.
The leaf-like organs of bryophytes (e.g., mosses and liverworts), known as phyllids, differ greatly morphologically from the leaves of vascular plants. In most cases, they lack vascular tissue, are a single cell thick and have no cuticle, stomata, or internal system of intercellular spaces. (The phyllids of the moss family Polytrichaceae are notable exceptions.) The phyllids of bryophytes are only present on the gametophytes, while in contrast the leaves of vascular plants are only present on the sporophytes. These can further develop into either vegetative or reproductive structures.
Simple, vascularized leaves (microphylls), such as those of the early Devonian lycopsid Baragwanathia, first evolved as enations, extensions of the stem. True leaves or euphylls of larger size and with more complex venation did not become widespread in other groups until the Devonian period, by which time the carbon dioxide concentration in the atmosphere had dropped significantly. This occurred independently in several separate lineages of vascular plants, in progymnosperms like Archaeopteris, in Sphenopsida, ferns and later in the gymnosperms and angiosperms. Euphylls are also referred to as macrophylls or megaphylls (large leaves).


== Morphology ==

A structurally complete leaf of an angiosperm consists of a petiole (leaf stalk, called a stipe in ferns), a lamina (leaf blade), stipules (small structures located to either side of the base of the petiole) and a sheath. Not every species produces leaves with all of these structural components. The lamina is the expanded, flat component of the leaf that contains the chloroplasts. The sheath is a structure at the base that fully or partially wraps around the stem, above the node where the leaf is attached. Leaf sheathes typically occur in Poaceae (grasses), Apiaceae (umbellifers), and many palms. Between the sheath and the lamina, there may be a pseudopetiole, a petiole like structure. Pseudopetioles occur in some monocotyledons including bananas, palms and bamboos. Stipules may be conspicuous (e.g. beans and roses), soon falling or otherwise not obvious as in Moraceae or absent altogether as in the Magnoliaceae. A petiole may be absent (apetiolate), or the blade may not be laminar (flattened). The petiole mechanically links the leaf to the plant and provides the route for transfer of water and sugars to and from the leaf. The lamina is typically the location of the majority of photosynthesis. The upper (adaxial) angle between a leaf and a stem is known as the axil of the leaf. It is often the location of a bud. Structures located there are called ""axillary"".

External leaf characteristics, such as shape, margin, hairs, the petiole, and the presence of stipules and glands, are frequently important for identifying plants to family, genus or species levels, and botanists have developed a rich terminology for describing leaf characteristics. Leaves almost always have determinate growth. They grow to a specific pattern and shape and then stop. Other plant parts like stems or roots have non-determinate growth, and usually continue to grow as long as they have the resources to do so.

The type of leaf is usually characteristic of a species (monomorphic), although some species produce more than one type of leaf (dimorphic or polymorphic). The longest leaves are those of the Raffia palm (Raphia regalis), which may be up to 25 m (82 ft) long and 3 m (9.8 ft) wide. The terminology associated with the description of leaf morphology is presented, in illustrated form, at Wikibooks.

Where leaves are basal, and lie on the ground, they are referred to as prostrate.


=== Basic leaf types ===

Perennial plants whose leaves are shed annually are said to have deciduous leaves, while leaves that remain through winter are evergreens. Leaves attached to stems by stalks (known as petioles) are called petiolate, and if attached directly to the stem with no petiole they are called sessile.

Ferns have fronds.
Conifer leaves are typically needle- or awl-shaped or scale-like; they are usually evergreen but can sometimes be deciduous. Usually, they have a single vein.
The standard form of flowering plants (angiosperm) includes stipules, a petiole, and a lamina.
Lycophytes have microphylls.
Sheath leaves are the type found in most grasses and many other monocots.
Other specialized leaves include those of Nepenthes, a pitcher plant.
Dicot leaves have blades with pinnate venation (where major veins diverge from one large mid-vein and have smaller connecting networks between them). Less commonly, dicot leaf blades may have palmate venation (several large veins diverging from petiole to leaf edges). Finally, some exhibit parallel venation. Monocot leaves in temperate climates usually have narrow blades and usually parallel venation converging at leaf tips or edges. Some also have pinnate venation.


=== Arrangement on the stem ===

The arrangement of leaves on the stem is known as phyllotaxis. A large variety of phyllotactic patterns occur in nature:

Alternate
One leaf, branch, or flower part attaches at each point or node on the stem, and leaves alternate direction—to a greater or lesser degree—along the stem.
Basal
Arising from the base of the plant.
Cauline
Attached to the aerial stem.
Opposite
Two leaves, branches, or flower parts attach at each point or node on the stem. Leaf attachments are paired at each node.
Decussate
An opposite arrangement in which each successive pair is rotated 90° from the previous.
Whorled, or verticillate
Three or more leaves, branches, or flower parts attach at each point or node on the stem. As with opposite leaves, successive whorls may or may not be decussate, rotated by half the angle between the leaves in the whorl (i.e., successive whorls of three rotated 60°, whorls of four rotated 45°, etc.). Opposite leaves may appear whorled near the tip of the stem. Pseudoverticillate describes an arrangement only appearing whorled, but not actually so.
Rosulate
Leaves form a rosette.
Rows
The term distichous literally means two rows. Leaves in this arrangement may be alternate or opposite in their attachment. The term 2-ranked is equivalent. The terms tristichous and tetrastichous are sometimes encountered. For example, the ""leaves"" (actually microphylls) of most species of Selaginella are tetrastichous but not decussate.
In the simplest mathematical models of phyllotaxis, the apex of the stem is represented as a circle. Each new node is formed at the apex, and it is rotated by a constant angle from the previous node. This angle is called the divergence angle. The number of leaves that grow from a node depends on the plant species. When a single leaf grows from each node, and when the stem is held straight, the leaves form a helix.
The divergence angle is often represented as a fraction of a full rotation around the stem. A rotation fraction of 1/2 (a divergence angle of 180°) produces an alternate arrangement, such as in Gasteria or the fan-aloe Kumara plicatilis. Rotation fractions of 1/3 (divergence angles of 120°) occur in beech and hazel. Oak and apricot rotate by 2/5, sunflowers, poplar, and pear by 3/8, and in willow and almond the fraction is 5/13. These arrangements are periodic. The denominator of the rotation fraction indicates the number of leaves in one period, while the numerator indicates the number of complete turns or gyres made in one period. For example:

180° (or 1⁄2): two leaves in one circle (alternate leaves)
120° (or 1⁄3): three leaves in one circle
144° (or 2⁄5): five leaves in two gyres
135° (or 3⁄8): eight leaves in three gyres.
Most divergence angles are related to the sequence of Fibonacci numbers Fn. This sequence begins 1, 1, 2, 3, 5, 8, 13; each term is the sum of the previous two. Rotation fractions are often quotients Fn / Fn + 2 of a Fibonacci number by the number two terms later in the sequence. This is the case for the fractions 1/2, 1/3, 2/5, 3/8, and 5/13. The ratio between successive Fibonacci numbers tends to the golden ratio φ = (1 + √5)/2. When a circle is divided into two arcs whose lengths are in the ratio 1:φ, the angle formed by the smaller arc is the golden angle, which is 1/φ2 × 360° ≈ 137.5°. Because of this, many divergence angles are approximately 137.5°. In plants where a pair of opposite leaves grows from each node, the leaves form a double helix. If the nodes do not rotate (a rotation fraction of zero and a divergence angle of 0°), the two helices become a pair of parallel lines, creating a distichous arrangement as in maple or olive trees. More common in a decussate pattern, in which each node rotates by 1/4 (90°) as in the herb basil. The leaves of tricussate plants such as Nerium oleander form a triple helix. The leaves of some plants do not form helices. In some plants, the divergence angle changes as the plant grows. In orixate phyllotaxis, named after Orixa japonica, the divergence angle is not constant. Instead, it is periodic and follows the sequence 180°, 90°, 180°, 270°.


=== Divisions of the blade ===

Two basic forms of leaves can be described considering the way the blade (lamina) is divided. A simple leaf has an undivided blade. However, the leaf may be dissected to form lobes, but the gaps between lobes do not reach to the main vein. A compound leaf has a fully subdivided blade, each leaflet of the blade being separated along a main or secondary vein. The leaflets may have petiolules and stipels, the equivalents of the petioles and stipules of leaves. Because each leaflet can appear to be a simple leaf, it is important to recognize where the petiole occurs to identify a compound leaf. Compound leaves are a characteristic of some families of higher plants, such as the Fabaceae. The middle vein of a compound leaf or a frond, when it is present, is called a rachis.

Palmately compound
The leaflets all have a common point of attachment at the end of the petiole, radiating like fingers of a hand; for example, Cannabis (hemp) and Aesculus (buckeyes).
Pinnately compound
Leaflets are arranged either side of the main axis, or rachis.
Odd pinnateWith a terminal leaflet; for example, Fraxinus (ash).Even pinnateLacking a terminal leaflet; for example, Swietenia (mahogany). A specific type of even pinnate is bifoliolate, where leaves only consist of two leaflets; for example, Hymenaea.
Bipinnately compound
Leaves are twice divided: the leaflets (technically ""subleaflets"") are arranged along a secondary axis that is one of several branching off the rachis. Each leaflet is called a pinnule. The group of pinnules on each secondary vein forms a pinna; for example, Albizia (silk tree).
Trifoliate (or trifoliolate)
A pinnate leaf with just three leaflets; for example, Trifolium (clover), Laburnum (laburnum), and some species of Toxicodendron (for instance, poison ivy).
Pinnatifid
Pinnately dissected to the central vein, but with the leaflets not entirely separate; for example, Polypodium, some Sorbus (whitebeams). In pinnately veined leaves the central vein is known as the midrib.


=== Characteristics of the petiole ===

Leaves that have a petiole (leaf stalk) are said to be petiolate. Sessile (epetiolate) leaves have no petiole, and the blade attaches directly to the stem. Subpetiolate leaves are nearly petiolate or have an extremely short petiole and may appear to be sessile. In clasping or decurrent leaves, the blade partially surrounds the stem. When the leaf base completely surrounds the stem, the leaves are said to be perfoliate, such as in Eupatorium perfoliatum. In peltate leaves, the petiole attaches to the blade inside the blade margin. In some Acacia species, such as the koa tree (Acacia koa), the petioles are expanded or broadened and function like leaf blades; these are called phyllodes. There may or may not be normal pinnate leaves at the tip of the phyllode. A stipule, present on the leaves of many dicotyledons, is an appendage on each side at the base of the petiole, resembling a small leaf. Stipules may be lasting and not be shed (a stipulate leaf, such as in roses and beans), or be shed as the leaf expands, leaving a stipule scar on the twig (an exstipulate leaf). The situation, arrangement, and structure of the stipules is called the ""stipulation"".

Free, lateral
As in Hibiscus.
Adnate
Fused to the petiole base, as in Rosa.
Ochreate
Provided with ochrea, or sheath-formed stipules, as in Polygonaceae; e.g., rhubarb.
Encircling the petiole base

InterpetiolarBetween the petioles of two opposite leaves, as in Rubiaceae.IntrapetiolarBetween the petiole and the subtending stem, as in Malpighiaceae.


=== Veins ===

Veins (sometimes referred to as nerves) constitute one of the most visible features of leaves. The veins in a leaf represent the vascular structure of the organ, extending into the leaf via the petiole and providing transportation of water and nutrients between leaf and stem, and play a crucial role in the maintenance of leaf water status and photosynthetic capacity. They also play a role in the mechanical support of the leaf. Within the lamina of the leaf, while some vascular plants possess only a single vein, in most this vasculature generally divides (ramifies) according to a variety of patterns (venation) and form cylindrical bundles, usually lying in the median plane of the mesophyll, between the two layers of epidermis. This pattern is often specific to taxa, and of which angiosperms possess two main types, parallel and reticulate (net like). In general, parallel venation is typical of monocots, while reticulate is more typical of eudicots and magnoliids (""dicots""), though there are many exceptions.
The vein or veins entering the leaf from the petiole are called primary or first-order veins. The veins branching from these are secondary or second-order veins. These primary and secondary veins are considered major veins or lower order veins, though some authors include third order. Each subsequent branching is sequentially numbered, and these are the higher order veins, each branching being associated with a narrower vein diameter. 
In parallel veined leaves, the primary veins run parallel and equidistant to each other for most of the length of the leaf and then converge or fuse (anastomose) toward the apex. Usually, many smaller minor veins interconnect these primary veins but may terminate with fine vein endings in the mesophyll. Minor veins are more typical of angiosperms, which may have as many as four higher orders. 
In contrast, leaves with reticulate venation have a single (sometimes more) primary vein in the center of the leaf, referred to as the midrib or costa, which is continuous with the vasculature of the petiole. The secondary veins, also known as second order veins or lateral veins, branch off from the midrib and extend toward the leaf margins. These often terminate in a hydathode, a secretory organ, at the margin. In turn, smaller veins branch from the secondary veins, known as tertiary or third order (or higher order) veins, forming a dense reticulate pattern. The areas or islands of mesophyll lying between the higher order veins, are called areoles. Some of the smallest veins (veinlets) may have their endings in the areoles, a process known as areolation. These minor veins act as the sites of exchange between the mesophyll and the plant's vascular system. Thus, minor veins collect the products of photosynthesis (photosynthate) from the cells where it takes place, while major veins are responsible for its transport outside of the leaf. At the same time water is being transported in the opposite direction.
The number of vein endings is variable, as is whether second order veins end at the margin, or link back to other veins. There are many elaborate variations on the patterns that the leaf veins form, and these have functional implications. Of these, angiosperms have the greatest diversity. Within these the major veins function as the support and distribution network for leaves and are correlated with leaf shape. For instance, the parallel venation found in most monocots correlates with their elongated leaf shape and wide leaf base, while reticulate venation is seen in simple entire leaves, while digitate leaves typically have venation in which three or more primary veins diverge radially from a single point.
In evolutionary terms, early emerging taxa tend to have dichotomous branching with reticulate systems emerging later. Veins appeared in the Permian, prior to the appearance of angiosperms in the Triassic, during which vein hierarchy appeared enabling higher function, larger leaf size and adaption to a wider variety of climatic conditions. Although it is the more complex pattern, branching veins appear to be plesiomorphic and in some form were present in ancient seed plants as long as 250 million years ago. A pseudo-reticulate venation that is actually a highly modified penniparallel one is an autapomorphy of some Melanthiaceae, which are monocots; e.g., Paris quadrifolia (true-lover's knot). In leaves with reticulate venation, veins form a scaffolding matrix imparting mechanical rigidity to leaves.


=== Morphology changes within a single plant ===
Homoblasty
Characteristic in which a plant has small changes in leaf size, shape, and growth habit between juvenile and adult stages, in contrast to;
Heteroblasty
Characteristic in which a plant has marked changes in leaf size, shape, and growth habit between juvenile and adult stages.


== Anatomy ==


=== Medium-scale features ===
Leaves are normally extensively vascularized and typically have networks of vascular bundles containing xylem, which supplies water for photosynthesis, and phloem, which transports the sugars produced by photosynthesis. Many leaves are covered in trichomes (small hairs) having diverse structures and functions.


=== Small-scale features ===
The major tissue systems present are

The epidermis, which covers the upper and lower surfaces
The mesophyll tissue, which consists of photosynthetic cells rich in chloroplasts. (also called chlorenchyma)
The arrangement of veins (the vascular tissue)
These three tissue systems typically form a regular organization at the cellular scale. Specialized cells that differ markedly from surrounding cells, and that often synthesize specialized products such as crystals, are termed idioblasts.


=== Major leaf tissues ===


==== Epidermis ====

The epidermis is the outer layer of cells covering the leaf. It is covered with a waxy cuticle that is impermeable to liquid water and water vapor and forms the boundary separating the plant's inner cells from the external world. The cuticle is in some cases thinner on the lower epidermis than on the upper epidermis, and is generally thicker on leaves from dry climates as compared with those from wet climates. The epidermis serves several functions: protection against water loss by way of transpiration, regulation of gas exchange and secretion of metabolic compounds. Most leaves show dorsoventral anatomy: The upper (adaxial) and lower (abaxial) surfaces have somewhat different construction and may serve different functions.
The epidermis tissue includes several differentiated cell types; epidermal cells, epidermal hair cells (trichomes), cells in the stomatal complex; guard cells and subsidiary cells. The epidermal cells are the most numerous, largest, and least specialized and form the majority of the epidermis. They are typically more elongated in the leaves of monocots than in those of dicots.
Chloroplasts are generally absent in epidermal cells, the exception being the guard cells of the stomata. The stomatal pores perforate the epidermis and are surrounded on each side by chloroplast-containing guard cells, and two to four subsidiary cells that lack chloroplasts, forming a specialized cell group known as the stomatal complex. The opening and closing of the stomatal aperture is controlled by the stomatal complex and regulates the exchange of gases and water vapor between the outside air and the interior of the leaf. Stomata therefore play the important role in allowing photosynthesis without letting the leaf dry out. In a typical leaf, the stomata are more numerous over the abaxial (lower) epidermis than the adaxial (upper) epidermis and are more numerous in plants from cooler climates.


==== Mesophyll ====

Most of the interior of the leaf between the upper and lower layers of epidermis is a parenchyma (ground tissue) or chlorenchyma tissue called the mesophyll (Greek for ""middle leaf""). This assimilation tissue is the primary location of photosynthesis in the plant. The products of photosynthesis are called ""assimilates"".
In ferns and most flowering plants, the mesophyll is divided into two layers:

An upper palisade layer of vertically elongated cells, one to two cells thick, directly beneath the adaxial epidermis, with intercellular air spaces between them. Its cells contain many more chloroplasts than the spongy layer. Cylindrical cells, with the chloroplasts close to the walls of the cell, can take optimal advantage of light. The slight separation of the cells provides maximum absorption of carbon dioxide. Sun leaves have a multi-layered palisade layer, while shade leaves or older leaves closer to the soil are single-layered.
Beneath the palisade layer is the spongy layer. The cells of the spongy layer are more branched and not so tightly packed, so that there are large intercellular air spaces between them. The pores or stomata of the epidermis open into substomatal chambers, which are connected to the intercellular air spaces between the spongy and palisade mesophyll cell, so that oxygen, carbon dioxide and water vapor can diffuse into and out of the leaf and access the mesophyll cells during respiration, photosynthesis and transpiration.
Leaves are normally green, due to chlorophyll in chloroplasts in the mesophyll cells. Some plants have leaves of different colors due to the presence of accessory pigments such as carotenoids in their mesophyll cells.


==== Vascular tissue ====

The veins are the vascular tissue of the leaf and are located in the spongy layer of the mesophyll. The pattern of the veins is called venation. In angiosperms the venation is typically parallel in monocotyledons and forms an interconnecting network in broad-leaved plants. They were once thought to be typical examples of pattern formation through ramification, but they may instead exemplify a pattern formed in a stress tensor field.
A vein is made up of a vascular bundle. At the core of each bundle are clusters of two
distinct types of conducting cells:

Xylem
Cells that bring water and minerals from the roots into the leaf.
Phloem
Cells that usually move sap, with dissolved sucrose (glucose to sucrose) produced by photosynthesis in the leaf, out of the leaf.
The xylem typically lies on the adaxial side of the vascular bundle and the phloem typically lies on the abaxial side. Both are embedded in a dense parenchyma tissue, called the sheath, which usually includes some structural collenchyma tissue.


== Leaf development ==
According to Agnes Arber's partial-shoot theory of the leaf, leaves are partial shoots, being derived from leaf primordia of the shoot apex. Early in development they are dorsiventrally flattened with both dorsal and ventral surfaces. Compound leaves are closer to shoots than simple leaves. Developmental studies have shown that compound leaves, like shoots, may branch in three dimensions. On the basis of molecular genetics, Eckardt and Baum (2010) concluded that ""it is now generally accepted that compound leaves express both leaf and shoot properties."" Many dicotyledonous leaves show endogenously driven daily rhythmicity in growth.


== Ecology ==


=== Biomechanics ===
Plants respond and adapt to environmental factors, such as light and mechanical stress from wind. Leaves need to support their own mass and align themselves in such a way as to optimize their exposure to the sun, generally more or less horizontally. However, horizontal alignment maximizes exposure to bending forces and failure from stresses such as wind, snow, hail, falling debris, animals, and abrasion from surrounding foliage and plant structures. Overall leaves are relatively flimsy with regard to other plant structures such as stems, branches and roots.
Both leaf blade and petiole structure influence the leaf's response to forces such as wind, allowing a degree of repositioning to minimize drag and damage, as opposed to resistance. Leaf movement like this may also increase turbulence of the air close to the surface of the leaf, which thins the boundary layer of air immediately adjacent to the surface, increasing the capacity for gas and heat exchange, as well as photosynthesis. Strong wind forces may result in diminished leaf number and surface area, which while reducing drag, involves a trade off of also reducing photosynthesis. Thus, leaf design may involve compromise between carbon gain, thermoregulation and water loss on the one hand, and the cost of sustaining both static and dynamic loads. In vascular plants, perpendicular forces are spread over a larger area and are relatively flexible in both bending and torsion, enabling elastic deforming without damage.
Many leaves rely on hydrostatic support arranged around a skeleton of vascular tissue for their strength, which depends on maintaining leaf water status. Both the mechanics and architecture of the leaf reflect the need for transportation and support. Read and Stokes (2006) consider two basic models, the ""hydrostatic"" and ""I-beam leaf"" form (see Fig 1). Hydrostatic leaves such as in Prostanthera lasianthos are large and thin, and may involve the need for multiple leaves rather single large leaves because of the amount of veins needed to support the periphery of large leaves. But large leaf size favors efficiency in photosynthesis and water conservation, involving further trade offs. On the other hand, I-beam leaves such as Banksia marginata involve specialized structures to stiffen them. These I-beams are formed from bundle sheath extensions of sclerenchyma meeting stiffened sub-epidermal layers. This shifts the balance from reliance on hydrostatic pressure to structural support, an obvious advantage where water is relatively scarce.
 Long narrow leaves bend more easily than ovate leaf blades of the same area. Monocots typically have such linear leaves that maximize surface area while minimizing self-shading. In these a high proportion of longitudinal main veins provide additional support.


=== Interactions with other organisms ===

Although not as nutritious as other organs such as fruit, leaves provide a food source for many organisms. The leaf is a vital source of energy production for the plant, and plants have evolved protection against animals that consume leaves, such as tannins, chemicals that hinder the digestion of proteins and have an unpleasant taste. Animals that are specialized to eat leaves are known as folivores.
Some species have cryptic adaptations by which they use leaves in avoiding predators. For example, the caterpillars of some leaf-roller moths create a small home in the leaf by folding it over themselves. Several other lepidopteran larvae modify leaves for shelter; perhaps the greatest variety of shelter types occurs among the skipper butterflies (Hesperiidae), which cut, fold, and bind leaves using silk. Some sawflies similarly roll the leaves of their food plants into tubes. Females of the Attelabidae, so-called leaf-rolling weevils, lay their eggs into leaves that they then roll up as means of protection. Other herbivores and their predators mimic the appearance of the leaf. Reptiles such as some chameleons, and insects such as some katydids, also mimic the oscillating movements of leaves in the wind, moving from side to side or back and forth while evading a possible threat.


=== Seasonal leaf loss ===

Leaves in temperate, boreal, and seasonally dry zones may be seasonally deciduous (falling off or dying for the inclement season). This mechanism to shed leaves is called abscission. When the leaf is shed, it leaves a leaf scar on the twig. In cold autumns, they sometimes change color, and turn yellow, bright-orange, or red, as various accessory pigments (carotenoids and xanthophylls) are revealed when the tree responds to cold and reduced sunlight by curtailing chlorophyll production. Red anthocyanin pigments are now thought to be produced in the leaf as it dies, possibly to mask the yellow hue left when the chlorophyll is lost—yellow leaves appear to attract herbivores such as aphids. Optical masking of chlorophyll by anthocyanins reduces risk of photo-oxidative damage to leaf cells as they senesce, which otherwise may lower the efficiency of nutrient retrieval from senescing autumn leaves.


== Evolutionary adaptation ==

In the course of evolution, leaves have adapted to different environments in the following ways:

Waxy micro- and nanostructures on the surface reduce wetting by rain and adhesion of contamination (See Lotus effect).
Divided and compound leaves reduce wind resistance and promote cooling.
Hairs on the leaf surface trap humidity in dry climates and create a boundary layer reducing water loss.
Waxy plant cuticles reduce water loss.
Large surface area provides a large area for capture of sunlight.
In harmful levels of sunlight, specialized leaves, opaque or partly buried, admit light through a translucent leaf window for photosynthesis at inner leaf surfaces (e.g. Fenestraria).
Kranz leaf anatomy in plants that perform C4 carbon fixation
Succulent leaves store water and organic acids for use in CAM photosynthesis.
Aromatic oils, poisons or pheromones produced by leaf borne glands deter herbivores (e.g. eucalypts).
Inclusions of crystalline minerals deter herbivores (e.g. silica phytoliths in grasses, raphides in Araceae).
Petals attract pollinators.
Spines protect the plants from herbivores (e.g. cacti).
Stinging hairs to protect against herbivory, e.g. in Urtica dioica and Dendrocnide moroides (Urticaceae).
Special leaves on carnivorous plants are adapted for trapping food, mainly invertebrate prey, though some species trap small vertebrates as well (see carnivorous plants).
Bulbs store food and water (e.g. onions).
Tendrils allow the plant to climb (e.g. peas).
Bracts and pseudanthia (false flowers) replace normal flower structures when the true flowers are greatly reduced (e.g. spurges, spathes in the Araceae and floral heads in the Asteraceae).


== Terminology ==


=== Shape ===


=== Edge (margin) ===
The edge or margin is the outside perimeter of a leaf. The terms are interchangeable.


=== Apex (tip) ===


=== Base ===
Acuminate
Coming to a sharp, narrow, prolonged point.
Acute
Coming to a sharp, but not prolonged point.
Auriculate
Ear-shaped.
Cordate
Heart-shaped with the notch toward the stalk.
Cuneate
Wedge-shaped.
Hastate
Shaped like an halberd and with the basal lobes pointing outward.
Oblique
Slanting.
Reniform
Kidney-shaped but rounder and broader than long.
Rounded
Curving shape.
Sagittate
Shaped like an arrowhead and with the acute basal lobes pointing downward.
Truncate
Ending abruptly with a flat end, that looks cut off.


=== Surface ===

The leaf surface is also host to a large variety of microorganisms; in this context it is referred to as the phyllosphere.

Lepidote
Covered with fine scurfy scales.


=== Hairiness ===

""Hairs"" on plants are properly called trichomes. Leaves can show several degrees of hairiness. The meaning of several of the following terms can overlap.

Arachnoid, or arachnose
With many fine, entangled hairs giving a cobwebby appearance.
Barbellate
With finely barbed hairs (barbellae).
Bearded
With long, stiff hairs.
Bristly
With stiff hair-like prickles.
Canescent
Hoary with dense grayish-white pubescence.
Ciliate
Marginally fringed with short hairs (cilia).
Ciliolate
Minutely ciliate.
Floccose
With flocks of soft, woolly hairs, which tend to rub off.
Glabrescent
Losing hairs with age.
Glabrous
No hairs of any kind present.
Glandular
With a gland at the tip of the hair.
Hirsute
With rather rough or stiff hairs.
Hispid
With rigid, bristly hairs.
Hispidulous
Minutely hispid.
Hoary
With a fine, close grayish-white pubescence.
Lanate, or lanose
With woolly hairs.
Pilose
With soft, clearly separated hairs.
Puberulent, or puberulous
With fine, minute hairs.
Pubescent
With soft, short and erect hairs.
Scabrous, or scabrid
Rough to the touch.
Sericeous
Silky appearance through fine, straight and appressed (lying close and flat) hairs.
Silky
With adpressed, soft and straight pubescence.
Stellate, or stelliform
With star-shaped hairs.
Strigose
With appressed, sharp, straight and stiff hairs.
Tomentose
Densely pubescent with matted, soft white woolly hairs.
Cano-tomentoseBetween canescent and tomentose.Felted-tomentoseWoolly and matted with curly hairs.
Tomentulose
Minutely or only slightly tomentose.
Villous
With long and soft hairs, usually curved.
Woolly
With long, soft and tortuous or matted hairs.


=== Timing ===
Hysteranthous
Developing after the flowers 
Synanthous
Developing at the same time as the flowers 


=== Venation ===


==== Classification ====

A number of different classification systems of the patterns of leaf veins (venation or veination) have been described, starting with Ettingshausen (1861), together with many different descriptive terms, and the terminology has been described as ""formidable"". One of the commonest among these is the Hickey system, originally developed for ""dicotyledons"" and using a number of Ettingshausen's terms derived from Greek (1973–1979): (see also: Simpson Figure 9.12, p. 468)


===== Hickey system =====
1. Pinnate (feather-veined, reticulate, pinnate-netted, penniribbed, penninerved, or penniveined)
The veins arise pinnately (feather like) from a single primary vein (mid-vein) and subdivide into secondary veinlets, known as higher order veins. These, in turn, form a complicated network. This type of venation is typical for (but by no means limited to) ""dicotyledons"" (non monocotyledon angiosperms). E.g., Ostrya. There are three subtypes of pinnate venation:
 Craspedodromous (Greek: kraspedon – edge, dromos – running) The major veins reach to the margin of the leaf. Camptodromous Major veins extend close to the margin, but bend before they intersect with the margin. Hyphodromous All secondary veins are absent, rudimentary or concealed These in turn have a number of further subtypes such as eucamptodromous, where secondary veins curve near the margin without joining adjacent secondary veins.

2. Parallelodromous (parallel-veined, parallel-ribbed, parallel-nerved, penniparallel, striate)
Two or more primary veins originating beside each other at the leaf base, and running parallel to each other to the apex and then converging there. Commissural veins (small veins) connect the major parallel veins. Typical for most monocotyledons, such as grasses. The additional terms marginal (primary veins reach the margin), and reticulate (net-veined) are also used.

3. Campylodromous (campylos – curve)
Several primary veins or branches originating at or close to a single point and running in recurved arches, then converging at apex. E.g. Maianthemum .

4. Acrodromous
Two or more primary or well developed secondary veins in convergent arches toward apex, without basal recurvature as in Campylodromous. May be basal or suprabasal depending on origin, and perfect or imperfect depending on whether they reach to two-thirds of the way to the apex. E.g., Miconia (basal type), Endlicheria (suprabasal type).

5. Actinodromous
Three or more primary veins diverging radially from a single point. E.g., Arcangelisia (basal type), Givotia (suprabasal type).

6. Palinactodromous
Primary veins with one or more points of secondary dichotomous branching beyond the primary divergence, either closely or more distantly spaced. E.g., Platanus.

Types 4–6 may similarly be subclassified as basal (primaries joined at the base of the blade) or suprabasal (diverging above the blade base), and perfect or imperfect, but also flabellate.
At about the same time, Melville (1976) described a system applicable to all Angiosperms and using Latin and English terminology. Melville also had six divisions, based on the order in which veins develop.

Arbuscular (arbuscularis)
Branching repeatedly by regular dichotomy to give rise to a three dimensional bush-like structure consisting of linear segment (2 subclasses)
Flabellate (flabellatus)
Primary veins straight or only slightly curved, diverging from the base in a fan-like manner (4 subclasses)
Palmate (palmatus)
Curved primary veins (3 subclasses)
Pinnate (pinnatus)
Single primary vein, the midrib, along which straight or arching secondary veins are arranged at more or less regular intervals (6 subclasses)
Collimate (collimatus)
Numerous longitudinally parallel primary veins arising from a transverse meristem (5 subclasses)
Conglutinate (conglutinatus)
Derived from fused pinnate leaflets (3 subclasses)
A modified form of the Hickey system was later incorporated into the Smithsonian classification (1999), which proposed seven main types of venation, based on the architecture of the primary veins, adding Flabellate as an additional main type. Further classification was then made on the basis of secondary veins, with 12 further types, such as;

Brochidodromous
Closed form in which the secondaries are joined in a series of prominent arches, as in Hildegardia.
Craspedodromous
Open form with secondaries terminating at the margin, in toothed leaves, as in Celtis.
Eucamptodromous
Intermediate form with upturned secondaries that gradually diminish apically but inside the margin, and connected by intermediate tertiary veins rather than loops between secondaries, as in Cornus.
Cladodromous
Secondaries freely branching toward the margin, as in Rhus.
terms that had been used as subtypes in the original Hickey system.

Further descriptions included the higher order, or minor veins and the patterns of areoles (see Leaf Architecture Working Group, Figures 28–29).

Flabellate
Several to many equal fine basal veins diverging radially at low angles and branching apically. E.g. Paranomus.

Analyses of vein patterns often fall into consideration of the vein orders, primary vein type, secondary vein type (major veins), and minor vein density. A number of authors have adopted simplified versions of these schemes. At its simplest the primary vein types can be considered in three or four groups depending on the plant divisions being considered;

pinnate
palmate
parallel
where palmate refers to multiple primary veins that radiate from the petiole, as opposed to branching from the central main vein in the pinnate form, and encompasses both of Hickey types 4 and 5, which are preserved as subtypes; e.g., palmate-acrodromous (see National Park Service Leaf Guide).

Palmate, Palmate-netted, palmate-veined, fan-veined
Several main veins of approximately equal size diverge from a common point near the leaf base where the petiole attaches, and radiate toward the edge of the leaf. Palmately veined leaves are often lobed or divided with lobes radiating from the common point. They may vary in the number of primary veins (3 or more), but always radiate from a common point. e.g. most Acer (maples).


===== Other systems =====
Alternatively, Simpson uses:

Uninervous
Central midrib with no lateral veins (microphyllous), seen in the non-seed bearing tracheophytes, such as horsetails
Dichotomous
Veins successively branching into equally sized veins from a common point, forming a Y junction, fanning out. Among temperate woody plants, Ginkgo biloba is the only species exhibiting dichotomous venation. Also some pteridophytes (ferns).
Parallel
Primary and secondary veins roughly parallel to each other, running the length of the leaf, often connected by short perpendicular links, rather than form networks. In some species, the parallel veins join at the base and apex, such as needle-type evergreens and grasses. Characteristic of monocotyledons, but exceptions include Arisaema, and as below, under netted.
Netted (reticulate, pinnate)
A prominent midvein with secondary veins branching off along both sides of it. The name derives from the ultimate veinlets, which form an interconnecting net like pattern or network. (The primary and secondary venation may be referred to as pinnate, while the net like finer veins are referred to as netted or reticulate); most non-monocot angiosperms, exceptions including Calophyllum. Some monocots have reticulate venation, including Colocasia, Dioscorea and Smilax.

However, these simplified systems allow for further division into multiple subtypes. Simpson, (and others) divides parallel and netted (and some use only these two terms for Angiosperms) on the basis of the number of primary veins (costa) as follows;

Parallel

 Penni-parallel (pinnate, pinnate parallel, unicostate parallel) Single central prominent midrib, secondary veins from this arise perpendicularly to it and run parallel to each other toward the margin or tip, but do not join (anastomose). The term unicostate refers to the prominence of the single midrib (costa) running the length of the leaf from base to apex. e.g. Zingiberales, such as Bananas etc. Palmate-parallel (multicostate parallel) Several equally prominent primary veins arising from a single point at the base and running parallel toward tip or margin. The term multicostate refers to having more than one prominent main vein. e.g. ""fan"" (palmate) palms (Arecaceae)
 Multicostate parallel convergent Mid-veins converge at apex e.g. Bambusa arundinacea = B. bambos (Aracaceae), Eichornia Multicostate parallel divergent Mid-veins diverge more or less parallel toward the margin e.g. Borassus (Poaceae), fan palms
Netted (Reticulate)

 Pinnately (veined, netted, unicostate reticulate) Single prominent midrib running from base to apex, secondary veins arising on both sides along the length of the primary midrib, running toward the margin or apex (tip), with a network of smaller veinlets forming a reticulum (mesh or network). e.g. Mangifera, Ficus religiosa, Psidium guajava, Hibiscus rosa-sinensis, Salix alba Palmately (multicostate reticulate) More than one primary veins arising from a single point, running from base to apex. e.g. Liquidambar styraciflua This may be further subdivided;
 Multicostate convergent Major veins diverge from origin at base then converge toward the tip. e.g. Zizyphus, Smilax, Cinnamomum Multicostate divergent All major veins diverge toward the tip. e.g. Gossypium, Cucurbita, Carica papaya, Ricinus communis Ternately (ternate-netted) Three primary veins, as above, e.g. (see) Ceanothus leucodermis, C. tomentosus, Encelia farinosa

These complex systems are not used much in morphological descriptions of taxa, but have usefulness in plant identification,
 although criticized as being unduly burdened with jargon.
An older, even simpler system, used in some flora uses only two categories, open and closed.

Open: Higher order veins have free endings among the cells and are more characteristic of non-monocotyledon angiosperms. They are more likely to be associated with leaf shapes that are toothed, lobed or compound. They may be subdivided as;
Pinnate (feather-veined) leaves, with a main central vein or rib (midrib), from which the remainder of the vein system arises
Palmate, in which three or more main ribs rise together at the base of the leaf, and diverge upward.
Dichotomous, as in ferns, where the veins fork repeatedly
Closed: Higher order veins are connected in loops without ending freely among the cells. These tend to be in leaves with smooth outlines, and are characteristic of monocotyledons.
They may be subdivided into whether the veins run parallel, as in grasses, or have other patterns.


==== Other descriptive terms ====
There are also many other descriptive terms, often with specialized usage and confined to specific taxonomic groups. The conspicuousness of veins depends on a number of features. These include the width of the veins, their prominence in relation to the lamina surface and the degree of opacity of the surface, which may hide finer veins. In this regard, veins are called obscure and the order of veins that are obscured and whether upper, lower or both surfaces, further specified.
Terms that describe vein prominence include bullate, channelled, flat, guttered, impressed, prominent and recessed (Fig. 6.1 Hawthorne & Lawrence 2013). Veins may show different types of prominence in different areas of the leaf. For instance Pimenta racemosa has a channeled midrib on the upper surface, but this is prominent on the lower surface.
Describing vein prominence:

Bullate
Surface of leaf raised in a series of domes between the veins on the upper surface, and therefore also with marked depressions. e.g. Rytigynia pauciflora, Vitis vinifera
Channelled (canalicululate)
Veins sunken below the surface, resulting in a rounded channel. Sometimes confused with ""guttered"" because the channels may function as gutters for rain to run off and allow drying, as in many Melastomataceae. e.g. (see) Pimenta racemosa (Myrtaceae), Clidemia hirta (Melastomataceae).
Guttered
Veins partly prominent, the crest above the leaf lamina surface, but with channels running along each side, like gutters
Impressed
Vein forming raised line or ridge lying below the plane of the surface that bears it, as if pressed into it, and are often exposed on the lower surface. Tissue near the veins often appears to pucker, giving them a sunken or embossed appearance
Obscure
Veins not visible, or not at all clear; if unspecified, then not visible with the naked eye. e.g. Berberis gagnepainii. In this Berberis, the veins are only obscure on the undersurface.
Prominent
Vein raised above surrounding surface so to be easily felt when stroked with finger. e.g. (see) Pimenta racemosa, Spathiphyllum cannifolium
Recessed
Vein is sunk below the surface, more prominent than surrounding tissues but more sunken in channel than with impressed veins. e.g. Viburnum plicatum.

Describing other features:

Plinervy (plinerved)
More than one main vein (nerve) at the base. Lateral secondary veins branching from a point above the base of the leaf. Usually expressed as a suffix, as in 3-plinerved or triplinerved leaf. In a 3-plinerved (triplinerved) leaf three main veins branch above the base of the lamina (two secondary veins and the main vein) and run essentially parallel subsequently, as in Ceanothus and in Celtis. Similarly, a quintuplinerve (five-veined) leaf has four secondary veins and a main vein. A pattern with 3–7 veins is especially conspicuous in Melastomataceae. The term has also been used in Vaccinieae. The term has been used as synonymous with acrodromous, palmate-acrodromous or suprabasal acrodromous, and is thought to be too broadly defined.
Scalariform
Veins arranged like the rungs of a ladder, particularly higher order veins
Submarginal
Veins running close to leaf margin
Trinerved
2 major basal nerves besides the midrib


==== Diagrams of venation patterns ====


=== Size ===

The terms megaphyll, macrophyll, mesophyll, notophyll, microphyll, nanophyll and leptophyll are used to describe leaf sizes (in descending order), in a classification devised in 1934 by Christen C. Raunkiær and since modified by others.


== See also ==


== References ==


== Bibliography ==


== External links ==

Rendle, Alfred Barton (1911). ""Leaf"" . Encyclopædia Britannica. Vol. 15 (11th ed.). p. 322–329.
Ingersoll, Ernest (1920). ""Leaves"" . Encyclopedia Americana. Vol. XVII.","Leaf lobes are the distinct, often curved or pointed sections that extend from the main vein of a leaf, typically found in leaves with a lobed or divided shape.",The leaves of a Beech tree,0,0,supported,2.49202490992,-0.17154643648857093,-5.832578840611411,34,,0.9018330574035645,0.598491407328,2.16211299488,0.7207781921032457,4,0.515600744907,1.0,1.0,0.0,0.0,0.98095703125,0.01021575927734375,0.00897979736328125,-2.328562563248863,0.0887848862310241,0.0,0.3108108108108108,0.5,keep
Q175_118,wikiqa,how many episodes of bo bo bo bo bo bo bo,"Bobobo-bo Bo-bobo is an anime television series based on the manga series of the same name. The series was directed by Hiroki Shibata and produced by Toei Animation. It ran for 76 episodes, from November 8, 2003, to October 29, 2005, on TV Asahi.
Joy Tashjian Marketing Group, a licensing representative named by Toei Animation, licensed the anime in North America. Preview clips of the series were aired during Cartoon Network's ""Summer 2005 Kick-Off Special"" in May 2005, and the series premiered on September 30. The series also aired on Cartoon Network's Toonami programming block on Saturdays at 9–10 p.m., starting on October 1. Additionally, it was available on Cartoon Network's broadband service, Toonami Jetstream, from November 5, 2007 until the service's closure in January 2009. In the United Kingdom, it premiered on Jetix on April 16, 2007.


== Theme Music ==
For episodes 1–32, the opening theme is ""Wild Challenger"" by the Japanese rock band Jindou, and the ending themes are ""Shiawase"" (幸せ; Happiness) by artist Mani Laba and ""Kirai Tune"" (キライチューン; Hate Tune) by Freenote. For episodes 33–76, the opening theme is ""Baka Survivor"" (バカサバイバー; Stupid Survivor) by Ulfuls, and the ending theme is ""H.P.S.J."" by urban pop duet Mihimaru GT.


== Episode list ==


== Home media release ==


=== English ===
The series was originally licensed for home video release in North America by Illumitoon Entertainment in 2006, who released only two volumes on bilingual DVD in 2007. All further volumes were canceled when their distribution deal with Westlake Entertainment fell through. S'more Entertainment announced on January 16, 2012, that they would release the series with English subtitles as well as dubbed versions on DVD on April 10 of the same year. This release however, lacked an English subtitle track. Despite a fully translated script being present on a PDF file on disc 4 and indications on the box and in the pre-release information that there would be a subtitle track. S'more Entertainment released a statement claiming the packaging was wrong, and that there was never an intention to subtitle the release due to costs. In August 2018, Discotek Media announced their licensing of the series and released an SD Blu-ray disc set of all 76 episodes on January 28, 2020.


== References ==


== External links ==
Bobobo-bo Bo-bobo at IMDb",76 episodes.,This is an episode guide for the anime series Bobobo-bo Bo-bobo .,0,0,supported,2.49264376427,-0.17157830199812835,-0.6863132079925134,4,,1.0000001192092896,-0.339716170605,-0.604793524354,0.0,1,0.590653165839,1.0,1.0,0.0,0.0,0.9931640625,0.0013647079467773438,0.0052490234375,-2.3471865116595705,0.08728966343741972,0.0,0.3108108108108108,0.5,keep
Q1063_514,wikiqa,what is a right wing christian,"The Christian right are Christian political factions characterized by their strong support of socially conservative and traditionalist policies. Christian conservatives seek to influence politics and public policy with their interpretation of the teachings of Christianity.
In the United States, the Christian right (otherwise known as the New Christian Right or the Religious Right) is an informal coalition which was formed around a core of conservative Evangelical Protestants and conservative Roman Catholics. The Christian right draws additional support from politically conservative mainline Protestants, Orthodox Jews, and LDS. The movement in American politics became a dominant feature of U.S. conservatism from the late 1970s onwards. The Christian right gained powerful influence within the Republican Party during the Presidency of Ronald Reagan in the 1980s. Its influence draws from grassroots activism as well as from focus on social issues and the ability to motivate the electorate around those issues. With the ongoing second presidency of Donald Trump, the influence of the Christian right and Christian nationalism have risen heavily within the United States.
The Christian right has advanced socially conservative positions on issues such as creationism in public education, school prayer, temperance, Christian nationalism, and Sunday Sabbatarianism, as well as opposition to the teaching of biological evolution, secularism, LGBTQ rights, abortion, euthanasia, pornography, embryonic stem cell research, and the use of drugs. Although the term Christian right is most commonly associated with U.S. politics, similar Christian conservative groups can be found in the political cultures of other Christian-majority countries.


== Terminology ==
In the United States, the Christian right is otherwise known as the New Christian Right (NCR) or the Religious Right, although some consider the religious right to be ""a slightly broader category than Christian Right"".
John C. Green of the Pew Forum on Religion and Public Life states that Jerry Falwell used the label religious right to describe himself. Gary Schneeberger, vice president of media and public relations for Focus on the Family, states that ""[t]erms like 'religious right' have been traditionally used in a pejorative way to suggest extremism. The phrase 'socially conservative evangelicals' is not very exciting, but that's certainly the way to do it.""
Evangelical Protestant leaders like Tony Perkins of the Family Research Council have called attention to the problem of equating the term Christian right with Evangelical Christianity. Although Evangelicals constitute the core constituency of the Christian right, not all Evangelicals fit the description, and a number of Roman Catholics are also members of the Christian right's core base. The problem of description is further complicated by the fact that the label religious conservative or conservative Christian may apply to other religious groups as well. For instance, Anabaptist Christians (most notably Amish, Mennonites, Hutterites, the Bruderhof Communities, Schwarzenau Brethren, River Brethren, and Apostolic Christians) are theologically, socially, and culturally conservative; however, there are no overtly political organizations associated with these Christian denominations, which are usually uninvolved, uninterested, apathetic, or indifferent towards politics. Evangelical theologian and pastor Tim Keller stated that conservative Christianity (theology) predates the Christian right (politics). Keller asserted that being a theological conservative does not require a person to be a political conservative, and that some political progressive views around economics, helping the poor, the redistribution of wealth, and racial diversity are compatible with theologically conservative Christianity. Conservative writer Rod Dreher has stated that a Christian can be theologically conservative while still holding left-wing economic views or even socialist views.


== History ==


=== Background and predecessors ===
In 1863, representatives from eleven Christian denominations in the United States organized the National Reform Association. The organization's goal was to amend the U.S. Constitution to make the country a Christian state. The National Reform Association is one of the first organizations through which adherents from several Christian denominations worked together in an attempt to enshrine Christianity in American governance. The Christian Civic League of Maine (founded in 1897), and other early organizations of the Christian right, supported the aims of the temperance movement. During the 19th and early 20th centuries, there were also a number of Evangelical Protestants who supported progressive causes. The Scopes trial in 1925 reportedly resulted in most Evangelicals abandoning the political arena in an organized fashion. An Evangelical political subculture emerged, largely isolated from the outside world, consisting of various organizations that laid the groundwork for the Christian right in the late 1970s.
While the beginning of the influence of the Christian right is typically traced to the late 1970s, Daniel K. Williams argues in God's Own Party that it had actually been involved in politics for most of the twentieth century. He also notes that the Christian right had previously been in alliance with the Republican Party in the 1940s through 1960s on matters such as opposition to communism and defending ""a Protestant-based moral order"". Similarly, scholar Celestini Carmen traces the John Birch Society (JBS)'s focus on culture war issues and rhetoric of apocalypticism, conspiracism, and fear to the rise of the Christian right through JBS members and Christian rightist activists Tim LaHaye, Phyllis Schlafly, and others.
In light of the state atheism espoused by communist countries aligned with the Eastern Bloc during the height of the Cold War (1950s–1960s), secularization came to be seen by many Americans sympathetic to proto-Christian right narratives as the biggest threat to American and Christian values. These fears resulted in a number of actions by the U.S. federal government throughout the 1950s, including the establishment of the National Day of Prayer, the addition of the motto ""In God We Trust"" to U.S. currency, and the addition of the phrase ""Under God"" to the Pledge of Allegiance. The alienation of Southern Democrats from the Democratic Party contributed to the rise of the right, as the counterculture of the 1960s provoked fear of social disintegration amongst many conservatives. In addition, as the Democratic Party became identified with progressive and liberal policies, social conservatives joined the Republican Party in increasing numbers. Despite these trends, many White Evangelicals remained politically inactive and were not a unified voting bloc, with many on the Evangelical left believing political activism and engagement to be inconsistent with their beliefs.


=== Early history and rise, 1970s–1980s ===
The movement that would become the Christian right had much of its origin in the work and activism of conservative operative Paul Weyrich, who had foreseen the potential to organize conservative Evangelicals and Roman Catholics into a political force in the early 1960s and had reportedly started trying to do so during the 1964 U.S. Presidential election. Weyrich tried a number of wedge issues throughout the 1960s and early 1970s, including abortion, pornography, the proposed Equal Rights Amendment, and school prayer, without success. Weyrich was not successful until the legality of segregation academies began to be challenged in the early 1970s. In 1970, the Internal Revenue Service adopted a policy of rescinding the tax-exempt status of private schools that did not admit African–American students, and the following year, the Supreme Court ruled in Coit v. Green that organizations that voluntarily practice racial discrimination are not eligible for tax exemption. The origin of this case was a legal challenge to the tax-exempt status of a group of segregation academies in Holmes County, Mississippi. Many of the schools targeted by these rulings were church-sponsored, and these actions reportedly caught the attention of a number of evangelical leaders, including Jerry Falwell. The largest educational institution targeted by the IRS was Bob Jones University, which lost its tax exemption in 1976 due to its policy prohibiting interracial dating. This action reportedly further caught the ire of evangelical leaders, many of whom believed that the IRS was overstepping its legal authority. Weyrich also sought to frame the IRS crackdown on segregation academics as an issue of government intrusion and attacks on religious freedom, effectively diverting attention from the racial aspect of the issue.
During the 1976 U.S. Presidential election, Jimmy Carter, who described himself as an Evangelical, born-again Christian, received the support of a majority of American evangelicals and the emerging Christian right largely because of his much-acclaimed religious conversion. However, the issue of segregation academies carried over into Carter's presidency, and in 1978, the IRS proposed a new rule that would have revoked the tax exemption of private schools based on their racial demographic composition relative to that of their respective communities. While this rule never went into effect, it provoked fierce backlash and protests from evangelical leaders and church congregants alike, with many believing it to be an attack on non-discriminatory institutions and religious freedom. The IRS reportedly received over 150,000 letters in opposition to this proposal, mostly from Christians. This action reportedly encouraged many white evangelicals to become politically active for the first time, and turned them against Jimmy Carter. Weyrich later stated that what got evangelicals involved in politics was ""Jimmy Carter's intervention against the Christian schools, trying to deny them tax-exempt status on the basis of so-called de facto segregation"", and Richard Viguerie said that the 1978 IRS action ""kicked a sleeping dog."" Others, including religious right leader Ed Dobson and conservative activist Grover Norquist have affirmed this as the beginnings of the religious right.
Around the same time, Weyrich realized that support for segregation academies was not viable and began to look for other issues. The unexpected success of predominantly Catholic anti-abortion activists in the 1978 midterms convinced Weyrich that opposition to abortion might work as a wedge issue to keep evangelicals politically mobilized. He favored the issue because it could be framed in the context of family values and be used to claim moral superiority, as well as attack second-wave feminism. Prior to this time, the Catholic Church was the only Christian denomination that was staunchly anti-abortion, with many Protestant and evangelical denominations, including the Southern Baptist Convention, either supporting the legalization of the procedure in some circumstances, or not taking a stance on the issue. The following year, filmmaker Frank Schaeffer produced a series of anti-abortion films titled Whatever Happened to the Human Race?, starring his father, evangelist Francis Schaeffer and pediatric surgeon Dr. C. Everett Koop. That same year, abortion was reportedly suggested as a wedge issue during a conference call between a number of religious right leaders, although many were still skeptical of its ability to mobilize evangelicals. Schaeffer's films were also reportedly met with tepid reception during a tour in which they were shown at numerous churches around the United States, and leaders like Jerry Falwell were initially hesitant to utilize abortion, believing that its stereotype amongst evangelicals as a ""Catholic issue"" would hinder its ability to politically mobilize them. It was not until the early 1980s that abortion would become in effect the signature wedge issue of the religious right, and conservative evangelicals began joining the anti-abortion movement in large numbers.
In 1979, the Moral Majority, widely considered the first religious right organization, was founded by Falwell, Weyrich, and other associates and began emphasizing such issues as abortion, pornography, gay rights, and opposition to the Equal Rights Amendment, and a perceived moral decline of the United States, and played a major role in mobilizing evangelicals to support Ronald Reagan in the 1980 United States presidential election. In response to the rise of the Christian right, the 1980 Republican Party platform assumed a number of its positions, including the resumption of public school prayer. While the platform also opposed abortion, leaned towards restricting taxpayer funding for abortions, and sought a constitutional amendment bestowing personhood to fetuses, it also acknowledged the fact that many Americans, including Republicans, were divided on the issue. At this time, both major political parties were divided internally on abortion rights, and it was not until the late 1980s that abortion came to be viewed as a partisan issue. Throughout his 1980 presidential campaign, Reagan said that if he were stranded on a desert island he would want the Bible, promised religious leaders that he wouldn't let the IRS interfere with Christian schools, questioned the legitimacy of evolution and suggested that creationism should also be taught, and encouraged evangelicals to become more politically active. Against the backdrop of Bob Jones University v. United States, Reagan's DOJ informed the supreme court ""that the Administration was dropping its opposition to lawsuits brought by the Bob Jones and Goldsboro schools, seeking restoration of their tax-exempt status."" Reagan's administration defended the move by arguing that the denial of tax-exempt status was up to Congress. After a backlash from critics, Reagan proposed legislation that would deny tax-exempt status to segregated schools, but Congress never passed the legislation, believing that the IRS already had this authority. Over the next two decades, Christian rightist citizens became more politically active in a time period labeled the New Christian Right. In addition to the ""Moral Majority"" (which dissolved in the late 1980s), the Christian right was associated with new organizations throughout the 1980s and 1990s, including the Christian Coalition of America, Focus on the Family, the Alliance Defending Freedom, the Family Research Council, and the American Center for Law & Justice.


=== Later history, 1990s to present ===

Writing in 2016, Patricia Miller states that the ""alliance between evangelical leaders and the Catholic bishops has been a cornerstone of the Christian Right for nearly twenty years"". 
Since its inception, the Christian right has engaged in battles over abortion, euthanasia, contraception, pornography, gambling, obscenity, Christian nationalism, Sabbatarianism (concerning Sunday blue laws), state-sanctioned public school prayer, public school textbook inclusion of creationism (if not prohibition on teaching mainstream evolutionary science), LGBTQ rights, and sexual education. Ralph Reed, the chairman of the Christian Coalition, stated that the 1988 presidential campaign of Pat Robertson was the ""political crucible"" that led to the proliferation of Christian right groups in the United States. The Christian right is perhaps best known for its alliance with the U.S. anti-abortion movement and its efforts to overturn the 1973 Roe v Wade ruling, which established abortion as a constitutionally protected right in the U.S. Changing political contexts led to the Christian right's advocacy for other issues, such as opposition to euthanasia and campaigning for abstinence-only sex education.
In the 2016 presidential election, the Christian right supported Donald Trump, who promised to appoint Supreme Court justices who would overturn Roe v Wade. Many evangelicals were initially hesitant to support Trump due to his character flaws and lack of religiosity. Trump ultimately appointed three justices to the Supreme Court, all of whom voted to overturn the 1973 decision in Dobbs v. Jackson Women's Health Organization in 2022. Trump's support amongst evangelicals has also been attributed by some, including journalist Tim Alberta, to a fear that white evangelicals and evangelicalism, if not Christianity more broadly, are losing their political power. Since the 1990s, the share of Americans who identify as Christian has declined, part of a larger decline of Christianity in the Western world. Alberta, and others, have argued that many white evangelicals see Trump as a savior figure, and that his rhetoric about returning the United States to a perceived state of former greatness, embodied by his campaign slogan ""Make America Great Again"", resonates strongly with them. In addition to their declining numbers, many have also reported a fear of an increasingly secularizing world, which some scholars and commentators have argued led them to embrace Trumpism. On many occasions, Trump has stated that he believes Christianity is under attack in the United States. Trump continued to receive strong support from the Christian right in the 2020 and 2024 presidential elections. Since the 2010s, the Christian right has increasingly supported other measures targeting the separation of church and state, including school vouchers and efforts to integrate the Christian Bible and the Ten Commandments into public school curricula. By the 2020s, the Christian right has increasingly been influenced by Christian nationalism. 


=== Organizational ability ===


==== Grassroots activism ====
The Christian right wields significant influence in American politics due to their high voter turnout and strong motivation to support right-wing candidates. They actively participate in political events, canvassing and distributing literature without needing financial compensation, driven by their devotion to the cause.


==== Political leaders and institutions ====
Led by Robert Grant's advocacy group Christian Voice, Jerry Falwell's Moral Majority, Ed McAteer's Religious Roundtable Council, James Dobson's Focus on the Family, Paul Weyrich's Free Congress Research and Education Foundation, and the Heritage Foundation, and Pat Robertson's Christian Broadcasting Network, the new Christian right combined conservative politics with evangelical and fundamentalist religion. The birth of the new Christian right, however, is usually traced to a 1979 meeting wherein televangelist Jerry Falwell was urged to create a ""Moral Majority"" organization. In 1979, Weyrich was in a discussion with Falwell when he remarked that there was a ""moral majority"" of Americans ready to be called to political action. Weyrich later recalled in a 2007 interview with the Milwaukee Journal Sentinel that after he mentioned the term ""moral majority"", Falwell ""turned to his people and said, 'That's the name of our organization.'""
Weyrich would then engineer a strong union between the Republican Party and many culturally conservative Christians. Soon, ""moral majority"" became a general term for the conservative political activism of evangelicals and fundamentalists such as Pat Robertson, James Robison, and Jerry Falwell. Howard Schweber, professor at the University of Wisconsin-Madison, writes that ""in the past two decades"", ""Catholic politicians have emerged as leading figures in the religious conservative movement.""


== Institutions in the United States ==


=== National organizations ===
An early attempt to bring the Christian right into American politics began in 1974 when Robert Grant, a movement leader, who founded the American Christian Cause to advocate Christian ideological teachings in Southern California. Concerned that Christians overwhelmingly voted for President Jimmy Carter in 1976, Grant founded Christian Voice to rally Christian voters behind socially conservative candidates. Prior to his alliance with Falwell, Weyrich sought an alliance with Grant. Grant and other Christian Voice staff soon set up their main office at the headquarters of Weyrich's Heritage Foundation. The alliance between Weyrich and Grant fell apart in 1978.
In the late 1980s, Pat Robertson founded the Christian Coalition of America, building from his 1988 presidential run, with Republican activist Ralph Reed, who became the spokesman for the Coalition. In 1992, the national Christian Coalition, Inc., headquartered in Virginia Beach, Virginia, began producing voter guides, which it distributed to conservative Christian churches, both Protestant and Catholic, with the blessing of the Roman Catholic Archdiocese of New York. Under the leadership of Reed and Robertson, the Coalition quickly became the most prominent voice in the conservative Christian movement, its influence culminating with an effort to support the election of a conservative Christian to the presidency in 1996. In addition, they have encouraged the convergence of conservative Christian ideology with political issues, such as healthcare, the economy, education and crime.
Political activists lobbied within the Republican party locally and nationally to influence party platforms and nominations. More recently James Dobson's group Focus on the Family, based in Colorado Springs, and the Family Research Council in Washington D.C. have gained enormous respect from Republican lawmakers. While strongly advocating for these ideological matters, Dobson himself is warier of the political spectrum and much of the resources of his group are devoted to other aims such as media. However, as a private citizen, Dobson has stated his opinion on presidential elections; on February 5, 2008, Dobson issued a statement regarding the 2008 presidential election and his strong disappointment with the Republican party's candidates.
In an essay written in 1996, Ralph Reed argued against the moral absolutist tone of Christian right leaders, arguing for the Republican Party Platform to stress the moral dimension of abortion rather than placing emphasis on overturning Roe v. Wade. Reed believes that pragmatism is the best way to advocate for the Christian right.


=== Partisan activity of churches ===
Overtly partisan actions by churches could threaten their 501(c)(3) tax-exempt status due to the Johnson Amendment of the Internal Revenue Code. In one notable example, the former pastor of the East Waynesville Baptist Church in Waynesville, North Carolina ""told the congregation that anyone who planned to vote for Democratic Sen. John Kerry should either leave the church or repent"". The church later expelled nine members who had voted for Kerry and refused to repent, which led to criticism on the national level. The pastor resigned and the ousted church members were allowed to return.
The Alliance Defense Fund, a Christian right group now known as the Alliance Defending Freedom, started the Pulpit Freedom Initiative in 2008. ADF states that ""[t]he goal of Pulpit Freedom Sunday is simple: have the Johnson Amendment declared unconstitutional – and once and for all remove the ability of the IRS to censor what a pastor says from the pulpit.""


=== Electoral activity ===

Both Christian right and secular polling organizations sometimes conduct polls to determine which presidential candidates will receive the support of Christian right constituents. One such poll is taken at the Family Research Council's Values Voter Summit. George W. Bush's electoral success owed much to his overwhelming support from white evangelical voters, who comprise 23% of the vote. In 2000 he received 68% of the white evangelical vote; in 2004 that percentage rose to 78%. In 2016, Donald Trump received 81% of the white evangelical vote.


=== Education ===

The Home School Legal Defense Association was co-founded in 1983 by Michael Farris, who would later establish Generation Joshua and Patrick Henry College, and Michael Smith. This organization attempts to challenge laws that serve as obstacles to allowing parents to home-school their children and to organize the disparate group of homeschooling families into a cohesive bloc. The number of homeschooling families has increased in the last twenty years, and around 80 percent of these families identify themselves as evangelicals.
The main universities associated with the Christian right in the United States are:

Bob Jones University – Protestant Fundamentalist institution, founded in 1927.
Christendom College – Roman Catholic institution, founded in 1977
Liberty University – Baptist institution, founded in 1971
Regent University – Evangelical Christian institution, founded in 1977


=== Media ===

The media has played a major role in the rise of the Christian right since the 1920s and has continued to be a powerful force for political Christianity today. The role of the media for the Religious right has been influential in its ability to connect Christian audiences to the larger American culture while at the same time bringing and keeping religion into play as both a political and a cultural force. The political agenda of the Christian right has been disseminated to the public through a variety of media outlets including radio broadcasting, television, and literature.
Religious broadcasting began in the 1920s through the radio. Between the 1950s and 1980s, TV became a powerful way for the Christian right to influence the public through shows such as Pat Robertson's The 700 Club and The Family Channel (now Freeform). The Internet has also helped the Christian right reach a much larger audience. These organizations' websites play a strong role in popularising the Christian right's stances on cultural and political issues, and inform interested viewers on how to get involved. For example, the Christian Coalition of America has used the Internet to inform the public, as well as to sell merchandise and gather members.


== Views ==


=== Capital punishment ===
Support for the death penalty has divided Catholics and Evangelical Protestants within the Christian Right: The Roman Catholic Church is against capital punishment, while the Southern Baptist Convention and the Lutheran Church-Missouri Synod support it. Certain conservative Catholics, however, have supported the death penalty. The Moral Majority made strong support for capital punishment part of its socially conservative agenda. Surveys have found that Evangelical Protestants are more likely than any other American religious group to favor the death penalty.


=== Education ===
The Christian right strongly advocates for a system of educational choice, using a system of school vouchers, instead of public education. Vouchers would be government funded and could be redeemed for ""a specified maximum sum per child per years if spent on approved educational services"". This method would allow parents to determine which school their child attends while relieving the economic burden associated with private schools. The concept is popular among constituents of church-related schools, including those affiliated with Evangelical Lutheranism and Roman Catholicism.


=== Evolution ===

The Protestant members of the Christian right in the United States generally promote the teaching of creationism and intelligent design as opposed to, or alongside, biological evolution. Some supporters of the Christian right have opposed the teaching of evolution in the past, but they did not have the ability to stop it being taught in public schools as was done during the Scopes Trial in Dayton, Tennessee, in which a science teacher went on trial for teaching about the subject of evolution in a public school. Other ""Christian right organizations supported the teaching of creationism, along with evolution, in public schools"", specifically promoting theistic evolution (also known as evolutionary creationism) in which God is regarded as the originator of the process.
Members of and organizations associated with the Christian right, such as the Discovery Institute, created and popularized the modern concept of intelligent design, which became widely known only with the publication of the book Of Pandas and People in 1989. The Discovery Institute, through their intelligent design initiative called the Center for Science and Culture, has endorsed the teach the controversy approach. According to its proponents, such an approach would ensure that both the strengths and weaknesses of evolutionary theory were discussed in the curriculum. This tactic was criticized by Judge John E. Jones III in Kitzmiller v. Dover Area School District, describing it as ""at best disingenuous, and at worst a canard.""
The overwhelming majority of scientific research, both in the United States and elsewhere, has concluded that the theory of evolution, using the technical definition of the word theory, is the only viable explanation of the development of life, and an overwhelming majority of biologists strongly support its presentation in public school science classes. Outside the United States, as well as among American Catholics and Mainline Protestants, Christian conservatives have generally come to accept the theory of evolution.


=== Sex education ===
Some Christian groups advocate for the removal of sex education literature from public schools, for parental opt-out of comprehensive sex education, or for abstinence-only sex education. Sam Harris has written that thirty percent of America's sex-education programs are abstinence based and ineffective.


=== Schooling ===
The Christian right promotes homeschooling and private schooling as a valid alternative to public education for parents who object to the content being taught at school. The percentage of children being homeschooled rose from 1.7% of the student population in 1999 to 2.2% in 2003, and much of this increase has been attributed to the desire to incorporate Christian teachings into the curriculum. In 2003, 72% of parents who homeschooled their children cited the ability to provide religious or moral instruction as the reason for removing their children from public schools. The Kitzmiller v. Dover Area School District case established that creationism cannot be taught in public schools, and in response officials have increasingly appropriated public funds for charter schools that teach curricula like Accelerated Christian Education.


=== Sunday Sabbatarianism ===
The Christian right is in favor of legislation that maintains and promotes Sunday Sabbatarianism, such as Sunday blue laws that forbid shopping and restrict the sale of alcohol on Sundays, which is the Lord's Day in mainstream Christianity.


=== Role of government ===
Supporters of the Christian right have no one unified stance on the role of government since the movement is primarily one that advocates social conservatism; in fact, ""struggles [have] broken out in state party organizations"" between supporters of the Christian right and other conservatives. It promotes conservative interpretations of the Bible as the basis for moral values and enforcing such values by legislation. Evangelical Christians have generally supported laissez-faire economic policies since the New Deal era, while Catholics alternatively accept the Catholic Church's strong support for 
labor unions.


=== Church and state relations ===

The Christian right believes that separation of church and state is not explicit in the American Constitution, believing instead that such separation is a creation of what it claims are activist judges in the judicial system. In the United States, the Christian right often supports their claims by stating that the country was ""founded by Christians as a Christian Nation."" Members of the Christian right take the position that the Establishment Clause bars the federal government from establishing or sponsoring a state church (e.g., the Church of England), but does not prevent the government from acknowledging religion. The Christian right points out that the term ""separation of church and state"" is derived from a letter written by Thomas Jefferson, not from the Constitution itself. Furthermore, the Alliance Defending Freedom (ADF) takes the view that the concept of ""separation of church and state"" has been used by the American Civil Liberties Union and its allies to inhibit public acknowledgment of Christianity and restrict the religious freedoms of Christians.
Thus, Christian right leaders have argued that the Establishment Clause does not prohibit the display of religion in the public sphere. Leaders, therefore, believe that public institutions should be allowed, or even required, to display the Ten Commandments. This interpretation has been repeatedly rejected by the courts, which have found that such displays violate the Establishment Clause. Public officials though are prohibited from using their authority in which the primary effect is ""advancing or prohibiting religion"", according to the Lemon Supreme Court test, and there cannot be an ""excessive entanglement with religion"" and the government. Some, such as Bryan Fischer of the American Family Association, argue that the First Amendment, which specifically restricts Congress, applies only to the Congress and not the states. This position rejects the incorporation of the Bill of Rights.
Generally, the Christian right supports the presence of religious institutions within government and the public sphere, and advocates for fewer restrictions on government funding for religious charities and schools. Both Catholics and Protestants, according to a 2005 Gallup study, have been supportive of school prayer in public schools.


=== Economics ===
Early American fundamentalists, such as John R. Rice often favored laissez-faire economics and were outspoken critics of the New Deal and later the Great Society. The contemporary Christian right supports economic conservative policies such as tax cuts and social conservative policies such as child tax credits.


=== Israel ===

Many evangelical Protestant supporters of the religious right have strongly supported Christian Zionism and the state of Israel in recent decades, encouraging support for Israel within the United States government. Some of them have linked Israel to Biblical prophesies; for example, Ed McAteer, founder of the Moral Majority, said ""I believe that we are seeing prophecy unfold so rapidly and dramatically and wonderfully and, without exaggerating, makes me breathless."" This belief, an example of dispensationalism, arises from the idea that the establishment of Israel is a prerequisite for the Second Coming of Jesus, because it represents the Biblically prophesied Gathering of Israel. A 2017 poll indicates that this belief is held by 80% of evangelicals, and that half of evangelicals consider it an important cause of their support for the state of Israel. However, other Protestant churches and Christian right ideologues have rejected a religious basis for Zionism and condemned the ideology.


=== Abortion and contraception ===

Historically, large percentages of American Catholics and Evangelical Protestants oppose and have opposed abortion, believing that life begins at conception and that abortion is murder. Therefore, those in the movement have worked toward the overturning of Roe v. Wade (1973), and Planned Parenthood v. Casey (1992). The Christian right has also supported incremental steps to make abortion less available. Such efforts include bans on late-term abortion (including intact dilation and extraction), prohibitions against Medicaid funding and other public funding for elective abortions, removal of taxpayer funding for Planned Parenthood and other organizations that provide abortion services, legislation requiring parental consent or notification for abortions performed on minors, legal protections for unborn victims of violence, legal protections for infants born alive following failed abortions, and bans on abortifacient medications.
The Christian right element in the Reagan coalition strongly supported him in 1980, in the belief that he would appoint Supreme Court justices to overturn Roe v. Wade. They were astonished and dismayed when his first appointment was Sandra Day O'Connor, whom they feared would tolerate abortion. They worked hard to defeat her confirmation but failed.
The Christian right contends that morning-after pills such as Plan B and Ella are possible abortifacients, able to interfere with a fertilized egg's implantation in the uterine wall. The labeling mandated by the U.S. Food and Drug Administration (FDA) for Plan B and Ella state that they may interfere with implantation, but according to a June 2012, The New York Times article, many scientists believe that they work only by interfering with ovulation and are arguing to have the implantation language removed from product labels. The Christian right maintains that the chemical properties of morning-after pills make them abortifacients and that the politics of abortion is influencing scientific judgments. Jonathan Imbody of the Christian Medical Association says he questions ""whether ideological considerations are driving these decisions."" Specifically, many Catholic members, as well as some conservative Protestant members, of the Christian right have campaigned against contraception altogether.

In May 2022, Politico published a leaked draft majority opinion, written by Justice Samuel Alito. It would overturn Roe and Casey by nullifying the specific privacy rights in question, eliminating federal involvement, and leaving the issue to be determined by the states. Through a statement made by the Chief Justice of the United States, John Roberts, the Court confirmed the document's authenticity but said that it was not a final decision or the Justice's final decision, which was expected by June or July.
The decision was issued on June 24, 2022, ruling 6–3 to reverse the lower court rulings; a more narrow 5–4 ruling overturned Roe and Casey. The majority opinion stated that abortion was not a constitutional right, and that states should have discretion in regulating abortion. The majority opinion, written by Alito, was substantially similar to the leaked draft. Chief Justice Roberts agreed with the judgment upholding the Mississippi law but did not join the majority in the opinion to overturn Roe and Casey.


=== Biotechnology ===
Due to the Christian right's views regarding ethics and to an extent due to negative views of eugenics common to most ideologies in North America, it has worked for the regulation and restriction of certain applications of biotechnology. In particular, the Christian right opposes therapeutic and reproductive human cloning, championing a 2005 United Nations ban on the practice, and human embryonic stem cell research, which involves the extraction of one or more cells from a human embryo. The Christian right supports research with adult stem cells, amniotic stem cells, and induced pluripotent stem cells which do not use cells from human embryos, as they view the harvesting of biological material from an embryo lacking the ability to give permission as an assault on a living being.
The Christian right also opposes euthanasia, and, in one highly publicized case, took an active role in seeking governmental intervention to prevent Terri Schiavo from being deprived of nutrition and hydration.


=== Opposition to drugs ===

The Christian right has historically supported the temperance movement, such as maintaining Sunday blue laws, adding alcohol packaging warning messages to bottles and limiting alcohol advertising. It has advocated for the prohibition of drugs and has opposed efforts to legalize marijuana. However, the Roman Catholic Church in Canada is in support of medical marijuana for therapeutic reasons.


=== Sex and sexuality ===

The modern roots of the Christian right's views on sexual matters were evident in the years 1950s–1960s, a period in which many conservative Christians in the United States viewed sexual promiscuity as not only excessive, but in fact as a threat to their ideal vision of the country. Beginning in the 1970s, conservative Christian protests against promiscuity began to surface, largely as a reaction to the ""permissive Sixties"" and changes in sexual behavior confirmed by Roe v. Wade and the LGBT rights movement. The Christian right proceeded to make sexuality issues a priority political cause.
Anita Bryant organized Save Our Children, a widespread campaign to oppose legislation prohibiting discrimination on the basis of sexual orientation in Miami-Dade County, Florida. The group argued that gay people were ""recruiting"" or ""molesting children"" in order to make them gay. Bryant said, ""As a mother, I know that homosexuals cannot biologically reproduce children; therefore, they must recruit our children,"" and also said that ""If gays are granted rights, next we'll have to give rights to prostitutes and to people who sleep with St. Bernards and to nail biters."" The Bryant campaign achieved success in repealing some city anti-discrimination laws, and proposed other citizen initiatives such as a failed California ballot question designed to ban gay people or those who supported LGBT rights from holding public teaching jobs. Bryant's campaign attracted widespread opposition and boycotts which put her out of business.
From the late 1970s onwards, some conservative Christian organizations such as the Christian Broadcasting Network, Focus on the Family, Concerned Women for America, the American Family Association, and the Christian Coalition of America, along with right-wing Christian hate groups such as the Westboro Baptist Church, have been outspoken against LGBT rights. Late in 1979, a new religious revival among conservative Evangelical Protestants and Roman Catholics ushered in the Republican coalition politically aligned with the Christian right that would reign in the United States between the years 1970s and 1980s, becoming another obstacle for the progress of the LGBTQ rights movement. During the HIV/AIDS epidemic of the 1980s, LGBTQ communities were further stigmatized as they became the focus of mass hysteria and suffered isolation, marginalization and violence.
The Christian right champions itself as the ""self-appointed conscience of American society"". During the 1980s, the movement was largely dismissed by political pundits and mainstream religious leaders as ""a collection of buffoonish has-beens"". Later, it re-emerged, better organized and more focused, taking firm positions against abortion, pornography, sexual deviancy, and extreme feminism. Beginning around the first presidency of Donald Trump, Christian conservatives have largely refrained from engaging in debates about sexual morality.
Influential Christian right organizations at the forefront of the anti-gay rights movement in the United States include Focus on the Family, Family Research Council, and the Family Research Institute. An important stratagem in Christian right anti-gay politics is in its rejection of ""the edicts of a Big Brother"" state, allowing it to profit from ""a general feeling of discontent and demoralization with government"". As a result, the Christian right has endorsed smaller government, restricting its ability to arbitrate in disputes regarding values and traditions. In this context, gay rights laws have come to symbolize the government's allegedly unconstitutional ""[interference] with individual freedom"".
The central tenets of Focus on the Family and similar organizations, such as the Family Research Council, emphasise issues such as abortion and the necessity of gender roles. A number of organizations, including the New Christian Right, ""have in various ways rejected liberal America in favor of the regulation of pornography, anti-abortion legislation, the criminalization of homosexuality, and the virtues of faithfulness and loyalty in sexual partnerships"", according to sociologist Bryan S. Turner.
Some members of the Christian right view same-sex marriage as a central issue in the culture wars, more so than other gay rights issues and even more significantly than abortion. The legalization of same-sex marriage in Massachusetts in 2004 changed the Christian right, causing it to put its opposition to these marriages above most other issues. It also created previously unknown interracial and ecumenical coalitions, and stimulated new electoral activity in pastors and congregations.


== Criticism ==
Criticisms of the Christian right often come from Christians who believe Jesus' message was centered on social responsibility and social justice. Theologian Michael Lerner has summarized: ""The unholy alliance of the Political Right and the Religious Right threatens to destroy the America we love. It also threatens to generate a revulsion against God and religion by identifying them with militarism, ecological irresponsibility, fundamentalist antagonism to science and rational thought, and insensitivity to the needs of the poor and the powerless.""
Commentators such as Rob Schenck, Randall Balmer, and Charles M. Blow criticized the Christian right for its tolerance and embrace of Donald Trump during the 2016 presidential election despite Trump's failure to adhere to any of the principles advocated by the Christian right groups for decades. In a 2023 interview with NPR, Russell D. Moore stated that he had come to believe that Christianity was ""in a crisis"" after hearing multiple pastors speak of congregation members rejecting quotes from the Sermon on the Mount as ""liberal talking points"" and not backing down upon being informed of their source.


=== Interpretation of Christianity ===

One argument which questions the legitimacy of the Christian right posits that Jesus Christ may be considered a leftist on the modern political spectrum. Jesus' and Catholics’ concern with the poor and feeding the hungry, among other things, are argued, by proponents of Christian leftism, to be core attributes of modern-day socialism and social justice. However, others  contend that while Jesus' concern for the poor and hungry is virtuous and that individuals have a moral obligation to help others, the relationship between charity and the state should not be construed in the same manner.
According to Frank Newport of Gallup, ""there are fewer Americans today who are both highly religious and liberal than there are Americans who are both highly religious and conservative."" Newport also noted that 52% of white conservatives identify as ""highly religious"" while only 16% of white liberals identify as the same. However, African Americans, ""the most religious of any major racial or ethnic group in the country"", are ""strongly oriented to voting Democratic"". While observing that African-American Democrats are more religious than their white Democrat counterparts, Newport further noted, however, that African-American Democrats are ""much more likely to be ideologically moderate or conservative.""
Some criticize what they see as a politicization of Christianity because they say Jesus transcends political concepts.
Mikhail Gorbachev referred to Jesus as ""the first Socialist"".


=== Race and diversity ===
The Christian right has tried to recruit social conservatives in the black church. Prior to the 2016 United States presidential election, African-American Republican Ben Carson emerged as a leader of the Christian right. Other Christian African Americans who identify with conservatism are Supreme Court justice Clarence Thomas, rapper Kanye West, Alveda King, and pastor Tony Evans.


=== LGBT rights ===
Whilst the Christian right in the United States generally identifies with aspects of LGBT rights opposition, other Christian movements argue that the biblical texts only oppose specific types of divergent sexual behaviour, such as paederasty (i.e. sexual intercourse between boys and men). During the Trump administration, there was a growing push for religious liberty bills, aimed to exempt individuals and businesses from anti-discrimination laws intended to protect LGBT people, if they claimed that their actions were motivated by religious beliefs. Among the most powerful organizations that promoted anti-LGBT and anti-transgender legislation under the Trump administration is the Alliance Defending Freedom.


=== Use of dominionism labeling ===
Some social scientists have used the word ""dominionism"" to refer to adherence of dominion theology, as well as to the influence in the broader Christian Right of ideas inspired by Dominion Theology. Although such influence (particularly of Reconstructionism) has been described by many authors, full adherents to Reconstructionism are few and marginalized among conservative Christians.
In the early 1990s, sociologist Sara Diamond defined dominionism in her PhD dissertation as a movement that, while it includes Dominion Theology and Reconstructionism as subsets, is much broader in scope, extending to much of the Christian Right. She was followed by journalists who included Frederick Clarkson and Chris Hedges and others who have stressed the influence of Dominionist ideas on the Christian right.
The terms ""dominionist"" and ""dominionism"" are rarely used for self-description, and their usage has been attacked from right-leaning quarters. Stanley Kurtz labeled it ""conspiratorial nonsense"", ""political paranoia"", and ""guilt by association"", and decried Hedges' ""vague characterizations"" that allow him to ""paint a highly questionable picture of a virtually faceless and nameless 'Dominionist' Christian mass."" Kurtz also complained about a perceived link between average Christian evangelicals and extremism such as Christian Reconstructionism:

The notion that conservative Christians want to reinstitute slavery and rule by genocide is not just crazy, it's downright dangerous. The most disturbing part of the Harper's cover story (the one by Chris Hedges) was the attempt to link Christian conservatives with Hitler and fascism. Once we acknowledge the similarity between conservative Christians and fascists, Hedges appears to suggest, we can confront Christian evil by setting aside ""the old polite rules of democracy."" So wild conspiracy theories and visions of genocide are really excuses for the Left to disregard the rules of democracy and defeat conservative Christians – by any means necessary.
Lisa Miller of Newsweek said that many warnings about ""dominionism"" are ""paranoid"" and she also said that ""the word creates a siege mentality in which 'we' need to guard against 'them.'"" Ross Douthat of The New York Times noted that ""many of the people that writers like Diamond and others describe as 'dominionists' would disavow the label, many definitions of dominionism conflate several very different Christian political theologies, and there's a lively debate about whether the term is even useful at all."" According to Joe Carter of First Things, ""the term was coined in the 1980s by Diamond and is never used outside liberal blogs and websites. No reputable scholars use the term for it is a meaningless neologism that Diamond concocted for her dissertation"", while Jeremy Pierce of First Things coined the word ""dominionismist"" to describe those who promote the idea that there is a dominionist conspiracy.
Another criticism has focused on the proper use of the term. Berlet wrote that ""some critics of the Christian Right have stretched the term dominionism past its breaking point"", and argued that, rather than labeling conservatives as extremists, it would be better to ""talk to these people"" and ""engage them"". Sara Diamond wrote that ""[l]iberals' writing about the Christian Right's take-over plans has generally taken the form of conspiracy theory"", and argued that instead one should ""analyze the subtle ways"" that ideas like Dominionism ""take hold within movements and why.""
Dan Olinger, a professor at the fundamentalist Bob Jones University in Greenville, South Carolina, said, ""We want to be good citizens and participants, but we're not really interested in using the iron fist of the law to compel people to do everything Christians should do."" Bob Marcaurelle, interim pastor at Mountain Springs Baptist Church in Piedmont, said the Middle Ages were proof enough that Christian ruling groups are almost always corrupted by power. ""When Christianity becomes the government, the question is whose Christianity?"" Marcaurelle asked.


== Movements outside the United States ==
While the Christian right is a strong movement in the United States, it also has a presence in Canada. Alan Curtis suggests that the American Christian right ""is a phenomenon that is very hard for Europeans to understand."" Robin Pettitt, a professor at Kingston University London, states, however, that like the Christian right in the US, Christian Democratic movements in Europe and Latin America are ""equally driven by the debate over the role of the state and the church in political, social and moral life.""


=== Australia ===

In Australia, the Christian right draws from both Catholics and Protestants. Historically, the first Christian right party was the Democratic Labor Party. The Democratic Labor Party was formed in 1955 as a split from the Australian Labor Party (ALP). In Victoria, and New South Wales, state executive members, parliamentarians and branch members associated with the Industrial Groups or B. A. Santamaria and ""The Movement"" (and therefore strongly identified with Roman Catholicism) were expelled from the party, and formed the Democratic Labor Party (DLP). Later in 1957, a similar split occurred in Queensland, with the resulting group subsequently joining the DLP. The party also had sitting members from Tasmania and New South Wales at various times, though it was much stronger in the former mentioned states. The goals of the party were anti communism, the decentralization of industry, population, administration and ownership. The party decided, in its view that the ALP was filled with communists, that it would preference the ruling conservative Liberal and Country parties over the ALP.
The DLP heavily lost ground in the federal election of 1974 that saw its primary vote cut by nearly two-thirds, and the election of an ALP government. The DLP never regained its previous support in subsequent elections and formally disbanded in 1978, but a small group within the party refused to accept this decision and created a small, reformed successor party (now the Democratic Labour Party). Though his party was effectively gone, Santamaria and his National Civic Council (NCC) took a strong diametrically opposed stance to dominant Third Way/neoliberal/New Right tendencies within both the ALP and Liberal parties throughout the 1980s and early 1990s.
The B. A Santamaria and the Democratic Labor party produced many alumni who became the base of the Christian right in Australia. In Liberal party, these were Tony Abbott and Kevin Andrews. Outside the Liberal party, conservative commentator's such as Greg Sheridan and Gerrard Henderson also had links to Santamaria. Within the Australian Labor Party (ALP), this alumni can be found in the Shop, Distributive and Allied Employees Association (SDA), which de-affiliated from the ALP with the industrial Groups in the 1950s, and then re-affiliated in the 1980s. The SDA opposed gay marriage and abortion, which were some reasons for workers to form another competing union. Tony Burke, who opposed euthanasia, came from the SDA. Currently, the NCC functions as a minority organization within the Christian Right.
The more Protestant strands of the Christian Right have been far more diverse. Fundamentalist Christianity directly inspired Fred Nile and his parties. Nile in 1967–68 was assistant director of the Billy Graham Crusade in Sydney. The Christian Democratic Party (initially known as the ""Call to Australia"" party) is on the strongly religious conservative end of the Australian political spectrum, promoting social conservatism, opposing gay rights and abortion. It gained 9.1% of the vote in the New South Wales (NSW) state election of 1981, Its support base has generally been restricted to NSW and Western Australia, where it usually gains between 2–4% of votes, with its support being minuscule in other states. The party started to fall apart in 2019 when the moderate faction member, Paul Green, lost his seat, and when a faction of younger people attempted to dismiss the governing board.  Whilst this failed, it opened up a rift between the traditional party factions that led to prolonged legal disputes and the party winding up in 2022. Fred Nile would quickly join a new party.
The Family First Party is a former political party which was linked with Pentecostal Church and other smaller Christian denominations, and was also identified with the strongly religious conservative end of the Australian political spectrum. It has had one or two members in the SA parliament since 2002, and in 2004 also managed to elect a Victorian senator. Its electoral support is small, with the largest constituencies being South Australia (4–6%), and Victoria (around 4%). Family First generally receives lower support in national elections than in state elections. Family First was merged with the Australian Conservatives Party in 2017.
Outside of the Catholic links to B.A. Santamaria and the minor Protestant parties, some party members of the Liberal and National Party Coalition and the Australian Labor Party also support some of the values of the Christian right on abortion and gay rights. The Australian Christian Lobby argues for opposition to same-sex marriage in state and federal politics.


=== Brazil ===

In Brazil, the evangelical caucus have a great influence at the parliament and in the society in general. The bloc promotes strong socially conservative positions, like opposition to abortion, LGBT rights, marijuana legalization, sexual and gender education at schools and support to decrease of age of defense of infancy. Except for left-wing and far-left parties with strong social progressive beliefs like Workers' Party or Socialism and Liberty Party, Christian conservatives can be found in all political parties of Brazil, but nevertheless they are more common associated with parties like Social Democratic Party, Democratas, PSL, Social Christian Party, Brazilian Republican Party, Patriota and in the Party of the Republic. In 2016, Marcelo Crivella, a licensed pentecostal pastor from the Universal Church of the Kingdom of God, won in a runoff the election to mayor of Rio de Janeiro, the second biggest city in Brazil, with the Brazilian Republican Party, making for the first time an evangelical bloc member mayor of a big city in Brazil. In 2018, Jair Bolsonaro was elected president with massive support of conservative Catholics, Charismatics, Evangelicals and Pentecostals; Another candidate, Cabo Daciolo, from Patriota, attracted much attention from media and public in general, despite a lower votation. Both had a right-wing populist, Christian nationalist program, but Bolsonaro was near to a national conservative and economic liberal one, contrasting with an Ultranationalist, theocratic and protectionist style of Daciolo.


=== Canada ===

Religion has been a key factor in Canadian politics since well before the Canadian Confederation was established in 1867, when the Conservatives were the party of traditionalist Catholics and Anglicans and the Liberals were the party of Protestant dissenters and anti-clerical Catholics. This pattern largely remained until the mid-twentieth century when a new division emerged between the Christian left (represented by the Social Gospel philosophy and ecumenicism) and the Christian right (represented by fundamentalism and biblical literalism). The Christian left (along with the secular and anti-religious left) became supporters of the New Democratic Party while the right moved to the Social Credit Party, especially in Western Canada, and to a lesser extent the Progressive Conservatives.
The Social Credit Party, founded in 1935, represented a major change in Canadian religious politics. Until that time, fundamentalists had shunned politics as ""worldly"", and a distraction from the proper practice of religion. However, the new party was founded by fundamentalist radio preacher and Bible school teacher William Aberhart or ""Bible Bill"". Aberhart mixed his own interpretation of scripture and prophecy with the monetary reform theories of social credit to create a movement that swept across Alberta, winning the provincial election of 1935 in a landslide. Aberhart and his disciple Ernest Manning then governed the province for the next forty years, several times trying to expand into the rest of Canada
In 1987, Manning's son, Preston Manning, founded the new Reform Party of Canada, which soon became the main party of the religious right. It won majorities of the seats in Western Canada in repeated elections, but was unable to break through in Eastern Canada, though it became the official opposition from 1997 to 2003 (Reform was renamed the Canadian Alliance in 2000). In 2003 the Canadian Alliance and the Progressive Conservatives merged to create the Conservative Party of Canada, led by Stephen Harper, a member of the Christian and Missionary Alliance, who went on to become prime minister in 2006.
The Canadian Charter of Rights and Freedoms, introduced by the patriation of the Canadian Constitution in 1982, has been controversial within the Christian right in Canada. Although this Charter entrenches rights and freedoms (such as the freedom of religion) that are central in the belief systems of the Christian right, it has also been interpreted by the Supreme Court of Canada to strike down many laws supported by the Christian right. In 1982, the Supreme Court struck down Canada's Lords' Day Act, which required many stored to be closed on Sundays, as an infringement the freedom of conscience and religion. Abortion, partly decriminalized in 1969 by an act of Parliament, was completely decriminalized after the two R. v. Morgentaler cases (in 1988 and in 1993). Parliament attempted to pass a new law governing abortion in 1993, but this legislation failed after a tie vote in the Senate. A series of provincial superior court decisions which legalized same-sex marriage led the federal government to introduce legislation that legalized same-sex marriage in all of Canada. Before he took office, former Conservative prime minister Stephen Harper stated that he would hold a free vote on the issue, and declared the issue closed after it was voted down in the House of Commons in 2006.
In 2013, the Supreme Court struck down Canada's prostitution law in Canada v Bedford, prompting the Stephen Harper government to introduce a new prostitution law fashioned after the Nordic Model. In 2015, the Supreme Court struck down Canada's prohibition on euthanasia in Carter v Canada, again leading Parliament to pass a new law governing euthanasia. The Christian right has been critical of all these judicial decisions and have generally been the greatest advocates for the stringent laws against abortion, same-sex marriage, prostitution, and euthanasia, though in differing degrees. For instance, the Christian right in Canada is strongly and vocally organized on the topic of abortion, but criticism of same-sex marriage is far more seldom. In 2021 the Canadian government passed Bill C-4, banning conversion therapy nationwide, which received opposition from the Christian Right and Conservative members of parliament. Christian Pastors altered their preaching schedules to criticize and discuss this new law.


=== The Caribbean, Latin America, and Sub-Saharan Africa ===

Christian right politics in the Caribbean, Latin America, and Sub-Saharan Africa is strongly connected with the growing propagation of the Evangelical-Pentecostal movement in the Global South and Third World countries. Roman Catholics in the Caribbean, Latin America, and Sub-Saharan Africa, despite being normally socially conservative, tend to be more left-wing in economics due to the traditional teachings of the Catholic social doctrine. Evangelical-Pentecostal Christians, on the other hand, are mostly from the neo-Pentecostal movement, and thus believers in the Prosperity theology that justifies most of their neoliberal economic ideas. They are also strongly socially conservative, even for Latin American standards.


=== Mexico ===
In Mexico, the interests of the Christian right are represented by different political organisations and civil associations. The most notable case is the National Action Party, a conservative party aligned with Christian Democratic ideas, notably influenced by the Social teaching of the Catholic Church, and which has held the presidency of Mexico twice. The party's platform states strong opposition to abortion, same-sex marriage and the legalisation of drugs, among many other conservative policies. In addition, prominent figures in the party have been linked to Catholic Church organisations. The evangelical caucus, albeit for a relatively short time, was represented by the Social Encounter Party and the Solidarity Encounter Party, the latter being the successor to the former. Both parties were founded by Hugo Eric Flores, who according to some sources was an evangelical minister before entering politics. Initially statewide for Baja California, Social Encounter came to govern that state in coalition with the National Action Party. The party would later be officialised as a political party at the federal level. Other organisations and associations adhering to the ideals of the Christian right include the Frente Nacional por la Familia, the Organización del Bien Común, colloquially known as El Yunque and with close ties to the PAN, and the Legionaries of Christ, a Roman Catholic clerical religious order of priests and candidates for the priesthood established in Mexico.


=== Netherlands ===
In the Netherlands, Calvinist Protestants have long had their own political parties, now called the Reformed Political Party (SGP) on the right, and the ChristianUnion (CU) in the center. For generations they operated their own newspapers and broadcasting association. The SGP has about 28,000 members, and three out of 150 members of the Dutch parliament's lower house. It has always been in opposition to the government.


=== Northern Ireland ===
In Northern Ireland, Ian Paisley led a Protestant fundamentalist party, the Democratic Unionist Party, which had a considerable influence on the province's culture. For a time after the 2017 United Kingdom general election, the DUP provided confidence and supply to the governing Conservative Party, although this agreement provoked concern from socially liberal elements of the party about possible DUP influence on social policy. Although there is no evidence this occurred. Karen Armstrong has mentioned British evangelical leader Colin Urquhart as advocating positions similar to the Christian Right.


=== Other countries ===
In Fiji, Sodelpa is a conservative, nationalist party which seeks to make Christianity the state religion, while the constitution makes Fiji a secular republic. Following the 2014 general election, Sodelpa is the main opposition party in Parliament.
In Hungary, the ruling national-conservative party Fidesz can also be considered to be a party of the Christian right. Viktor Orbán is known for his use of conservative Christian values against immigration and the rise of Islam in Europe.
In the Philippines, due to Spanish colonization, and the introduction of the Catholic Church, religious conservatism has a strong influence on national policies. Some have argued that the U.S. Christian right may have roots in the Philippines.
In Poland, the Roman Catholic national-conservative party Law and Justice can be considered to be a party of the Christian right.
In Russia, the United Russia has collaborated closely with the Russian Orthodox Church, boosting the Kremlin's appeal to social conservatives.
In Scandinavia, the Faroe Island's Centre Party is a bible-oriented fundamentalist party with about 4% of the vote. However, the Norwegian Christian People's Party, the Swedish Christian Democrats and Danish Christian Democrats are less religiously orthodox and are similar to mainstream European Christian Democracy.
In Switzerland, Federal Democratic Union is a small conservative Protestant party with about 1% of the vote.


== Associated minor political parties ==
Some minor political parties have formed as vehicles for Christian right activists:


=== Groups ===
Roman Catholic Church (social, moral, and cultural issues)
Traditionalist Catholicism
Southern Baptist Convention
Assemblies of God
Presbyterian Church in America
Lutheran Church–Missouri Synod and Wisconsin Evangelical Lutheran Synod
Continuing Anglicans
Free Methodist Church and Global Methodist Church
Other denominations of conservative evangelicalism
The Church of Jesus Christ of Latter-day Saints


== See also ==


== References ==


== Further reading ==

Boston, Rob. 2000. Close Encounters with the Religious Right: Journeys into the Twilight Zone of Religion and Politics. Prometheus Books. ISBN 978-1-57392-797-0.
Boyd, James H., Politics and the Christian Voter.
Brown, Ruth Murray (2002). For a ""Christian America"": A History of the Religious Right. Amherst, NY: Prometheus Books. ISBN 978-1-573-92973-8.
Bruns, Roger A. 2002. Preacher: Billy Sunday and Big-Time American Evangelism. University of Illinois Press. ISBN 978-0-252-07075-4.
Compton, John W. 2020. The End of Empathy: Why White Protestants Stopped Loving Their Neighbors. Oxford University Press.
Diamond, Sara. 1995. Roads to Dominion: Right-Wing Movements and Political Power in the United States. New York: Guilford. ISBN 0-89862-864-4.
Dowland, Seth. Family Values and the Rise of the Christian Right (University of Pennsylvania Press, 2015).
Gloege, Timothy.  2015. Guaranteed Pure: The Moody Bible Institute, Business, and the Making of Modern Evangelicalism. The University of North Carolina Press. ISBN 1469621010.
Green, John C., James L. Guth and Kevin Hill. 1993. ""Faith and Election: The Christian right in Congressional Campaigns 1978–1988"". The Journal of Politics 55(1), (February): 80–91.
Green, John C. ""The Christian Right and the 1994 Elections: A View from the States"", PS: Political Science and Politics Vol. 28, No. 1 (Mar. 1995), pp. 5–8 JSTOR 420570.
Hirschberger, Bernd; Voges, Katja (eds.): Religious Freedom and Populism: The Appropriation of a Human Right and How to Counter It. Bielefeld: transcript. ISBN 978-3-8376-6827-8
Himmelstein, Jerome L. 1990. To The Right: The Transformation of American Conservatism. University of California Press.
Kruse, Kevin M. One Nation Under God: How Corporate America Invented Christian America. Basic Books, 2015. ISBN 0465049494.
Marsden, George. Understanding Fundamentalism and Evangelicalism.
Marsh, Charles. Wayward Christian Soldiers: Freeing the Gospel from Political Captivity (New York: Oxford University Press, 2007).
Martin, William. 1996. With God on Our Side: The Rise of the Religious Right in America, New York: Broadway Books. ISBN 0-7679-2257-3.
Mascolo, Lo Gionathan. 2023. The Christian Right in Europe  Movements, Networks, and Denominations. Bielefeldt. transcript. ISBN 978-3-8376-6038-8
Micklethwait, John; Wooldridge, Adrian (2004). The Right Nation: Conservative Power in America. New York City: Penguin Books. ISBN 978-1-59420-020-5.
Noll, Mark. 1989. Religion and American Politics: From the Colonial Period to the 1980s.
Noll, Mark and Rawlyk, George: Amazing Grace: Evangelicalism in Australia, Canada, Britain, Canada and the United States: Montreal: McGill-Queens University Press: 1994: ISBN 0-7735-1214-4.
O'Donnell, Jonathon (September 2020). Stausberg, Michael; Engler, Steven (eds.). ""The deliverance of the administrative state: Deep state conspiracism, charismatic demonology, and the post-truth politics of American Christian nationalism"". Religion. 50 (4). Taylor & Francis: 696–719. doi:10.1080/0048721X.2020.1810817. ISSN 1096-1151. S2CID 222094116.
Preston, Andrew, Bruce J. Schulman, and Julian E. Zelizer, eds. Faithful Republic: Religion and Politics in Modern America (University of Pennsylvania Press, 2015) viii, 213 pp.; Essays by scholars
Ribuffo, Leo P. 1983. The Old Christian right: The Protestant Far Right from the Great Depression to the Cold War. Philadelphia: Temple University Press. ISBN 0-87722-598-2.
Shields, Jon A., ""Framing the Christian Right: How Progressives and Post-War Liberals Constructed the Religious Right"", Journal of Church and State, 53 (Autumn 2011), 635–55.
Smith, Jeremy Adam, 2007, ""Living in the Gap: The Ideal and Reality of the Christian Right Family"". The Public Eye, Winter 2007–08.
Wald, Kenneth. 2003. Religion and Politics in the United States.
Wilcox, Clyde. Onward Christian Soldiers: The Religious Right in American Politics. survey by two neutral scholars.
Williams, Daniel K. (2010). God's Own Party: The Making of the Christian Right. Oxford University Press. ISBN 978-0-19-534084-6.
Wills, Garry (1990). Under God: Religion and American Politics. New York: Simon & Schuster. ISBN 978-0-671-65705-5.","A right-wing Christian is a person who identifies with conservative political ideologies and integrates Christian beliefs into their political views, often advocating for socially conservative policies and values.",Christian right is a term used in the United States to describe right-wing Christian political groups that are characterized by their strong support of socially conservative policies.,1,0,supported,3.95880875475,-0.24707279327955103,-7.659256591666082,31,,0.9779409170150757,-0.128891647896,2.82366096657,0.7692841239010232,5,0.602838435031,1.0,1.0,0.0,0.0,0.99609375,0.0008754730224609375,0.00283050537109375,-3.0050716115195306,0.04719727988528402,0.0,0.3108108108108108,0.5,keep
Q546_327,wikiqa,what jobs did hans christian anderson have besides writing?,"Hans Christian Andersen ( AN-dər-sən; Danish: [ˈhænˀs ˈkʰʁestjæn ˈɑnɐsn̩, - ˈkʰʁæs-] ; 2 April 1805 – 4 August 1875) was a Danish author. Although a prolific writer of plays, travelogues, novels, and poems, he is best remembered for his literary fairy tales.
Andersen's fairy tales, consisting of 156 stories across nine volumes, have been translated into more than 125 languages. They have become embedded in Western collective consciousness, accessible to children as well as presenting lessons of virtue and resilience in the face of adversity for mature readers. His most famous fairy tales include ""The Emperor's New Clothes"", ""The Little Mermaid"", ""The Nightingale"", ""The Steadfast Tin Soldier"", ""The Red Shoes"", ""The Princess and the Pea"", ""The Snow Queen"", ""The Ugly Duckling"", ""The Little Match Girl"", and ""Thumbelina."" Andersen's stories have inspired ballets, plays, and animated and live-action films.


== Early life ==

Andersen was born in Odense, Denmark, on 2 April 1805. He had a half sister named Karen. Andersen's father, also named Hans, considered himself related to nobility (his paternal grandmother had told his father that their family had belonged to a higher social class, but investigations have disproved these stories). Although it has been challenged, speculation suggests that Andersen was an illegitimate son of King Christian VIII. Danish historian Jens Jørgensen supported this idea in his book H.C. Andersen, en sand myte [a true myth].
Andersen was baptised on 15 April 1805 in Saint Hans Church in Odense. According to his birth certificate, which was not drafted until November 1823, six godparents were present at the baptism ceremony: Madam Sille Marie Breineberg, Maiden Friederiche Pommer, shoemaker Peder Waltersdorff, journeyman carpenter Anders Jørgensen, hospital porter Nicolas Gomard, and royal hatter Jens Henrichsen Dorch.
Andersen's father, who had received an elementary school education, introduced his son to literature, reading him Arabian Nights. Andersen's mother, Anne Marie Andersdatter, was an illiterate washerwoman. Following her husband's death in 1816, she remarried in 1818. Andersen was sent to a local school for poor children where he received a basic education and had to support himself, working as an apprentice to a weaver and, later, to a tailor. At 14, Andersen moved to Copenhagen to seek employment as an actor. Having a good soprano voice, he was accepted into the Royal Danish Theatre, but his voice soon changed. A colleague at the theatre told Andersen that he considered Andersen a poet, and taking the suggestion seriously, Andersen began to focus on writing.
Jonas Collin, director of the Royal Danish Theatre, held great affection for Andersen and sent him to a grammar school in Slagelse, persuading King Frederick VI to pay part of Andersen's education. Andersen had by then published his first story, ""The Ghost at Palnatoke's Grave"" (1822). Though not a stellar pupil, Andersen also attended school at Elsinore until 1827.
Andersen later said that his years at this school were the darkest and most bitter years of his life. At one school, Andersen lived at his schoolmaster's home. There, Andersen was abused and was told that it was done in order ""to improve his character."" Andersen later said that the faculty had discouraged him from writing, which resulted in a depression.


== Career ==


=== Early work ===

A very early fairy tale by Andersen ""The Tallow Candle"" (Danish: Tællelyset), was discovered in a Danish archive in October 2012. The story, written in the 1820s, is about a candle that does not feel appreciated. It was written while Andersen was still in school and dedicated to one of his benefactors. The story remained in that family's possession until it was found among other family papers in a local archive.
In 1829, Andersen enjoyed considerable success with the short story ""A Journey on Foot from Holmen's Canal to the East Point of Amager."" Its protagonist meets characters ranging from Saint Peter to a talking cat. Andersen followed this success with a theatrical piece, Love on St. Nicholas Church Tower, and a short volume of poems. He made little progress in writing and publishing immediately following these poems, but did receive a small travel grant from the king in 1833. This enabled Andersen to set out on the first of many journeys throughout Europe. At Jura, near Le Locle, Switzerland, Andersen wrote the story ""Agnete and the Merman."" The same year, he spent an evening in the Italian seaside village of Sestri Levante, which inspired the title of ""The Bay of Fables."" Andersen arrived in Rome in October 1834. His travels in Italy were reflected in his first novel, a fictionalized autobiography titled The Improvisatore (Improvisatoren), published in 1835 to instant acclaim.


=== Literary fairy tales ===

Fairy Tales Told for Children. First Collection (Danish: Eventyr, fortalt for Børn. Første Samling.) is a collection of nine fairy tales by Andersen. The tales were published in a series of three installments by C. A. Reitzel in Copenhagen between May 1835 and April 1837. They were Andersen's first venture into the fairy tale genre.
The first installment was a volume of sixty-one unbound pages published 8 May 1835 containing ""The Tinderbox"", ""Little Claus and Big Claus"", ""The Princess and the Pea"" and ""Little Ida's Flowers"". The first three tales were based on folktales Andersen had heard in his childhood. The fourth was Andersen's creation for Ida Thiele, the daughter of folklorist Just Mathias Thiele, Andersen's early benefactor. Reitzel paid Andersen thirty rigsdalers for the manuscript, and the booklet was priced at 24 shillings.
The second booklet was published on 16 December 1835 and contained ""The Naughty Boy"", and ""The Traveling Companion"", and ""Thumbelina."" The lattermost was inspired by ""Tom Thumb"" and other stories of miniature people. ""The Naughty Boy"" was based on a poem about Eros from the Anacreontea, and ""The Traveling Companion"" was a ghost story Andersen had experimented with in the year 1830.

The third booklet contained ""The Little Mermaid"" and ""The Emperor's New Clothes"", and it was published on 7 April 1837. The former was influenced by Friedrich de la Motte Fouqué's Undine (1811) and legends about mermaids. This tale established Andersen's international reputation. The only other tale in the third booklet was ""The Emperor's New Clothes"", which was based on a medieval Spanish story with Arab and Jewish origins. On the eve of the third installment's publication, Andersen revised the conclusion (in which the Emperor simply walks in procession) to its now-famous finale of a child calling out, ""The Emperor is not wearing any clothes!""
Danish reviews of the first two booklets first appeared in 1836 and were not enthusiastic. The critics disliked the chatty, informal style and apparent immorality, since children's literature was meant to educate rather than to amuse. The critics discouraged Andersen from pursuing this type of style. Andersen believed that he was working against the critics' preconceived notions about fairy tales, and he temporarily returned to novel-writing, waiting a full year before publishing his third installment.
The nine tales from the three booklets were published in one volume and sold for seventy-two shillings. A title page, a table of contents, and a preface by Andersen were published in this volume.
In 1868, Horace Scudder, the editor of Riverside Magazine For Young People, offered Andersen $500 for 12 new stories. Sixteen of Andersen's stories were published in the magazine, and 10 of them appeared there before they were printed in Denmark.


=== Travelogues ===

In 1851, Andersen published In Sweden, a volume of travel sketches. The publication received wide acclaim. A keen traveler, he published several other long travelogues: Shadow Pictures of a Journey to the Harz, Swiss Saxony, etc. etc. in the Summer of 1831, A Poet's Bazaar, In Spain, and A Visit to Portugal in 1866. (The last one describes his visit with his Portuguese friends Jorge and José O'Neill, whom Andersen knew in the mid-1820s while he was living in Copenhagen.) In his travelogues, Andersen used contemporary conventions related to travel writing but developed the style to make it his own. Each of Andersen's travelogues combines documentary and descriptive accounts of his experiences, adding additional philosophical passages on topics such as authorship, immortality, and fiction in literary travel reports. Some of the travelogues, such as In Sweden, contain fairy tales.
In the 1840s, Andersen's attention returned to the theatre stage, but with little success. He had better luck with the publication of the Picture-Book without Pictures (1840). Andersen started a second series of fairy tales in 1838 and a third series in 1845. At this point, he was celebrated throughout Europe, although Andersen's native Denmark still showed some resistance to his pretensions.
Between 1845 and 1864, Andersen lived at Nyhavn 67, Copenhagen, where a memorial plaque is now placed.
Patrons of Andersen's writings included the monarchy of Denmark, the House of Schleswig-Holstein-Sonderburg-Glücksburg. An unexpected invitation from King Christian IX to the royal palace entrenched Andersen's folklore in Danish royalty as well as making its way to the Romanov dynasty when Christian IX's daughter Maria Feodorovna married Alexander III of Russia.


== Personal life ==


=== Meetings with Charles Dickens ===

In June 1847, Andersen visited England for the first time, enjoying triumphant social success. The Countess of Blessington invited him to her parties where many intellectuals would meet, and at one such party he met Charles Dickens for the first time. They shook hands and walked to the veranda, which Andersen noted in his diary: ""We were on the veranda, and I was so happy to see and speak to England's now-living writer whom I do love the most."" The two authors respected each other's work and each other as writers, and had in common their depictions of the underclass, who often led difficult lives affected both by the Industrial Revolution and by abject poverty.
In 1857, Andersen visited England again, primarily to meet Dickens. Andersen extended the planned brief visit to Dickens' home at Gads Hill Place into a five-week stay, much to the distress of Dickens' family. After Andersen was told to leave, Dickens gradually stopped all correspondence between them, to Andersen's great disappointment and confusion; he had enjoyed the visit and never understood why his letters went unanswered. It has been argued that Dickens modelled the physical appearance and mannerisms of Uriah Heep from David Copperfield after Andersen.


=== Romantic relationships ===
In Andersen's early life, his private journal records his refusal to have sexual relations.
Andersen experienced homosexual attraction; he wrote to Edvard Collin: ""I languish for you as for a pretty Calabrian wench ... my sentiments for you are those of a woman. The femininity of my nature and our friendship must remain a mystery."" Collin wrote in his own memoir, ""I found myself unable to respond to this love, and this caused the author much suffering."" Andersen's infatuation with Karl Alexander, the young hereditary duke of Saxe-Weimar-Eisenach, did result in a relationship:

The Hereditary Grand Duke walked arm in arm with me across the courtyard of the castle to my room, kissed me lovingly, asked me always to love him though he was just an ordinary person, asked me to stay with him this winter ... Fell asleep with the melancholy, happy feeling that I was the guest of this strange prince at his castle and loved by him ... It is like a fairy tale. 
There is a sharp division in opinion over Andersen's physical fulfillment in the sexual sphere. Jackie Wullschlager's biography maintains he was possibly lovers with Danish dancer Harald Scharff and Andersen's ""The Snowman"" was inspired by their relationship. Scharff first met Andersen when the latter was in his 50s. Andersen was infatuated and Wullschlager sees his journals as implying that their relationship was sexual. Scharff had various dinners alone with Andersen and gifted a silver toothbrush to Andersen on his 57th birthday. Wullschlager asserts that in the winter of 1861–62, the two men entered an affair that brought Andersen ""joy, some kind of sexual fulfillment, and a temporary end to loneliness."" He was not discreet in his conduct with Scharff, and displayed his feelings openly. Onlookers regarded the relationship as improper and ridiculous. In his diary in March 1862, Andersen referred to this time in his life as his ""erotic period."" On 13 November 1863, Andersen wrote, ""Scharff has not visited me in eight days; with him it is over."" He took this calmly and the two thereafter met in overlapping social circles without bitterness, though Andersen attempted to rekindle their relationship many times without success. According to Wullschlager, ""Andersen's diaries leave no doubt that he was attracted to both sexes; that at times he longed for a physical relationship with a woman and that at other times he was involved in physical liaisons with men."" For example, Wullschlager quotes from Andersen's diaries:

""Scharff bounded up to me; threw himself round my neck and kissed me! .... Nervous in the evening"" Five days later he received ""a visit from Scharff, who was very intimate and nice"". In the following weeks, there was ""dinner at Scharff's, who was ardent and loving""
The claim that Andersen entertained ""physical liaisons"" with men has been contested by Klara Bom and Anya Aarenstrup from the H. C. Andersen Centre of University of Southern Denmark. They state:

it is correct to point to the very ambivalent (and also very traumatic) elements in Andersen's emotional life concerning the sexual sphere, but it is decidedly just as wrong to describe him as homosexual and maintain that he had physical relationships with men. He did not. Indeed, that would have been entirely contrary to his moral and religious ideas, aspects that are quite outside the field of vision of Wullschlager and her like.
Wullschlager, in fact, argued that, because of moral and religious ideas of his time, Andersen could not be open about his homosexual relationships.
Andersen also fell in love with unattainable women, and many interpret references to them in his stories. At one point, Andersen wrote in his diary: ""Almighty God, thee only have I; thou steerest my fate, I must give myself up to thee! Give me a livelihood! Give me a bride! My blood wants love, as my heart does!"" A girl named Riborg Voigt was the unrequited love of Andersen's youth. A small pouch containing a long letter from Voigt was found on Andersen's chest when he died, several decades after Andersen first fell in love with her. Other disappointments in love included Sophie Ørsted, the daughter of the physicist Hans Christian Ørsted; and Louise Collin, the youngest daughter of his benefactor Jonas Collin. One of Andersen's stories, ""The Nightingale"", was written as an expression of his passion for Jenny Lind and was the inspiration for her nickname, the ""Swedish Nightingale."" Andersen was shy around women and had extreme difficulty proposing to Lind. When Lind was boarding a train to go to an opera concert, Andersen gave Lind a letter of proposal. Her feelings towards him were not the same; she saw Andersen as a brother, writing to him in 1844: ""farewell ... God bless and protect my brother is the sincere wish of his affectionate sister, Jenny."" It is suggested that Andersen expressed his disappointment by portraying Lind as the eponymous antihero of ""The Snow Queen.""


== Death ==

In early 1872, at the age of 67, Andersen fell out of his bed and was severely hurt; Andersen never fully recovered from the resultant injuries. Soon afterward, he started to show signs of liver cancer.
Andersen died on 4 August 1875 at the age of 70 in a country house called Rolighed (literally: calmness) near Copenhagen, the home of his close friends, the banker Moritz G. Melchior and his wife. Shortly before his death, Andersen consulted a composer about the music for his funeral, saying: ""Most of the people who will walk after me will be children, so make the beat keep time with little steps.""
Andersen's body was interred in the Assistens Kirkegård in the Nørrebro area of Copenhagen, in the Collin family plot. In 1914, the headstone was moved to another cemetery (today known as ""Frederiksbergs ældre kirkegaard""), where younger Collin family members were buried. For a period, his, Edvard Collin's, and Henriette Collin's graves were unmarked. A second stone has been erected, marking Andersen's grave, now without any mention of the Collin couple, but all three still share the same plot.
At the time of his death, Andersen was internationally revered, and the Danish government paid him an annual stipend for being a ""national treasure.""


== Legacy ==


=== Archives, collections and museums ===
The Hans Christian Andersen Museum or H.C. Andersens Hus, is a set of museums/buildings dedicated to Hans Christian Andersen in Odense, Denmark, some of which, at various times in history, have functioned as the main Odense-based museum for the author.
The Hans Christian Andersen Museum in Solvang, California, a city founded by Danes, is devoted to presenting the author's life and works. Displays include models of Andersen's childhood home and of ""The Princess and the Pea"". The museum also contains hundreds of volumes of Andersen's works, including many illustrated first editions and correspondence with Danish composer Asger Hamerik.
The Library of Congress Rare Book and Special Collections Division was bequeathed an extensive collection of Andersen materials by the Danish-American actor Jean Hersholt.


=== Arts and entertainment ===


==== Film and television ====
La petite marchande d'allumettes (1928; in English: The Little Match Girl), film by Jean Renoir, based on ""The Little Match Girl"".
The Ugly Duckling (1931) and its 1939 remake of the same name, two animated Silly Symphonies cartoon shorts produced by Walt Disney Productions, based on The Ugly Duckling.
Andersen was played by Joachim Gottschalk in the German film The Swedish Nightingale (1941), which portrays his relationship with the singer Jenny Lind.
The Red Shoes (1948), British drama film written, directed, and produced by Michael Powell and Emeric Pressburger, based on ""The Red Shoes"".
Hans Christian Andersen (1952), an American musical film starring Danny Kaye that, though inspired by Andersen's life and literary legacy, was not meant to be historically nor biographically accurate; it begins by saying, ""This is not the story of his life, but a fairy tale about this great spinner of fairy tales.""
""The Second Day of Christmas"", 26 December 1955 episode of Robert Montgomery Presents, Danish-born writer Sandra Michael's dramatization of Andersen's relationship with Jenny Lind, starring Lois Smith and Frank Schofield
The Snow Queen (1957), a Soviet animated film based on The Snow Queen, by Lev Atmanov of Soyuzmultfilm, a faithful depiction of the fairy tale that garnered critical acclaim.
The Emperor's New Clothes (Carevo novo ruho), a 1961 Croatian film, directed by Ante Babaja.
The Wild Swans (1962), Soviet animated adaptation of The Wild Swans, by Soyuzmultfilm.
The Rankin/Bass Productions-produced fantasy film, The Daydreamer (1966), depicts the young Hans Christian Andersen conceiving the stories he would later write.
The Little Mermaid (1968) 30-minute faithful Soviet animated adaptation of The Little Mermaid by Soyuzmultfilm.
The World of Hans Christian Andersen (1968), a Japanese anime fantasy film from Toei Doga, based on the works of Hans Christian Andersen.
Andersen Monogatari (1971), a Japanese animated anthology series produced by Mushi Production.
The Pine Tree (c. 1974), 23 minute film in colour, commentary by Liz Lochhead.
Hans Christian Andersen's The Little Mermaid (1975) Japanese anime film from Toei, faithfully based on The Little Mermaid.
The Little Mermaid (1976) Czech fantasy film based on The Little Mermaid.
The Wild Swans (1977), Japanese animated adaptation of The Wild Swans by Toei.
Thumbelina (1978), Japanese anime film from Toei based on Thumbelina.
Faerie Tale Theatre (1982–1987), an American television series, featured several Andersen stories; ""The Emperor's New Clothes"", ""The Nightingale"", ""The Snow Queen"" and ""Thumbelina"" were collected and released on DVD as Faerie Tale Theatre: Tales From Hans Christian Andersen (2009).
In 1986, Kievnauchfilm produced an animated adaptation of The Girl who Trod on the Loaf. It was released in both Russian and Ukrainian, both voiced by the same actors.
The Little Mermaid (1989), an animated film based on The Little Mermaid, created and produced at Walt Disney Feature Animation in Burbank, California.
Thumbelina (1994), an animated film based on ""Thumbelina"", created and produced by Sullivan Bluth Studios, Dublin, Ireland
One segment in Fantasia 2000 is based on ""The Steadfast Tin Soldier"", alongside Shostakovich's Piano Concerto No. 2, Movement 1: ""Allegro"".
Hans Christian Andersen: My Life as a Fairytale (2003), a British made-for-television film directed by Philip Saville, a fictionalized account of Andersen's early successes, with his fairy stories intertwined with events in his own life.
The Fairytaler (2003), Danish-British animated series based on several Andersen fairy tales.
The Little Matchgirl (2006), an animated short film by the Walt Disney Animation Studios directed by Roger Allers and produced by Don Hahn.
The Snow Queen (2012), a Russian 3D animated film based on The Snow Queen, the first film of The Snow Queen series produced by Wizart Animation.
Frozen (2013), a 3D computer-animated musical film produced by Walt Disney Animation Studios that is loosely inspired by The Snow Queen.
Ginger's Tale (2020), a Russian 2D animated film loosely based on The Tinderbox, produced at Vverh Animation Studio in Moscow.
The Little Mermaid (2023), a live-action film based on The Little Mermaid, created and produced by Walt Disney Pictures.


==== Literature ====
Andersen's stories laid the groundwork for other children's classics, such as The Wind in the Willows (1908) by Kenneth Grahame and Winnie-the-Pooh (1926) by A. A. Milne. The trope of inanimate objects, such as toys, coming to life (as in ""Little Ida's Flowers"") would later also be used by Lewis Carroll and Beatrix Potter.


==== Music ====
Hans Christian Andersen (album), a 1994 album by Franciscus Henri.
The Song is a Fairytale (Sangen er et Eventyr), a song cycle based on fairy tales by Hans Christian Andersen, composed by Frederik Magle.
""Atonal Fairy Tale"", track with music composed by Gregory Reid Davis Jr. and Smart Dad Living reading the fairy tale ""The Elfin Mound"" by Hans Christian Andersen.


==== Stage productions ====
For opera and ballet see List of The Little Mermaid Adaptations

Little Hans Andersen (1903), a children's pantomime at the Adelphi Theatre.
The Nightingale (1914), an opera by Igor Stravinsky.
Sam the Lovesick Snowman at the Center for Puppetry Arts, a contemporary puppet show by Jon Ludwig inspired by ""The Snow Man"".
Striking Twelve, a modern musical take on ""The Little Match Girl"", created and performed by GrooveLily.
The Red Shoes, a 1993 musical with a book by Marsha Norman, lyrics by Norman and Bob Merrill and music by Jule Styne.
Once Upon a Mattress, a musical comedy based on Andersen's work ""The Princess and the Pea"".


=== Awards ===
Hans Christian Andersen Awards, prizes awarded annually by the International Board on Books for Young People to an author and illustrator whose complete works have made lasting contributions to children's literature.
Hans Christian Andersen Literature Award, a Danish literary award established in 2010.
Andersen's fable ""The Emperor's New Clothes"" was inducted in 2000 into the Prometheus Hall of Fame for Best Classic Fiction.


=== Events and holidays ===

Andersen's birthday, 2 April, is celebrated as International Children's Book Day.
The year 2005, designated ""Andersen Year"" in Denmark, was the bicentenary of Andersen's birth, and his life and work were celebrated around the world.
In Denmark, a well-attended show was staged in Copenhagen's Parken Stadium during ""Andersen Year"" to celebrate the writer and his stories.
The annual H.C. Andersen Marathon, established in 2000, is held in Odense, Denmark.


=== Monuments and sculptures ===
Seated bronze (1880) by sculptor August Saabye (1823–1916) can be seen in the Rosenborg Castle Gardens, Copenhagen, Denmark.
Seated bronze (1896) with a swan beside, a statue by the Danish sculptor Johannes Gelert (1852–1923), at Lincoln Park, Stockton Drive near Webster Avenue, Chicago, United States.
Seated bronze (1956), a statue by sculptor Georg J. Lober (1891–1961) and designer Otto Frederick Langman, at Central Park Lake in New York City, opposite East 74th Street (GPS 40.7744306°N 73.9677972°W﻿ / 40.7744306; -73.9677972). The seated bronze of Andersen upon a granite bench was erected on the author's 150th birthday. It includes a bronze duck representing the book The Ugly Duckling.
Seated bronze (1965) was erected in Copenhagen City Hall Square (Rådhuspladsen), facing H. C. Andersens Boulevard, Copenhagen, Denmark, made by Henry Luckow-Nielsen.
Bronze bust (2004), a replica of the 1865 bust by Herman Wilhelm Bissen (1798–1868), at Observatory Hill, Millers Point, Sydney, Australia, was officially unveiled by HRH Crown Prince Frederik and HRH Crown Princess Mary of Denmark in March 2005, on Andersen's bicentenary. It was to replace the 1955 bust erected in Phillip Park, Sydney; although found missing by 1984.
Seated bronze (2005), in the Plaza de la Marina in Málaga, Spain, by José María Córdoba.
Standing bronze (2005) was erected in Hviezdoslavovo námestie, Bratislava, Slovakia, and was designed by Tibor Bártfay to mark the bicentennial.


=== Places named after Andersen ===
H. C. Andersens Boulevard, a major road in Copenhagen formerly known as Vestre Boulevard (Western Boulevard), received its current name in 1955 to mark the 150-year anniversary of the writer's birth.
Hans Christian Andersen Airport, a small airport servicing the Danish city of Odense.
Instituto Hans Christian Andersen, a Chilean high school located in San Fernando, Colchagua Province, Chile.
Hans Christian Andersen Park, Solvang, California.
CEIP Hans Christian Andersen, a primary Education School in Malaga, Spain.


=== Theme parks ===
In Japan, the city of Funabashi has a children's theme park named after Andersen. Funabashi is a sister city to Odense, the city of Andersen's birth.
In China, a US$32 million theme park based on Andersen's tales and life opened in Shanghai's Yangpu district in 2017. Construction on the project began in 2005.


=== Other honours ===
The flatworm Collastoma anderseni (family: Umagillidae), an endosymbiont from the intestine of the sipunculan Themiste lageniformis (lit. 'Formed like a Lagenum'), was named after Andersen.


== Works ==

Andersen's fairy tales include:

The Hans Christian Andersen Museum in Odense has a large digital collection of Hans Christian Andersen papercuts, drawings, and portraits.


== See also ==
Kjøbenhavnsposten, a Danish newspaper in which Andersen published one of his first poems
Pleated Christmas hearts, invented by Andersen
Vilhelm Pedersen, the first illustrator of Andersen's fairy tales
Vasili Eroshenko


== Explanatory notes ==


== Citations ==


== General bibliography ==
Andersen, Hans Christian (2005a) [2004]. Wullschläger, Jackie (ed.). Fairy Tales. Tiina Nunnally. New York: Viking. ISBN 0-670-03377-4.
Andersen, Jens (2005) [2003]. Hans Christian Andersen: A New Life (Illustrated ed.). New York, Woodstock, and London: Duckworth Overlook. ISBN 978-0-71563-361-8.
Binding, Paul (2014). Hans Christian Andersen : European witness. Yale University Press.
Bredsdorff, Elias (1975). Hans Christian Andersen: the story of his life and work 1805–75. Phaidon. p. 168. ISBN 0-7148-1636-1.
Stig Dalager, Journey in Blue, historical, biographical novel about H.C. Andersen, London: Peter Owen, 2006; Toronto: McArthur & Co., 2006.
Frank, Diane Crone; Frank, Jeffrey (2004) [2003], The Stories of Hans Christian Andersen, London: Granta Books, ISBN 978-1-86207-712-6
Gosse, Edmund William (1911). ""Andersen, Hans Christian"" . Encyclopædia Britannica. Vol. 1 (11th ed.). pp. 958–959.
Jørgensen, Jens (1987). H.C. Andersen: en sand myte (in Danish) (2nd ed.). Hovedland. ISBN 978-87-7739-017-3.
Roes, André, Kierkegaard en Andersen, Uitgeverij Aspekt, Soesterberg (2017) ISBN 978-94-6338-215-1
Ruth Manning-Sanders, Swan of Denmark: The Story of Hans Christian Andersen, Heinemann, 1949
Rossel, Sven Hakon (1996). Hans Christian Andersen: Danish Writer and Citizen of the World. Rodopi. ISBN 90-5183-944-8.
Stirling, Monica (1965). The Wild Swan: The Life and Times of Hans Christian Andersen. New York: Harcourt, Brace & World, Inc.
Terry, Walter (1979). The King's Ballet Master. New York: Dodd, Mead & Company. ISBN 0-396-07722-6.
Wullschläger, Jackie (2000). Hans Christian Andersen: The Life of a Storyteller. London: Allen Lane. ISBN 0-713-99325-1.
Zipes, Jack (2005). Hans Christian Andersen: The Misunderstood Storyteller. New York and London: Routledge. ISBN 0-415-97433-X.


== External links ==

Hans Christian Andersen at Project Gutenberg
Works by Hans Christian Andersen at Faded Page (Canada)
Works by or about Hans Christian Andersen at the Internet Archive
Works by Hans Christian Andersen at LibriVox (public domain audiobooks) 
The Story of My Life (1871) by Hans Christian Andersen in English
Hans Christian Andersen at IMDb",Actor and tailor.,"Hans Christian Andersen (; often referred to in Scandinavia as H. C. Andersen; April 2, 1805August 4, 1875) was a Danish author and poet.",0,0,supported,5.73598835545,-0.33858177810907364,-1.3543271124362946,4,,0.968032717704773,-0.0341963519975,0.557470321346,0.6055386603251725,2,0.588691966306,1.0,1.0,0.0,0.0,0.994140625,0.00289154052734375,0.002960205078125,-3.4607445919866833,0.03045004310880626,0.0,0.3108108108108108,0.5,keep
Q327_206,wikiqa,how is a backpack made,"A backpack, also called knapsack, schoolbag, rucksack, pack, booksack, bookbag, haversack, packsack, or backsack, is in its simplest frameless form, a fabric sack carried on one’s back and secured with two straps that go over the shoulders, and is used to carry goods from one place to another. It can feature an external or internal frame to transfer heavy loads off the user’s shoulders and onto their hips, reducing strain and increasing comfort on long hikes with heavy gear.
Backpacks are commonly used by hikers and students. They are often preferred to handbags for carrying heavy loads or carrying any sort of equipment, because of the limited capacity to carry heavy weights for long periods of time with their hands.
Large backpacks, used to carry loads over 10 kilograms (22 lb), as well as smaller sports backpacks (e.g., running, cycling, hiking, and hydration), usually offload the largest part (up to about 90%) of their weight onto padded hip belts, leaving the shoulder straps mainly for stabilizing the load. This improves the potential to carry heavy loads, as the hips are stronger than the shoulders. It also increases agility and balance, since the load rides closer to the wearer's own center of mass.


== Terminology ==

The earliest known use of the word backpack dates from 1896 (OED).
The word rucksack is a German loanword mainly used in the US, UK, and other Western countries by hikers and campers. In Middle High German ruck(e) means ""back"" (dorsum), which led to the Upper German word ruggsack. In modern German the word ""der Rucksack"" is commonly used.
The word knapsack was the usual name for a rucksack or backpack up until the middle of the 20th century.
Alternative names include haversack from the German Hafersack meaning ""oat sack"" (which more properly describes a small cloth bag on a strap worn over one shoulder and originally referred to the bag of oats carried as horse fodder), Kraxe (a German rucksack with a rigid framework), and bergen (a large load-carrying rucksack, from a design issued by the British Army during the Second World War).


== Designs ==

Backpacks in general fall into one of four categories: frameless, external frame, internal frame, and bodypack. A pack frame, when present, serves to support the pack and distribute the weight of its contents across the body more appropriately, by transferring much of the weight to the hips and legs. Most of the weight is therefore taken off the shoulders, reducing the chance of injury from shoulder strap pressure (many backpacks equipped solely with shoulder straps can affect the posture of a person carrying more than 14 kg (30 lbs)), as well as being less restrictive of the upper body range of motion. Most backpacks can be closed with either a buckle mechanism, a zipper, or a dry-bag type closure, though a few models use a drawstring fitted with a cord lock for the main compartment.


=== Frameless ===
The simplest backpack design is a bag attached to a set of shoulder straps. Such packs are used for the general transportation of goods and have variable capacity. The simplest designs consist of one main pocket. This may be combined with webbing or cordage straps, while more sophisticated models add extra pockets, waist straps, chest straps, padded shoulder straps, padded backs, and sometimes reflective materials for added safety at night. These packs are generally produced inexpensively.
Some outdoor packs, particularly those sold for day hikes, ultralight backpacking and mountaineering are sometimes frameless as well.


==== Sports ====

Sports and hydration backpacks are smaller with a profile closer to the body, wider straps, and can come with water bladders and hip belts for running, cycling, or hiking. Running hydration packs are the smallest and lightest, many under 2 L (0.44 imp gal; 0.53 US gal) and most under 6 L (1.3 imp gal; 1.6 US gal). Compression straps across the top of one's body are common, as are hip belts. Cycling hydration packs are 6–10 L (1.3–2.2 imp gal; 1.6–2.6 US gal) sitting high on the back. Although daypacks are small, averaging 10–30 L (2.2–6.6 imp gal; 2.6–7.9 US gal), all trekking and hiking hydration packs are generally the largest and heaviest. 35–65 L (7.7–14.3 imp gal; 9.2–17.2 US gal) and above are common.


=== External frame packs ===
External frame packs were designed to carry heavy loads above 20 kg (44 lb), giving the wearer more support and protection and better weight distribution than a simple, frameless strapped bag. Wooden pack frames were used for centuries around the world. Ötzi the Iceman may have used one in Copper Age Alpine Italy, though some archaeologists believe the frame found with the body was part of a snowshoe. Such packs are common in military and mountaineering applications; metal versions first appeared in the late-19th century.
The first external frame rucksack to receive a patent was made by Henry Clay Merriam, a U.S. Army officer during the late 19th century. Introduced in 1887, Merriam's innovative pack was made with drab duck canvas, which was attached to a light steel frame. In addition to two shoulder straps, the pack featured several leather straps that allowed the infantryman to attach his bedroll and canteen to the frame, instead of having them rest on his chest and hips. The most important feature, however, was the two hardwood rods that extended from the sides of the pack to leather pockets on a half-belt, which rested across the lower back and hips. This system allowed the pack to elevate off the back and shoulders, and thus transfer the weight of the load onto the hips. Though he tried in vain to sell his invention to the U.S. Army, he was only able to sell a few thousand packs to the New York National Guard, and the French and Austrian Armies.
Backpack design took another major leap forward with the introduction of the first aluminum external-frame backpack by Jack Abert, an avid hiker from Phoenix, Arizona. As a Boy Scout camp counselor, Abert saw firsthand how inadequate the backpacks scouts were using at that time, and set out to design a more comfortable pack. In 1947, he designed a contoured aluminum frame that was both strong and light, and shifted much of the weight off the shoulders and onto the hips. By 1950, his invention had received official approval from the National Council of the Boy Scouts of America, and by 1967, he had become the largest manufacturer of backpacking frames in the world.
Today's external frames are typically made from aluminum, other lightweight metal alloys, and recently reinforced synthetic polymers or plastic and are equipped with a system of straps and tautly-stretched netting which prevents contact between the metal frame and the user's back. In addition to comfort, this ""stand-off"" provides the additional benefit of creating air circulation between the frame and the wearer's back. For this reason, external frame packs are generally considered to be a ""cooler load"" than internal frame designs. External frame packs have a fabric ""sack"" portion which is usually smaller than that of internal frame packs, but have exposed frame portions above and below the sack to accommodate attachment of larger items. In addition, the sack can often be removed entirely, permitting the user to customize the configuration of their load, or to transport a non-conventional load such as a quartered game animal. Military packs are often external frame designs due to their ability to carry loads of different shapes, sizes, and weights.


=== Internal frame packs ===
The internal frame backpack was invented in 1967 by Greg Lowe, who went on to found Lowe Alpine and Lowepro, companies specializing in backpacks and other forms of carrying bags for various equipment. Lowe's innovation also featured the first side compression straps, the first modern sternum strap, and the first load stabilizers. Internal-frame packs have a large fabric section around an internal frame composed of strips of either aluminum, titanium, or plastic, sometimes with additional metal stays to reinforce the frame. A complex series of straps works with the frame to distribute the weight and hold it in place. The internal frame permits the pack to fit closely to the wearer's back and minimizes shifting of the load, which is desirable when participating in activities that involve upper-body movement, such as scrambling over rocky surfaces and skiing. However, the tight fit reduces ventilation, so these type of packs tend to be more sweaty than external frame packs. The internal construction also allows for a large storage compartment; a few lash points (including webbing loops and straps for sleeping bags and other large items) may be present, but as the frame is completely integrated, it is difficult to securely lash larger and heavier items that do not fit inside the compartment to the outside of the pack. Internal frame packs initially suffered from smaller load capacity and less comfortable fit during steady walking, but newer models have improved greatly in these respects. In addition, because of their snug fit, the improved internal frame models have largely replaced external frame backpacks for many activities.


== Daily use ==

A daypack is a smaller, frameless backpack that can hold enough contents for a day hike or a day's worth of other activities. They are not large enough for average wilderness backpacking that use full-sized sleeping bags and backpacking tents, but may be large enough for ultralight backpacking. Padded or unpadded waist straps may be provided to distribute weight across the body.
In many countries, backpacks are heavily identified with students, and are a primary means of transporting educational materials to and from school. In this context, they are sometimes known as bookbags or schoolbags. The purchase of a suitably fashionable, attractive, and useful backpack is a crucial back-to-school ritual for many students.
Typical school backpacks generally lack the rigid frame of an outdoor-style backpack and include only a few pockets in the front in addition to the main storage compartment. While traditionally very simple in design, school backpacks are often made with padded shoulder straps and backs as well as additional reinforcement to hold large numbers of heavy textbooks, as well as safety features such as reflective panels to make the wearer of the pack more visible at night.
Backpacks are sometimes worn as fashion accessories, serving the same function as a purse. Some such backpacks designed specifically for women are no larger than a typical purse, and are generally associated with younger women.


== Special-purpose ==

Some backpacks are designed for specific purposes, including carrying equipment, specialized gear, or even small pets. Common examples include backpacks for small valuable items such as laptops and cameras; backpacks designed to hold laptop computers in particular generally have a padded compartment to hold the computer and medium-sized pockets and flaps to accommodate accessories such as charger cables and mice. These are especially common in college and university settings. In order to supply these devices with electricity, a few high-end backpacks are equipped with solar panels.
There is also a category of sports backpacks that are designed specifically for athletic purposes. They may include features such as waterproof materials and pockets for sports gear.
Rolling backpacks have wheels on the bottom and an extending handle. Because of their design, rolling backpacks reduce the strain on the user, though the shoulder straps may be used to carry the pack for short distances when the terrain is not suitable for wheels. Some models have a backpack that can be detached from the trolley frame. Rolling backpacks are most commonly used while traveling by airplane or train.
Hydration backpacks are light daypacks specifically designed to hold water in a special water bladder (also known as a reservoir). Their purpose is to allow the carrier constant fluid hydration hands-free, so that the carrier can focus on their task without having to stop to get a water bottle out.


== Professional use ==
Backpacks are a standard part of the load-bearing equipment of soldiers, especially infantry, in most countries, and military-style packs are regularly available to civilians in military surplus stores. Well-known examples include the United States ALICE field pack and the British Army PLCE rucksack attachment, both of which are widely available to civilian markets both as actual military surplus (new or used) and as replicas. Such packs are often, though not always (e.g. the USMC's ILBE pack), external-frame packs, with the pack itself lashed or pinned to a metal or plastic carrying frame. For units that are entering combat situations, packs may be loaded heavily and can weigh in excess of 100 lb (45 kg). Each soldier may carry extra weapons, ammunition, rations, medical supplies, tents or other shelter material, and extra clothing.
Many police tactical units, as well as players of military-style combat games such as paintball and airsoft, use these military-style tactical backpacks and webbing for storing gear and ammunition.
Some more recent military/tactical designs, especially the MOLLE and ILBE packs used by the United States armed forces, are covered with webbing loop attachment points for increased carrying capacity.
Specialist backpacks are used by fire services for wildfire fighting and by rescue services for Search and Rescue. These backpacks are generally very modular, allowing the pack to be reconfigured to the user’s wishes, and are designed to load around the wearer’s hips. They may include features such as sections for water bladders and specially designed pouches, such as those used to carry personal fire shelters.


== See also ==


== References ==


== External links ==
 Media related to Backpack at Wikimedia Commons","A backpack is typically made with a fabric sack and straps, often including an internal or external frame to distribute weight across the hips and shoulders, with various closures and compartments for carrying goods.",Backpack may also refer to a 2001 novel by Emily Barr,0,0,supported,2.40281065554,-0.16695269377012847,-6.177249669494754,37,,0.9532124996185303,0.107444413696,2.7230143591,0.8668928036536231,4,0.551888034698,1.0,1.0,0.0,0.0,0.9833984375,0.002475738525390625,0.0142364501953125,-2.419957555957952,0.081663438475692,0.0,0.3108108108108108,0.5,keep
Q1353_676,wikiqa,who did richard nixon refer to as the  silent majority,"The silent majority is an unspecified large group of people in a country or group who do not express their opinions publicly. The term was popularized by U.S. President Richard Nixon in a televised address on November 3, 1969, in which he said, ""And so tonight—to you, the great silent majority of my fellow Americans—I ask for your support."" In this usage it referred to those Americans who did not join in the large demonstrations against the Vietnam War at the time, who did not join in the counterculture, and who did not participate in public discourse. Nixon, along with many others, saw this group of Middle Americans as being overshadowed in the media by the more vocal minority.
Preceding Nixon by half a century, it was employed in 1919 by Calvin Coolidge's campaign for the 1920 presidential nomination. Before that, the phrase was used in the 19th century as a euphemism referring to all the people who have died, and others have used it before and after Nixon to refer to groups of voters in various nations of the world.


== Early meanings ==


=== Euphemism for the dead ===
""The majority"" or ""the silent majority"" can be traced back to the Roman writer Petronius, who wrote abiit ad plures (he is gone to the majority) to describe deceased people, since the dead outnumber the living. (In 2023 there were approximately 14.6 dead for every living person.) The phrase was used for much of the 19th century to refer to the dead. Phrases such as ""gone to a better world"", ""gone before"", and ""joined the silent majority"" served as euphemisms for ""died"". In 1902, Supreme Court Justice John Marshall Harlan employed this sense of the phrase, saying in a speech that ""great captains on both sides of our Civil War have long ago passed over to the silent majority, leaving the memory of their splendid courage.""


=== Groups of voters ===
In May 1831, the expression ""silent majority"" was spoken by Churchill C. Cambreleng, representative of New York state, before 400 members of the Tammany Society. Cambreleng complained to his audience about a U.S federal bill that had been rejected without full examination by the United States House of Representatives. Cambreleng's ""silent majority"" referred to other representatives who voted as a bloc:

Whenever majorities trample upon the rights of minorities—when men are denied even the privilege of having their causes of complaint examined into—when measures, which they deem for their relief, are rejected by the despotism of a silent majority at a second reading—when such become the rules of our legislation, the Congress of this Union will no longer justly represent a republican people.
In 1883, an anonymous author calling himself ""A German"" wrote a memorial to Léon Gambetta, published in The Contemporary Review, a British quarterly. Describing French Conservatives of the 1870s, the writer opined that ""their mistake was, not in appealing to the country, but in appealing to it in behalf of a Monarchy which had yet to be defined, instead of a Republic which existed; for in the latter case they would have had the whole of that silent majority with them.""
In 1919, Madison Avenue advertising executive and Republican Party supporter Bruce Barton employed the term to bolster Calvin Coolidge's campaign for the 1920 Republican Presidential nomination. In Collier's magazine, Barton portrayed Coolidge as the everyman candidate: ""It sometimes seems as if this great silent majority had no spokesman. But Coolidge belongs with that crowd: he lives like them, he works like them, and understands.""
Referring to Charles I of England, historian Veronica Wedgwood wrote this sentence in her 1955 book The King's Peace, 1637–1641: ""The King in his natural optimism still believed that a silent majority in Scotland were in his favour.""


== Richard Nixon ==
While Nixon was serving in 1955 as vice-president to Dwight D. Eisenhower, John F. Kennedy and his research assistants wrote in Kennedy's book Profiles in Courage, ""Some of them may have been representing the actual sentiments of the silent majority of their constituents in opposition to the screams of a vocal minority..."" In January 1956, Kennedy gave Nixon an autographed copy of the book. Nixon wrote back the next day to thank him: ""My time for reading has been rather limited recently, but your book is first on my list and I am looking forward to reading it with great pleasure and interest."" Nixon wrote Six Crises, some say his response to Kennedy's book, after visiting Kennedy at the White House in April 1961.
In 1967, labor leader George Meany asserted that those labor unionists (such as himself) who supported the Vietnam War were ""the vast, silent majority in the nation."" Meany's statement may have provided Nixon's speechwriters with the specific turn of phrase.
Barbara Ehrenreich and Jay Caspian Kang later argued that awareness by the media and politicians that there actually might be a silent majority opposed to the anti-war movement was heightened during the August 1968 Democratic National Convention in Chicago, especially in reaction to the widely broadcast violence by police against protesters and media there. The media reacted indignantly ""against the police and the mayor"" after journalists and protesters were attacked and beaten by the police, but were stunned to find that a poll showed 56% of those surveyed ""sympathized with the police"". ""Overnight the press abandoned its protest"", awaking ""to the disturbing possibility that they had grown estranged from a sizable segment of the public.""
In the months leading up to Nixon's 1969 speech, his vice-president Spiro T. Agnew said on May 9, ""It is time for America's silent majority to stand up for its rights, and let us remember the American majority includes every minority. America's silent majority is bewildered by irrational protest..."" Soon thereafter, journalist Theodore H. White analyzed the previous year's elections, writing ""Never have America's leading cultural media, its university thinkers, its influence makers been more intrigued by experiment and change; but in no election have the mute masses more completely separated themselves from such leadership and thinking. Mr. Nixon's problem is to interpret what the silent people think, and govern the country against the grain of what its more important thinkers think.""
On October 15, 1969, the first Moratorium to End the War in Vietnam demonstrations were held, attracting thousands of protesters. Feeling very much besieged, Nixon went on national television to deliver a rebuttal speech on November 3, 1969, where he outlined ""my plan to end the war"" in Vietnam. In his speech Nixon stated his policy of Vietnamization would lower American losses as the South Vietnamese Army would take on the burden of fighting the war; announced his willingness to compromise provided that North Vietnam recognized South Vietnam; and finally promised he would take ""strong and effective measures"" against North Vietnam if the war continued. Nixon also implicitly conceded to the anti-war movement that South Vietnam was really not very important as he maintained that the real issue was the global credibility of the United States, as he stated his belief that all of America's allies would lose faith in American promises if the United States were to abandon South Vietnam. Nixon ended his speech by saying all of this would take time, and asked for the public to support his policy of winning ""peace with honor"" in Vietnam as he concluded: ""And so tonight, to you, the great silent majority of my fellow Americans—I ask for your support. Let us be united for peace. Let us be united against defeat. Because let us understand: North Vietnam cannot defeat or humiliate the United States. Only Americans can do that"". The public reaction to the ""silent majority speech"" was very favorable at the time and the White House phone lines were overwhelmed with thousands of phone calls in the hours afterward as too many people called to congratulate the president for his speech.

Nixon wrote in his official memoirs, RN: The Memoirs of Richard Nixon, regarding the public response:By morning the public reaction was confirmed. The White House mail room reported the biggest response ever to any presidential speech. More than 50,000 telegrams and 30,000 letters had poured in, and the percentage of critical messages among them was low. Thirty-five years later, Nixon speechwriter Pat Buchanan recalled using the phrase in a memo to the president. He explained how Nixon singled out the phrase and went on to make use of it in his speech: ""We [had] used 'forgotten Americans' and 'quiet Americans' and other phrases. And in one memo I mentioned twice the phrase 'silent majority', and it's double-underlined by Richard Nixon, and it would pop up in 1969 in that great speech that basically made his presidency."" Buchanan noted that while he had written the memo that contained the phrase, ""Nixon wrote that speech entirely by himself.""


=== Nixon's constituency ===
Nixon's silent majority referred mainly to the older generation (those World War II veterans in all parts of the U.S.) but it also described many young people in the Midwest, West and in the South, many of whom eventually served in Vietnam. The Silent Majority was mostly populated by blue collar white people who did not take an active part in politics: suburban, exurban and rural middle class voters. They did, in some cases, support the conservative policies of many politicians. According to columnist Kenneth Crawford, ""Nixon's forgotten men should not be confused with Roosevelt's"", adding that ""Nixon's are comfortable, housed, clad and fed, who constitute the middle stratum of society. But they aspire to more and feel menaced by those who have less.""
In his famous speech, Nixon contrasted his international strategy of political realism with the ""idealism"" of a ""vocal minority."" He stated that following the radical minority's demands to withdraw all troops immediately from Vietnam would bring defeat and be disastrous for world peace. Appealing to the silent majority, Nixon asked for united support ""to end the war in a way that we could win the peace."" The speech was one of the first to codify the Nixon Doctrine, according to which, ""the defense of freedom is everybody's business—not just America's business."" After giving the speech, Nixon's approval ratings which had been hovering around 50% shot up to 81% in the nation and 86% in the South.
In January 1970, Time put on their cover an abstract image of a man and a woman representing ""Middle America"" as a replacement for their annual ""Man of the Year"" award. Publisher Roy E. Larsen wrote that ""the events of 1969 transcended specific individuals. In a time of dissent and 'confrontation', the most striking new factor was the emergence of the Silent Majority as a powerfully assertive force in U.S. society."" Larsen described how the silent majority had elected Nixon, had put a man on the moon, and how this demographic felt threatened by ""attacks on traditional values"".
The silent majority theme has been a contentious issue amongst journalists since Nixon used the phrase. Some thought Nixon used it as part of the Southern strategy; others claim it was Nixon's way of dismissing the obvious protests going on around the country, and Nixon's attempt to get other Americans not to listen to the protests. Whatever the rationale, Nixon won a landslide victory in
1972, taking 49 of 50 states, vindicating his ""silent majority"". The opposition vote was split successfully, with 80% of George Wallace supporters voting for Nixon rather than George McGovern, unlike Wallace himself.
Nixon's use of the phrase was part of his strategy to divide Americans and to polarize them into two groups. He used ""divide and conquer"" tactics to win his political battles, and in 1971 he directed Agnew to speak about ""positive polarization"" of the electorate. The ""silent majority"" shared Nixon's anxieties and fears that normalcy was being eroded by changes in society. The other group was composed of intellectuals, cosmopolitans, professionals and liberals, those willing to ""live and let live."" Both groups saw themselves as the higher patriots. According to Republican pollster Frank Luntz, ""silent majority"" is but one of many labels which have been applied to the same group of voters. According to him, past labels used by the media include ""silent majority"" in the 1960s, ""forgotten middle class"" in the 1970s, ""angry white males"" in the 1980s, ""soccer moms"" in the 1990s, and ""NASCAR dads"" in the 2000s.


== Later use in the United States ==

The phrase ""silent majority"" has also been used in the political campaigns of Ronald Reagan during the 1970s and 1980s, the Republican Revolution in the 1994 elections, and the victories of Rudy Giuliani and Michael Bloomberg. 
During Donald Trump's 2016 presidential campaign, he said at a campaign rally on July 11, 2015, in Phoenix, Arizona, that ""the silent majority is back, and we're going to take our country back"". He also referred to the silent majority in subsequent speeches and advertisement, as did the press when describing those who voted for his election as President in 2016. In the midst of the George Floyd protests, he once again invoked the silent majority. CNN analyst Harry Enten described that Trump's support fits better with the term ""loud minority"", based on the fact that neither did he win the popular vote in 2016 nor did he hit 50% in any live interview opinion poll throughout his first presidency.  Jay Caspian Kang argues that some politicians and analysts (Jim Clyburn, Chuck Rocha) feel the unexpected increase in support for Donald Trump among blacks and Latinos in the 2020 election reflects a new silent majority (including some non-whites) reacting against calls for defunding the police and the arrogance of  ""woke white consultants"".


== Later use outside the United States ==
""Silent majority"" was the name of a movement (officially called Anticommunist City Committee) active in Milan, Italy, from 1971 to 1974 and headed by the former monarchist partisan Adamo Degli Occhi, that expressed the hostility of the middle class to the 1968 movement. At the beginning it was of conservative tendency; later it moved more and more to the right, and in 1974 Degli Occhi was arrested because of his relationships with the terroristic movement Movimento di Azione Rivoluzionaria (MAR).
In 1975, in Portugal, then president António de Spínola used the term in confronting the more radical forces of post-revolutionary Portugal.
The phrase was also used by Quebec Premier Jean Charest during the 2012 Student Strike to refer to what he perceived as the majority of the Quebec voters supporting the tuition hikes.
The term was used by British Prime Minister David Cameron during the 2014 Scottish independence referendum; Cameron expressed his belief that most Scots opposed independence, while implicitly conceding they may not be as vocal as the people who support it.
In 2019, the Prime Minister of Australia, Scott Morrison, acknowledged the quiet Australians in his federal election victory speech.
In the face of rising opposition, the Hong Kong government often claims there is a silent majority that is too afraid to voice their support, and a group called ""Silent Majority for Hong Kong"" was set up in 2013 to counteract the Occupy Central with Love and Peace movement. In 2019, when the democratic movement became increasingly violent, the Carrie Lam administration and Beijing authorities appealed to the ""silent majority"" to dissociate themselves from the radical activists and to vote for the pro-government camp in the District Council elections, which were seen as a de facto referendum on the protests. However, with a record turnout of over 70%, the pro-democracy camp won 80% of overall seats and controlled 17 out of the 18 District Councils. A commentator of The New Statesman deduced that Hong Kong's true silent majority stood on the side of the democratic cause. Foreign Policy stated that Beijing had been confident of a huge pro-government victory as a result of a delusion created by its own propaganda.


== See also ==
1% rule
Bradley effect
Covert racism
Consensus decision-making
Democracy
Mainstream media
Majoritarianism
Majority rule
Pact of forgetting
Shy Tory Factor
Social desirability bias
Spiral of silence
The Forgotten People
The Quiet Australians
Visible minority


== References ==


== Further reading ==


== External links ==
 The dictionary definition of silent majority at Wiktionary","The silent majority that Richard Nixon referred to were older Americans, including World War II veterans, young people in the Midwest, West, and South who later served in Vietnam, and blue-collar white people who were part of the suburban, exurban, and rural middle class. They were seen as the majority of Americans who did not participate in public discourse or demonstrations, such as those against the Vietnam War.",The silent majority is an unspecified large majority of people in a country or group who do not express their opinions publicly.,0,0,supported,2.7162410926,-0.1830915809697682,-14.647326477581455,80,,0.7012443542480469,2.51557099003,2.95521925803,0.7988034613343002,5,0.551291517336,1.0,1.0,0.0,0.0,0.98388671875,0.003131389617919922,0.012812614440917969,-2.144106227342575,0.104883259630614,0.022222222222222223,0.3108108108108108,0.5,keep
Q95_64,wikiqa,how long is tekken blood vengeance movie,"Tekken: Blood Vengeance (Japanese: 鉄拳 ブラッド・ベンジェンス, Hepburn: Tekken Buraddo Benjensu) is a 2011 Japanese animated science fiction martial arts film directed by Yōichi Mōri from a screenplay by Dai Satō, based on the video game series Tekken published by Namco Bandai Games. The film places focus on the young martial artist Ling Xiaoyu, who investigates experiments involving a supernatural curse related with the Mishima family, while befriending a robot named Alisa Bosconovitch. The two meet the test subject Shin Kamiya, who is being sought by his former friend Jin Kazama and his father Kazuya Mishima, but is also being used by Heihachi Mishima to set a new family fight.
Satō was given freedom by the video game series' executive director Katsuhiro Harada to write the film, which led him to the idea of Blood Vengeance being a buddy film by two female characters from different generations of video games. Tekken: Blood Vengeance was released in the United States by Bandai Entertainment on July 26, 2011, and in Australia on July 27, 2011, in a special exclusive one-off screening. It was released in Japan on September 3, 2011, by Namco Pictures. The film was released on Blu-ray Disc (included on the disc of the video game collection Tekken Hybrid) in the United States on November 22, 2011, and in Japan on December 1, 2011. The 2D version of the film was also released as a standalone DVD on November 22, 2011, in the US, and December 22, 2011, in Japan. It was later included with the video game Tekken 3D: Prime Edition.
The film was praised for its visuals and fight sequences, but criticized for its short length and few characters who have little impact in the story. Nevertheless, the film attracted Western audiences upon release. It was often considered as one of the best adaptations based on the video game series.


== Plot ==
The plot, which takes place in an alternate storyline between the events of Tekken 5 and Tekken 6, begins with Anna Williams setting up a decoy for her sister, Nina Williams, who is currently working with the new head of the Mishima Zaibatsu, Jin Kazama. Anna, on the other hand, works for Jin's father, Kazuya Mishima and its rival organization, G Corporation. Both are seeking information about a student named Shin Kamiya, and Anna dispatches a Chinese student, Ling Xiaoyu to act as a spy, while Jin sends humanoid Russian AI robot Alisa Bosconovitch for a similar purpose.
During their investigation, Xiaoyu and Alisa form a friendship, unaware that the other is working for their enemy, although they are forced to turn against one another when Shin is captured by an unknown assailant. It is here that Alisa is revealed to be a cyborg - although Alisa believes she possesses human qualities after she spares Xiaoyu's life. After coming to terms with each other, Xiaoyu is abandoned by Anna and G Corporation, and the two girls flee from their previous organizations, taking refuge in their teacher, Lee Chaolan's mansion.
Xiaoyu and Alisa eventually discover genetic experiments had been done on Shin and his classmates, and believe that the Mishima family is seeking Shin, the sole survivor, and M gene subject, for his immortality. The pair discover that this had in fact, been an elaborate plan engineered by Heihachi Mishima, who used Shin to lure Kazuya and Jin and get the Devil Gene. After Heihachi disposes of Shin, he, Kazuya and Jin engage in a triple threat brawl. During the fight, Kazuya and Jin become their devil forms. Ultimately, Jin is the victor, utilizing his devil powers. Heihachi then unleashes the ancient spirits of the Mokujins and a final fist burst by Alisa leaves Mokujin Heihachi open. Jin finishes him off, by an eye blast which slices it in half. Jin then leaves, telling Xiaoyu that he awaits a future challenge.
The film ends with Alisa and Xiaoyu back at their school's festival, with the pair planning to enter the next King of Iron Fist Tournament.


== Cast ==


== Production ==

Development of the movie started in January 2010. Namco's Tekken team has wanted to do a 3D movie after the creation of the CG opening for Tekken 6's scenario campaign. Katsuhiro Harada elaborates the success of Tekken 3 as by that installment, the team was able to create CGI scenes for every character as well as how fans demanded to know more of the cast. Namco could have probably made a CGI movie 15 years before the release because the studio already had the technique and the talent to do it. But it needed a lot of computing power and above all a lot of time and financial resources, so Namco preferred to focus on video games. It is the association with the Digital Frontier famous for developing the film Resident Evil Degeneration. That allowed Namco film and continue to work on our games. Namco was already associated with Digital Frontier during Tekken 5 and they had helped with making the CGI scenes for both the game and Tekken 6. Harada wanted Blood Vengeance to emulate the success of Degeneration as well the game adaptation film Final Fantasy VII Advent Children, remarking the quality of animation too.
Director Yōichi Mōri said CG facial animations contain a lot of information, so he was worried about the post-recording. He wanted the visuals to illustrate the characters' personalities properly. Mōri requested Takayuki Takeya, who is famous designing Devilman and Kamen Rider, to redesign the Devils featured in the game to give a more ""sinister yet beautiful"" design the audience give a different impression from the game in order to attract more people to watch the movie. The role producer was given to Yoshinari Mizushima (水島能成) who has worked in the franchise since Tekken 2, while storyboard artists include Tensai Okamura, Shinji Higuchi, Masayuki Miyaji, Soichi Masui, and Kazuyoshi Katayama. The film was envisioned as an alternative story that happens between the events of Tekken 5 and Tekken 6.

In regards to the voice acting, Harada explained that a new one was created due to the differences the movie has with the games; In the latest games every character spoke their own language and understood each other regardless of difference. The film was given two languages: Japanese and English. As a result, several new actors performed the roles of the returning characters. The role of Ling Xiaoyu was given to veteran voice actress, Maaya Sakamoto. Mōri enjoyed Sakamoto's performance, believing her work turned Xiaoyu into a beautiful woman while also noting how Mamoru Miyano gave Shin an air of mystery.
Harada provided input when it came to action scenes, sound and mouse. Dai Satō is the screenplayer who was chosen by Harada to bring a more creative scenario, thus leading Satō to have more freedom. The director was Yōichi Mōri. With these staff members, Harada was confident the movie would be successful. In the film adaptation process, the staff imagined the opening movie for the scenario campaign mode included in the consumer version of Tekken 6 released in 2009. With the new character Lars Alexanderson as the main character, the game version staff including Katsuhiro Harada, the project director of the Tekken series, worked on the video that combines intense action and deep storytelling. Mizushima, who worked on the production, said, ""When I saw the finish of that video, I was convinced that it would be a movie. Rather, I wanted to see a feature-length movie by this staff."" Satō read the plot created by the game version staff, but while referring to them, he wrote a completely new original story to attrat a new audience. The film also heavily uses motion actors for the fight scenes which surprised Harada. Kensuke Sonomura was in charge of all fight scenes with Satō wanting the fights to be exclusive to the franchise. There was a heavy focus in the film encounter between Jin, Kazuya and Heihachi as it was more challenging than common one-on-one battles. The setting was intentionally made to be enjoyed across the multiple fanbases Tekken has worldwide.


=== Scenario ===

When the project began, Harada originally wanted all the characters to make an appearance. However, due to need of screentime, the movie would have lacked any coherent narrative as a result. This led to the usage of fewer characters. In the games Harada says the story primarily focuses on the rivalries in the Mishima clan. However, Satō's usage faces Xiaoyu and Alisa Bosconovitch the heroines of the story was a new point of view that Harada had not thought of and thus find the result very interesting to follow. Satō said in 2011 that he had chosen her as one of the two lead characters because he felt Alisa is ""the face of the franchise's future"". Meanwhile, Xiaoyu ""symbolize[d] the older Tekken games"". Alisa and Xiaoyu were inspired by heroines movies in common in Hollywood. The family drama between the Mishimas and the Williams was noted to be the highlight of the franchise who the heroines explore. Satō always wanted the story to be set around the conflict between the Mishimas though explored from another point of view. In order to make it more unique, the story was given a school feeling based on Satō's preferences as well as how relatable it can be.
Satō had been a fan of the Tekken games and played the arcade version of the third installment as part of research. As he discussed the handling of these leads with Harada, Satō claims he wanted to use these characters since they come across as weak, something which he believes films require in order to undergo a character arc, common in coming-of-age story stories. Alisa in particular appealed to him because of how different she made the franchise from other fighting game series. A new character named Shin Kamiya appears in the movie in order to provide a reason to feature Heihachi Mishima and further explore the lore behind the Devil Gene. Shin was written to die early in the movie on purpose to show the dangers of the Gene as it could only be used by Jin and Kazuya. Heihachi's transformation into a giant monster was also an idea written by Satō to produce something unique. The Williams sisters and Kazuya and Jin were added more in the fashion of eye-candy in contrast to the main characters. Mizushima says that he also wanted to give the story a suspense tone through Shin's side.
The team worked to provide several elements including action, comedy, drama among others. Satō described it as a ""female buddy film"" as he wanted to have more characters than just the Mishima conflict from the games. Additionally, the writer wanted it to be accessible. Xiaoyu was written to be relatable to the audience and balance the more supernatural elements in the process. Xiaoyu's relationship with Alisa was made so that the latter develops a ""soul"" as the film progresses. This surprised her own voice actress not only due to her design but how much of a bigger role she had. In regards to the Mishima feud, Satō describes them as horrible people but wanted to give Jin's characterization a different take from his relatives. Meanwhile, according to Satō, Kazuya represents the ""core"" of the franchise, finding his antagonism and strength as a charm for the plot. Kazuya's actor also liked how his character stands up as a villain. In contrast to the games, the film uses more facial expressions as it helps them humanize. In the final scenes, the sight of Alisa, bruised and wrecked, summoning her final strength was influenced by Terminator 2 and Aliens. This scene was storyboarded by Shinji Higuchi much to Satō's joy as it was his favorite.


=== Music ===
The music of the film was composed by Hitoshi Sakimoto alongside fellow composers from Basiscape. As the staff felt that Tekken feels more like a live action film rather than an anime, composer Hitoshi Sakimoto was requested to make the music Hollywood-like. Orchestral pieces were used for the soundtrack. Despite the heavy focus on violence, Sakimoto was asked by the director to make the music more fitting for Xiaoyu and Alisa's friendship which led to a lighter tone. Harada was surprised by the final product due to his changed impression of the two heroines as they came across filled with more emotions. Basiscape includes other composers such as Yoshimi Kudo, Masaharu Iwata, Kimihiro Abe among others. The official soundtrack was released on July 27, 2011, on the Namco Sounds label for the Digital Edition and Basiscape Records for the CD Edition.


== Release ==
The film was initially announced at Namco's ""LevelUp"" event in Dubai on May 5, 2011. A trailer premiered at the event and also was posted online shortly after.  Harada has been very clear that this movie is not related to the 2009 live-action film and is doing whatever he can to ensure this project is distanced as much as possible from that film.  ""That doesn't have anything to do with it this time,"" Harada insisted. ""We're not trying to rewrite those wrongs. Fans are always asking us for a 3D movie. This is our response to them... We want to make a movie that everyone can enjoy, though. Not just Tekken fans.""
On July 23, 2011, Namco Bandai previewed Tekken: Blood Vengeance at Comic-Con with writer Satō, and voice actresses Carrie Keranen and Cristina Vee as guests. It was also screened in the United Kingdom during 2011.
The film was released in both Blu-ray and DVD formats on November 22, 2011, in North America, in Blu-ray format on December 1, 2011, in Japan, and in DVD format on December 22, 2011, in Japan. The Blu-ray 2D/3D version was released as a Hybrid Disc, known as Tekken Hybrid. Whilst the film can be played on any Blu-ray player, running the disc on a PlayStation 3 console will allow owners to also play an HD version of the original Tekken Tag Tournament, which was originally released in the arcades in 1999 and for PlayStation 2 in 2000, as well as a demo version of Tekken Tag Tournament 2. A 3D version of the movie was made available in Tekken 3D: Prime Edition for the Nintendo 3DS. It is the first film to be released for the 3DS.


== Reception ==


=== Critical response ===
Tekken: Blood Vengeance has received mixed reviews with many comparing it to Tekken: The Motion Picture and the 2009 live-action film. IGN's Steven Hooper claimed that despite pacing issues, the plot is benefitted from appealing fight sequences and stylish CGI. PALGN's agreed, also enjoying the story. Engadget's Eric Kaoili found the film ""pleasing"" felt the video player was ""garbage"". Capsule Monsters praised its campy humor like Shin talking about his body while being naked or Alisa's crush but felt the ending was too forced as the two protagonists are overshadowed by Jin, Kazuya and Heihachi. Spong felt that the fight between the Mishimas was hilarious due to how brutal it was while other elements of the movie made it enjoyable to see for the unintentionally comedy caused by the film's attempt to write generate drama.
The two leads and Shin were the subject of mixed responses as being unimportant in comparison to the Mishima crudge. Capsule Monsters criticized how Xiaoyu loses importance in the movie in the climax when the Mishimas start fighting. Nevertheless, he still found earlier scenes about her search for Shin Kamiya alongside Alisa to be hilarious in an accidental way. Spong was more negative, criticizing her adventure which started Alisa's character arc which came across as fanservice such as one where Xiaoyu is nearly naked in company of her. Dread Central also criticized the subplot involving the two Williams sisters, claiming there was little focus on them and there is no solution to their rivalry similar to the Mishimas. Dread Central was also critical of the overuse of the Devil Gene subplot, while comparing Jin and Kazuya's transformations to the series Devilman which leads to a Godzilla-like fight scene in the climax when Heihachi combines with the Mokujins.


=== Legacy ===
The Japanese Committee of the International 3D Society honored Tekken: Blood Vengeance along with Always Sanchōme no Yūhi '64, Kaibutsu-kun and Sadako 3D at the second annual International 3D Awards Lumiere Japan, where all four films won the Movie Award. The film also won the International Jury Prize (Japan) at the International 3D Society's fourth annual 3D Creative Arts Awards.
According to Anime News Network, the film has been popular in the United Kingdom based on sales from 2012, taking third place behind Arrietty and Pokémon: Destiny Deoxys.
Shin was one of the proposed character concepts as a playable character in Tekken Revolution. The developer found it difficult to make him as a playable character due to his lack of knowledge in martial arts and the fact that he died in the film he appeared in, although there was an idea to make him an immortal character.
In retrospect, Harada believes the film lives up to the requests fans used to make about the series. Should a sequel be done, Satō expressed a desire to use Asuka Kazama and Lili as the new leading duo especially because the latter comes across as ""versatile"".
Digital Frontier got more experienced with the handling of the visuals with Blood Vengeance which led to an easier development for Resident Evil Damnation.


== See also ==
List of films based on video games
List of martial arts films


== References ==


== External links ==
Official website (web archive)
Tekken: Blood Vengeance at IMDb
Tekken: Blood Vengeance  at Anime News Network's encyclopedia",The film's runtime is not explicitly mentioned in the provided context.,"is a 2011 Japanese 3D computer-animated film based on the Tekken video game series, produced by Digital Frontier and distributed by Asmik Ace Entertainment in association with Bandai Entertainment.",0,0,supported,0.69023346911,-0.07877016021500903,-1.0240120827951174,13,,0.9975507259368896,-0.316307806998,-0.604793524354,0.0,1,0.59990853209,1.0,1.0,0.0,0.0,0.99609375,0.001697540283203125,0.002071380615234375,-1.7350893100471592,0.14993775816865973,0.022222222222222223,0.3108108108108108,0.5,keep
Q211_138,wikiqa,how did the african slave trade affect africans in terms of economy,"Slavery has historically been widespread in Africa. Systems of servitude and slavery were once commonplace in parts of Africa, as they were in much of the rest of the ancient and medieval world. When the trans-Saharan slave trade, Red Sea slave trade, Indian Ocean slave trade and Atlantic slave trade (which started in the 16th century) began, many of the pre-existing local African slave systems began supplying captives for slave markets outside Africa. Slavery in contemporary Africa still exists in some regions despite being illegal.
In the relevant literature, African slavery is categorized into indigenous slavery and export slavery, depending on whether or not slaves were traded beyond the continent. Slavery in historical Africa was practiced in many different forms: Debt slavery, enslavement of war captives, military slavery, slavery for prostitution and enslavement of criminals were all practiced in various parts of Africa. Slavery for domestic and court purposes was widespread throughout Africa. Plantation slavery also occurred, primarily on the eastern coast of Africa and in parts of West Africa. The importance of domestic plantation slavery increased during the 19th century. Due to the abolition of the Atlantic slave trade, many African states that were dependent on the international slave trade reoriented their economies towards legitimate commerce worked by slave labour.


== Forms ==
Different forms of slavery and servitude existed throughout African history and were shaped by indigenous practices of slavery as well as the Roman institution of slavery (and the later Christian views on slavery), the Islamic institutions of slavery via the Muslim slave trade, and eventually the Atlantic slave trade. Slavery was part of the economic structure of African societies for many centuries, although the extent varied. Ibn Battuta, who visited the ancient kingdom of Mali in the mid-14th century recounts that the local inhabitants competed with each other in the number of slaves and servants they had and was himself given a slave boy as a ""hospitality gift."" In sub-Saharan Africa, the slave relationships were often complex, with rights and freedoms denied individuals held in slavery and restrictions on sale and treatment by their masters. Many communities had hierarchies between different types of slaves: for example, differentiating between those who had been born into slavery and those who had been captured through war.

The forms of slavery in Africa were closely related to kinship structures. In many African communities, where land could not be owned, enslavement of individuals was used as a means to increase the influence a person had and expand connections. This made slaves a permanent part of a master's lineage and the children of slaves could become closely connected with the larger family ties. Children of slaves born into families could be integrated into the master's kinship group and rise to prominent positions within society, even to the level of chief in some instances. However, stigma often remained and there could be strict separations between slave members of a kinship group and those related to the master.


=== Chattel slavery ===
Chattel slavery is a specific servitude relationship where the slave is treated as the property of the owner. As such, the owner is free to sell, trade, or treat the slave as he would other pieces of property, and the children of the slave often are retained as the property of the master. There is evidence of long histories of chattel slavery in the Nile River valley, much of the Sahel and North Africa. Evidence is incomplete about the extent and practices of chattel slavery throughout much of the rest of the continent prior to written records by Arab or European traders.


=== Domestic service ===
Many slave relationships in Africa revolved around domestic slavery. Slaves would work primarily in the house of the master but retain some freedoms. Domestic slaves could be considered part of the master's household and would not be sold to others without extreme cause. The slaves could own the profits from their labour (whether in land or in products) and could marry and pass the land on to their children in many cases.


=== Pawnship ===
Pawnship, or debt bondage slavery, involves the use of people as collateral to secure the repayment of debt. Slave labour is performed by the debtor or a relative of the debtor (usually a child). Pawnship was a common form of collateral in West Africa. It involved the pledge of a person or a member of that person's family, to serve another person providing credit. Pawnship was related to, yet distinct from, slavery in most conceptualizations, because the arrangement could include limited specific terms of service to be provided, and because kinship ties would protect the person from being sold into slavery. Pawnship was a common practice throughout West Africa prior to European contact, including among the Akan people, the Ewe people, the Ga people, the Yoruba people, and the Edo people (in modified forms, it also existed among the Efik people, the Igbo people, the Ijaw people, and the Fon people).


=== Military slavery ===

Military slavery involved the acquisition and training of conscripted military units which would retain the identity of military slaves even after their service. Slave soldier groups would be run by a Patron, who could be the head of a government or an independent warlord, and who would send his troops out for money and his own political interests.
This was most significant in the Nile valley (primarily in Sudan and Uganda), with slave military units organized by various Islamic authorities, and with the war chiefs of Western Africa. The military units in Sudan were formed in the 1800s through large-scale military raiding in the area which is currently the countries of Sudan and South Sudan.


=== Slaves for sacrifice ===
Human sacrifice was common in West African states and during the 19th century. Although archaeological evidence is not clear on the issue prior to European contact, in those societies that practised human sacrifice, slaves became the most prominent victims.
The Annual Customs of Dahomey were the most notorious example of human sacrifice of slaves, where 500 prisoners would be sacrificed. Sacrifices were carried out all along the West African coast and further inland. Sacrifices were common in the Benin Empire, in what is now southern Nigeria, and in several small independent states in the same region. In the Ashanti Region, human sacrifice was often combined with capital punishment.


=== Local slave trade ===
 
Many nations such as the Bono State, Ashanti of present-day Ghana and the Yoruba of present-day Nigeria were involved in slave-trading. Groups such as the Imbangala of Angola and the Nyamwezi of Tanzania would serve as intermediaries or roving bands, waging war on African states to capture people for export as slaves. Historians John Thornton and Linda Heywood of Boston University have estimated that of the Africans captured and then sold as slaves to the New World in the Atlantic slave trade, around 90% were enslaved by fellow Africans who sold them to European traders. Henry Louis Gates, the Harvard Chair of African and African American Studies, has stated that ""without complex business partnerships between African elites and European traders and commercial agents, the slave trade to the New World would have been impossible, at least on the scale it occurred.""
The entire Bubi ethnic group descends from escaped intertribal slaves owned by various ancient West-central African ethnic groups.


== Practices by region ==

Like most other regions of the world, slavery and forced labour existed in many kingdoms and societies of Africa for hundreds of years. Ugo Kwokeji has called early European reports of slavery throughout Africa in the 1600s unreliable, saying they conflated various forms of servitude with chattel slavery.
The best evidence of slave practices in Africa comes from the major kingdoms, particularly along the coast, and there is little evidence of widespread slavery practices in stateless societies. Slave trading was mostly secondary to other trade relationships; however, there is evidence of a trans-Saharan slave trade route from Roman times which persisted in the area after the fall of the Roman Empire. However, kinship structures and rights provided to slaves (except those captured in war) appears to have limited the scope of slave trading before the start of the trans-Saharan slave trade, Indian Ocean slave trade and the Atlantic slave trade.


=== North Africa ===

Slavery in northern Africa dates back to ancient Egypt. The New Kingdom (1558–1080 BC) brought large numbers of slaves as prisoners of war up the Nile valley and used them for domestic and supervised labour. Ptolemaic Egypt (305 BC–30 BC) used both land and sea routes to bring in slaves.

Chattel slavery was legal and widespread throughout North Africa, be it under Ancient Carthage (ca. 814 BC – 146 BC), or later when the region was controlled by the Roman Empire (145 BC – ca. 430 AD) and the Eastern Romans (533 to 695 AD). A slave trade bringing Saharans through the desert to North Africa, which existed in Roman times, continued and documentary evidence in the Nile Valley shows it to have been regulated there by treaty. As the Roman republic expanded, it enslaved defeated enemies and Roman conquests in Africa were no exception. For example, Orosius records that Rome enslaved 27,000 people from North Africa in 256 BC. Piracy became an important source of slaves for the Roman Empire and in the 5th century AD pirates would raid coastal North African villages and enslave those captured.
Chattel slavery persisted after the fall of the Roman Empire in the largely Christian communities of the region. After the Islamic trade expansion across the Sahara, the practices continued and eventually, the assimilative form of slavery spread to major societies on the southern end of the Sahara (such as Mali, Songhai, and Ghana). The medieval slave trade in Europe was mainly to the East and South: the Christian Byzantine Empire and the Muslim World were the destinations, and Central and Eastern Europe an important source of slaves. 

The Mamluks were slave soldiers who converted to Islam and served the Muslim caliphs and the Ayyubid Sultans during the Middle Ages. The first Mamluks served the Abbasid caliphs in 9th century Baghdad. Over time, they became a powerful military caste, and on more than one occasion they seized power for themselves, for example, ruling Egypt from 1250 to 1517. From 1250 on Egypt was ruled by the Bahri dynasty of Kipchak Turk origin.
According to Robert Davis, between 1 million and 1.25 million Europeans were captured by Barbary pirates and sold as slaves to North Africa and the Ottoman Empire between the 16th and 19th centuries. However, to extrapolate his numbers, Davis assumes the number of European slaves captured by Barbary pirates were constant for a 250-year period, stating:

""There are no records of how many men, women and children were enslaved, but it is possible to calculate roughly the number of fresh captives that would have been needed to keep populations steady and replace those slaves who died, escaped, were ransomed, or converted to Islam. On this basis, it is thought that around 8,500 new slaves were needed annually to replenish numbers – about 850,000 captives over the century from 1580 to 1680. By extension, for the 250 years between 1530 and 1780, the figure could easily have been as high as 1,250,000.""
Davis' numbers have been disputed by other historians, such as David Earle, who cautions that the true picture of European slaves is clouded by the fact the corsairs also seized non-Christian whites from eastern Europe and black people from West Africa. Middle East expert John Wright cautions that modern estimates are based on back-calculations from human observation, which may lead to distortions.

Such observations, across the late 1500s and early 1600s observers, estimate that around 35,000 European Christian slaves held throughout this period on the Barbary Coast, across Tripoli, Tunis, but mostly in Algiers. The majority were sailors taken with their ships, but others were fishermen and coastal villagers, and overall most of the captives were people from lands close to Africa, particularly Spain and Italy.
The coastal villages and towns of Italy, Portugal, Spain, and Mediterranean islands were frequently attacked by the pirates, and long stretches of the Italian and Spanish coasts were almost completely abandoned by their inhabitants; after 1600 Barbary pirates occasionally entered the Atlantic and struck as far north as Iceland. The most famous corsairs were the Ottoman Barbarossa (""Redbeard""), and his older brother Oruç, Turgut Reis (known as Dragut in the West), Kurtoğlu (known as Curtogoli in the West), Kemal Reis, Salih Reis, and Koca Murat Reis.
In 1544, Hayreddin Barbarossa captured Ischia, taking 4,000 prisoners in the process, and deported to slavery some 9,000 inhabitants of Lipari, almost the entire population. In 1551, Dragut enslaved the entire population of the Maltese island Gozo, between 5,000 and 6,000, sending them to Libya. When pirates sacked Vieste in southern Italy in 1554 they took an estimated 7,000 slaves. In 1555, Turgut Reis sailed to Corsica and ransacked Bastia, taking 6,000 prisoners. In 1558 Barbary corsairs captured the town of Ciutadella, destroyed it, slaughtered the inhabitants, and carried off 3,000 survivors to Istanbul as slaves. In 1563 Turgut Reis landed at the shores of the province of Granada, Spain, and captured the coastal settlements in the area like Almuñécar, along with 4,000 prisoners. Barbary pirates frequently attacked the Balearic islands, resulting in many coastal watchtowers and fortified churches being erected. The threat was so severe that Formentera became uninhabited.

Early modern sources are full of descriptions of the sufferings of Christian galley slaves of the Barbary corsairs:

Those who have not seen a galley at sea, especially in chasing or being chased, cannot well conceive the shock such a spectacle must give to a heart capable of the least tincture of commiseration. To behold ranks and files of half-naked, half-starved, half-tanned meagre wretches, chained to a plank, from whence they remove not for months together (commonly half a year), urged on, even beyond human strength, with cruel and repeated blows on their bare flesh....
As late as 1798, the islet near Sardinia was attacked by the Tunisians and over 900 inhabitants were taken away as slaves.
Sahrawi-Moorish society in Northwest Africa was traditionally (and still is, to some extent) stratified into several tribal castes, with the Hassane warrior tribes ruling and extracting tribute – horma – from the subservient Berber-descended znaga tribes. Below them ranked servile groups known as Haratin, a black population.
Enslaved Sub-Saharan Africans were also transported across North Africa into Arabia to do agricultural work because of their resistance to malaria that plagued the Arabia and North Africa at the time of early enslavement. Sub-Saharan Africans were able to endure the malaria-infested lands they were transported to, which is why North Africans were not transported despite their close proximity to Arabia and its surrounding lands.


=== Horn of Africa ===

In the Horn of Africa, the Christian kings of the Ethiopian Empire captured slaves primarily from the pagan Nilotic Shanqella and Oromo peoples from their western borderlands, or from newly conquered or reconquered lowland territories. The Somali and Afar Muslim sultanates, such as the medieval Adal Sultanate, through their ports also traded Zanj (Bantu) slaves captured from the hinterland.

Slavery, as practised in Ethiopia, was essentially domestic and was geared more towards women; this was the trend for most of Africa as well. Women were transported across the Sahara, the Middle East, the Mediterranean and the Indian Ocean trade more than men. Enslaved people served in the houses of their masters or mistresses, and were not employed to any significant extent for productive purpose. The enslaved were regarded as second-class members of their owners' family.
The slave trade was only legally abolished in 1923 when Ethiopia ascended to the League of Nations. Slavery persistent even longer, with the Anti-Slavery Society estimating that there were 2 million slaves in the early 1930s, out of an estimated population of 8 to 16 million. Slavery remained legal in Ethiopia until the Italian invasion in October 1935, when the institution was abolished by order of the Italian occupying forces. The abolishment of slavery and involuntary servitude was reconfirmed when Ethiopia regained its independence in 1942, in response to pressure by Western Allies of World War II.
In Somali territories, slaves were purchased in the slave market exclusively to do work on plantations. In terms of legal considerations, the customs regarding the treatment of Bantu slaves were established by the decree of Sultans and local administrative delegates. These plantation slaves often acquired their freedom through eventual emancipation, escape, and ransom.


=== Central Africa ===

Slaves were transported since antiquity along trade routes crossing the Sahara.
Oral tradition recounts slavery existing in the Kingdom of Kongo from the time of its formation with Lukeni lua Nimi enslaving the Mwene Kabunga whom he conquered to establish the kingdom. Early Portuguese writings show that the Kingdom did have slavery before contact, but that they were primarily war captives from the Kingdom of Ndongo.
Slavery was common along the Upper Congo River, and in the second half of the 18th century the region became a major source of slaves for the Atlantic slave trade, when high slave prices on the coast made long-distance slave trading profitable. When the Atlantic trade came to an end, the price of slaves dropped dramatically, and the regional slave trade grew, dominated by Bobangi traders. The Bobangi also purchased many slaves with profits from selling ivory, whom they used to populate their villages. Slaves who had been sold by their kin group, typically as a result of undesirable behaviour such as adultery, were unlikely to attempt to flee. The sale of children was also common in times of famine. Captured slaves were however likely to attempt to escape and had to be moved hundreds of kilometres from their homes as a safeguard against this.
The slave trade had a profound impact on this region of Central Africa, completely reshaping various aspects of society. For instance, the slave trade helped to create a robust regional trade network for the foodstuffs and crafted goods of small producers along the river. As only a few slaves in a canoe were sufficient to cover the cost of a trip and still make a profit, traders could fill any unused space on their canoes with other goods and transport them long distances without a significant markup on price. While the large profits from the Congo River slave trade only went to a small number of traders, this aspect of the trade provided some benefit to local producers and consumers.
In parts of the Congo Basin, it was not rare for slaves to be killed and eaten, especially (but not only) at festive occasions. Eyewitness accounts describe the purchase, butchering, and consumption of slaves as a ""daily-life activity, free from strong emotions"", seen by those who practised it as not essentially different from the eating of goats and other animals.


=== West Africa ===

Various forms of slavery were practised in diverse ways in different communities of West Africa prior to European trade. According to Ghanaian historian Akosua Perbi, indigenous slavery in locations like Ghana had been established by the 1st century AD, with origins sometime in the ancient period. Even though slavery did exist, it was not nearly as prevalent within most West African societies that were not Islamic before the Trans-Atlantic Slave Trade. The prerequisites for slave societies to exist weren't present in West Africa prior to the Atlantic slave trade considering the small market sizes and the lack of a division of labour. Most West African societies were formed in kinship units which would make slavery a rather marginal part of the production process within them. Slaves within Kinship-based societies would have had almost the same roles that free members had.
However, Nigerian historian Professor Philip Igbafe says that, until the late 19th Century, slavery in the Kingdom of Benin, as well as in other West African kingdoms had its own place in the structure of the state, having its roots in the ""economic, military, social and political necessities of the Benin kingdom"". Slaves were owned by the Oba (king) and by ordinary citizens. In pre-colonial Benin, they were acquired in a number of ways: through wars of conquest and expansion, through gifts to the Oba, who also inherited the slaves of those who died intestate and by tribute paid by dependent territories to the Oba and prominent chiefs. Lastly, hardened criminals or those guilty of serious crimes were either executed or sold into slavery. The possession of a large number of slaves was an index of a man's status. Slaves served in the militia and were also the main labour force for the chiefs, as well as serving the local need for human sacrifices. The eventual abolition of slavery created a host of problems which had economic, political and social ramifications.

Martin Klein has said that before the Atlantic trade, slaves in Western Sudan ""made up a small part of the population, lived within the household, worked alongside free members of the household, and participated in a network of face-to-face links."" With the development of the trans-Saharan slave trade and the economies of gold in the western Sahel, a number of the major states became organized around the slave trade, including the Ghana Empire, the Mali Empire, the Bono State and Songhai Empire. However, other communities in West Africa largely resisted the slave trade. The Jola refused to participate in the slave trade up into the end of the seventeenth century, and did not use slave labour within their own communities until the nineteenth century. The Kru and Baga also fought against the slave trade. The Mossi Kingdoms tried to take over key sites in the trans-Saharan trade and, when these efforts failed, became defenders against slave raiding by the powerful states of the western Sahel. The Mossi eventually entered the slave trade in the 1800s, mainly in the Atlantic slave trade.

Senegal was a catalyst for the slave trade, serving as a port of departure for many transatlantic voyages. The culture of the Gold Coast was based largely on the power that individuals held, rather than the land cultivated by a family. Western Africa developed slavery by analysing the advantages to the aristocracy of slavery and what would best suit the region. This sort of governing used the ""political tool"" of discerning the different labours and methods of assimilative slavery. Domestic and agricultural labour became more evidently primary in Western Africa due to slaves being regarded as ""political tools"" of access and status. Slaves often had more wives than their owners, and this boosted the status of their owners. Slaves were not all used for the same purpose. European colonizing countries participated in the trade to suit the economic needs of their individual countries. The parallel of ""Moorish"" traders in the desert compared to Portuguese traders who were not as established pointed out the differences in uses of slaves at this point, and where they were headed in the trade.

Historian Walter Rodney identified no slavery or significant domestic servitude in early European accounts on the Upper Guinea region and I. A. Akinjogbin contends that European accounts reveal that the slave trade was not a major activity along the coast controlled by the Yoruba people and Aja people before Europeans arrived. In a paper read to the Ethnological Society of London in 1866, the viceroy of Lokoja, Mr T. Valentine Robins, who in 1864 accompanied an expedition up the River Niger aboard HMS Investigator, described slavery in the region: Upon slavery Mr Robins remarked that it was not what people in England thought it to be. It means, as continually found in this part of Africa, belonging to a family group-there is no compulsory labour, the owner and the slave work together, eat like food, wear like clothing and sleep in the same huts. Some slaves have more wives than their masters. It gives protection to the slaves and everything necessary for their subsistence – food and clothing. A free man is worse off than a slave; he cannot claim his food from anyone.
With the beginning of the Atlantic slave trade, demand for slaves in West Africa increased and a number of states became centered on the slave trade and domestic slavery increased dramatically. Hugh Clapperton in 1824 believed that half the population of Kano were enslaved people. Near the Gold Coast, many of those enslaved came from deep inside the interior of the continent as defeated people from numerous wars and were sold off as part of a practice called ""eating the country"" that aimed to disperse fallen enemies and prevent regrouping. According to Ghanaian historian Akosua Perbi, from the 15th to 19th centuries in Ghana, major sources of slaves were warfare, slave markets, pawning, raids, kidnapping and tributes, while minor sources were from gifts, convictions, communal or private deals.

In the Senegambia region between 1300 and 1900, close to one-third of the population was enslaved. In early Islamic states of the western Sahel, including Ghana (750–1076), Mali (1235–1645), Segou (1712–1861), and Songhai (1275–1591), about a third of the population were enslaved. In Sierra Leone in the 19th century about half of the population consisted of enslaved people. Among the Vai people during the 19th century, three quarters of the people were slaves. In the 19th century at least half the population was enslaved among the Duala of the Cameroon and other peoples of the lower Niger, the Kongo, and the Kasanje kingdom and Chokwe of Angola. Among the Ashanti and Yoruba, a third of the population consisted of enslaved people. The population of the Kanem (1600–1800) was about one-third enslaved. It was perhaps 40% in Bornu (1580–1890). Between 1750 and 1900 from one- to two-thirds of the entire population of the Fulani jihad states consisted of enslaved people. The population of the largest Fulani state, the Sokoto Caliphate, was at least half-enslaved in the 19th century. Among the Adrar 15 per cent of people were enslaved, and 75 per cent of the Gurma were enslaved. Slavery was extremely common among the Tuareg peoples and many still hold slaves today.
When British rule was first imposed on the Sokoto Caliphate and the surrounding areas in northern Nigeria at the turn of the 20th century, approximately 2 million to 2.5 million people there were enslaved. Slavery in northern Nigeria was finally outlawed in 1936.


=== African Great Lakes ===

With sea trade from the eastern African Great Lakes region to Persia, China, and India during the first millennium AD, slaves are mentioned as a commodity of secondary importance to gold and ivory. When mentioned, the slave trade appears to have been small-scale and mostly involves slave raiding of women and children along the islands of Kilwa Kisiwani, Madagascar, and Pemba. In places such as Uganda, the experience for women in slavery was different from that of customary slavery practices at the time. The roles assumed were based on gender and position within the society. First one must make the distinction in Ugandan slavery of peasants and slaves. Researchers Shane Doyle and Henri Médard assert the distinction with the following:
""Peasants were rewarded for valour in battle by the present of slaves by the lord or chief for whom they had fought. They could be given slaves by relatives who had been promoted to the rank of chiefs, and they could inherit slaves from their fathers. There were the abanyage (those pillaged or stolen in war) as well as the abagule (those bought). All these came under the category of abenvumu or true slaves, that is to say people not free in any sense. In a superior position were the young Ganda given by their maternal uncles into slavery (or pawnship), usually in lieu of debts... Besides such slaves both chiefs and king were served by sons of well to do men who wanted to please them and attract favour for themselves or their children. These were the abasige and formed a big addition to a noble household.... All these different classes of dependents in a household were classed as Medard & Doyle abaddu (male servants) or abazana (female servants) whether they were slave or free-born.(175)""
In the Great Lakes region of Africa (around present-day Uganda), linguistic evidence shows the existence of slavery through war capture, trade, and pawning going back hundreds of years; however, these forms, particularly pawning, appear to have increased significantly in the 18th and 19th centuries. These slaves were considered to be more trustworthy than those from the Gold Coast. They were regarded with more prestige because of the training they responded to.
The language for slaves in the Great Lakes region varied. This region of water made it easy for capture of slaves and transport. Captives, refugees, slaves, and peasants were all used in order to describe those in the trade. The distinction was made by where and for what purpose they would be utilized for. Methods like pillage, plunder, and capture were all semantics common in this region to depict the trade.

Historians Campbell and Alpers argue that there were a host of different categories of labour in Southeast Africa and that the distinction between slave and free individuals was not particularly relevant in most societies. However, with increasing international trade in the 18th and 19th century, Southeast Africa began to be involved significantly in the Atlantic slave trade; for example, with the king of Kilwa island signing a treaty with a French merchant in 1776 for the delivery of 1,000 slaves per year.
At about the same time, merchants from Oman, India, and Southeast Africa began establishing plantations along the coasts and on the islands, To provide workers on these plantations, slave raiding and slave holding became increasingly important in the region and slave traders (most notably Tippu Tip) became prominent in the political environment of the region. The Southeast African trade reached its height in the early decades of the 1800s with up to 30,000 slaves sold per year. However, slavery never became a significant part of the domestic economies except in Sultanate of Zanzibar where plantations and agricultural slavery were maintained. Author and historian Timothy Insoll wrote: ""Figures record the exporting of 718,000 slaves from the Swahili coast during the 19th century, and the retention of 769,000 on the coast."" At various times, between 65 and 90 per cent of Zanzibar was enslaved. Along the Kenya coast, 90 per cent of the population was enslaved, while half of Madagascar's population was enslaved.


=== South Africa ===

Certain African leaders, particularly from the Zulu and other Nguni groups, participated in the slave trade by capturing individuals from rival groups during conflicts. These captives were then sold into slavery.


== Transformations ==

Slave relationships in Africa have been transformed through four large-scale processes: the trans-Saharan slave trade, the Indian Ocean slave trade, the Atlantic slave trade, and the slave emancipation policies and movements in the 19th and 20th centuries. Each of these processes significantly changed the forms, level, and economics of slavery in Africa.
Slave practices in Africa were used during different periods to justify specific forms of European engagement with the peoples of Africa. Eighteenth century writers in Europe claimed that slavery in Africa was quite brutal in order to justify the Atlantic slave trade. Later writers used similar arguments to justify intervention and eventual colonization by European powers to end slavery in Africa.
Africans knew what awaited slaves in the New World. Many elite Africans visited Europe on slave ships following the prevailing winds through the New World. One example of this occurred when Antonio Manuel, Kongo's ambassador to the Vatican, went to Europe in 1604, stopping first in Bahia, Brazil, where he arranged to free a countryman who had been wrongfully enslaved. African monarchs also sent their children along these same slave routes to be educated in Europe, and thousands of former slaves eventually returned to settle Liberia and Sierra Leone.


=== Trans-Saharan, Red Sea and Indian Ocean slave trade ===


==== Early history ====
Early records of the trans-Saharan slave trade come from ancient Greek historian Herodotus in the 5th century BC. The Garamentes were recorded by Herodotus as engaging in the trans-Saharan slave trade and enslaving cave-dwelling ""Ethiopians"" (Ethiopian being a Greek term for Black as opposed to being from the region of Ethiopia), or Troglodytae. The Berber Garamentes relied heavily on the labour of slaves from sub-Saharan Africa, and used slaves in their own communities to construct and maintain underground irrigation systems known to Berbers as foggara.
In the early Roman Empire, the city of Lepcis established a slave market to buy and sell slaves from the African interior. The empire imposed a customs tax on the trade of slaves. In the 5th century AD, Roman Carthage was trading in black slaves brought across the Sahara. Black slaves seem to have been valued in the Mediterranean as household slaves for their exotic appearance. Some historians argue that the scale of slave trade in this period may have been higher than in medieval times due to the high demand for slaves in the Roman Empire.
Slave trading in the Indian Ocean goes back to 2500 BC. Ancient Assyrians and Babylonians, Egyptians, Greeks, Indians and Persians all traded slaves on small scale across the Indian Ocean (and sometimes the Red Sea). Slave trading in the Red Sea around the time of Alexander the Great is described by Agatharchides. Strabo's Geographica (completed after 23 AD) mentions Greeks from Egypt trading slaves at the port of Adulis and other ports on the Somali coast. Pliny the Elder's Natural History (published in 77 AD) also described Indian Ocean slave trading. In the 1st century AD, Periplus of the Erythraean Sea advised of slave trading opportunities in the region, particularly in the trading of ""beautiful girls for concubinage."" According to this manual, slaves were exported from Omana (likely near modern-day Oman) and Kanê to the west coast of India. The ancient Indian Ocean slave trade was enabled by building boats capable of carrying large numbers of human beings across the Persian Gulf with wood imported from India. This shipbuilding goes back to Assyrian, Babylonian and Achaemenid times.
After the involvement of the Byzantine Empire and Sassanian Empire in slave trading in the 1st century, it became a major enterprise. Cosmas Indicopleustes wrote in his Christian Topography (550 AD) that slaves captured in Ethiopia would be imported into Byzantine Egypt via the Red Sea. He also mentioned the import of non African eunuchs by the Byzantines from Mesopotamia and India. After the 1st century, the export of black Africans became a ""constant factor"". Under the Sassanians, the Indian Ocean trade transported not just slaves, but also scholars and merchants.


==== Arab slave traders and markets ====

The enslavement of Africans for eastern markets started before the 7th century but remained at low levels until 1750. The volume of the trade peaked around 1850 but may largely have ended around 1900. Muslim participation in the slave trade started in the eighth and ninth centuries AD, beginning with small-scale movements of people, largely from the eastern Great Lakes region and the Sahel. Islamic law allowed slavery, but prohibited slavery involving other pre-existing Muslims; as a result, the main targets for enslavement were the people who lived in the frontier areas of Islam in Africa.
The trade of slaves across the Sahara and the Indian Ocean also has a long history beginning with the control of sea routes by Arab traders in the ninth century. It is estimated that, at that time, a few thousand enslaved people were taken each year from the Red Sea and Indian Ocean coast. They were sold throughout the Middle East. This trade accelerated as superior ships led to more trade and greater demand for labour on plantation. Eventually, tens of thousands per year were being taken. On the Swahili Coast, the Afro-Arab slavers captured Bantu peoples from the interior and brought them to the littoral. There, the slaves gradually assimilated in the rural areas, particularly on the Unguja and Pemba islands.
This changed the slave relationships by creating new forms of employment by slaves (as eunuchs to guard harems, and in military units) and creating conditions for freedom (namely conversion—although it would only free a slave's children). Although the level of trade remained relatively small, the total number of slaves over the multiple centuries of the trade's existence. Because of its small and gradual nature, the impact on slavery practices in communities that did not convert to Islam was relatively small. However, in the 1800s, the slave trade from Africa to the Islamic countries picked up significantly. When the European slave trade ended around the 1850s, the slave trade to the east picked up significantly only to end with the European colonization of Africa around 1900. Between 1500 and 1900, up to 17 million Africans slaves were transported by Muslim traders to the coast of the Indian Ocean, the Middle East, and North Africa.
In 1814, Swiss explorer Johann Burckhardt wrote of his travels in Egypt and Nubia, where he saw the practice of slave trading: ""I frequently witnessed scenes of the most shameless indecency, which the traders, who were the principal actors, only laughed at. I may venture to state, that very few female slaves who have passed their tenth year, reach Egypt or Arabia in a state of virginity.""

David Livingstone talking about the slave trade in East Africa in his journals:

To overdraw its evil is a simple impossibility. 
Livingstone wrote about a group of slaves forced by Arab slave traders to march in the African Great Lakes region when he was travelling there in 1866:

19th June 1866 – We passed a woman tied by the neck to a tree and dead, the people of the country explained that she had been unable to keep up with the other slaves in a gang, and her master had determined that she should not become anyone's property if she recovered.26th June 1866 – ... We passed a slave woman shot or stabbed through the body and lying on the path: a group of men stood about a hundred yards off on one side, and another of the women on the other side, looking on; they said an Arab who passed early that morning had done it in anger at losing the price he had given for her, because she was unable to walk any longer.
27th June 1866 – To-day we came upon a man dead from starvation, as he was very thin. One of our men wandered and found many slaves with slave-sticks on, abandoned by their masters from want of food; they were too weak to be able to speak or say where they had come from; some were quite young.
The lethality of the trans-Saharan routes is comparable to those of the trans-Atlantic. Deaths of slaves in Egypt and North Africa were very high, even if they were fed and treated well. Medieval manuals for slave buyers – written in Arabic, Persian and Turkish – explained that Africans from Sudanic and Ethiopian areas are prone to illness and death in their new environments.
Zanzibar was once East Africa's main slave-trading port, and under Omani Arabs in the 19th century as many as 50,000 slaves were passing through the city each year via the Zanzibar slave trade.


==== European traders and colonial markets ====
European slave trade in the Indian Ocean began when Portugal established Estado da Índia in the early 16th century. Until the 1830s c. 200 slaves were exported from Mozambique annually and similar figures have been estimated for slaves brought from Asia to the Philippines during the Iberian Union (1580–1640).
The establishment of the Dutch East India Company in the early 17th century led to a quick increase in volume of the slave trade in the region; there were perhaps up to 500,000 slaves in various Dutch colonies in the 17th and 18th centuries in the Indian Ocean. For example, some 4000 African slaves were used to build the Colombo fortress in Dutch Ceylon. Bali and neighbouring islands supplied regional networks with c. 100,000–150,000 slaves 1620–1830. Indian and Chinese slave traders supplied Dutch Indonesia with perhaps 250,000 slaves during the 17th and 18th centuries.
The East India Company (EIC) was established during the period and in 1622 one of its ships carried slaves from the Coromandel Coast to the Dutch East Indies. The EIC mostly traded in African slaves but also in some Asian slaves purchased from Indian, Indonesian and Chinese slave traders. The French established colonies on the islands of Réunion and Mauritius in 1721; by 1735 some 7,200 slaves populated the Mascarene Islands, a number which reached 133,000 in 1807. The British captured the islands in 1810, however, and because the British had prohibited the slave trade in 1807 a system of clandestine slave trade developed to bring slaves to French planters on the islands; in all 336,000–388,000 slaves were exported to the Mascarane Islands from 1670 to 1848.
In all, Europeans traders exported 567,900–733,200 slaves within the Indian Ocean between 1500 and 1850 and almost as many from the Indian Ocean to the Americas during the same period. Slave trade in the Indian Ocean was, nevertheless, very limited compared to the c. 12,000,000 slaves exported across the Atlantic.


=== Atlantic slave trade ===

The Atlantic slave trade or transatlantic slave trade took place across the Atlantic Ocean from the 15th through to the 19th centuries. According to Patrick Manning, the Atlantic slave trade was significant in transforming Africans from a minority of the global population of slaves in 1600 into the overwhelming majority by 1800. By 1850 the number of African slaves within Africa exceeded those in the Americas.
The slave trade was transformed from a marginal aspect of the economies into the largest sector in a relatively short span. In addition, agricultural plantations increased significantly and became a key aspect in many societies. Economic urban centers that served as the root of main trade routes shifted towards the West coast. At the same time, many African communities relocated far away from slave trade routes, often protecting themselves from the Atlantic slave trade but hindering economic and technological development at the same time.

In many African societies traditional lineage slavery became more like chattel slavery due to an increased work demand. This resulted in a general decrease in quality of life, working conditions, and status of slaves in West African societies. Assimilative slavery was increasingly replaced with chattel slavery. Assimilitave slavery in Africa often allowed eventual freedom and also significant cultural, social, and/or economic influence. Slaves were often treated as part of their owner's family, rather than simply property.
The distribution of sex among enslaved peoples under traditional lineage slavery saw women as more desirable slaves due to demands for domestic labour and for reproductive reasons. Male slaves were used for more physical agricultural labour, but as more enslaved men were taken to the West Coast and across the Atlantic to the New World, female slaves were increasingly used for physical and agricultural labour and polygyny also increased. Chattel slavery in America was highly demanding because of the physical nature of plantation work and this was the most common destination for male slaves in the New World.

It has been argued that a decrease in able-bodied people as a result of the Atlantic slave trade limited many societies ability to cultivate land and develop. Many scholars argue that the transatlantic slave trade left Africa underdeveloped, demographically unbalanced, and vulnerable to future European colonization.
The first Europeans to arrive on the coast of Guinea were the Portuguese; the first European to actually buy enslaved Africans in the region of Guinea was Antão Gonçalves, a Portuguese explorer in 1441 AD. Originally interested in trading mainly for gold and spices, they set up colonies on the uninhabited islands of São Tomé. In the 16th century the Portuguese settlers found that these volcanic islands were ideal for growing sugar. Sugar growing is a labour-intensive undertaking and Portuguese settlers were difficult to attract due to the heat, lack of infrastructure, and hard life. To cultivate the sugar the Portuguese turned to large numbers of enslaved Africans. Elmina Castle on the Gold Coast, originally built by African labour for the Portuguese in 1482 to control the gold trade, became an important depot for slaves that were to be transported to the New World.

The Spanish were the first Europeans to use enslaved Africans in America on islands such as Cuba and Hispaniola, where the alarming death rate in the native population had spurred the first royal laws protecting the native population (Laws of Burgos, 1512–13). The first enslaved Africans arrived in Hispaniola in 1501 soon after the Papal Bull of 1493 gave almost all of the New World to Spain.
In Igboland, for example, the Aro oracle (the Igbo religious authority) began condemning more people to slavery due to small infractions that previously probably wouldn't have been punishable by slavery, thus increasing the number of enslaved men available for purchase.

The Atlantic slave trade peaked in the late 18th century, when the largest number of people were bought or captured from West Africa and taken to the Americas. The increase of demand for slaves due to the expansion of European colonial powers to the New World made the slave trade much more lucrative to the West African powers, leading to the establishment of a number of actual West African empires thriving on slave trade. These included the Bono State, Oyo empire (Yoruba), Kong Empire, Imamate of Futa Jallon, Imamate of Futa Toro, Kingdom of Koya, Kingdom of Khasso, Kingdom of Kaabu, Fante Confederacy, Ashanti Confederacy, and the kingdom of Dahomey.

These kingdoms relied on a militaristic culture of constant warfare to generate the great numbers of human captives required for trade with the Europeans. It is documented in the Slave Trade Debates of England in the early 19th century: ""All the old writers concur in stating not only that wars are entered into for the sole purpose of making slaves, but that they are fomented by Europeans, with a view to that object."" The gradual abolition of slavery in European colonial empires during the 19th century again led to the decline and collapse of these African empires. When European powers began to stop the Atlantic slave trade, this caused a further change in that large holders of slaves in Africa began to exploit enslaved people on plantations and other agricultural products.


=== Abolition ===


==== 18th and 19th centuries ====

The final major transformation of slave relationships came with the inconsistent emancipation efforts starting in the mid-19th century. As European authorities began to take over large parts of inland Africa starting in the 1870s, the colonial policies were often confusing on the issue. For example, even when slavery was deemed illegal, colonial authorities would return escaped slaves to their masters. Slavery persisted in some countries under colonial rule, and in some instances it was not until independence that slavery practices were significantly transformed. Anti-colonial struggles in Africa often brought slaves and former slaves together with masters and former masters to fight for independence; however, this cooperation was short-lived and following independence political parties would often form based upon the stratifications of slaves and masters.
In some parts of Africa, slavery and slavery-like practices continue to this day, particularly the illegal trafficking of women and children. The problem has proven to be difficult for governments and civil society to eliminate.
Efforts by Europeans against slavery and the slave trade began in the late 18th century and had a large impact on slavery in Africa. Portugal was the first country in the continent to abolish slavery in metropolitan Portugal and Portuguese India by a bill issued on 12 February 1761, but this did not affect their colonies in Brazil and Africa. France abolished slavery in 1794. However, slavery was again allowed by Napoleon in 1802 and not abolished for good until 1848. In 1803, Denmark-Norway became the first country from Europe to implement a ban on the slave trade. Slavery itself was not banned until 1848. Britain followed in 1807 with the passage of the Abolition of the Slave Trade Act by Parliament. This law allowed stiff fines, increasing with the number of slaves transported, for captains of slave ships. Britain followed this with the Slavery Abolition Act 1833 which freed all slaves in the British Empire. British pressure on other countries resulted in them agreeing to end the slave trade from Africa. For example, the 1820 U.S. Law on Slave Trade made slave trading piracy, punishable by death. In addition, the Ottoman Empire abolished slave trade from Africa in 1847 under British pressure.
By 1850, the year that the last major Atlantic slave trade participant (Brazil) passed the Eusébio de Queirós Law banning the slave trade, the slave trades had been significantly slowed and in general only illegal trade went on. Brazil continued the practice of slavery and was a major source for illegal trade until about 1870 and the abolition of slavery became permanent in 1888 when Princess Isabel of Brazil and Minister Rodrigo Silva (son-in-law of senator Eusebio de Queiroz) banned the practice. The British took an active approach to stopping the illegal Atlantic slave trade during this period. The West Africa Squadron was credited with capturing 1,600 slave ships between 1808 and 1860, and freeing 150,000 Africans who were aboard these ships. Action was also taken against African leaders who refused to agree to British treaties to outlaw the trade, for example against ""the usurping King of Lagos"", deposed in 1851. Anti-slavery treaties were signed with over 50 African rulers.

According to Patrick Manning, internal slavery was most important to Africa in the second half of the 19th century, stating ""if there is any time when one can speak of African societies being organized around a slave mode production, [1850–1900] was it"". The abolition of the Atlantic slave trade resulted in the economies of African states dependent on the trade being reorganized towards domestic plantation slavery and legitimate commerce worked by slave labour. Slavery before this period was generally domestic.
The continuing anti-slavery movement in Europe became an excuse and a casus belli for the European conquest and colonization of much of the African continent. It was the central theme of the Brussels Anti-Slavery Conference 1889-90. In the late 19th century, the Scramble for Africa saw the continent rapidly divided between imperialistic European powers, and an early but secondary focus of all colonial regimes was the suppression of slavery and the slave trade. Seymour Drescher argues that European interests in abolition were primarily motivated by economic and imperial goals. Despite slavery often being a justification behind conquest, colonial regimes often ignored slavery or allowed slavery practices to continue. This was because the colonial state depended on the cooperation of indigenous political and economic structures which were heavily involved in slavery. As a result, early colonial policies usually sought to end slave trading while regulating existing slave practices and weakening the power of slave masters. Furthermore, the early colonial states had weak effective control over their territories, which precluded efforts to widespread abolition. Abolition attempts became more concrete later during the colonial period.


==== 20th century up to World War II ====
There were many causes for the decline and abolition of slavery in Africa during the colonial period including colonial abolition policies, various economic changes, and slave resistance. The economic changes during the colonial period, including the rise of wage labour and cash crops, hastened the decline of slavery by offering new economic opportunities to slaves. The abolition of slave raiding and the end of wars between African states drastically reduced the supply of slaves. Slaves would take advantage of early colonial laws that nominally abolished slavery and would migrate away from their masters although these laws often were intended to regulate slavery more than actually abolish it. This migration led to more concrete abolition efforts by colonial governments.
Following conquest and abolition by the French, over a million slaves in French West Africa fled from their masters to earlier homes between 1906 and 1911. In Madagascar over 500,000 slaves were freed following French abolition in 1896. In response to this pressure, Ethiopia officially abolished slavery in 1932, the Sokoto Caliphate abolished slavery in 1900, and the rest of the Sahel in 1911. 
After the end of the Trans-Atlantic slave trade, other slave trade routes transporting enslaved people from Africa continued into the 20th century. The Indian Ocean slave trade, including the Zanzibar slave trade, was combatted by the British in a number of anti-slavery treaties pressued by the British upon the Sultanate of Zanzibar between 1822 and 1909, each one limiting the slave trade between the Swaihili coast of east Africa and the Arabian Peninsula. In an 1867 agreement with the British, Zanzibar was pressured to ban the export of slaves to Arabia, and to limit the slave trade within the borders of the Sultanate to only between Latitude 9 degrees South of Kilwa, and Latitude 4 degrees South of Lamu.
After 1867, the British campaign against the slave trade in the Indian Ocean was undermined by Omani slave dhows using French colours trafficking slaves to Arabia and the Persian Gulf from East Africa as far South as Mozambique, which the French tolerated until 1905, when the Hague International Tribunal mandated France to curtail French flags to Omani dhows; nevertheless, small scale smuggling of slaves from East Africa to Arabia continued until the 1960s. 
During the 20th century the issue of slavery was addressed by the League of Nations, which founded commissions to investigate and eradicate the institution of slavery and slave trade worldwide. The Temporary Slavery Commission (TSC) conducted a global investigation in 1924–1926 and filed a report, and a convention, 1926 Slavery Convention, was drawn up to hasten the total abolition of slavery and the slave trade. In 1932, the League formed the Committee of Experts on Slavery (CES) to review the result and enforcement of the 1926 Slavery Convention, which resulted in a new international investigation under the first permanent slavery committee, the Advisory Committee of Experts on Slavery (ACE). Both of these investigations noted that African slaves were transported from Africa to the Muslim Arab world, where chattel slavery were still legal. 
The Trans-Saharan slave trade was combatted by the colonial authorities, who nominally controlled the territories of the Sahara desert from the late 19th-century onward. Both the French, Spanish, Italian and British colonial authorities officially stated that they combatted the ancient slave trade transporting enslaved Africans across the Sahara to Arab North Africa and the Middle East. In reality however, the colonial authorities of the West had little actual control over the Sahara territories and were not able to actually combat the slave trade in practice, though it did gradually limit the trade.
The colonial authorities stated that the slave trade were still active in the 1930s, though it was actively combatted. The Italians reported to the Advisory Committee of Experts on Slavery in the 1930s that the Trans-Saharan slave trade had been erased in parallel with Italian conquest, during which 900 slaves had been freed in the Kufra slave market, and in the 1936 report to the Advisory Committee of Experts on Slavery, the French, British and Italian stated that they all surveyed the water sources along the caravan routes in the Sahara to combat the Trans-Saharan slave trade from Nigeria to North Africa. The 1937 report to the Advisory Committee of Experts on Slavery, both France and Spain assured that they actively fought the slave raids from the Trans-Saharan slave traders, and in 1938, the French claimed that they had secured control over the border areas alongside Morocco and Algeria and effectively prevented the trans-Saharan slave trade in that area.


==== After World War II ====
The ancient Red Sea slave trade, which transported enslaved Africans to the Arabian Peninsula across the Red Sea, continued until the 1960s. The annual pilgrimage to Mecca, the Hajj, was a big vehicle for enslavement. Muslim African Hajj pilgrims across the Sahara were duped or given low-cost travel expenses by tribal leaders; when they arrived at the East Coast, they were trafficked over the Red Sea in the dhows of the Red Sea slave trade or on small passenger planes, and discovered upon arrival in Saudi Arabia that they were to be sold on the slave market rather than to perform the Hajj. 
The English traveller Charles M. Doughty, who visited Central Arabia in the 1880s, noted that African slaves were brought up to Arabia every year during the hajj, and that ""there are bondsmen and bondwomen and free negro families in every tribe and town"".

Slavery in Islamic societies has been described as a benevolent institution, and King Abd al Aziz Ibn Saud remarked to the British legation officer Munshi Ihsanullah that West Africanslived like beasts, that they were much better off as slaves, and that if he had his way he would take all (West African) pilgrims as his slaves, raising them thus out of their depraved state and turning them into happy, prosperous and civilised beings.
The Red Sea slave trade was combatted by the British who tried to control the pilgrim travellers through Africa. They patrolled the Red Sea and controlled the traffic, but these controls were not effective, since the slave traders would inform the European Colonial authorities that the slaves were their wives, children, servants or fellow Hajj pilgrims. The victims themselves were convinced of the same, unaware that they were being shipped as slaves. 
Article 4 of the Universal Declaration of Human Rights, adopted in 1948 by the UN General Assembly, explicitly banned slavery. 
After World War II, chattel slavery was formally abolished by law in almost the entire world, with the exception of the Arabian Peninsula and some parts of Africa. Chattel slavery was still legal in Saudi Arabia, in Yemen, in the Trucial States and in Oman, and slaves were supplied to the Arabian Peninsula via the Red Sea slave trade. 
When the League of Nations was succeeded by the United Nations (UN) after World War II, Charles Wilton Wood Greenidge of the Anti-Slavery International worked for the UN to continue the investigation of global slavery conducted by the ACE of the League, and in February 1950 the Ad Hoc Committee on Slavery of the United Nations was inaugurated, which ultimately resulted in the introduction of the Supplementary Convention on the Abolition of Slavery.
Slavery in Saudi Arabia, Yemen, and the United Arab Emirates did not end until the 1960s and 1970s. In the 21st century, activists contend that many immigrants who travel to those countries for work are held in virtual slavery under the kafala system.
Colonial nations were mostly successful in their aim to abolish slavery, though slavery is still very active in Africa even though it has gradually moved to a wage economy. Independent nations attempting to westernize or impress Europe sometimes cultivated an image of slavery suppression, even as they, in the case of Egypt, hired European soldiers like Samuel White Baker's expedition up the Nile. Slavery has never been eradicated in Africa, and it commonly appears in African states, such as Chad, Ethiopia, Mali, Niger, and Sudan, in places where law and order have collapsed.
Although outlawed in all countries today, slavery is practised in secret in many parts of the world. There are an estimated 30 million victims of slavery worldwide. In Mauritania alone, up to 600,000 men, women and children, or 20% of the population, are enslaved, many of them used as bonded labour. Slavery in Mauritania was finally criminalized in August 2007. During the Second Sudanese Civil War people were taken into slavery; estimates of abductions range from 14,000 to 200,000. In Niger, where the practice of slavery was outlawed in 2003, a study found that almost 8% of the population are still slaves.


== Effects ==


=== Demographics ===

Slavery and the slave trades had a significant impact on the size of the population and the gender distribution throughout much of Africa. The precise impact of these demographic shifts has been an issue of significant debate. The Atlantic slave trade took 70,000 people per year, primarily from the west coast of Africa, at its peak in the mid-1700s. The trans-Saharan slave trade involved the capture of peoples from the continental interior, who were then shipped overseas through ports on the Red Sea and elsewhere. It peaked at 10,000 people bartered per year in the 1600s. According to Patrick Manning, there was a consistent population decrease in large parts of Sub-Saharan Africa as a result of these slave trades.
This population decline throughout West Africa from 1650 to 1850 was exacerbated by the preference of slave traders for male slaves. This preference only existed in the transatlantic slave trade. More female slaves than male were traded across the continent of Africa. In eastern Africa, the slave trade was multi-directional and changed over time. To meet the demand for menial labour, Zanj slaves captured from the southern interior were sold through ports on the northern seaboard in cumulatively large numbers over the centuries to customers in the Nile Valley, Horn of Africa, Arabian Peninsula, Persian Gulf, India, Far East and the Indian Ocean islands.


==== Extent ====

The extent of slavery within Africa and the trade in slaves to other regions is not known precisely. Although the Atlantic slave trade has been best studied, estimates range from 8 million people to 20 million. The Trans-Atlantic Slave Trade Database estimates that the Atlantic slave trade took around 12.8 million people between 1450 and 1900. The slave trade across the Sahara and Red Sea from the Sahara, the Horn of Africa, and East Africa, has been estimated at 6.2 million people between 600 and 1600. Although the rate decreased from East Africa in the 1700s, it increased in the 1800s and is estimated at 1.65 million for that century.
Patrick Manning estimates that about 12 million slaves entered the Atlantic trade between the 16th and 19th century, but about 1.5 million died on board ship. About 10.5 million slaves arrived in the Americas. Besides the slaves who died on the Middle Passage, more Africans likely died during the wars and slave raids within Africa and forced marches to ports. Manning estimates that 4 million died inside Africa after capture, and many more died young. Manning's estimate covers the 12 million who were originally destined for the Atlantic, as well as the 6 million destined for Asian slave markets and the 8 million destined for African markets.
According to David Stannard, 50% of deaths in Africa occurred as a result of wars between native kingdoms, which produced the majority of slaves. This includes those who died in battles and those who died as a result of forced marches to slave ports on the coast. The practice of enslaving enemy combatants and their villages was widespread throughout Western and West Central Africa, although wars were rarely started to procure slaves. The slave trade was largely a by-product of tribal and state warfare as a way of removing potential dissidents after victory or financing future wars.


==== Debate about demographic effect ====

The demographic effects of the slave trade are some of the most controversial and debated issues. Walter Rodney argued that the export of so many people had been a demographic disaster and had left Africa permanently disadvantaged when compared to other parts of the world, and that this largely explains that continent's continued poverty. He presents numbers that show that Africa's population stagnated during this period, while that of Europe and Asia grew dramatically. According to Rodney all other areas of the economy were disrupted by the slave trade as the top merchants abandoned traditional industries to pursue slaving and the lower levels of the population were disrupted by the slaving itself.
Others have challenged this view. J. D. Fage compared the number effect on the continent as a whole. David Eltis has compared the numbers to the rate of emigration from Europe during this period. In the 19th century alone over 50 million people left Europe for the Americas, a far higher rate than were ever taken from Africa.
Others in turn challenged that view. Joseph Inikori argues the history of the region shows that the effects were still quite deleterious. He argues that the African economic model of the period was very different from the European, and could not sustain such population losses. Population reductions in certain areas also led to widespread problems. Inikori also notes that after the suppression of the slave trade Africa's population almost immediately began to rapidly increase, even prior to the introduction of modern medicines.


=== Effect on the economy of Africa ===

There is a longstanding debate among analysts and scholars about the destructive impacts of the slave trades. It is often claimed that the slave trade undermined local economies and political stability as villages' vital labour forces were shipped overseas as slave raids and civil wars became commonplace. With the rise of a large commercial slave trade, driven by European needs, enslaving your enemy became less a consequence of war, and more and more a reason to go to war. The slave trade was claimed to have impeded the formation of larger ethnic groups, causing ethnic factionalism and weakening the formation for stable political structures in many places. It also is claimed to have reduced the mental health and social development of African people.
In contrast to these arguments, J. D. Fage asserts that slavery did not have a wholly disastrous effect on the societies of Africa. Slaves were an expensive commodity, and traders received a great deal in exchange for each enslaved person. At the peak of the slave trade hundreds of thousands of muskets, vast quantities of cloth, gunpowder, and metals were being shipped to Guinea. Most of this money was spent on European-made firearms (of very poor quality) and industrial-grade alcohol. African trade with Europe at the peak of the Atlantic slave trade—which also included significant exports of gold and ivory—was some 3.5 million pounds Sterling per year. By contrast, the total trade of the Kingdom of Great Britain, an economic superpower of the time, was about 14 million pounds per year over this same period of the late 18th century. As Patrick Manning has pointed out, the vast majority of items traded for slaves were common rather than luxury goods. Textiles, iron ore, currency, and salt were some of the most important commodities imported as a result of the slave trade, and these goods were spread within the entire society raising the general standard of living.
Although debated, it is argued that the Atlantic slave trade devastated the African economy. In 19th century Yoruba Land, economic activity was described to be at its lowest ever while life and property were being taken daily, and normal living was in jeopardy because of the fear of being kidnapped. (Onwumah, Imhonopi, Adetunde, 2019)
Slave trade in Africa has also caused disruption of political systems. To elaborate on the disruption of political systems caused by slavery in Africa, the capture and sale of millions of Africans to the Americas and elsewhere resulted in the loss of many skilled and talented individuals who played important roles in African societies.
Without these people, African societies were destabilized, and their political systems became weaker. This led to instability and civil conflicts, with some societies collapsing altogether. Additionally, the slave trade encouraged warfare and raiding, as people were captured and sold by rival ethnic groups.
The impact of the slave trade on African political systems was far-reaching and enduring. Today, many African countries continue to face political instability and weak governance, with some scholars pointing to the legacy of slavery as a contributing factor.
A study of the relationship between the number of slaves exported and current wealth found that the areas most affected by the slave trade are among the poorest today, indicating the slave trade's long-lasting detrimental effects especially on the affected regions.


=== Effects on Europe's economy ===
Karl Marx in his economic history of capitalism, Das Kapital, claimed that ""the turning of Africa into a warren for the commercial hunting of black-skins [that is, the slave trade], signalled the rosy dawn of the era of capitalist production."" He argued that the slave trade was part of what he termed the ""primitive accumulation"" of European capital, the non-capitalist accumulation of wealth that preceded and created the financial conditions for Western Europe's industrialization and the advent of the capitalist mode of production.
Eric Williams has written about the contribution of Africans on the basis of profits from the slave trade and slavery, arguing that the employment of those profits were used to help finance Britain's industrialization. He argues that the enslavement of Africans was an essential element to the Industrial Revolution, and that European wealth was, in part, a result of slavery, but that by the time of its abolition it had lost its profitability and it was in the economic interest of various European governments to ban it. Joseph Inikori has written that slavery in the British West Indies was more profitable than the critics of Williams believe.
Other researchers and historians have strongly contested what has come to be referred to as the ""Williams thesis"" in academia: David Richardson has concluded that the profits from the British slave trade and slavery amounted to less than 1% of domestic investment in Britain, and economic historian Stanley Engerman notes that even without subtracting the associated costs of the slave trade (e.g., shipping costs, slave mortality, mortality of Europeans in Africa, defence costs) or reinvestment of profits back into the slave trade, the total profits from the slave trade and of West Indian plantations amounted to less than 5% of the British economy during any year of the Industrial Revolution. Historian Richard Pares, in an article written before Williams' book, dismisses the influence of wealth generated from the West Indian plantations upon the financing of the Industrial Revolution, stating that whatever substantial flow of investment from West Indian profits into industry there was occurred after emancipation, not before.
Findlay and O'Rourke noted that the figures presented by O'Brien (1982) to back his claim that ""the periphery was peripheral"" suggest the opposite, with profits from the periphery 1784–1786 being £5.66 million when there was £10.30 million total gross investment in the British economy and similar proportions for 1824–1826. They note that dismissing the profits of the enslavement of human beings from significance because it was a ""small share of national income"", could be used to argue that there was no industrial revolution, since modern industry provided only a small share of national income and that it is a mistake to assume that small size is the same as small significance. Findlay and O'Rourke also note that the share of American export commodities produced by enslaved human beings rose from 54% between 1501 and 1550 to 82.5% between 1761 and 1780.
Seymour Drescher and Robert Anstey argue the slave trade remained profitable until abolition, because of innovations in agriculture, and that moralistic reform, not economic incentive, was primarily responsible for abolition.
A similar debate has taken place about other European nations. The French slave trade, it is argued, was more profitable than alternative domestic investments, and probably encouraged capital accumulation before the Industrial Revolution and Napoleonic Wars.


=== Legacy of racism ===
Maulana Karenga states the effects of the Atlantic slave trade in African captives: ""[T]he morally monstrous destruction of human possibility involved redefining African humanity to the world, poisoning past, present and future relations with others who only know us through this stereotyping and thus damaging the truly human relations among people of today"". He says that it constituted the destruction of culture, language, religion and human possibility.


== See also ==


== References ==


== Bibliography ==
Allen, R. B. (2017). ""Ending the history of silence: reconstructing European slave trading in the Indian Ocean"" (PDF). Tempo. 23 (2): 294–313. doi:10.1590/tem-1980-542x2017v230206. Retrieved 30 June 2019.


== Further reading ==


== External links ==

Twentieth Century Solutions of the Abolition of Slavery
The story of Africa: Slavery
""The impact of the slave trade on Africa,"" Le Monde diplomatique
""Ethiopia, Slavery and the League of Nations"" Abyssinia/Ethiopia slavery and slaves trade","The African slave trade had a significant negative impact on the economy of Africa, as it led to the loss of a large portion of the labor force, disrupted traditional economic activities, and caused instability, which hindered economic development and growth.",The main slave routes in medieval Africa.,0,0,supported,2.13441322088,-0.15313260672468834,-7.197232516060351,47,,0.933403730392456,0.29676208934,0.689052400897,0.33704641641499644,4,-0.881344347413,1.0,1.0,0.0,0.0,0.58544921875,0.00666046142578125,0.40771484375,-1.8043569304291551,0.14132152578007579,0.022222222222222223,0.3108108108108108,0.5,keep
Q178_120,wikiqa,how does a dredge work?,"Dredging is the excavation of material from a water environment. Possible reasons for dredging include improving existing water features; reshaping land and water features to alter drainage, navigability, and commercial use; constructing dams, dikes, and other controls for streams and shorelines; and recovering valuable mineral deposits or marine life having commercial value. In all but a few situations the excavation is undertaken by a specialist floating plant, known as a dredger.
Usually the main objectives of dredging is to recover material of value, or to create a greater depth of water. Dredging systems can either be shore-based, brought to a location based on barges, or built into purpose-built vessels.
Dredging can have environmental impacts: it can disturb marine sediments, creating dredge plumes which can lead to both short- and long-term water pollution, damage or destroy seabed ecosystems, and release legacy human-sourced toxins captured in the sediment. These environmental impacts can reduce marine wildlife populations, contaminate sources of drinking water, and interrupt economic activities such as fishing.


== Description ==

Dredging is excavation carried out underwater or partially underwater, in shallow waters or ocean waters. It keeps waterways and ports navigable, and assists coastal protection, land reclamation and coastal redevelopment, by gathering up bottom sediments and transporting it elsewhere. Dredging can be done to recover materials of commercial value; these may be high value minerals or sediments such as sand and gravel that are used by the construction industry.
Dredging is a four-part process: loosening the material, bringing the material to the surface (together extraction), transportation and disposal.
The extract can be disposed of locally or transported by barge or in a liquid suspension in pipelines. Disposal can be to infill sites, or the material can be used constructively to replenish eroded sand that has been lost to coastal erosion, or constructively create sea-walls, building land or whole new landforms such as viable islands in coral atolls.


== History ==
Ancient authors refer to harbour dredging. The seven arms of the Nile were channelled and wharfs built at the time of the pyramids (3rd millennium BC), there was extensive harbour building in the eastern Mediterranean from 1000 BC and the disturbed sediment layers gives evidence of dredging. At Marseille, dredging phases are recorded from the third century BC onwards, the most extensive during the first century AD. The remains of three dredging boats have been unearthed; they were abandoned at the bottom of the harbour during the first and second centuries AD.
The Banu Musa brothers during the Muslim Golden Age, while working at the Bayt-Al-Hikmah (house of wisdom) in Baghdad, designed an original invention in their book named Book of Ingenious Devices, a grab machine that does not appear in any earlier Greek works. The grab they described was used to extract objects from underwater, and recover objects from the beds of streams.
During the renaissance Leonardo da Vinci drew a design for a drag dredger.
Dredging machines have been used during the construction of the Suez Canal from the late 1800s to present day expansions and maintenance. The completion of the Panama Canal in 1914, the most expensive U.S. engineering project at the time, relied extensively on dredging.


== Purposes ==
Capital dredging: dredging carried out to create a new harbour, berth or waterway, or to deepen existing facilities in order to allow larger ships access. Because capital works usually involve hard material or high-volume works, the work is usually done using a cutter suction dredge or large trailing suction hopper dredge; but for rock works, drilling and blasting along with mechanical excavation may be used.
Land reclamation: dredging to mine sand, clay or rock from the seabed and using it to construct new land elsewhere. This is typically performed by a cutter-suction dredge or trailing suction hopper dredge. The material may also be used for flood or erosion control.
Maintenance: dredging to deepen or maintain navigable waterways or channels which are threatened to become silted with the passage of time, due to sedimented sand and mud, possibly making them too shallow for navigation. This is often carried out with a trailing suction hopper dredge. Most dredging is for this purpose, and it may also be done to maintain the holding capacity of reservoirs or lakes.
Harvesting materials: dredging sediment for elements like gold, diamonds or other valuable trace substances. Hobbyists examine their dredged matter to pick out items of potential value, similar to the hobby of metal detecting.
Fishing dredging is a technique for catching certain species of edible clams and crabs. In Louisiana and other American states, with salt water estuaries that can sustain bottom oyster beds, oysters are raised and harvested. A heavy rectangular metal scoop is towed astern of a moving boat with a chain bridle attached to a cable. This drags along the bottom scooping up oysters. It is periodically winched aboard and the catch is sorted and bagged for shipment.
Preparatory: dredging work and excavation for future bridges, piers or docks or wharves, This is often to build the foundations.
Winning construction materials: dredging sand and gravels from offshore licensed areas for use in construction industry, principally for use in concrete. This very specialist industry is focused in NW Europe, it uses specialized trailing suction hopper dredgers self discharging the dry cargo ashore. Land based old river beddings can be processed in this manner too.
Contaminant remediation: to reclaim areas affected by chemical spills, storm water surges (with urban runoff), and other soil contaminations, including silt from sewage sludge and from decayed matter, like wilted plants. Disposal becomes a proportionally large factor in these operations.
Flood prevention: dredging increases the channel depth and therefore increase a channel's capacity for carrying water.


=== Other ===
Beach nourishment: this is mining sand offshore and placing on a beach to replace sand eroded by storms or wave action. This enhances the recreational and protective function of the beach, which are also eroded by human activity. This is typically performed by a cutter-suction dredge or trailing suction hopper dredge.
Peat extraction: dredging poles or dredge hauls were used on the back of small boats to manually dredge the beds of peat-moor waterways. The extracted peat was used as a fuel. This tradition is now more or less obsolete. The tools are now significantly changed.
Removing rubbish and debris: often done in combination with maintenance dredging, this process removes non-natural matter from the bottoms of rivers and canals and harbours. Law enforcement agencies sometimes need to use a 'drag' to recover evidence or corpses from beneath the water.
Anti-eutrophication: A kind of contaminant remediation, dredging is an expensive option for the remediation of eutrophied (or de-oxygenated) water bodies; one of the causes is like mentioned above, sewage sludge. However, as artificially elevated phosphorus levels in the sediment aggravate the eutrophication process, controlled sediment removal is occasionally the only option for the reclamation of still waters.
Seabed mining: is a possible future use, recovering natural metal ore nodules from the sea's deepest troughs.


== Types ==


=== Suction dredgers ===

These operate by sucking through a long tube like some vacuum cleaners but on a larger scale.
A plain suction dredger has no tool at the end of the suction pipe to disturb the material.


==== Trailing suction ====
A trailing suction hopper dredger (TSHD) trails its suction pipe when working. The pipe, which is fitted with a dredge drag head, loads the dredge spoil into one or more hoppers in the vessel.
When the hoppers are full, the TSHD sails to a disposal area and either dumps the material through doors in the hull or pumps the material out of the hoppers. Some dredges also self-offload using drag buckets and conveyors.
As of 2008 the largest trailing suction hopper dredgers in the world were Jan De Nul's Cristobal Colon (launched 4 July 2008) and her sister ship Leiv Eriksson (launched 4 September 2009). Main design specifications for the Cristobal Colon and the  Leiv Eriksson are: 46,000 cubic metre hopper and a design dredging depth of 155 m. Next largest is HAM 318 (Van Oord) with its 37,293 cubic metre hopper and a maximum dredging depth of 101 m.


==== Cutter-suction ====
A cutter-suction dredger's (CSD) suction tube has a cutting mechanism at the suction inlet. The cutting mechanism loosens the bed material and transports it to the suction mouth. The dredged material is usually sucked up by a wear-resistant centrifugal pump and discharged either through a pipe line or to a barge. Cutter-suction dredgers are most often used in geological areas consisting of hard surface materials (for example gravel deposits or surface bedrock) where a standard suction dredger would be ineffective. They can, if sufficiently powerful, be used instead of underwater blasting.
As of 2024, the most powerful cutter-suction dredger in the world is DEME's Spartacus, which entered service in 2021.


==== Auger suction ====
The auger dredge system functions like a cutter suction dredger, but the cutting tool is a rotating Archimedean screw set at right angles to the suction pipe. Mud Cat invented the auger dredge in the 1970s.


==== Jet-lift ====
These use the Venturi effect of a concentrated high-speed stream of water to pull the nearby water, together with bed material, into a pipe.


==== Air-lift ====

An airlift is a type of small suction dredge. It is sometimes used like other dredges. At other times, an airlift is handheld underwater by a diver. It works by blowing air into the pipe, and that air, being lighter than water, rises inside the pipe, dragging water with it.


=== Mechanical dredgers ===

Some bucket dredgers and grab dredgers are powerful enough to rip out coral to make a shipping channel through coral reefs.


==== Bucket dredgers ====
A bucket dredger is equipped with a bucket dredge, which is a device that picks up sediment by mechanical means, often with many circulating buckets attached to a wheel or chain.


==== Grab dredgers ====

A grab dredger picks up seabed material with a clam shell bucket, which hangs from an onboard crane or a crane barge, or is carried by a hydraulic arm, or is mounted like on a dragline. This technique is often used in excavation of bay mud. Most of these dredges are crane barges with spuds, steel piles that can be lowered and raised to position the dredge.


==== Backhoe/dipper dredgers ====
A backhoe/dipper dredger has a backhoe like on some excavators. A crude but usable backhoe dredger can be made by mounting a land-type backhoe excavator on a pontoon. The six largest backhoe dredgers in the world are currently the Vitruvius, the Mimar Sinan, Postnik Yakovlev (Jan De Nul), the Samson (DEME), the Simson and the Goliath (Van Oord). They featured barge-mounted excavators. Small backhoe dredgers can be track-mounted and work from the bank of ditches. A backhoe dredger is equipped with a half-open shell. The shell is filled moving towards the machine. Usually dredged material is loaded in barges. This machine is mainly used in harbours and other shallow water.
Excavator dredge attachments
The excavator dredge attachment uses the characteristics of cutter-suction dredgers, consisting of cutter heads and a suction pump for transferring material. These hydraulic attachments mount onto the boom arm of an excavator allowing an operator to maneuver the attachment along the shoreline and in shallow water for dredging.


==== Bed leveler ====
 This is a bar or blade which is pulled over the seabed behind any suitable ship or boat. It has an effect similar to that of a bulldozer on land. The chain-operated steam dredger Bertha, built in 1844 to a design by Brunel and as of 2009 was the oldest operational steam vessel in Britain, was of this type.


==== Krabbelaar ====
This is an early type of dredger which was formerly used in shallow water in the Netherlands. It was a flat-bottomed boat with spikes sticking out of its bottom. As tide current pulled the boat, the spikes scraped seabed material loose, and the tide current washed the material away, hopefully to deeper water. Krabbelaar is the Dutch word for ""scratcher"".


==== Water injection ====
A water injection dredger (WID) uses a small jet to inject water under low pressure (to prevent the sediment from exploding into the surrounding waters) into the seabed to bring the sediment in suspension, which then becomes a turbidity current, which flows away down slope, is moved by a second burst of water from the WID or is carried away in natural currents. Water injection results in a lot of sediment in the water which makes measurement with most hydrographic equipment (for instance: singlebeam echosounders) difficult.


==== Pneumatic ====
These dredgers use a chamber with inlets, out of which the water is pumped with the inlets closed. It is usually suspended from a crane on land or from a small pontoon or barge. Its effectiveness depends on depth pressure.


==== Snagboat ====

A snagboat is designed to remove big debris such as dead trees and parts of trees from North America waterways.


==== Amphibious ====
Some of these are any of the above types of dredger, which can operate normally, or by extending legs, also known as spuds, so it stands on the seabed with its hull out of the water. Some forms can go on land.
Some of these are land-type backhoe excavators whose wheels are on long hinged legs so it can drive into shallow water and keep its cab out of water. Some of these may not have a floatable hull and, if so, cannot work in deep water. Oliver Evans (1755–1819) in 1804 invented the Oruktor Amphibolos, an amphibious dredger which was America's first steam-powered road vehicle.


==== Submersible ====
These are usually used to recover useful materials from the seabed. Many of them travel on continuous track. A unique variant is intended to walk on legs on the seabed.


==== Fishing ====

Fishing dredges are used to collect various species of clams, scallops, oysters or mussels from the seabed. Some dredges are also designed to catch crabs, sea urchins, sea cucumbers, and conch. These dredges have the form of a scoop made of chain mesh, and are towed by a fishing boat. Clam-specific dredges can utilize hydraulic injection to target deeper into the sand. Dredging can be destructive to the seabed and some scallop dredging has been replaced by collecting via scuba diving.


=== Notable individual dredgers ===

As of June 2018, the largest dredger in Asia is MV Tian Kun Hao, a 140-metre (460 ft) long dredger constructed in China, with a capacity of 6,000 cubic metres per hour (59,000 cu ft/ks).  An even larger dredger, retired in 1980, was the U.S. Army Corps of Engineers Essayons, which was 525.17 feet (160.07 m) long. The Mallard II, a clamshell dredger that maintains levees in San Francisco Bay, has operated continuously since being built in 1936.


=== Dredge monitoring software ===
Dredgers are often equipped with dredge monitoring software to help the dredge operator position the dredger and monitor the current dredge level. The monitoring software often uses Real Time Kinematic satellite navigation to accurately record where the machine has been operating and to what depth the machine has dredged to.


== Transportation and disposal of materials ==

In a ""hopper dredger"", the dredged materials end up in a large onboard hold called a ""hopper."" A suction hopper dredger is usually used for maintenance dredging. A hopper dredge usually has doors in its bottom to empty the dredged materials, but some dredges empty their hoppers by splitting the two-halves of their hulls on large hydraulic hinges. Either way, as the vessel dredges, excess water in the dredged materials is spilled off as the heavier solids settle to the bottom of the hopper. This excess water is returned to the sea to reduce weight and increase the amount of solid material (or slurry) that can be carried in one load. When the hopper is filled with slurry, the dredger stops dredging and goes to a dump site and empties its hopper.
Some hopper dredges are designed so they can also be emptied from above using pumps if dump sites are unavailable or if the dredge material is contaminated. Sometimes the slurry of dredgings and water is pumped straight into pipes which deposit it on nearby land. These pipes are also commonly known as dredge hoses, too. There are a few different types of dredge hoses that differ in terms of working pressure, float-ability, armored or not etc. Suction hoses, discharge armored hoses and self-floating hoses are some of the popular types engineered for transporting and discharging dredge materials. Some even had the pipes or hoses customised to exact dredging needs etc. Other times, it is pumped into barges (also called scows), which deposit it elsewhere while the dredge continues its work.
A number of vessels, notably in the UK and NW Europe de-water the hopper to dry the cargo to enable it to be discharged onto a quayside 'dry'. This is achieved principally using self discharge bucket wheel, drag scraper or excavator via conveyor systems.
When contaminated (toxic) sediments are to be removed, or large volume inland disposal sites are unavailable, dredge slurries are reduced to dry solids via a process known as dewatering, to minimize the dredge plume. Current dewatering techniques employ either centrifuges, geotube containers, large textile based filters or polymer flocculant/congealant based apparatus.
In many projects, slurry dewatering is performed in large inland settling pits, although this is becoming less and less common as mechanical dewatering techniques continue to improve.
Similarly, many groups (most notable in east Asia) are performing research towards utilizing dewatered sediments for the production of concretes and construction block, although the high organic content (in many cases) of this material is a hindrance toward such ends.
The proper management of contaminated sediments is a modern-day issue of significant concern. Because of a variety of maintenance activities, thousands of tonnes of contaminated sediment are dredged worldwide from commercial ports and other aquatic areas at high level of industrialization. Dredged material can be reused after appropriate decontamination. A variety of processes has been proposed and tested at different scales of application (technologies for environmental remediation). Once decontaminated, the material could well suit the building industry, or could be used for beach nourishment.


== Environmental impacts ==

Dredging can disturb aquatic ecosystems, often with adverse impacts. In addition, dredge spoils may contain toxic chemicals that may have an adverse effect on the disposal area; furthermore, the process of dredging often dislodges chemicals residing in benthic substrates and injects them into the water column, where they become toxic dredge plumes.
Dredging can have numerous significant impacts on the environment, including the following:

Release of toxic chemicals (including heavy metals and PCB) from bottom sediments into the water column.
Short term increases in turbidity, which can affect aquatic species metabolism and interfere with spawning. Suction dredging activity is allowed only during non-spawning time frames set by fish and game (in-water work periods).
Secondary impacts to marsh productivity from sedimentation and general changes in wetland chemistry after dredging.
Tertiary impacts to avifauna which may prey upon contaminated aquatic organisms.
Secondary impacts to aquatic and benthic organisms' metabolism and mortality.
Possible contamination of dredge spoils sites.
Changes to the topography by creating ""spoil islands"" from the accumulated spoil.
Releases toxic compound Tributyltin, a biocide often used in anti-fouling paint banned in 2008, into the water.
The nature of dredging operations and possible environmental impacts requires that the activity often be closely regulated and requires comprehensive regional environmental impact assessments alongside continuous monitoring. For example, in the U.S., the Clean Water Act requires that any discharge of dredged or fill materials into ""waters of the United States,"" including wetlands, is forbidden unless authorized by a permit issued by the Army Corps of Engineers. 
Due to potential environmental impacts, dredging is often restricted to licensed areas, with vessel activity monitored closely using automatic GPS systems.
Town of Oyster Bay v. Commander Oil Corporation, Court of Appeals of New York (2001) , showed a case in which the dredger had received a permit from the Army Corps of Engineers preventing the nearby city (Town of Oyster Bay) to stop the dredging.


== Major dredging companies ==
According to a Rabobank outlook report in 2013, the largest dredging companies in the world are in order of size, based on dredging sales in 2012 

China Harbour Engineering (China)
Jan De Nul (Belgium)
DEME (Belgium)
Royal Boskalis (Netherlands)
Van Oord Dredging and Marine Contractors (Netherlands)
National Marine Dredging Company (United Arab Emirates)
Great Lakes Dredge & Dock Company (United States)
Notable dredging companies in North America

Manson Construction Co. (United States)
Notable dredging companies in South Asia

Dredging Corporation of India
Adani Ports & SEZ (India)
Maldives Transport and Contracting Company (Maldives)


== Images ==


== See also ==

Chemistry of wetland dredging
Dredge ball joint, connection between 2 pipes that are used to transport mixture of water and sand from a dredger to the discharging area
Dredge drag head
Dumping of dredged sediment in Long Island Sound
Navigability
Peace in Africa (ship), a diamond-mining dredger
Queen of the Netherlands (ship), a big dredger
River engineering for inland dredging and other river management systems
W. T. Preston, a snagboat
Foreign Dredge Act of 1906, a US law banning foreign-built and foreign-owned dredges from operating in US waters
Gold dredge


== References ==


== External links ==

Directory of Dredgers (a close to exhaustive private collection of dredger photographs)
Dredging and Spoil Disposal Policy (from the Australian Government)
The Art of Dredging (Knowledge sharing)
International Association of Dredging Companies Archived 5 July 2018 at the Wayback Machine Knowledge centre
World of Boats (EISCA) Collection ~ Isambard Kingdom Brunel's Bertha","A dredge works by loosening material from the seabed, bringing it to the surface, transporting it, and then disposing of it, using methods like suction, mechanical buckets, or grabs.",A grab dredge,0,0,supported,1.80075563226,-0.135952200645972,-5.302135825192908,39,,0.9764024019241333,-0.114187650003,2.20533729601,0.9237292456792165,3,0.492569396498,1.0,1.0,0.0,0.0,0.97607421875,0.0117950439453125,0.01216888427734375,-2.2075474045475842,0.09907477414567716,0.022222222222222223,0.3108108108108108,0.5,keep
Q223_145,wikiqa,What did native americans  do all day,"Native Americans (also called Indians, American Indians, First Americans, and Indigenous Americans) are the Indigenous peoples of the United States, particularly of the lower 48 states and Alaska. They may also include any Americans whose origins lie in any of the Indigenous peoples of North or South America. The United States Census Bureau publishes data about ""American Indians and Alaska Natives"", whom it defines as anyone ""having origins in any of the original peoples of North and South America ... and who maintains tribal affiliation or community attachment"". The census does not, however, enumerate ""Native Americans"" as such, noting that the latter term can encompass a broader set of groups, e.g. Native Hawaiians, which it tabulates separately.
The European colonization of the Americas from 1492 resulted in a precipitous decline in the size of the Native American population because of newly introduced diseases, including weaponized diseases and biological warfare by colonizers, wars, ethnic cleansing, and enslavement. Numerous scholars have classified elements of the colonization process as comprising genocide against Native Americans. As part of a policy of settler colonialism, European settlers continued to wage war and perpetrated massacres against Native American peoples, removed them from their ancestral lands, and subjected them to one-sided government treaties and discriminatory government policies. Into the 20th century, these policies focused on forced assimilation.
When the United States was established, Native American tribes were considered semi-independent nations, because they generally lived in communities which were separate from communities of white settlers. The federal government signed treaties at a government-to-government level until the Indian Appropriations Act of 1871 ended recognition of independent Native nations, and started treating them as ""domestic dependent nations"" subject to applicable federal laws. This law did preserve rights and privileges, including a large degree of tribal sovereignty. For this reason, many Native American reservations are still independent of state law and the actions of tribal citizens on these reservations are subject only to tribal courts and federal law. The Indian Citizenship Act of 1924 granted US citizenship to all Native Americans born in the US who had not yet obtained it. This emptied the ""Indians not taxed"" category established by the United States Constitution, allowed Natives to vote in elections, and extended the Fourteenth Amendment protections granted to people ""subject to the jurisdiction"" of the United States. However, some states continued to deny Native Americans voting rights for decades. Titles II through VII of the Civil Rights Act of 1968 comprise the Indian Civil Rights Act, which applies to Native American tribes and makes many but not all of the guarantees of the U.S. Bill of Rights applicable within the tribes.
Since the 1960s, Native American self-determination movements have resulted in positive changes to the lives of many Native Americans, though there are still many contemporary issues faced by them. Today, there are over five million Native Americans in the US, about 80% of whom live outside reservations. As of 2020, the states with the highest percentage of Native Americans are Alaska, Oklahoma, Arizona, California, New Mexico, and Texas.


== History ==

The history of Native Americans in the United States began tens of thousands of years ago with the settlement of the Americas by the Paleo-Indians. The Eurasian migration to the Americas occurred over millennia via Beringia, a land bridge between Siberia and Alaska, as early humans spread southward and eastward. Archaeological evidence suggests these migrations began 25,000 years ago and continued until around 12,000 years ago. Some may have arrived even earlier, fishing in kayaks along what is known as the ""Kelp Highway"". Major Paleo-Indian cultures included the Clovis and Folsom traditions, identified through unique spear points and large-game hunting methods.
Around 8000 BCE, as the climate stabilized, new cultural periods like the Archaic stage arose, during which hunter-gatherer communities developed complex societies. The Mound Builders created large earthworks, such as at Watson Brake and Poverty Point, which date to 3500 BCE and 2200 BCE. By 1000 BCE, Native societies in the Woodland period developed advanced social structures and trade networks, with the Hopewell tradition connecting the Eastern Woodlands to the Great Lakes and the Gulf of Mexico. This period led to the Mississippian culture, with large urban centers like Cahokia—a city with complex mounds and a population exceeding 20,000 by 1250 CE.
Ethnographers classify the Indigenous peoples of North America into ten cultural areas inhabited by groups who share certain cultural traits: the Arctic, Subarctic, Northeastern Woodlands, Southeastern Woodlands, Great Plains, Great Basin, Northwest Plateau, Northwest Coast, California, and Southwest (Oasisamerica). At the time of the first contact, Indigenous cultures varied widely, with some Northeastern and Southwestern groups being matrilineal and organized on collective bases unfamiliar to Europeans. Land was typically held communally, in contrast to European property rights traditions. These differences, compounded by shifting alliances and warfare, generated political tension, ethnic violence, and disruption.
Beginning near the end of the 15th century, migration of Europeans to the Americas led to centuries of population, cultural, and agricultural transfer between Old and New World societies, known as the Columbian exchange. Because most Native groups preserved their histories by means of oral traditions and artwork, the first written accounts of contact were provided by Europeans.
Native Americans suffered high fatality rates from contact with European diseases that were new to them, and to which they had no immunity. Smallpox was especially devastating. Populations in some regions fell by 90 percent or more in the first century after contact. Pre-Columbian population estimates for the area of the modern U.S. range from 2 to over 18 million. By the end of the 18th century, numbers had collapsed to around 600,000 due to disease, warfare, and genocide.
After the thirteen British colonies revolted and established the United States, George Washington and Henry Knox advocated a ""civilizing"" policy to assimilate Native Americans as U.S. citizens. Assimilation, whether voluntary—as with the Choctaw—or forced, remained a central policy. During the 19th century, the ideology of manifest destiny drove westward expansion, increasing pressure on Native lands. The Indian Removal Act of 1830 authorized mass relocations west of the Mississippi River, resulting in ethnic cleansing and forced marches such as the Trail of Tears.

A justification for conquest and subjugation stemmed from dehumanizing stereotypes like those in the United States Declaration of Independence, which described Native Americans as ""merciless Indian savages"". Two sculptures reflecting this view of the Natives were commissioned by the U.S. government and stood outside the U.S. Capitol for over a century: The Rescue (1837) whose sculptor Horatio Greenough wrote that it was ""to convey the idea of the triumph of the whites over the savage tribes"", and The Discovery of America (1844) which depicted a triumphant Columbus and a ""female savage"" according to the Pennsylvania senator James Buchanan who proposed the sculpture.
Native resistance persisted in the American Indian Wars, including the Dakota War of 1862, Great Sioux War of 1876, Snake War, Colorado War, and Texas–Indian Wars. One of the last major events was the Wounded Knee Massacre in 1890, where up to 300 Lakota were killed during a Ghost Dance gathering.
In the 20th century, Native Americans served in significant numbers during World War II, marking a turning point in visibility and involvement. Post-war, activism grew with the American Indian Movement and others pressing for rights. The Indian Self-Determination and Education Assistance Act of 1975 recognized tribal autonomy, leading to Native-run schools and economic initiatives. By the 21st century, Native Americans had achieved greater control over tribal lands and resources, though many communities continue to face the legacies of displacement and economic inequality. Over 70% of Native Americans now live in cities, navigating cultural preservation and ongoing discrimination.
Contemporary Native Americans maintain a unique relationship with the United States, with sovereignty and treaty rights forming the basis of federal Indian law and the trust relationship. Since the late 1960s, cultural activism has expanded Indigenous presence in politics, media, education, and literature. Independent newspapers, television (e.g. First Nations Experience), Native American studies programs, tribal schools, and language revitalization efforts have strengthened cultural identity.
The terms used to refer to Native Americans have been controversial. Usage varies by region and generation, with many older Native Americans preferring ""Indian"" or ""American Indian"", while younger generations often choose ""Indigenous"" or ""Aboriginal"". The term ""Native American"" has not traditionally included Native Hawaiians or some Alaska Natives such as Aleut, Yup'ik, or Inuit, while in Canada, First Nations, Inuit, and Métis are the common designations.


== Demographics ==

The 2020 census reports the U.S. population at 331.4 million; of this, 3.7 million people, or 1.1 percent, reported American Indian or Alaska Native ancestry alone. In addition, 5.9 million people (1.8 percent), reported American Indian or Alaska Native in combination with one or more other races.
The definition of American Indian or Alaska Native used in the 2010 census was as follows:

According to Office of Management and Budget, ""American Indian or Alaska Native"" refers to a person having origins in any of the original peoples of North and South America (including Central America) and who maintains tribal affiliation or community attachment.
Despite generally referring to groups indigenous to the continental US, this demographic as defined by the US Census Bureau includes all Indigenous people of the Americas, including Mesoamerican peoples such as the Maya, as well as Canadian and South American natives. In 2022, 634,503 Indigenous people in the United States identified with Central American Indigenous groups, 875,183 identified with the Indigenous people of Mexico, and 47,518 identified with Canadian First Nations. Of the 3.2 million Americans who identified as American Indian or Alaska Native alone in 2022, around 45% are of Hispanic or Latino ethnicity, with this number growing as increasing numbers of Indigenous people from Latin American countries immigrate to the US and more Latinos self-identify with Indigenous heritage. Of groups Indigenous to the United States, the largest self-reported tribes are Cherokee (1,449,888), Navajo (434,910), Choctaw (295,373), Blackfeet (288,255), Sioux (220,739), and Apache (191,823). 205,954 respondents specified an Alaska Native identity.
Native Hawaiians are counted separately from Native Americans by the census, being classified as Pacific Islanders. According to 2022 estimates, 714,847 Americans reported Native Hawaiian ancestry.
The 2010 census permitted respondents to self-identify as being of one or more races. Self-identification dates from the census of 1960; prior to that the race of the respondent was determined by the opinion of the census taker. The option to select more than one race was introduced in 2000. If American Indian or Alaska Native was selected, the form requested the individual provide the name of the ""enrolled or principal tribe"".


=== Population since 1880 ===
Censuses counted around 346,000 Native Americans in 1880 (including 33,000 in Alaska and 82,000 in Oklahoma, back then known as Indian Territory), around 274,000 in 1890 (including 25,500 in Alaska and 64,500 in Oklahoma), 362,500 in 1930 and 366,500 in 1940, including those on and off reservations in the 48 states and Alaska. Native American population rebounded sharply from 1950, when they numbered 377,273; it reached 551,669 in 1960, 827,268 in 1970, with an annual growth rate of 5%, four times the national average. Total spending on Native Americans averaged $38 million a year in the late 1920s, dropping to a low of $23 million in 1933, and returning to $38 million in 1940. The Office of Indian Affairs counted more American Indians than the Census Bureau until 1930:

American Indians and Alaska Natives as percentage of the total population between 1880 and 2020:

Absolute numbers of American Indians and Alaska Natives between 1880 and 2020 (since 1890 according to the Census Bureau):


=== Population distribution ===

78% of Native Americans live outside a reservation. Mono-racial individuals are more likely to live on a reservation than multiracial individuals. The Navajo, with 286,000 mono-racial individuals, is the largest tribe if only non-multiracial individuals are counted; the Navajo are the tribe with the highest proportion of mono-racial individuals, 86.3%. The Cherokee have a different history; it is the largest tribe, with 819,000 individuals multiracial, and it has 284,000 mono-racial individuals.


==== Urban migration ====

As of 2012, 70% of Native Americans live in urban areas, up from 45% in 1970 and 8% in 1940. Urban areas with significant Native American populations include Minneapolis, Denver, Phoenix, Tucson, Chicago, Oklahoma City, Houston, New York City, and Los Angeles. Many live in poverty. Racism, unemployment, drugs and gangs are common problems which Indian social service organizations such as the Little Earth housing complex in Minneapolis attempt to address.


=== Population by tribal grouping ===

Below are numbers for U.S. citizens self-identifying to selected tribal groupings, according to the 2010 U.S. census.


== Tribal sovereignty ==

There are 574 federally recognized tribal governments and 326 Indian reservations in the US. These tribes possess the right to form their own governments, enforce laws (civil and criminal) within their lands, tax, establish requirements for membership, license and regulate activities, zone, and exclude persons from tribal territories. Limitations on self-government include the same applicable to states; for example, neither have the power to make war, engage in foreign relations, or mint currency. Some tribes are recognized by individual states, but not by the federal government. The rights and benefits associated with state recognition vary from state to state.
Many Native Americans and advocates their rights note the federal government's claim to recognize the ""sovereignty"" of Native American peoples falls short, given the US wishes to govern Native American peoples and treat them as subject to US law. Such advocates contend that full respect for Native American sovereignty would require the US government to deal with Native American peoples in the same manner as other sovereign nations, handling matters related to Native Americans through the Secretary of State, rather than the Bureau of Indian Affairs. The Bureau of Indian Affairs states that its ""responsibility is the administration and management of 55,700,000 acres (225,000 km2) of land held in trust by the United States for American Indians, Indian tribes, and Alaska Natives"". Many Native Americans and advocates of their rights believe it is condescending for such lands to be considered ""held in trust"" and regulated in any fashion by any entity other than the tribes.
Some tribes have been unable to document the continuity required for federal recognition, and its benefits. Tribes must prove continuous existence since 1900. The federal government has maintained this requirement, in part because through participation on councils and committees, federally-recognized tribes have been adamant about groups' satisfying the same requirements as they did. The Muwekma Ohlone of the San Francisco Bay Area are pursuing litigation in the federal court system to establish recognition. Many smaller eastern tribes, long considered remnants of extinct peoples, have been trying to gain recognition of their tribal status. Several tribes in Virginia and North Carolina have gained state recognition. Federal recognition confers benefits, including the right to label arts and crafts as Native American and permission to apply for grants specifically reserved for Native Americans. But gaining recognition as a tribe is difficult; to be established as a tribal group, members have to submit extensive genealogical proof of tribal descent and continuity of the tribe as a culture.

In 2000, the Washington State Republican Party adopted a resolution recommending federal and legislative branches of the U.S. government terminate tribal governments. In 2007, a group of Democratic Party congressmen and congresswomen introduced a bill in the U.S. House of Representatives to terminate federal recognition of the Cherokee Nation. This was related to their voting to exclude Cherokee Freedmen as members of the tribe unless they had a Cherokee ancestor on the Dawes Rolls, although all Cherokee Freedmen and their descendants had been members since 1866.
The State of Maine is the only State House Legislature that allows Representatives from Indian Tribes. The three nonvoting members represent the Penobscot Nation, Houlton Band of Maliseet Indians, and Passamaquoddy Tribe. These representatives can sponsor any legislation regarding American Indian affairs or co-sponsor pending legislation. Maine is unique regarding Indigenous leadership representation.
In the state of Virginia, Native Americans face a unique problem. Until 2017 Virginia had no federally recognized tribes but the state had recognized eight. This is related historically to the greater impact of disease and warfare on the Virginia Indian populations, as well as intermarriage with Europeans and Africans. Some confused ancestry with culture, but groups of Virginia Indians maintained their cultural continuity. Most of their early reservations were ended under the pressure of early European settlement. Historians note the problems of Virginia Indians in establishing continuity of identity, were due to Walter Ashby Plecker (1912–46). As registrar of the state's Bureau of Vital Statistics, he applied his interpretation of the one-drop rule, enacted in 1924, as the state's Racial Integrity Act. It recognized only two races: ""white"" and ""colored"". Plecker, a segregationist, believed the state's Native Americans had been ""mongrelized"" by intermarriage with African Americans; to him, ancestry determined identity, rather than culture. He thought some of partial black ancestry were trying to ""pass"" as Native Americans. Plecker thought anyone with African heritage had to be classified as colored. Plecker pressured local governments into reclassifying all Native Americans as ""colored"" and gave them lists of surnames to examine for reclassification based on his interpretations. This led to the state's destruction of accurate records related to families and communities who identified as Native American. By his actions, sometimes members of the same family were split by being classified as ""white"" or ""colored"". He did not allow people to enter their primary identification as Native American in state records. In 2009, the Senate Indian Affairs Committee endorsed a bill that would grant federal recognition to tribes in Virginia.
As of 2000, the largest groups in the US by population were Navajo, Cherokee, Choctaw, Sioux, Ojibwe, Apache, Blackfeet, Iroquois, and Pueblo. In 2000, eight of ten Americans with Native American ancestry were of mixed ancestry. It is estimated that by 2100 that figure will rise to nine out of ten.
Native Americans are wary of attempts by others to gain control of their reservation lands for natural resources, such as coal and uranium in the West.


== Civil rights movement ==

The civil rights movement was significant for the rights of Native Americans and other people of color. Native Americans faced racism and prejudice for hundreds of years, and this increased after the American Civil War. Native Americans, like African Americans, were subjected to the Jim Crow Laws and segregation in the Deep South especially after they were made citizens through the Indian Citizenship Act of 1924. As a body of law, Jim Crow institutionalized economic, educational, and social disadvantages for Native Americans, and other people of color living in the south. Native American identity was especially targeted by a system that only wanted to recognize white or colored, and the government began to question the legitimacy of some tribes because they had intermarried with African Americans. Native Americans were also discriminated and discouraged from voting in the southern and western states.
In the south segregation was a major problem for Native Americans seeking education, but the NAACP's legal strategy would later change this. Movements such as Brown v. Board of Education was a major victory for the Civil Rights Movement headed by the NAACP, and inspired Native Americans to start participating in the Civil Rights Movement. Martin Luther King Jr. began assisting Native Americans in the south in the late 1950s after they reached out to him. At that time the remaining Creek in Alabama were trying to completely desegregate schools in their area. In this case, light-complexioned Native children were allowed to ride school buses to previously all white schools, while dark-skinned Native children from the same band were barred from riding the same buses. Tribal leaders, upon hearing of King's desegregation campaign in Birmingham, Alabama, contacted him for assistance. Through King's intervention, the problem was quickly resolved. King later traveled to Arizona visiting Native Americans on reservations, and in churches encouraging them to be involved in the Civil Rights Movement. In King's book Why We Can't Wait he writes:

Our nation was born in genocide when it embraced the doctrine that the original American, the Indian, was an inferior race. Even before there were large numbers of Negroes on our shores, the scar of racial hatred had already disfigured colonial society. From the sixteenth century forward, blood flowed in battles over racial supremacy. We are perhaps the only nation which tried as a matter of national policy to wipe out its Indigenous population. Moreover, we elevated that tragic experience into a noble crusade. Indeed, even today we have not permitted ourselves to reject or to feel remorse for this shameful episode. Our literature, our films, our drama, our folklore all exalt it.
Native Americans then actively participated and supported the NAACP, and the civil rights movement. The National Indian Youth Council (NIYC) would soon rise in 1961 to fight for Native American rights during the Civil Rights Movement, and were strong King supporters. During the 1963 March on Washington there was a sizable Native American contingent, including many from South Dakota, and many from the Navajo nation. Native Americans also participated the Poor People's Campaign in 1968. The NIYC were very active supporters of the Poor People's Campaign unlike the National Congress of American Indians (NCAI); the NIYC and other Native organizations met with King in March 1968 but the NCAI disagreed on how to approach the anti-poverty campaign; the NCAI decided against participating in the march. The NCAI wished to pursue their battles in the courts and with Congress, unlike the NIYC. The NAACP also inspired the creation of the Native American Rights Fund (NARF) which was patterned after the NAACP's Legal Defense and Education Fund. Furthermore, the NAACP continued to organize to stop mass incarceration and end the criminalization of Native Americans and other communities of people of color. The following is an excerpt from a statement from Mel Thom on May 1, 1968, during a meeting with Secretary of State Dean Rusk: (It was written by members of the Workshop on American Indian Affairs and the NIYC)

We have joined the Poor People's Campaign because most of our families, tribes, and communities number among those suffering most in this country. We are not begging. We are demanding what is rightfully ours. This is no more than the right to have a decent life in our own communities. We need guaranteed jobs, guaranteed income, housing, schools, economic development, but most important- we want them on our own terms.
Our chief spokesman in the federal government, the Department of Interior, has failed us. In fact it began failing us from its very beginning. The Interior Department began failing us because it was built upon and operates under a racist, immoral, paternalistic and colonialistic system. There is no way to improve upon racism, immorality and colonialism; it can only be done away with. The system and power structure serving Indian peoples is a sickness which has grown to epidemic proportions. The Indian system is sick. Paternalism is the virus and the secretary of the Interior is the carrier.


== Contemporary issues ==

Native American struggles amid reservation poverty to maintain life on the reservation, or in larger society, have resulted in health issues, some related to nutrition and health practices. The community suffers a vulnerability to, and disproportionately high rate of, alcoholism:

It has long been recognized that Native Americans are dying of diabetes, alcoholism, tuberculosis, suicide, and other health conditions at shocking rates. Beyond disturbingly high mortality rates, Native Americans also suffer a significantly lower health status and disproportionate rates of disease compared with all other Americans.
Studies point to rising rates of stroke, heart disease, and diabetes in the Native American population.


=== Societal discrimination and racism ===

Native Americans have been subjected to discrimination for centuries. In response to being labeled ""merciless Indian savages"" in the Declaration of Independence, Simon Moya-Smith states, ""Any holiday that would refer to my people in such a repugnant, racist manner is certainly not worth celebrating. [July Fourth] is a day we celebrate our resiliency, our culture, our languages, our children and we mourn the millions — literally millions — of Indigenous people who have died as a consequence of American imperialism.""
In a study conducted in 2006–07, non-Native Americans stated they rarely encountered Native Americans. This is largely due to the number of Native Americans having dwindled since white settler colonialism, while those who survived were forcibly moved into reservations. Both factors were referenced by Adolf Hitler in 1928 when he admiringly stated the US had ""gunned down the millions of Redskins to a few hundred thousand, and now keep the modest remnant under observation in a cage"". While sympathetic toward Native Americans and expressing regret over the past, most had only a vague understanding of the problems facing Native Americans. Native Americans told researchers they believed they continued to face prejudice, mistreatment, and inequality in society.


==== Affirmative action issues ====
Federal contractors and subcontractors, such as businesses and educational institutions, are legally required to adopt equal opportunity employment and affirmative action measures intended to prevent discrimination against employees or applicants for employment on the basis of ""color, religion, sex, or national origin"". For this purpose, a Native American is defined as ""A person having origins in any of the original peoples of North and South America (including Central America), and who maintains a tribal affiliation or community attachment"". The passing of the Indian Relocation Act of 1956 saw a 56% increase in Native American city dwellers over 40 years. The Native American urban poverty rate exceeds that of reservation poverty rates due to discrimination in hiring processes. However, self-reporting is permitted: ""Educational institutions and other recipients should allow students and staff to self-identify their race and ethnicity unless self-identification is not practicable or feasible."" Self-reporting opened the door to ""box checking"" and self-identification by people who, despite not having a substantial relationship to Native American culture, innocently or fraudulently check the box for Native American.
The difficulties Native Americans face in the workforce, including lack of promotions and wrongful terminations are attributed to racial stereotypes and implicit biases. Native American business owners are seldom offered auxiliary resources crucial for entrepreneurial success.


=== Sexual violence as a tool for settler colonialism ===
Throughout history, settler colonialism has remained a violent tool to displace and exterminate Native American peoples. The use of sexual violence to perpetuate this is common. Professor Sarah Deer highlights the high number of Native women who still experience this violence: ""Since 1999 a variety of reports and studies have come to the same conclusion- namely, that Native women in particular suffer the highest rate of per capita rape in the US."" The continued acts of sexual violence against Native women have been perpetuated by colonization and the actions of colonizers. Native women through time have been portrayed as extremely sexual which only enforces sexual violence. Deer explains, ""Dispossession and relocation of indigenous peoples on this continent both necessitated and precipitated a highly gendered and sexualized dynamic in which Native women's bodies became commodities- bought and sold for the purposes of sexual gratification (or profit), invariably transporting them far away from their homes.""


=== Native American mascots ===

American Indian activists in the US and Canada have criticized the use of Native American mascots in sports, as perpetuating stereotypes. This is considered cultural appropriation. There has been a decline in the number of secondary school and college teams using such names, images, and mascots. Some tribal team names have been approved by the tribe in question, such as the Seminole Council of Florida  approving use of their name for the teams of Florida State University. The NCAA allows the use even though the NCAA ""continues to believe the stereotyping of Native Americans is wrong.""
Among professional teams, the NBA's Golden State Warriors discontinued use of Native American-themed logos in 1971. The NFL's Washington Commanders, formerly the Washington Redskins, changed their name in 2020, as the term is considered a racial slur.
MLB's Cleveland Guardians were formerly known as the Cleveland Indians. Their use of a caricature called Chief Wahoo faced protest for decades. Starting in 2019, Chief Wahoo ceased to be a logo for Cleveland Indians. In December 2020, The New York Times reported that Cleveland would be officially changing their name, and in 2021, became the Cleveland Guardians.


=== Historical depictions in art ===

Native Americans have been depicted by American artists in various ways at different periods. Several 19th- and 20th-century US and Canadian painters, often motivated by a desire to document and preserve Native culture, specialized in Native American subjects. Among the most prominent were Elbridge Ayer Burbank, George Catlin, Seth Eastman, Paul Kane, W. Langdon Kihn, Charles Bird King, Joseph Henry Sharp, and John Mix Stanley.

In the 20th century, early portrayals of Native Americans in movies and television roles were first performed by European Americans dressed in mock traditional attire. Examples included The Last of the Mohicans (1920), Hawkeye and the Last of the Mohicans (1957), and F Troop (1965–67). In later decades, Native American actors such as Jay Silverheels in The Lone Ranger television series (1949–57) came to prominence. The roles of Native Americans were limited and not reflective of Native American culture. By the 1970s some Native American roles began to show more complexity, such as those in Little Big Man (1970), Billy Jack (1971), and The Outlaw Josey Wales (1976), which depicted Native Americans in supporting roles.
For years, Native people on American television were relegated to secondary, subordinate roles. In Bonanza (1959–73), no major or secondary Native characters appeared on a consistent basis. The series The Lone Ranger (1949–57), Cheyenne (1955–63), and Law of the Plainsman (1959–63) had Native characters who were aides to the central white characters. This continued in such series as How the West Was Won. These programs resembled the ""sympathetic"" yet contradictory film Dances With Wolves of 1990, in which, the narrative choice was to relate the Lakota story through a Euro-American voice, for wider impact among a general audience.
Like the 1992 remake of The Last of the Mohicans and Geronimo: An American Legend (1993), Dances with Wolves employed Native American actors, and made an effort to portray Indigenous languages. In 1996, Plains Cree actor Michael Greyeyes would play renowned Native American warrior Crazy Horse in the 1996 television film Crazy Horse, and renowned Sioux chief Sitting Bull in the 2017 movie Woman Walks Ahead.
The 1998 film Smoke Signals, set on the Coeur D'Alene Reservation, discussed hardships of present-day American Indian families, featured numerous Native American actors. It was the first feature film to be produced and directed by Native Americans, and to have an exclusive Native American cast. At the Sundance Film Festival, Smoke Signals won the Audience Award and its producer Chris Eyre, an enrolled member of the Cheyenne and Arapaho Tribes of Oklahoma, won the Filmmaker's Trophy. In 2009, We Shall Remain, a documentary by Ric Burns and part of the American Experience series, presented a series ""from a Native American perspective"". It represented ""an unprecedented collaboration between Native and non-Native filmmakers and involves Native advisors and scholars at all levels of the project"". The episodes explore the impact of King Philip's War on the northeastern tribes, the ""Native American confederacy"" of Tecumseh's War, U.S.-forced relocation of Southeastern tribes, the pursuit and capture of Geronimo and Apache Wars, and concludes with the Wounded Knee incident, participation by the American Indian Movement, and the increasing resurgence of modern Native cultures since.


=== Differences in terminology ===

The most common of modern terms to refer to Indigenous peoples of the United States are Indians, American Indians, and Native Americans. Up to the early to mid 18th century, the term Americans was not applied to people of European heritage in North America. Instead it was equivalent to the term Indians. As people of European heritage began using the term Americans to refer instead to themselves, the word Indians became historically the most often employed term.
The term Indians, long laden with racist stereotypes, began to be replaced in the 1960s with the term Native Americans, which recognized the Indigeneity of the people who first made the Americas home. But as the term Native Americans became popular, the American Indian Movement saw pejorative connotations in the term native and reappropriated the term Indian, seeing it as witness to the history of violence against the many nations that lived in the Americas before European arrival.
The term Native American was introduced in the US in preference to the older term Indian to distinguish the Indigenous peoples of the Americas from the people of India. It may have been coined by Mohican Sachem John Wannuaucon Quinney, in an 1852 address to the US Congress where he argued against proposed resettlement.
The term Amerindian, a portmanteau of ""American Indian"", was coined in 1902 by the American Anthropological Association. However, it has been controversial since its creation. It was immediately rejected by some leading members of the Association, and, while adopted by many, it was never universally accepted. While never popular in Indigenous communities themselves, it remains a preferred term among some anthropologists.
During World War II, draft boards typically classified American Indians from Virginia as Negroes.
In 1995, a plurality of Indigenous Americans, preferred the term American Indian and many tribes include the word Indian in their formal title.
Criticism of the neologism Native American comes from diverse sources. Russell Means, an Oglala Lakota activist, opposed the term Native American because he believed it was imposed by the government without the consent of Native people.
A 1995 U.S. Census Bureau survey found that more Native Americans in the United States preferred American Indian to Native American. Most American Indians are comfortable with Indian, American Indian, and Native American. That term is reflected in the name chosen for the National Museum of the American Indian, which opened in 2004 on the Mall in Washington, D.C..
Other commonly used terms are First Americans, First Nations, and Native Peoples.


=== Colonial ecological violence ===
Colonial ecological violence, defined by sociologist J. M. Bacon as the result of eco-social disruptions that ""generate colonial ecological violence, a unique form of violence perpetrated by the settler-colonial state, private industry, and settler-colonial culture as a whole."" The relocation and displacement of Native peoples is a result of the colonizer mindset that land is a commodity. By removing these communities from their land, settlers are preventing the ways of life and use of culture-affirming resources. Gilio-Whitaker highlights some of the ways in which these practices are reinforced, with the concept of environmental deprivation – ""historical processes of land and resource dispossession calculated to bring about the destruction of Indigenous lives and cultures."" The reason these lands are so important to Native populations is because, ""Since a strong component of many Indigenous cultures is a robust relationship to place, it serves to reason that forced removals, settler resource appropriation, and the ecological damage perpetuated by US settle colonial society contribute to significant ""conflict"" between ""traditional cultural values"" and ""those of majority culture"".
The Karuk tribe in Klamath, California are one of many victims of colonial ecological violence. A major way of life is the use of fires to maintain and regulate their environment. These fires were used to correct travel routes and optimize hunting, a major part of Karuk life. In 1905, the Klamath National Forest was established which prevented the burning of fires on Karuk land- ""Fire exclusion, then, has simultaneously produced Indigenous exclusion, erasure, and replacement."" This land is one of the most economically wealthy spots due to the establishment of the forest, which further demonstrates the ways in which settler-colonialism enables and continues to negatively impact the land that Indigenous people lived on.
The Potawatomi tribe had long occupied the Great Lakes region, up until they were displaced and spread out around the US. They had previously lived on 30 million acres of land, building cultural, familial, and other-than-human relationships for generations. Kyle Powys Whyte highlights the ways in which this displacement has had violent and detrimental impacts on the tribe. ""The consequences of capitalist economics, such as deforestation, water pollution, the clearing of land for large scale agriculture and urbanization, generate immediate disruptions on ecosystems ""rapidly"" rendering them very different from what they were like before, undermining Indigenous knowledge systems and Indigenous peoples' capacity to cultivate landscapes and adjust to environmental change.""
The Miami Tribe of Oklahoma, once resided in Oxford, Ohio, where Miami University now is placed. In 1818, the tribe agreed to give up a large amount of land to U.S. officials. It was not until 1826 that Lewis Cass informed them and nearby Potawatomi, ""You must remove or perish."" This plan did not work, but the officials persisted and eventually the Miami tribe were forced off their land in 1846. Miami University has a land acknowledgement document and a center dedicated to working with the Miami tribe of Oklahoma, though this is the only tribe from the original Miami tribe that is accredited by the U.S. government.


=== Gambling industry ===

Because Indian reservations have tribal sovereignty, states have limited ability to forbid gambling there, as codified by the Indian Gaming Regulatory Act of 1988. Tribes run casinos, bingo halls, and other gambling operations, and as of 2011, there were 460 such operations run by 240 tribes, with a total annual revenue of $27 billion.


=== Financial services ===
Numerous tribes have entered financial services, including the Otoe-Missouria, Tunica-Biloxi, and the Rosebud Sioux. Because of the challenges involved in starting a financial services business, many tribes hire outside consultants and vendors to help them launch these businesses and manage the regulatory issues. Similar to the tribal sovereignty debates that occurred when tribes first entered the gaming industry, the tribes, states, and federal government are in disagreement regarding who possesses the authority to regulate these e-commerce business entities.


=== Crime on reservations ===
Prosecution of serious crime, historically endemic on reservations, was required by the 1885 Major Crimes Act, 18 U.S.C. §§1153, 3242, and court decisions to be investigated by the federal government, usually the Federal Bureau of Investigation, and prosecuted by United States Attorneys of the United States federal judicial district in which the reservation lies.
A 2009 New York Times article about growing gang violence on the Pine Ridge Indian Reservation estimated there were 39 gangs with 5,000 members on that reservation alone. Navajo country reported 225 gangs in its territory.
As of 2012, a high incidence of rape continued to impact Native American and Alaskan native women. According to the Department of Justice, 1 in 3 Native women have suffered rape or attempted rape, more than twice the national rate. About 46 percent of Native American women have been raped, beaten, or stalked by an intimate partner, according to a 2010 study by the Centers for Disease Control. ""More than 80 percent of Indian victims identify their attacker as non-Indian"".


=== Barriers to economic development ===
Other than tribes successfully running casinos, many tribes struggle, as they are often located on reservations isolated from economic centers. The estimated 2.1 million Native Americans are the most impoverished of all ethnic groups. According to the 2000 census, an estimated 400,000 Native Americans reside on reservation land. While some tribes have had success with gaming, only 40% of the 562 federally recognized tribes operate casinos. According to a 2007 survey, only 1% of Native Americans own and operate a business.
The barriers to economic development on Native American reservations identified by the Harvard Project on American Indian Economic Development, in What Can Tribes Do? Strategies and Institutions in American Indian Economic Development (2008), are as follows:

Lack of access to capital
Lack of human capital (education, skills, technical expertise) and the means to develop it
Reservations lack effective planning
Reservations are poor in natural resources
Reservations have natural resources but lack sufficient control over them
Reservations are disadvantaged by their distance from markets and the high costs of transportation
Tribes cannot persuade investors to locate on reservations because of intense competition from non-Native American communities
The Bureau of Indian Affairs is inept, corrupt or uninterested in reservation development
Tribal politicians and bureaucrats are inept or corrupt
On-reservation factionalism destroys stability in tribal decisions
The instability of tribal government keeps outsiders from investing. The lack of international recognition Native American tribal sovereignty weakens their political-economic legitimacy.
Entrepreneurial skills and experience are scarce

A major barrier is lack of entrepreneurial knowledge and experience within Indian reservations. ""A general lack of education and experience about business is a significant challenge to prospective entrepreneurs"", was the report on Native American entrepreneurship by the Northwest Area Foundation in 2004.


=== Discourse in Native American economic development ===
Some scholars argue existing theories and practices of economic development are not suitable for Native American communities—given the lifestyle, economic, and cultural differences, as well as the history of Native American-U.S. relations. Little economic development research has been conducted on Native American communities. The federal government fails to consider place-based issues of American Indian poverty by generalizing the demographic. The dominance of federal government involvement in Indigenous developmental activities perpetuates and exacerbates the salvage paradigm.


=== Land ownership challenges ===
Native land owned by individual Native Americans sometimes cannot be developed because of fractionalization. Fractionalization occurs when a landowner dies, and their land is inherited by their children, but not subdivided. This means one parcel might be owned by 50 different individuals. A majority of those holding interest must agree to any proposal to develop the land, and establishing this is time-consuming, cumbersome, and sometimes impossible.
Another issue is checkerboarding, where tribal land is interspersed with land owned by the federal government on behalf of Natives, individually-owned plots, and land owned by non-Native individuals. This prevents Tribal governments from securing plots of land large enough for economic development or agricultural uses. Because reservation land is owned ""in trust"" by the federal government, individuals living on reservations cannot build equity in their homes. This bars Native Americans from getting loans, as there is nothing that a bank can collect if the loan is not paid. Efforts to encourage land ownership (such as the Dawes Act) resulted in a net loss of tribal land. After they were familiarized with their smallholder status, Native American landowners were lifted of trust restrictions and their land would get transferred back to them, contingent on a transactional fee to the federal government. The transfer fee discouraged Native American land ownership, with 65% of tribal-owned land being sold to non-Native Americans by the 1920s. Activists against property rights point to historical evidence of communal ownership of land and resources by tribes. They claim that because of this history, property rights are foreign to Natives and have no place in the modern reservation system. Those in favor of property rights cite examples of tribes negotiating with colonial communities or other tribes about fishing and hunting rights. Land ownership was a challenge because of the different definitions of land that the Natives and Europeans had. Most tribes thought of property rights more as ""borrowing"" the land, while those from Europe thought of land as individual property.
State-level efforts such as the Oklahoma Indian Welfare Act were attempts to contain tribal land in Native American hands. The knowledge disconnect between the decision-making bureaucracy and Native American stakeholders resulted in ineffective development efforts. Traditional Native American entrepreneurship does not prioritize profit maximization; rather, business transactions must align with Native American social and cultural values. In response to Indigenous business philosophy, the federal government created policies that aimed to formalize their business practices, which undermined the Native American status quo. Legal disputes interfered with tribal land leasing, which were settled with the verdict against tribal sovereignty.
Often, bureaucratic overseers of development are removed from Native American communities and lack the knowledge and understanding to develop plans or make resource allocation decisions. The top-down heavy involvement in developmental operations, does not mitigate incentives for bureaucrats to act in their self-interest. Such instances include reports that exaggerate results.


=== Trauma ===
Historical trauma is described as collective emotional and psychological damage throughout a person's lifetime and across multiple generations. Examples can be seen through the Wounded Knee Massacre of 1890, where over 200 unarmed Lakota were killed, and the Dawes Act of 1887, when Native Americans lost four-fifths of their land.

Native American youth have higher rates of substance and alcohol use deaths than the general population. Many Native Americans can trace the beginning of their substance and alcohol use to a traumatic event related to their offender's own substance use. A person's substance use can be described as a defense mechanism against the user's emotions and trauma. For Native Americans, alcoholism is a symptom of trauma passed from generation to generation and influenced by oppressive behaviors and policies by the dominant European-American society. Boarding schools were made to ""Kill the Indian, Save the man"". Shame among Native Americans can be attributed to years of oppression and annihilation.


=== Food insecurity ===
Studies are being conducted which show Native Americans often experience higher rates of food insecurity than other racial groups in the US. The studies do not focus on the overall picture of Native American households, however, and tend to focus on smaller sample sizes. In a study that evaluated food insecurity among Indigenous Americans, White, Black, Hispanic, and Asian: it was reported that over the 10-year span of 2000–10, Indigenous people were reported to be one of the highest at-risk groups from a lack of access to adequate food, reporting about 25% of households suffering from this type of insecurity. There are many reasons, the biggest is high food costs on or near reservations, lack of access to well-paying jobs, and predisposition to health issues relating to obesity and mental health.


== Society, language, and culture ==

The culture of Pre-Columbian America is usually defined by the concept of the culture area, namely a region where shared cultural traits occur. The northwest culture area, for example, shared common traits such as salmon fishing, woodworking, and large villages or towns, and a hierarchical social structure. Ethnographers generally classify the Indigenous peoples of North America into ten cultural areas based on region.
Though cultural features, language, clothing, and customs vary from one tribe to another, there are certain elements which are encountered frequently and shared by many tribes. Early scholars described the Native Americans as having a society dominated by clans.
European colonization had a major impact on Native American cultures through what is known as the Columbian exchange, which was the widespread transfer of plants, animals, culture, human populations, technology, and ideas between the Americas and Eurasia (the Old World) in the 15th and 16th centuries, following Christopher Columbus's 1492 voyage. They exchanged food, crafts, and furs for blankets, iron and steel implements, horses, trinkets, firearms, and alcoholic beverages. The Columbian exchange generally had a destructive impact on Native American cultures through disease, and a 'clash of cultures', whereby European values of private land ownership, the family, and division of labor, led to conflict, appropriation of traditional communal lands and changed how Indigenous tribes practiced slavery.

The impact of the Columbian exchange was not entirely negative. For example, the re-introduction of the horse to North America allowed the Plains Indians to revolutionize their ways of life by making hunting, trading, and warfare more effective, and to improve their ability to transport possessions and move settlements. The Great Plains tribes were still hunting bison when they first encountered Europeans. Reintroduction of the horse changed the way in which they hunted large game. Horses became such a valuable, central element of Native lives that they were counted as a measure of wealth by many tribes.


=== Ethno-linguistic classification ===

The Na-Dené, Algic, and Uto-Aztecan language families are the largest by number of languages. Uto-Aztecan has the most speakers (2 million) if the languages in Mexico are considered; Na-Dené comes second with approximately 200,000 speakers, and Algic third with about 180,000 speakers. Na-Dené and Algic have the widest geographic distributions: Algic spans from northeast Canada across much of the continent down to northeast Mexico with two outliers in California (Yurok and Wiyot); Na-Dené spans from Alaska and west Canada through Washington, Oregon, and California to the U.S. Southwest and northern Mexico. Several families consist of only 2 languages. Demonstrating genetic relationships has proved difficult due to the linguistic diversity present in North America. Two large (super-) family proposals, Penutian and Hokan have potential.
Words used in English have been derived from Native American languages.


==== Language education ====

To counteract a shift to English, some Native American tribes have initiated language immersion schools for children, where an Indigenous American language is the medium of instruction. The Cherokee Nation initiated a 10-year language preservation plan that involved raising new fluent speakers of the Cherokee language from childhood up through school immersion programs, as well as community effort to continue to use the language at home. This plan was part of a goal that, in 50 years, will result in 80% or more of the Cherokee being fluent. The Cherokee Preservation Foundation has invested $3 million in opening schools, training teachers, and developing curricula for language education, as well as initiating community gatherings where the language can be actively used. Formed in 2006, the Kituwah Preservation & Education Program (KPEP) on the Qualla Boundary focuses on language immersion programs for children from birth to fifth grade, developing cultural resources for the public and community language programs to foster the Cherokee language among adults.
There is a Cherokee language immersion school in Tahlequah, Oklahoma, that educates students from pre-school through eighth grade. Because Oklahoma's official language is English, Cherokee immersion students are hindered when taking state-mandated tests because they can have little competence in English. The Department of Education of Oklahoma said that in 2012 state tests: 11% of the school's sixth-graders showed proficiency in math, and 25% in reading; 31% of the seventh-graders showed proficiency in math, and 87% in reading; 50% of eighth-graders showed proficiency in math, and 78% in reading. The Department of Education listed the charter school as a Targeted Intervention school, meaning it was identified as a low-performing school. Ultimately, the school made a C, or a 2.33 grade point average on the state's A-F report card system. The report card shows the school getting an F in mathematics achievement and mathematics growth, a C in social studies achievement, a D in reading achievement, and an A in reading growth and student attendance. ""The C we made is tremendous"", said school principal Holly Davis, ""[t]here is no English instruction in our school's younger grades, and we gave them this test in English."" She had anticipated the low grade because it was the school's first year as a state-funded charter school, and many had difficulty with English. Eighth graders who graduate from the Tahlequah immersion school are fluent speakers of the language, and they usually go on to attend Sequoyah High School where classes are taught in English and Cherokee.


=== Indigenous foodways ===

Historical diets of Native Americans differed dramatically from region to region. Different peoples might have relied more heavily on agriculture, horticulture, hunting, fishing, or gathering wild plants and fungi. Tribes developed diets best suited to their environments.
Iñupiat, Yupiit, Unangan, and fellow Alaska Natives fished, hunted, and harvested wild plants, but did not rely on agriculture. Coastal peoples relied more heavily on sea mammals, fish, and fish eggs, while inland peoples hunted caribou and moose. Alaskan Natives prepared and preserved dried and smoked meat and fish.

Pacific Northwest tribes crafted seafaring dugout canoes 40–50 feet (12–15 m) long for fishing.
In the Eastern Woodlands, early peoples independently invented agricultural and by 1800 BCE developed the crops of the Eastern Agricultural Complex, which include squash (Cucurbita pepo ssp. ovifera), sunflower (Helianthus annuus var. macrocarpus), goosefoot (Chenopodium berlandieri), and marsh elder (Iva annua var. macrocarpa).
The Sonoran Desert region including parts of Arizona and California, part of a region known as Aridoamerica, relied on the tepary bean as a staple crop. This and other desert crops, mesquite bead pods, tunas (prickly pear fruit), cholla buds, saguaro cactus fruit, and acorns are actively promoted by Tohono O'odham Community Action. In the Southwest, some communities developed irrigation techniques while others, such as the Hopi dry-farmed. They filled storehouses with grain as protection against the area's frequent droughts.

Maize or corn, first cultivated in what is now Mexico, was traded north into Aridoamerica and Oasisamerica, southwest. Maize cultivation spread throughout the Great Plains and Eastern Woodlands by 200 CE. Native farmers practiced polycropping maize, beans, and squash; these crops are known as the Three Sisters. The beans would replace the nitrogen, which the maize leached from the ground, as well as using corn stalks for support for climbing. The deficiencies of a diet dependent on maize were mitigated by the practice of converting maize kernels into hominy in a process called Nixtamalization.
The agriculture gender roles of the Native Americans varied from region to region. In the Southwest area, men prepared the soil with hoes. The women were in charge of planting, weeding, and harvesting. In most other regions, the women were in charge of most agriculture, including clearing the land, which was an immense chore, as they rotated fields. Europeans in the eastern part of the continent observed that Native Americans cleared large areas for cropland. Their fields in New England sometimes covered hundreds of acres. Colonists in Virginia noted thousands of acres under cultivation by Native Americans.

Early farmers commonly used tools such as the hoe, maul, and dibber. The hoe was the main tool used to till the land and prepare it for planting; then it was used for weeding. The first versions were made out of wood and stone. When the settlers brought iron, Native Americans switched to iron hoes and hatchets. The dibber was a digging stick, used to plant the seed. Once the plants were harvested, women prepared the produce for eating. They used the maul to grind the corn into a mash. It was cooked and eaten that way or baked as cornbread.


=== Religion ===

Native American religious practices and beliefs, differ widely across tribes. These spiritualities, practices, beliefs, may accompany adherence to another faith or can represent a person's primary religious, faith, spiritual or philosophical identity. Much Native American spirituality exists in a tribal-cultural continuum, so cannot be easily separated from tribal identity itself.
Some tribes include the use of sacred leaves and herbs such as tobacco, sweetgrass or sage. Many Plains tribes have sweatlodge ceremonies, though the specifics vary among tribes. Fasting, singing, prayer, and drumming are common.

The Midewiwin Lodge is a medicine society inspired by the oral history and prophesies of the Ojibwa (Chippewa) and related tribes.
Another significant religious body among Native peoples is known as the Native American Church. It is a syncretistic church incorporating elements of Native spiritual practice from different tribes as well as symbolic elements from Christianity. Its main rite is the peyote ceremony. Prior to 1890, traditional religious beliefs included Wakan Tanka. In the American Southwest, especially New Mexico, a syncretism between the Catholicism brought by Spanish missionaries and the native religion is common; the religious drums, chants, and dances of the Pueblo people are regularly part of Masses at Santa Fe's Saint Francis Cathedral. Native American-Catholic syncretism is also found elsewhere in the US. Some Native American tribes who practice Christianity, including the Lumbee, organized denominations, such as the Lumber River Conference of the Holiness Methodist Church.
The eagle feather law stipulates that only individuals of certifiable Native American ancestry, enrolled in a federally recognized tribe, are legally authorized to obtain eagle feathers for religious or spiritual use. The law does not allow Native Americans to give eagle feathers to non-Native Americans.


=== Gender roles ===

Gender roles are differentiated in many Native American tribes. Many Natives have retained traditional expectations of sexuality and gender and continue to do so in contemporary life despite ongoing colonial pressures.
Whether a particular tribe is predominantly matrilineal or patrilineal, often both sexes have some degree of decision-making power within the tribe. Many Nations, such as the Haudenosaunee Five Nations and the Southeast Muskogean tribes, have matrilineal or Clan Mother systems, in which property and hereditary leadership are controlled by and passed through the maternal lines. In these Nations, the children are considered to belong to the mother's clan. In Cherokee culture, women own the family property. When traditional young women marry, their husbands may join them in their mother's household.
Matrilineal structures enable young women to have assistance in childbirth and rearing and protect them in case of conflicts between the couple. If a couple separates or the man dies, the woman has her family to assist her. In matrilineal cultures the mother's brothers are usually the leading male figures in her children's lives; fathers have no standing in their wife and children's clan, as they still belong to their mother's clan. Hereditary clan chief positions pass through the mother's line and chiefs have historically been selected on the recommendations of women elders, who could also disapprove of a chief.

In the patrilineal tribes, such as the Omaha, Osage, Ponca, and Lakota, hereditary leadership passes through the male line, and children are considered to belong to the father and his clan. In patrilineal tribes, if a woman marries a non-Native, she is no longer considered part of the tribe, and her children are considered to share the ethnicity and culture of their father.
In patriarchal tribes, gender roles tend to be rigid. Men have historically hunted, traded and made war while women have primary responsibility for the survival and welfare of the families (and future of the tribe). Women usually gather and cultivate plants, use plants and herbs to treat illnesses, care for the young and the elderly, make clothing and instruments, and process and cure meat and skins from the game. Some mothers use cradleboards to carry an infant while working or traveling. In matriarchal and egalitarian nations, the gender roles are usually not so clear-cut and even less so in the modern era. Several dozen tribes allowed polygyny to sisters, with procedural and economic limits.
Lakota, Dakota, and Nakota girls are encouraged to learn to ride, hunt and fight. Though fighting in war has mostly been left to the boys and men, occasionally women have fought, in battles and defense of the home, especially if the tribe was severely threatened.


=== Modern education ===
As of 2020 90% of Native American school-aged children attend public schools operated by school districts. Tribally-operated schools under contracts/grants with the Bureau of Indian Education (BIE) and direct BIE-operated schools take about 8% of Native American students, including students who live in very rural remote areas.
In 1978, 215,000 (78%) of Native Americans attended school district-operated public schools, 47,000 (17%) attended schools directly operated by the BIA, 2,500 (1%) attended tribal or other schools that contracted with the BIA, and the remaining 9,000 (3%) attended missionary schools for Native American children or other private schools.


=== Sports ===

Native American leisure time led to competitive individual and team sports. Jim Thorpe, Lewis Tewanima, Joe Hipp, Notah Begay III, Chris Wondolowski, Jacoby Ellsbury, Joba Chamberlain, Kyle Lohse, Sam Bradford, Jack Brisco, Tommy Morrison, Billy Mills, Angel Goodrich, Shoni Schimmel, and Kyrie Irving are well known professional athletes.


==== Team sports ====
Native American ball sports, sometimes referred to as lacrosse, stickball, or baggataway, were often used to settle disputes, rather than war, as a civil way to settle conflict. The Choctaw called it isitoboli (""Little Brother of War""); the Onondaga name was dehuntshigwa'es (""men hit a rounded object""). There are three basic versions, classified as Great Lakes, Iroquoian, and Southern.
The game is played with one or two rackets or sticks and one ball. The object is to land the ball in the opposing team's goal (either a single post or net) and prevent the opposing team from scoring. The game involves 20 or as many as 300 players with no height or weight restrictions, or protective gear. The goals could be from around 200 feet (61 m) apart to about 2 miles (3.2 km); in lacrosse the field is 110 yards (100 m).


==== Individual sports ====
Chunkey was a game that consisted of a stone-shaped disk about 1–2 inches in diameter. The disk was thrown down a 200-foot (61 m) corridor so it could roll past the players at great speed. Players would throw wooden shafts at the moving disk. The object of the game was to strike the disk or prevent your opponents from hitting it.


==== U.S. Olympics ====

Jim Thorpe, a Sauk and Fox Native American, was an all-around athlete playing football and baseball in the early 20th century. Future President Dwight Eisenhower injured his knee while trying to tackle the young Thorpe. In a 1961 speech, Eisenhower recalled Thorpe: ""Here and there, there are some people who are supremely endowed. My memory goes back to Jim Thorpe. He never practiced in his life, and he could do anything better than any other football player I ever saw.""
In the 1912 Olympics, Thorpe ran the 100-yard dash in 10 seconds flat, the 220 in 21.8 seconds, the 440 in 51.8 seconds, the 880 in 1:57, the mile in 4:35, the 120-yard high hurdles in 15 seconds, and the 220-yard low hurdles in 24 seconds. He long jumped 23 ft 6 in and high-jumped 6 ft 5 in. He pole vaulted 11 feet (3.4 m), put the shot 47 ft 9 in (14.55 m), throw the javelin 163 feet (50 m), and the discus 136 feet (41 m). Thorpe entered the U.S. Olympic trials for the pentathlon and the decathlon.
Louis Tewanima, Hopi people, was an American two-time Olympic distance runner and silver medalist in the 10,000-meters in 1912. He ran for the Carlisle Indian School where he was a teammate of Thorpe. His silver in 1912 remained the best US achievement in this event until another Indian, Billy Mills, won gold in 1964. Tewanima competed at the 1908 Olympics, where he finished 9th in the marathon.
Ellison Brown, of the Narragansett people from Rhode Island, won two Boston Marathons (1936, 1939) and competed in the 1936 Olympics in Berlin, but did not finish due to injury. He qualified for the 1940 Olympic Games in Helsinki, but the games were canceled due to the outbreak of World War II.
Billy Mills, a Lakota and USMC officer, won gold in the 10,000-meters at the 1964 Tokyo Olympics. He was the only American ever to win the gold in this event.
Billy Kidd, part Abenaki from Vermont, became the first American man to medal in alpine skiing in the Olympics, taking silver in the slalom in the 1964 Winter Olympics at Innsbruck, Austria. Six years later at the 1970 World Championships, Kidd won gold in the combined event and bronze in the slalom.
Ashton Locklear (Lumbee), an uneven bars specialist, was an alternate for the 2016 Summer Olympics U.S. gymnastics team, the Final Five. In 2016, Kyrie Irving (Sioux) also helped Team USA win gold at the 2016 Summer Olympics. He became the 4th member of Team USA to capture the NBA championship and Olympic gold in the same year, joining LeBron James, Michael Jordan, and Scottie Pippen.


=== Literature ===

Native American literature, composed of oral and written literature, has a long history. It is considered a series of literatures reflecting the varied traditions and histories of different tribes. Modern authors cover a range of genres and include Tommy Orange, Joy Harjo, Louise Erdrich, Stephen Graham Jones, Rebecca Roanhorse, Tommy Pico, and many more.


=== Music ===

Traditional Native American music is almost entirely monophonic, but there are exceptions. It often includes drums, rattles, or other percussion, but little other instrumentation. Flutes and whistles made of wood, cane, or bone are also played, generally by individuals, but in former times also by large ensembles, as noted by conquistador de Soto. The tuning of modern flutes is typically pentatonic.
Performers with Native American parentage have occasionally appeared in American popular music such as Rita Coolidge, Wayne Newton, Gene Clark, Blackfoot, and Redbone. Some, such as John Trudell, have used music to comment on life in Native America. Others such as R. Carlos Nakai, Joanne Shenandoah and Robert ""Tree"" Cody integrate traditional sounds with modern, in instrumental recordings, whereas music by Charles Littleleaf is derived from ancestral heritage as well as nature. Recording companies offer an abundance of music by contemporary Native American performers young and old, ranging from pow-wow drum music to rock-and-roll and rap. In the ballet dancing Maria Tallchief was considered America's first major prima ballerina, and the first of Native American descent to hold the rank. Along with her sister Marjorie Tallchief both became star ballerinas.
The most widely practiced public musical form among Native Americans is that of the pow-wow. At pow-wows, such as the annual Gathering of Nations in Albuquerque, New Mexico, members of drum groups sit in a circle around a large drum. Drum groups play in unison while they sing and dancers in colorful regalia dance clockwise around the drum groups. Familiar pow-wow songs include honor songs, intertribal songs, crow-hops, sneak-up songs, grass-dances, two-steps, welcome songs, going-home songs, and war songs. Most Indigenous communities maintain traditional songs and ceremonies, some of which are shared and practiced exclusively within the community.


=== Art ===

The Iroquois, living around the Great Lakes and extending east and north, used strings or belts called wampum that served a dual function: the knots and beaded designs mnemonically chronicled tribal stories and legends, and served as a medium of exchange and unit of measure. The keepers of the articles were seen as tribal dignitaries.
Pueblo peoples crafted impressive items associated with their religious ceremonies. Kachina dancers wore elaborately painted and decorated masks as they ritually impersonated ancestral spirits. Pueblo people are noted for high-quality pottery, often with geometric designs and floral, animal and bird motifs. Carved stone and wood fetishes were made for religious use. Superior weaving, embroidered decorations, and rich dyes characterized their textile arts. Turquoise and shell jewelry were created, as were formalized pictorial arts.
Navajo spirituality focused on the maintenance of a harmonious relationship with the spirit world, often achieved by ceremonial acts, usually incorporating sandpainting. For the Navajo, sand painting is not just a representational object, but a spiritual entity with a life of its own, which helped the patient at the center of the ceremony re-establish a connection with the life force. These sand creations were erased at the end of the healing ceremony.
It has been estimated that the Native American arts and crafts industry brings in a billion USD in gross sales annually. Native American art comprises a major category in the world art collection. Native American contributions include pottery, paintings, jewellery, weavings, sculpture, basketry, and carvings. The integrity of certain Native American artworks is protected by the Indian Arts and Crafts Act of 1990, which prohibits the representation of art as Native American when it is not the product of an enrolled Native American artist. Gail Sheffield and others claim this has had ""the unintended consequence of sanctioning discrimination against Native Americans whose tribal affiliation was not officially recognized"". Artists such as Jeanne Rorex Bridges (Echota Cherokee), who was not enrolled, ran the risk of fines or imprisonment if they sold their art while affirming their heritage.
Notable Native American artists include Franklin Gritts, a Cherokee artist who taught students from many tribes at Haskell Institute (now Haskell Indian Nations University) in the 1940s, the Golden Age of Native American painters.


== Interracial relations ==

Interracial relations between Native Americans, Europeans, and Africans is a complex issue that has been mostly neglected with ""few in-depth studies on interracial relationships"". Native Americans are more likely than any other racial group to practice interracial or intertribal marriage among the different tribes and non-Natives, resulting in an ever-declining proportion of Indigenous blood among those who claim a Native American identity (tribes often count only the Indian blood from their own tribal background in the enrollment process, disregarding intertribal heritages).


=== Assimilation ===

European impact was immediate, widespread, and profound already during the early years of colonization and the creation of the countries which currently exist in the Americas. Europeans living among Native Americans were often called ""white indians"". They ""lived in native communities for years, learned native languages fluently, attended native councils, and often fought alongside their native companions"".
Early contact was often charged with tension and emotion, but also had moments of friendship, cooperation, and intimacy. Marriages took place in English, French, Russian and Spanish colonies between Native Americans and Europeans though Native American women were also the victims of rape.
There was fear on both sides, as the different peoples realized how different their societies were. Many whites regarded Native people as ""savages"" because the Native people were not Protestant or Roman Catholic and therefore the Native people were not considered to be human beings. The Native American author, Andrew J. Blackbird, wrote in his History of the Ottawa and Chippewa Indians of Michigan (1897), that white settlers introduced some immoralities into Native American tribes. Many Native Americans suffered because the Europeans introduced alcohol. Many Native people do not break down alcohol in the same way as people of Eurasian background. Many Native people were learning what their body could tolerate of this new substance and died as a result of imbibing too much.
Blackbird wrote:

The Ottawas and Chippewas were quite virtuous in their primitive state, as there were no illegitimate children reported in our old traditions. But very lately this evil came to exist among the Ottawas-so lately that the second case among the Ottawas of 'Arbor Croche' is yet living in 1897. And from that time this evil came to be quite frequent, for immorality has been introduced among these people by evil white persons who bring their vices into the tribes.

The U.S. government had two purposes when making land agreements with Native Americans: to open up more land for white settlement, and to ""ease tensions"" (in other words assimilate Native people to Eurasian social ways) between whites and Native Americans by forcing the Native Americans to use the land in the same way as did the whites—for subsistence farms. The government used a variety of strategies to achieve these goals; many treaties required Native Americans to become farmers in order to keep their land. Government officials often did not translate the documents which Native Americans were forced to sign, and native chiefs often had little or no idea what they were signing.

For a Native American man to marry a white woman, he had to get consent of her parents, as long as ""he can prove to support her as a white woman in a good home"". In the early 19th century, the Shawnee Tecumseh and blonde hair, blue-eyed Rebecca Galloway had an interracial affair. In the late 19th century, three European American middle-class women teachers at Hampton Institute married Native American men whom they had met as students.
As European American women started working independently at missions and Indian schools in the western states, there were more opportunities for their meeting and developing relationships with Native American men. For instance, Charles Eastman, a man of European and Lakota origin whose father sent both his sons to Dartmouth College, got his medical degree at Boston University and returned to the West to practice. He married Elaine Goodale, whom he met in South Dakota. He was the grandson of Seth Eastman, a military officer from Maine, and a chief's daughter. Goodale was a young European American teacher from Massachusetts and a reformer, who was appointed as the U.S. superintendent of Native American education for the reservations in the Dakota Territory. They had six children together.


== European enslavement ==

The majority of Native American tribes did practice some form of slavery before the European introduction of African slavery into North America, but none exploited slave labor on a large scale. Most Native American tribes did not barter captives in the pre-colonial era, although they sometimes exchanged enslaved individuals with other tribes in peace gestures or in exchange for their own members. When Europeans arrived as colonists in North America, Native Americans changed their practice of slavery dramatically. Native Americans began selling war captives to Europeans rather than integrating them into their own societies as they had done before. As the demand for labor in the West Indies grew with the cultivation of sugar cane, Europeans enslaved Native Americans for the Thirteen Colonies, and some were exported to the ""sugar islands"". The British settlers, especially those in the southern colonies, purchased or captured Native Americans to use as forced labor in cultivating tobacco, rice, and indigo. Accurate records of the numbers enslaved do not exist because vital statistics and census reports were at best infrequent. Scholars estimate tens to hundreds of thousands of Native Americans may have been enslaved by the Europeans, being sold by Native Americans themselves or Europeans.
In Colonial America, slavery soon became racialized, with those enslaved by the institution consisting of ethnic groups (non-Christian Native Americans and Africans) who were foreign to the Christian, European colonists. The House of Burgesses define the terms of slavery in Virginia in 1705:

All servants imported and brought into the Country ... who were not Christians in their native Country ... shall be accounted and be slaves. All Negro, mulatto and Indian slaves within this dominion ... shall be held to be real estate. If any slave resists his master ... correcting such slave, and shall happen to be killed in such correction ... the master shall be free of all punishment ... as if such accident never happened.
The slave trade of Native Americans lasted only until around 1750. It gave rise to a series of devastating wars among the tribes, including the Yamasee War. The Indian Wars of the early 18th century, combined with the increasing importation of African slaves, effectively ended the Native American slave trade by 1750. Colonists found that Native American slaves could easily escape, as they knew the country. The wars cost the lives of numerous colonial slave traders and disrupted their early societies. The remaining Native American groups banded together to face the Europeans from a position of strength. Many surviving Native American peoples of the southeast strengthened their loose coalitions of language groups and joined confederacies such as the Choctaw, the Creek, and the Catawba for protection. Even after the Indian Slave Trade ended in 1750, the enslavement of Native Americans continued (mostly through kidnappings) in the west and in the Southern states. Both Native American and African enslaved women suffered rape and sexual harassment by male slaveholders and other white men.


== Race, ethnicity, and citizenship ==

Native American identity is determined by the tribal community that the individual or group is seeking to identify with. While it is common for non-Natives to consider it a racial or ethnic identity, it is considered by Native Americans in the United States to be a political identity, based on citizenship and immediate family relationships. As culture can vary widely between the 574 extant federally recognized tribes in the United States, the idea of a single unified ""Native American"" racial identity is a European construct that does not have an equivalent in tribal thought.
Historically, numerous Native Americans assimilated into colonial and later American society, e.g. through adopting English and converting to Christianity. In many cases, this process occurred through forced assimilation of children sent off to American Indian boarding schools far from their families. Those who could eventually pass for white gained the advantage of white privilege, yet often paid for it with the loss of community connections. With the enforcement of blood quantum laws, Indian blood could be diluted over generations through intermarrying with non-Native populations, as well as intermarrying with members of tribes that also required high blood-quantum, solely from one tribe. ""Kill the Indian, save the man"" was a mantra of nineteenth-century U.S. assimilation policies.


=== Tribal enrollment ===

Requirements for tribal citizenship vary by tribe, but are generally based on who one's parents and grandparents are, as known and documented by community members and tribal records. Among the tribal nations, qualification for enrolling those who were not logged at birth by their parents may be based upon a required percentage of Native American ""blood"" (or the ""blood quantum"") of an individual, or upon documented lineal descent from an ancestor on a specific census or register.
Tribal rules regarding the recognition of members who have heritage from multiple tribes also vary, but most do not allow citizenship in multiple tribes at once. For those that do, usually citizens consider one of their citizenships primary, and their other heritage to be ""descent"". Federally recognized tribes do not accept genetic ethnicity percentages results as appropriate evidence of Native American identity, as they cannot indicate specific tribe, or even whether or not someone is Native American. Unless requested for a paternity test, they do not advise applicants to submit such things.


=== Increased self-identification ===
In the 2010 Census, nearly 3 million people indicated that their ""race"" was Native American (including Alaska Native). Of these, more than 27% specifically indicated ""Cherokee"" as their ethnic origin. This phenomenon has been dubbed the ""Cherokee Syndrome"". Across the US, numerous individuals cultivate an opportunistic ethnic identity as Native American, sometimes through Cherokee heritage groups or Indian Wedding Blessings.
Since the 2000 census, people may identify as being of more than one race. Since the 1960s, the number of people claiming Native American ancestry has grown significantly and, by the 2000 census, the number had more than doubled. Sociologists attribute this dramatic change to ""ethnic shifting"" or ""ethnic shopping""; they believe that it reflects a willingness of people to question their birth identities and adopt new ethnicities which they find more compatible.
The author Jack Hitt writes:

The reaction from lifelong Indians runs the gamut. It is easy to find Native Americans who denounce many of these new Indians as members of the wannabe tribe. But it is also easy to find Indians like Clem Iron Wing, an elder among the Lakota, who sees this flood of new ethnic claims as magnificent, a surge of Indians 'trying to come home.' Those Indians who ridicule Iron Wing's lax sense of tribal membership have retrofitted the old genocidal system of blood quantum—measuring racial purity by blood—into the new standard for real Indianness, a choice rich with paradox.
Journalist Mary Annette Pember (Ojibwe) writes that non-Natives identifying with Native American identity may be a result of a person's increased interest in genealogy, the romanticization of what they believe the cultures to be, and family lore of Native American ancestors in the distant past. However, there are different issues if a person wants to pursue enrollment as a citizen of a tribal nation. Different tribes have different requirements for citizenship. Often those who live as non-Natives, yet claim distant heritage, say they are simply reluctant to enroll, arguing that it is a method of control initiated by the federal government. However, it is the tribes that set their own enrollment criteria, and ""the various enrollment requirements are often a hurdle that ethnic shoppers are unable to clear."" Says Grayson Noley, (Choctaw), of the University of Oklahoma, ""If you have to search for proof of your heritage, it probably isn't there."" In other cases, there are some individuals who are 100% Native American but, if all of their recent ancestors are from different tribes, blood quantum laws could result in them not meeting the citizenship criteria for any one of those individual tribes. Pember concludes:

The subjects of genuine American Indian blood, cultural connection and recognition by the community are extremely contentious issues, hotly debated throughout Indian country and beyond. The whole situation, some say, is ripe for misinterpretation, confusion and, ultimately, exploitation.


== DNA ==

The genetic history of Indigenous peoples of the Americas primarily focuses on human Y-chromosome DNA haplogroups and human mitochondrial DNA haplogroups. ""Y-DNA"" is passed solely along the patrilineal line, from father to son, while ""mtDNA"" is passed down the matrilineal line, from mother to offspring of both sexes. Neither recombines, and thus Y-DNA and mtDNA change only by chance mutation at each generation with no intermixture between parents' genetic material. Autosomal ""atDNA"" markers are also used, but differ from mtDNA or Y-DNA in that they overlap significantly. Autosomal DNA is generally used to measure the average continent-of-ancestry genetic admixture in the entire human genome and related isolated populations. Within mtDNA, genetic scientists have found specific nucleotide sequences that they have classified as ""Native American markers"" because the sequences are understood to have been inherited through the generations of genetic females within populations first found in the ""New World"". There are five primary Native American mtDNA haplogroups in which there are clusters of closely linked markers inherited together. All five haplogroups have been identified by researchers as ""prehistoric Native North American samples"", and it is commonly asserted that the majority of living Native Americans possess one of the common five mtDNA haplogroup markers.
The genetic pattern indicates Indigenous Americans experienced two very distinctive genetic episodes; first with the initial-peopling of the Americas, and secondly with European colonization of the Americas. The former is the determinant factor for the number of gene lineages, zygosity mutations and founding haplotypes present in today's Indigenous American populations.
The most popular theory is that human settlement of the Americas occurred in stages from the Bering sea coast line, with an initial 15,000 to 20,000-year layover on Beringia for the small founding population. The micro-satellite diversity and distributions of the Y lineage specific to South America indicates that certain Amerindian populations have been isolated since the initial colonization of the region. The Na-Dené, Inuit and Indigenous Alaskan populations exhibit haplogroup Q-M242 (Y-DNA) mutations, however, that are distinct from other Indigenous Amerindians, and that have various mtDNA and atDNA mutations. This suggests that the paleo-Indian migrants into the northern extremes of North America and Greenland were descended from a later, independent migrant population.
Genetic analyses of HLA I and HLA II genes as well as HLA-A, -B, and -DRB1 gene frequencies links the Ainu people of northern Japan and southeastern Russia to some Indigenous peoples of the Americas, especially to populations on the Pacific Northwest Coast such as Tlingit. Scientists suggest that the main ancestor of the Ainu and of some Native American groups can be traced back to Paleolithic groups in Southern Siberia.


== See also ==

List of historical Indian reservations in the United States
List of Indian massacres in North America
List of Indian reservations in the United States
List of Native American firsts
List of Native Americans of the United States (notable Native Americans)
List of U.S. communities with Native-American majority populations


== References ==


== External links ==

Official website of the Bureau of Indian Affairs, part of the US Department of the Interior
Official website of the National Congress of American Indians
American Indian Records from the National Archives and Records Administration
Official website of the National Museum of the American Indian, part of the Smithsonian Institution
National Indian Law Library of the Native American Rights Fund – a law library of federal Indian and tribal law","Native Americans engaged in a variety of daily activities such as hunting, fishing, gathering, farming, crafting, and participating in cultural and spiritual practices, which varied by tribe and region.","Native Americans in the United States are the indigenous peoples in North America within the boundaries of the present-day continental United States , Alaska , and the island state of Hawaii .",0,0,supported,1.22231182473,-0.10616747568779647,-3.822029124760673,36,,0.989478588104248,-0.239160238943,1.3059332398,0.9954873235510112,2,0.588212713041,1.0,1.0,0.0,0.0,0.99267578125,0.0015611648559570312,0.0055999755859375,-2.006882286051053,0.11848221776743376,0.022222222222222223,0.3108108108108108,0.5,keep
Q2668_1276,wikiqa,What is the value of understanding cross-cultural psychology?,"Cross-cultural psychology is the scientific study of human behavior and mental processes, including both their variability and invariance, under diverse cultural conditions. Through expanding research methodologies to recognize cultural variance in behavior, language, and meaning it seeks to extend and develop psychology. Since psychology as an academic discipline was developed largely in North America and Europe, some psychologists became concerned that constructs and phenomena accepted as universal were not as invariant as previously assumed, especially since many attempts to replicate notable experiments in other cultures had varying success. Since there are questions as to whether theories dealing with central themes, such as affect, cognition, conceptions of the self, and issues such as psychopathology, anxiety, and depression, may lack external validity when ""exported"" to other cultural contexts, cross-cultural psychology re-examines them. It does so using methodologies designed to factor in cultural differences so as to account for cultural variance. Some critics have pointed to methodological flaws in cross-cultural psychological research, and claim that serious shortcomings in the theoretical and methodological bases used impede, rather than help, the scientific search for universal principles in psychology. Cross-cultural psychologists are turning more to the study of how differences (variance) occur, rather than searching for universals in the style of physics or chemistry.
While cross-cultural psychology represented only a minor area of psychology prior to WWII, it began to grow in importance during the 1960s. In 1971, the interdisciplinary Society for Cross-Cultural Research (SCCR) was founded, and in 1972 the International Association for Cross-Cultural Psychology (IACCP) was established. Since then, this branch of psychology has continued to expand as there has been an increasing popularity of incorporating culture and diversity into studies of numerous psychological phenomena.
Cross-cultural psychology is differentiated from (but influences and is influenced by), cultural psychology, which refers to the branch of psychology that holds that human behavior is strongly influenced by cultural differences, meaning that psychological phenomena can only be compared with each other across cultures to a limited extent. In contrast, cross-cultural psychology includes a search for possible universals in behavior and mental processes. Cross-cultural psychology ""can be thought of as a type [of] research methodology, rather than an entirely separate field within psychology"". In addition, cross-cultural psychology can be distinguished from international psychology, with the latter centering around the global expansion of psychology, especially during recent decades. Nevertheless, cross-cultural psychology, cultural psychology, and international psychology are united by a common concern for expanding psychology into a universal discipline capable of understanding psychological phenomena across cultures and in a global context.


== Definitions and early work ==
Two definitions of the field include: ""the scientific study of human behavior and its transmission, taking into account the ways in which behaviors are shaped and influenced by social and cultural forces"" and ""the empirical study of members of various cultural groups who have had different experiences that lead to predictable and significant differences in behavior"". Culture, as a whole, may also be defined as ""the shared way of life of a group of people."" In contrast to sociologists, most cross-cultural psychologists do not draw a clear dividing line between social structure and cultural belief systems.
Early work in cross-cultural psychology was suggested in Lazarus and Steinthal's journal Zeitschrift für Völkerpsychologie und Sprachwissenschaft [Journal of Folk Psychology and Language Science], which began to be published in 1860. More empirically oriented research was subsequently conducted by Williams H. R. Rivers (1864–1922) who attempted to measure the intelligence and sensory acuity of indigenous people residing in the Torres Straits area, located between Australia and New Guinea. The father of modern psychology, Wilhelm Wundt, published ten volumes on Völkerpsychologie (a kind of historically oriented cultural psychology), but these volumes have had only limited influence in the English-speaking world. Wundt's student Franz Boas, an anthropologist at Columbia University, challenged several of his students such as Ruth Benedict and Margaret Mead to study psychological phenomena in nonwestern cultures such as Japan, Samoa, and New Guinea. They emphasized the enormous cultural variability of many psychological phenomena thereby challenging psychologists to prove the cross-cultural validity of their favorite theories.


== Etic v. emic perspectives ==
Other fields of psychology focus on how personal relationships impact human behavior; however, they fail to take into account the significant impact that culture may have on human behavior. The Malinowskian dictum focuses on the idea that there is a necessity to understand the culture of a society in its own terms instead of the common search for finding universal laws that apply to all human behavior. Cross-culture psychologists have used the emic/etic distinction for some time. The emic approach studies behavior from within the culture, and mostly is based on one culture; the etic approach studies behavior from outside the culture system, and is based on many cultures. Currently, many psychologists conducting cross-cultural research are said to use what is called a pseudoetic approach. This pseudoetic approach is actually an emic based approach developed in a Western culture while being designed to work as an etic approach. Irvine and Carroll brought an intelligence test to another culture without checking whether the test was measuring what it was intended to measure. This can be considered pseudoetic work because various cultures have their own concepts for intelligence.


== Research and applications ==


=== Self-concept on bi-culture ===

Research on how the self is construed (whether, for example, in individualistic or collectivistic terms) has been a major topic of research in cross-cultural psychology for decades. Some psychologist employed cultural priming to understand how people living with multiple cultures interpret events. For example, Hung and his associates displayed a different set of culture related images to study participants, such as the U.S. White House and a Chinese temple, and then watched a clip of an individual fish swimming ahead of a group of fishes. When exposed to the latter, Hong Kong participants were more likely to reason in a collectivistic way. In contrast, participants who viewed Western images were more likely to give a reverse response and focus more on individual fish. People from bi-culture society when primed with different cultural icons, they are inclined to make cultural activated attribution. Pronoun circling task, is also another cultural priming task, by asking participant consciously circling the pronoun, like ""We"", ""us"", ""I"", and ""me"", during paragraph reading.


=== Geert Hofstede and the dimensions of culture ===

The Dutch psychologist Geert Hofstede revolutionized the field doing worldwide research on values for IBM in the 1970s. Hofstede's cultural dimensions theory is not only the springboard for one of the most active research traditions in cross-cultural psychology, but is also cited extensively in the management literature. His initial work found that cultures differ on four dimensions: power distance, uncertainty avoidance, masculinity-femininity, and individualism-collectivism. Later, after The Chinese Culture Connection extended his research using indigenous Chinese materials, he added a fifth dimension - long-term orientation (originally called Confucian dynamism) - which can be found in other cultures besides China. Still later, after work with Michael Minkov using data from the World Values Survey, he added a sixth dimension - indulgence versus restraint.
Despite its popularity, Hofstede's work has been seriously questioned by McSweeney (2002). Furthermore, Berry et al. challenge some of the work of Hofstede, proposing alternative measures to assess individualism and collectivism. Indeed, the individualism-collectivism debate has itself proven to be problematic, with Sinha and Tripathi (1994) arguing that strong individualistic and collectivistic orientations may coexist in the same culture (they discuss India in this connection). This has proven to be a problem with many of the various linear dimensions that are, by nature, dichotomous. Cultures are much more complex and contextually based than represent in these inflexible dimensional representations.


=== Counseling and clinical psychology ===
Cross-cultural clinical psychologists (e.g., Jefferson Fish) and counseling psychologists (e.g., Lawrence H. Gerstein, Roy Moodley, and Paul Pedersen) have applied principles of cross-cultural psychology to psychotherapy and counseling. Additionally, the book by Uwe P. Gielen, Juris G. Draguns, and Jefferson M. Fish titled ""Principles of Multicultural Counseling and Therapy"" contains numerous chapters on the application of culture in counseling. Joan D. Koss-Chioino, Louise Baca, and Luis A. Varrga are all listed in this book (in the chapter titled ""Group Therapy with Mexican American and Mexican Adolescents: Focus on Culture) as working with Latinos in their way of therapy that is known to be culturally sensitive. For example, in their therapy they create a ""fourth life space"" that allows children/adolescents to reflect on difficulties they may be facing. Furthermore, in the book it is stated that various countries are now starting to incorporate multicultural interventions into their counseling practices. The countries listed included: Malaysia, Kuwait, China, Israel, Australia, and Serbia. Lastly, in the chapter titled ""Multiculturalism and School Counseling: Creating Relevant Comprehensive Guidance and Counseling Programs,"" Hardin L. K. Coleman, and Jennifer J. Lindwall propose a way to incorporate cultural components into school counseling programs. Specifically, they emphasize the necessity of the counselor's having multicultural competence and the ability to apply this knowledge when working with persons of varying ethnic backgrounds. In addition, several recent volumes have reviewed the state of counseling psychology and psychotherapy around the world while discussing cross-cultural similarities and differences in counseling practices.


=== Five-factor model of personality ===

Can the traits defined by American psychologists be generalized across people from different countries? In response to this questions, cross-cultural psychologists have often questioned how to compare traits across cultures. To examine this question, lexical studies measuring personality factors using trait adjectives from various languages have been conducted. Over time these studies have concluded that the factors of Extraversion, Agreeableness, and Conscientiousness almost always appear, yet Neuroticism and Openness to Experience sometimes do not. Therefore, it is difficult to determine whether these traits are nonexistent in certain cultures or whether different sets of adjectives must be used to measure them. However, many researches believe that the FFM is a universal structure and can be used within cross-cultural research and research studies in general. However, other cultures may include even more significant traits that go beyond those traits included in the FFM.


=== Emotion judgments ===
Researchers have often wondered whether people across various cultures interpret emotions in similar ways. In the field of cross-cultural psychology, Paul Ekman has conducted research examining judgments in facial expression cross-culturally. One of his studies included participants from ten different cultures who were required to indicate emotions and the intensity of each emotion based upon picture of persons expressing various emotions. The results of the study showed that there was agreement across cultures as to which emotions were the most and second most intense. These findings provide support for the view that there are at least some universal facial expressions of emotion. Nevertheless, it is also important to note that in the study there were differences in the way in which participants across cultures rated emotion intensity.
While there are said to be universally recognized facial expressions, Yueqin Huang and his colleagues performed research that looked at how a culture may apply different labels to certain expressions of emotions. Huang et al. (2001) in particular compared Chinese versus American perceptions of facial emotion expressions. They found that the Chinese participants were not as skilled as the American participants at perceiving the universal emotional expressions of people coming from a culture different than their own. These findings show support for the notion that cross-cultural differences exist in emotional judgement. Huang et al. (2001) suggest that Asians may use different cues on the face to interpret the emotional expression. Also, because every culture has different values and norms, it is important to analyze those differences in order to gain a better understanding as to why certain emotions are either interpreted differently or not at all. For example, as Huang et al. (2001) point out, it is common for 'negative emotions' not to be welcomed in many Asian cultures. This important information may be critical in recognizing the cross-cultural difference between Asian and American judgments of the universal emotional expressions.


=== Differences in subjective well-being ===

The term ""subjective well-being"" is frequently used throughout psychology research and is made up of three main parts: 1) life satisfaction (a cognitive evaluation of one's overall life), 2) the presence of positive emotional experiences, and 3) the absence of negative emotional experiences. Across cultures people may have differing opinions on the ""ideal"" level of subjective well-being. For example, Brazilians have been shown in studies to find positive emotions very desirable whereas the Chinese did not score as highly on the desire for positive emotions. Consequently, when comparing subjective well-being cross-culturally it appears important to take into account how the individuals in one culture may rate one aspect differently from individuals from another culture. It is difficult to identify a universal indicator as to how much subjective well-being individuals in different societies experience over a period of time. One important topic is whether individuals from individualistic or collectivistic countries are happier and rate higher on subjective well-being. Diener, Diener, and Diener, 1995, noted that individualist cultural members are found to be happier than collectivist cultural members. It is also important to note that happier nations may not always be the wealthier nations. While there are strong associations between cultural average income and subjective well-being, the ""richer=happier"" argument is still a topic of hot debate. One factor that may contribute to this debate is that nations that are economically stable may also contain various non-materialistic features such as a more stable democratic government, better enforcement of human rights, etc. that could overall contribute to a higher subjective well-being. Therefore, it has yet to be determined whether a higher level of subjective well-being is linked to material affluence or whether it is shaped by other features that wealthy societies often possess and that may serve as intermediate links between affluence and well-being.


=== How different cultures resolve conflict ===
Grossmann et al. use evidence to show how cultures differ in the ways they approach social conflict and how culture continues to be an important factor in human development even into old age. Specifically, the paper examines aging-related differences in wise reasoning among the American and Japanese cultures. Participants' responses revealed that wisdom (e.g., recognition of multiple perspectives, one's limits of personal knowledge, and the importance of compromise) increased with age among Americans, but older age was not directly associated with wiser responses amongst the Japanese participants. Furthermore, younger and middle-aged Japanese participants illustrated higher scores than Americans for resolving group conflicts. Grossmann et al. found that Americans tend to emphasize individuality and solve conflict in a direct manner, while the Japanese place an emphasis on social cohesion and settle conflict more indirectly. The Japanese are motivated to maintain interpersonal harmony and avoid conflict, resolve conflict better, and are wiser earlier in their lives. Americans experience conflict gradually, which results in continuous learning about how to solve conflict and increased wisdom in their later years. The current study supported the concept that varying cultures use different methods to resolve conflict.
Differences in conflict resolution across cultures can also be seen with the inclusion of a third party. These differences can be found when a third party becomes involved and provides a solution to the conflict. Asian and American cultural practices play a role in the way the members of the two cultures handle conflict. A technique used by Korean-Americans may reflect Confucian values while the American technique will be consistent with their individualistic and capitalistic views. Americans will have more structure in their processes which provides standards for similar situations in the future. Contrary to American ways, Korean-Americans will not have as much structure in resolving their conflicts, but more flexibility while solving a problem. For Korean-Americans, the correct way may not always be set but can usually be narrowed down to a few possible solutions.


=== Gender-role and gender-identity differences and similarities ===
Williams and Best (1990) have looked at different societies in terms of prevailing gender stereotypes, gender-linked self-perceptions, and gender roles. The authors found both universal similarities as well as differences between and within more than 30 nations. The Handbook of Cross-Cultural Psychology also contains a review on the topic of sex, gender, and culture. One of the main findings overall was that under the topic of sex and gender, pan-cultural similarities were shown to be greater than cultural differences.  Furthermore, across cultures the way in which men and women relate to one another in social groups has been shown to be fairly similar. Further calls have been made to examine theories of gender development as well as how culture influences the behavior of both males and females.


=== Cross-cultural human development ===
This topic represents a specialized area of cross-cultural psychology and can be viewed as the study of cultural similarities  and differences in developmental processes and their outcomes as expressed by behavior and mental processes in individuals and groups. As presented by Bornstein (2010), Gielen and Roopnarine (2016) and Gardiner and Kosmitzki (2010), researchers in this area have examined various topics and domains of psychology (e.g., theories and methodology, socialization, families, gender roles and gender differences, the effects of immigration on identity), human development across the human life cycle in various parts of the world, children in difficult circumstances such as street children and war-traumatized adolescents, and global comparisons between, and influences on, children and adults. Because only 3.4% of the world's children live in the United States, such research is urgently needed to correct the ethnocentric presentations that can be found in many American textbooks (Gielen, 2016).
Berry et al. refer to evidence that a number of different dimensions have been found in cross-cultural  comparisons of childrearing practices, including differences on the dimensions of obedience training, responsibility training, nurturance training (the degree to which a sibling will care for  other siblings or for older people), achievement training, self-reliance, and autonomy; Moreover, the Handbook of Cross-Cultural Psychology Volume 2 contains an extensive chapter (The Cultural Structuring of Child Development by Charles M. Super and Sara Harkness) on cross-cultural influences on child development. They stated that three recurring topics were shown to consistently come up during their review: ""how best to conceptualize variability within and across cultural settings, to characterize activities of the child's mind, and to improve methodological research in culture and development.""


=== Behavior and motivation ===
Behavior and motivation are broad concepts and have sparked a lot of debate on the etic vs. emic perspective. One of the current major motivational theories is self-determination theory, which has been claimed to be etic universal, or, in other words, the validatity of this theory can be empirically identified across cultures. Most studies supporting this claim of cross-cultural generalizability have been focused on comparing industrialized countries in high- and middle-income regions, but could not establish the global validity of this theory. Recently, some studies attempted to bridge this gap. For example, a study  compared self-determination theory models predicting physical activity in diabetes patients across diverse disadvantaged populations (i.e. immigrant populations in urban Sweden and South Africa, and a population in rural Uganda) using multigroup structural equation modelling. The motivational process models did not correspond entirely and the study could not provide sufficient evidence for the etic validity of self-determination theory. The authors concluded that more research is needed which is in alignment with the lack of evidence for many other psychosocial domains for which research has been limited to western, industrialised and high-income countries.


== Future developments ==
The rise of cross-cultural psychology reflects a general process of globalization in the social sciences that seeks to expand specific areas of research which have Western biases. In this way, cross-cultural psychology (together with international psychology) aims to make psychology less ethnocentric in character than it has been in the past. Cross-cultural psychology is now taught at numerous universities located around the world, both as a specific content area as well as a methodological approach designed to broaden the field of psychology.


== See also ==
Cross-cultural competence
Cross-cultural psychiatry
Cross-cultural leadership
Cross-cultural studies
Cultural agility
Cultural geography
Cultural neuroscience
Cultural psychology
International Association for Cross-Cultural Psychology
International psychology
Journal of Cross-Cultural Psychology
Social Axioms Survey
World Values Survey


== Notes ==


== References ==
Berry, J. W., Poortinga, Y. H., Breugelmans, S. M., Chasiotis, A. & Sam, D. L. (2011). Cross-cultural psychology: Research and applications (3rd ed.). New York, NY: Cambridge University Press.


== Further reading ==
Journal of Cross-Cultural Psychology (JCCP)
Cross-Cultural Research (SCCR)
Robert T. Carter (Editor). (2005). Handbook of Racial-cultural Psychology and Counselling. Vols. 1–2 New Jersey: John Wiley & Sons. ISBN 0-471-65625-9 (set). Volume 1: Theory and Research ISBN 0-471-38628-6; Volume 2: Training and Practice ISBN 0-471-38629-4.
Pandey, J., Sinha, D., & Bhawal, D. P. S. (1996). Asian contributions to cross-cultural psychology. London, UK: Sage.
Shiraev, E., & Levy, D. (2013). Cross-cultural psychology: Critical thinking and contemporary applications (5th ed.). Boston: Allyn & Bacon.
Smith, P. K., Fischer, R., Vignoles, V. L., & Bond, M. H. (2013). Understanding social psychology across cultures: Engaging with others in a changing world (2nd ed.). Thousand Oaks, CA: Sage.
Singh, R. & Dutta, S. (2010). Race"" and culture: Tools, techniques and trainings. A manual for professionals. London: Karnac Systemic Thinking and Practice Series.
Major reviews of literature in cross-cultural psychology, from: Triandis, Harry C.; Roy S. Malpass; Andrew R. Davidson (1971). ""Cross-Cultural Psychology"". Biennial Review of Anthropology. 7: 1–84. JSTOR 2949227.

Five chapters in the Lindzey and Aronson Handbook of Social Psychology: Whiting 1968 on the methodology of one kind of cross-cultural research, Tajfek 1969 on perception, DeVos and Hippler 1969 on cultural psychology, Inkeles and Levinson 1969 on national character, and Etzioni 1969 on international relations
Child's (1968) review of the culture and personality area in the Borgatta and Lambert Handbook of Personality Theory and Research
Honigmann's (1967) book on personality and culture


=== Online publications ===
The following publications on the subject have been made available online on Google Book Search in their entirety or with substantial preview:

Berry, John W; Poortinga, Ype H; Segall, Marshall H; Dasen, Pierre R (2002), Cross-cultural psychology: Research and applications (2nd ed.), Cambridge: Cambridge University Press, ISBN 978-0-521-64617-8, retrieved 24 June 2010
Berry, John W; Poortinga, Ype H; Pandey, Janak, eds. (1997), Handbook of Cross-cultural Psychology, vol. 1: Theory and method (2nd ed.), Boston: Allyn and Bacon, ISBN 978-0-205-16074-7, retrieved 24 June 2010
Berry, John W; Dasen, Pierre R; Saraswathi, T.S., eds. (1997), Handbook of Cross-cultural Psychology, vol. 2: Basic processes and human development (2nd ed.), Boston: Allyn and Bacon, ISBN 978-0-205-16074-7, retrieved 24 June 2010
Berry, John W; Segall, Marshall H; Kagitcibasi, Cigdem, eds. (1997), Handbook of Cross-cultural Psychology, vol. 3: Social behavior and applications (2nd ed.), Boston: Allyn and Bacon, ISBN 978-0-205-16074-7, retrieved 24 June 2010


== External links ==

 Learning materials related to Cross-cultural psychology at Wikiversity
Culture readings online","Understanding cross-cultural psychology helps in recognizing cultural differences and similarities in human behavior, mental processes, and psychological phenomena, thereby promoting a more comprehensive and universally applicable understanding of psychology.","Cross-cultural psychology is the scientific study of human behavior and mental processes, including both their variability and invariance, under diverse cultural conditions.",0,0,supported,1.49531415524,-0.1202246740210344,-4.08763891671517,34,,0.980455219745636,-0.152921507771,1.06661169247,0.8708009627961563,2,0.428787924699,1.0,1.0,0.0,0.0,0.94775390625,0.0013704299926757812,0.051025390625,-2.029599760408848,0.11612999787870021,0.022222222222222223,0.3108108108108108,0.5,keep
Q987_460,wikiqa,what does it mean to take communion in the catholic church,"The Eucharist (Koine Greek: εὐχαριστία, romanized: eucharistía, lit. 'thanksgiving') is the term used in the Catholic Church for the sacrament in which, according to Catholic doctrine, the body and blood of Christ are made present under the appearances of consecrated bread and wine during the eucharistic liturgy commonly called the Mass. The 1983 Code of Canon Law describes the Eucharist as ""the most August sacrament … in which Christ the Lord himself is contained, offered, and received and by which the Church continually lives and grows,"" and further teaches that the eucharistic sacrifice is ""the summit and source of all worship and Christian life,"" with all other sacraments and works of the apostolate ordered to it. Catholic theology commonly distinguishes three closely related dimensions of the sacrament: Christ’s real presence in the Eucharist, the reception of Holy Communion, and the sacrificial character of the Mass. 
The term ""Eucharist"" derives from the Greek word eucharistia, meaning ""thanksgiving"", and is associated with the New Testament accounts of the Last Supper in Matthew 26:26–28, Mark 14:22–24, Luke 22:19–20, and 1 Corinthians 11:23–29—where Jesus ""gave thanks"" over the bread and the cup. In Catholic usage, three commonly used terms relate to the Eucharist: ""Mass"" refers to the liturgical celebration in which the Eucharist is consecrated; ""Holy Communion"" designates the reception of the consecrated species; and ""Blessed Sacrament"" refers to the Eucharistic species outside the celebration of Mass, especially in devotional practices such as adoration. In Catholicism, consecrated hosts are reserved in a tabernacle so that Holy Communion may be brought to the sick and the dying and to support the practice of eucharistic adoration.


== Theological references ==


=== Theological references ===


==== Old Testament ====

Old Testament passages have long been interpreted in Christian and especially Catholic tradition, as well as by many theologians and biblical scholars, as prefigurations of the Eucharist. Among the most frequently cited examples in this tradition are Melchizedek's offering of bread and wine, the covenant sacrifice on Mount Sinai, the manna given to the Israelites during their journey to the Promised Land, and the bread from heaven that strengthened Elijah. In this typological reading, some theologians describe the Sinai covenant as establishing ""God’s sanctuary presence among them"" and as anticipating ""the presence of the incarnate Passover Lamb and humanity’s final deliverance from slavery to sin."" Some Catholic theologians characterize the manna as ""wholly supernatural"", ""manifesting God’s extraordinary power over creation,"" and regard it as ""essential if one is to contemplate the Eucharist,"" since it represents God's provision of holy food to Israel. Within this Christian interpretive tradition, Christ is understood as the new paschal lamb, and the Eucharist as the new bread of the Passover.
Thomas Aquinas developed this typological reading by identifying several Old Testament figures as anticipations of the Eucharist. According to Thomistic interpreters, Aquinas taught that Melchizedek's offering prefigured the Eucharist's sign aspect, that the Day of Atonement sacrifice prefigured its content as Christ's self-offering, and that the manna prefigured its effect as grace. He further held that the paschal lamb exemplified all three dimensions—sign, content, and effect—within a single figure. Therefore, Melchizedek's act of bringing out the bread and wine has been interpreted as Eucharistic foreshadowing, a view also reflected in Catholic teaching. Jesus' statement, ""This is my blood of the New Testament, which is shed for many for the remission of sins,"" has been interpreted by theologians as fulfilling Old Testament sacrificial themes.

In the New Testament, Jesus’ final meal with his disciples is presented in the synoptic Gospels as a Jewish Passover meal, and this setting is central to Catholic Eucharistic interpretation. Some theologians compare the Passover, as a thanksgiving celebration, to the todah or thanksgiving sacrifice, while noting that in the Eucharistic context it is Jesus' body ""which is given for you."" Tim Gray argues that Jesus' citation of Psalm 22 on the cross (Mark 15:34) exemplifies ""a characteristic todah movement from lament to praise"". The Passover ritual required a sacrificial lamb and unleavened bread, elements that inform Christian interpretations of the Last Supper. Jesus’ words over the cup—""this is my blood of the covenant""—echo the Mosaic covenant in which blood seals and inaugurates a sacred bond. His description of his blood as ""poured out for many for the forgiveness of sins"" evokes prophetic themes concerning the ""many"" among Israel’s exiled tribes and the figure of the suffering servant, whose ""life is poured out for the sin of many."" Some theologians point to certain Old Testament ""oblations to the Lord"", such as bread offerings anointed with oil, and interpret them as further prefigurations of the Eucharist. In John 6:58, Jesus said to the Jews, ""This is the bread that came down from heaven. Your ancestors ate manna and died, but whoever feeds on this bread will live forever."" 


==== New Testament ====
New Testament passages used in Eucharistic interpretation include the Lord's Prayer, the Gospel of John, and Paul's First Epistle to the Corinthians. The Catechism of the Catholic Church interprets the word epiousios—a rare term not found in Classical Greek literature and used in the Lord's Prayer—as ""super-essential"" or ""super-substantial"" bread and understands it as also referring to the Eucharist. In the Gospel of John, Jesus' statement ""for my flesh is real food and my blood is real drink"" has been interpreted by some commentators as indicating that he intended his words to be taken in a strongly literal or realist sense; the Gospel further reports that many disciples ceased following him after this discourse.
 The Catholic Church uses the Words of Institution—found in the three synoptic Gospels and in Paul’s First Epistle to the Corinthians—as a biblical basis for belief in the real presence and for linking the Eucharist to Old Testament covenant and sacrificial themes. In 1 Corinthians, Paul teaches that participation in the cup and the bread is a participation in the blood and body of Christ, that ""we all share the one loaf,"" and he warns that ""whoever eats the bread or drinks the cup of the Lord in an unworthy manner will be guilty of sinning against the body and blood of the Lord"". Ryan Habbena argues that Jesus emphasizes faith for understanding his presence in the bread, noting that the verb pisteuō (""believe"") appears 98 times in the Gospel of John.

Other New Testament passages that have been interpreted in a Eucharistic sense include the disciples recognizing Christ ""in the breaking of the bread"" in the Gospel of Luke after the Resurrection, the apostles ""breaking bread"" in their homes while gathering in the temple in the Acts of the Apostles, and Paul’s teaching in 1 Corinthians that eating the bread and drinking the cup ""proclaims the Lord’s death until he comes.""


== Early leaders and documents ==
Early Christian documents and leaders, such as the Didache and figures including Ignatius of Antioch (d. c. 110), Justin Martyr (c. 150), Irenaeus of Lyons (c. 180), Clement of Alexandria (c. 202), and Cyprian of Carthage (c. 250), contributed to early Christian understandings of the Eucharist. The concept of apostolic tradition and decisions of Church councils, including the First Council of Nicaea and later the Council of Trent, contributed to shaping doctrine and regulating discipline concerning the reception and administration of the Eucharist.
Whether the agape feast, a meal held by Christians during the first centuries, was identical with, or distinct from, the Eucharist celebration is uncertain. Abuses associated with communal meals are criticized in the New Testament, notably by Paul and Jude. Some scholars argue that such concerns contributed to the gradual separation of the Eucharistic celebration from the agape meal. Justin Martyr, writing in the mid-second century, describes a Sunday gathering that includes readings, a homily, prayers, the offering of bread and wine mixed with water, and their distribution to those present, a pattern that has been compared to later Eucharistic liturgies. Justin wrote that the Christians did not receive the bread and wine as common bread and drink, having been taught that it ""is the flesh and blood of that Jesus who was made flesh"".
The Didache, an early Christian manual, includes prayers over bread and wine and instructs that only the baptized may partake of the Eucharist. Ignatius of Antioch has been interpreted as expressing a strong Eucharistic realism, writing that he desired ""the Bread of God, which is the Flesh of Jesus Christ... and for drink I desire His Blood, which is love incorruptible"", and urging Christians to avoid those who denied that the Eucharist is the flesh of Jesus Christ. Justin Martyr professed that the Eucharist ""is both the flesh and the blood of that incarnated Jesus"". Irenaeus of Lyons echoed Justin's views, wondering how others could ""affirm that the flesh is incapable of receiving the gift of God"". Clement of Alexandria said that the Lord supplies ""these intimate nutriments"" by delivering ""over His Flesh"" and pouring ""out His Blood"". Ambrose of Milan observed that ""bread is bread before the words of the Sacraments; where the consecration has entered in, the bread becomes the Flesh of Christ"". Cyprian of Carthage identified it with the Lord's Prayer, adding that Christians should ""daily receive the Eucharist for the food of salvation"", unless wounded by a heinous sin.
Early Church documents and councils emphasized reverence in the celebration of the Eucharist. Eucharistic reverence is emphasized in the early liturgical work known as the Apostolic Tradition, which instructs that ""nor a mouse or other animal"" may eat of the Eucharist, that clergy must ensure none of ""it falls and is lost"", and that the faithful should ""partake of the eucharist before eating anything else"". The First Council of Nicaea, in its eighteenth canon, addressed abuses involving deacons and the Eucharist, forbidding deacons to give Communion to presbyters or to receive it before them, and stating, ""[L]et all such practices be utterly done away, and let the deacons remain within their own bounds, knowing that they are the ministers of the bishop and the inferiors of the presbyters"".


== Later leaders and documents ==
Beyond earlier Church leaders and documents, reflection on the Eucharist contributed in later centuries in the writings of Origen (d. c. 253), Ephrem the Syrian (d. 373), Augustine of Hippo (354-430), Paschasius Radbertus (c. 785-c. 865), Berengarius of Tours (c. 999-1088), who is known for challenging traditional teaching on Eucharistic conversion, Thomas Aquinas (1225-1274), and various popes, who further articulated and clarified Eucharistic doctrine. Origen said participants must ""reverently exercise every care lest a particle of it fall"", Ephrem said they must ""eat this Bread, and do not scatter the crumbs"", and Augustine mentioned that Jesus ""gave us the same flesh to be eaten unto salvation. But no one eats that flesh unless first he adores it"". Paschasius Radbertus, following Ambrose, argued that the Eucharist contains the true, historical body of Jesus Christ and that, since God is truth itself, Christ's words over the bread and wine are to be understood in a straightforward, non-figurative sense. However, theologians, such as Berengarius, interpreted Eucharistic language less literally, a divergence that contributed to theological controversy.

In the eleventh century, Berengarius of Tours, archdeacon of Angers, questioned traditional teaching on Eucharistic conversion, provoking significant controversy in the Western Church. According to one scholarly interpretation, Berengarius was concerned that consecration should not ""entail the corollary that the species wholly cease to be bread and wine"", which he saw as incompatible with the ""Augustinian concept of the sacrament as sign"". He noted that even if a supernatural change occurred in the bread and wine, there is ""no ground for thinking that the senses are deceived in supposing the bread to be bread and the wine wine even after the prayer of consecration"". To argue otherwise, it would make God ""open to the charge of being less than frank with his believers"".
At a council in Rome in 1059, presided over by Pope Nicholas II, Berengarius gave an assent that one historian describes as ""reluctant,"" under pressure from Cardinal Humbert of Silva Candida. The formula used at the council stated that the Eucharistic change ""occurs in the realm of the five senses... therefore it is no mere symbol of Christ's body... but the actuality"". Berengarius later withdrew his assent, and one scholar writes that he argued with ""cogency that the formula was in any event internally self-contradictory"". At the Lateran councils of 1078 and 1079, Berengarius signed a profession of faith stating that the bread and wine are ""substantially converted into the very flesh and blood of our Lord Jesus Christ"". Some scholars note that, despite this formula, he continued to hold that the bread and wine retain their natural properties and receive ""a power of sanctification"", becoming ""the sacrament of His body and blood"" rather than his actual flesh. The Council of Trent firmly rejected this belief, stating:

In the first place, the holy Synod teaches, and openly and simply professes, that, in the august sacrament of the holy Eucharist, after the consecration of the bread and wine, our Lord Jesus Christ, true God and man, is truly, really, and substantially contained under the species of those sensible things. For neither are these things mutually repugnant, -that our Saviour Himself always sitteth at the right hand of the Father in heaven, according to the natural mode of existing, and that, nevertheless, He be, in many other places, sacramentally present to us in his own substance, by a manner of existing.
A major scholastic treatment of the Eucharist is Thomas Aquinas's Summa Theologiae, which includes detailed philosophical discussions of the sacrament; Aquinas argues that the true presence ""cannot be detected by sense, nor understanding, but by faith alone"" and that ""Christ is Himself contained in the Eucharist sacramentally"", since the sacrament ""should contain Christ Himself crucified, not merely in signification or figure, but also in very truth"". Aquinas also cites Cyril of Jerusalem in support of the view that faith is essential for understanding the Eucharistic mystery. He noted that the ""Eucharist is spirit and life in ways that include both the figure and the reality of the sacrament"", declaring that ""the form of the words, This is my body, does not indicate that bread and wine remain"". According to some scholars, Aquinas' treatment of the Eucharist in The Summa Theologiae draws on and harmonizes elements from both Ambrose of Milan and Augustine of Hippo. Aquinas, following Aristotelian metaphysics, teaches that the final cause is the ""cause of all causes"" and gives it priority over ""material and formal causes"".
In his Summa Theologiae, Aquinas responded to an objection about how Baptism negates the need for the institution of the Eucharist, claiming:

On the contrary, This sacrament was instituted by Christ, of Whom it is said (Mark 7:37) that ""He did all things well.""I answer that, This sacrament was appropriately instituted at the supper, when Christ conversed with His disciples for the last time. First of all, because of what is contained in the sacrament: for Christ is Himself contained in the Eucharist sacramentally. Consequently, when Christ was going to leave His disciples in His proper species, He left Himself with them under the sacramental species; as the Emperor's image is set up to be reverenced in his absence. Hence Eusebius says: ""Since He was going to withdraw His assumed body from their eyes, and bear it away to the stars, it was needful that on the day of the supper He should consecrate the sacrament of His body and blood for our sakes, in order that what was once offered up for our ransom should be fittingly worshiped in a mystery.""

Pope Paul VI, in his 1965 encyclical letter, rejected the attempt by some Catholic theologians to present the Eucharistic change as an alteration of significance, or transignification rather than transubstantiation. In his 1968 Credo of the People of God, he reiterated that any theological explanation must affirm that Christ's body and blood are truly present in the Eucharist and that the change is real and not merely in the mind of the believer. In his encyclical Ecclesia de Eucharistia, Pope John Paul II emphasized the centrality of the Eucharist in the ministry of bishops and priests, highlighting their particular responsibility to preside at its celebration.


== Eucharistic doctrines ==


=== Sacrifice ===

Many early Christian communities understood the Eucharist in sacrificial terms, though later Christian traditions debated the meaning and legitimacy of sacrificial language. Contemporary Catholic teaching holds that the celebration of the Eucharist makes present the sacrificial death of Jesus, in continuity with the Last Supper. While ""sacrifice"" in antiquity often referred to pagan rites or to the offering of animals in Judaism, theologian David Power argues that ""the Cross of Christ replaced the rites of sacrifice with the table of Christ's body and blood,"" situating the Eucharist ""outside the series of all earlier sacrificial rituals"" and introducing ""a totally different kind of reality"" that fulfills the purpose of sacrifice ""superabundantly"". Vatican II's Sacrosanctum Concilium similarly teaches that ""Christ entrusted this sacrifice to the Church, that the faithful might share in it both spiritually, by faith and charity, and sacramentally, through the banquet of Holy Communion"". The Compendium of the Catechism of the Catholic Church also states that the ""Eucharist is the very sacrifice of the Body and Blood of the Lord Jesus which he instituted to perpetuate the sacrifice of the cross"". Catholic doctrine holds that it is the same sacrifice as Calvary because it represents the sacrifice of the cross as a memorial and because it applies its fruits.
The Protestant Reformation of the sixteenth century introduced major doctrinal divisions concerning the Eucharist and its sacrificial character. In the Catholic Church, the Council of Trent taught that ""the same Christ who offered himself once in a bloody manner on the altar of the cross is contained and is offered in an unbloody manner"" in the Mass, so that a true sacrifice occurs. According to theologian Stephen Sours, some Protestant communities abandoned ""the doctrine of eucharistic sacrifice” or ""the language of offering,"" while others truncated ""its scope""; in his analysis, the idea of sacrifice in the Mass ""became obscured in Protestant thought and life,"" rather than ""simply being reformed of [its] excesses"". Sours notes that early Methodist liturgies influenced by John and Charles Wesley retained certain sacrificial elements while rejecting transubstantiation, whereas later Methodist practice moved toward more symbolic interpretations. 
Some early Protestant reformers criticized the Catholic doctrine of transubstantiation by asserting that it ""requires you not to believe your senses"", since it teaches that ""what you eat and drink is not bread and wine, but the body and blood of Jesus Christ"". Across Protestant traditions, views on the Eucharist diverged significantly. Martin Luther affirmed a ""corporal, quasi-substantial presence"" of Christ in the elements—often described as sacramental union rather than consubstantiation. In contrast, Huldrych Zwingli taught memoralism, interpreting the Eucharist as ""a mere symbol of Christ"". John Calvin articulated a real spiritual presence, wherein believers are spiritually nourished by Christ through the Holy Spirit, though his physical body remains in heaven. Because of these divisions, liturgical scholars have tried to ""develop a doctrine of Christ's ""dynamic presence"" in the Eucharist, in a contrast to the ""static presence” of a mere substance."" The views held on the Eucharist can be divided into three categories: a ""real physical presence"" where ""Christ’s body is actually present in the bread and wine"", a ""real spiritual presence"" where the ""Son is spiritually but not physically present in the meal"", and the idea of ""memorialism"", where ""the elements as primarily symbolic, taken in remembrance"".


=== Transubstantiation and concomitance ===

Transubstantiation (Latin: transubstantiatio) refers to the change of the substance of bread and wine into the body and blood of Christ, without change in the accidents of bread and wine, within the sacrament of the Eucharist. According to Catholic doctrine, by the power of the Holy Spirit and the words of Christ during consecration, they cease to be bread and wine. At his Last Supper, Jesus said, ""This is my body""; Catholic teaching holds that, although the appearances of bread remained, the ""substance"" of the bread was changed to his body. In Catholic theology, because ""substance"" is understood as a metaphysical reality rather than a physical property accessible to the senses, the Church teaches that no change detectable by empirical science occurs, even though the substance is held to change. Expanding on transubstantiation, the doctrine of concomitance teaches that Christ's body and blood are inseparably present, so that communicants receiving either species receive ""Christ, whole and entire—Body, Blood, Soul, and Divinity"". The Catechism states that ""Christ is present whole and entire in each of the species... the breaking of the bread does not divide Christ"".
The Catholic Church teaches that, by transubstantiation, Christ is truly and substantially present under the appearances of bread and wine, a belief that underlies the practice of reserving consecrated elements in a tabernacle, bringing Holy Communion to the sick and dying, and fostering Eucharistic adoration. The Catechism states that the Eucharistic presence is ""a presence in the fullest sense: that is to say, it is a substantial presence by which Christ, God and man, makes himself wholly and entirely present"". In the New Testament, Saint Paul teaches that participation in the one loaf forms ""worshippers into one body in Christ"" and Jesus' words at the Last Supper describe the cup ""for you"" and ""for the forgiveness of sins"". John Zupez argues that ""there was no separation of the fact of the real presence in the bread... the term transubstantiation focuses only on the fact"".
Hildebert de Lavardin, Archbishop of Tours, is among the earliest Latin authors known to use the term ""transubstantiation"" to describe the change from bread and wine to the body and blood of Christ. Early Latin Christian writers also used the term ""substance"" (substantia), for example in speaking of the Son as being the same ""substance"" (consubstantialis) as the Father. In 1215, the Fourth Lateran Council used the word transubstantiated in its profession of faith and stated the following on the doctrine:

His body and blood are truly contained in the sacrament of the altar under the forms of bread and wine, the bread and wine having been changed in substance, by God’s power, into his body and blood, so that in order to achieve this mystery of unity we receive from God what he received from us. Nobody can effect this sacrament except a priest who has been properly ordained according to the church’s keys, which Jesus Christ himself gave to the apostles and their successors.


==== Cannibalism claims ====
Critics of the Eucharist have at times characterized the doctrine of Christ's real presence as a form of cannibalism, often to portray the practice as immoral or to discredit it. One interpreter of Søren Kierkegaard's Eucharistic writings has used his notion of ""a teleological suspension of the ethical,""—in which ""the ethical is suspended by a higher power, a direct divine mandate""—to argue that, within such a framework, ritual or spiritual forms of cannibalism could be seen as superseding ordinary moral rules against cannibalism. Early Christian sources also recognized the challenging nature of Jesus' teaching on eating his flesh and drinking his blood; according to the Gospel of John, some of his disciples said, ""This is a hard teaching. Who can accept it?"" and ""many of his disciples turned back and no longer followed him"". One scholar argues that the Eucharist unites ""the most positive and holiest as well as the most horrible and taboo-ridden aspects of eating and nourishment"", a combination that contributes to what makes ""the Eucharist so very powerful"". Father Wayne Stock emphasizes that this is a spiritual reality: ""[W]e are not taking pieces of meat off of his body but instead eating bread that has been transformed into his body"" since ""[H]is body is neither killed nor destroyed"".


===== Minister of the sacrament =====

According to Catholic teaching, only a validly ordained priest or bishop can consecrate the Eucharist and preside at its celebration, acting in the person of Christ. In the Latin Church, lay faithful may serve as extraordinary ministers of Holy Communion, distributing the sacrament when ""there are no ordained ministers present"", when ordained ministers are unable to distribute it, or when there are ""particularly large numbers of the faithful""; however, they have no power to consecrate the bread and wine.


=== Rules and obligations ===

Because the Eucharist is held to be the real presence of the body and blood of Christ and the central act of Catholic worship, the Catholic Church prescribes specific rules and obligations for the faithful regarding its reception. The Eucharist may be celebrated on most days of the year; on Good Friday, however, no Mass is offered and Communion is distributed from hosts consecrated at the Mass of the Lord’s Supper on Holy Thursday. A person may not receive the Eucharist in a state of mortal sin, as this would be sacrilege, unless ""he has a grave reason for receiving Communion and there is no possibility of going to confession,"" as provided in canon law, a norm traditionally linked to 1 Corinthians 11:27-29. Catholic teaching holds that the principal fruit of the Eucharist is an intimate union with Christ Jesus, together with other spiritual gifts. In addition, Catholics are obliged to receive the Eucharist at least once per year, preferably during the Easter season, and, in the Latin Church, to abstain from food and drink (except water and medicine) for at least one hour before Communion. Eastern Catholics follow the fasting norms of their own Churches, which generally prescribe a longer period of preparation. In the Latin Church, communicants are to make an outward sign of reverence—such as a bow of the head—before receiving, and may receive either on the tongue or in the hand. A Catholic may receive Communion either during Mass or outside of Mass and may receive it a second time in one day, provided the second reception occurs within a Mass in which the person participates.
For children, canon law requires ""sufficient knowledge and careful preparation... to receive the body of Christ with faith and devotion"". However, Communion may be administered to children ""in danger of death"" if ""they can distinguish the body of Christ from ordinary food"" and receive it reverently. In many dioceses in the United States and Canada, children typically receive their First Communion around the age of seven or eight (often in second grade), whereas in many Eastern Catholic Churches the Eucharist is given to infants immediately after Baptism and Chrismation. Holy Communion may be received under one kind (either the consecrated host or the chalice) or under both kinds; the Church teaches that ""Holy Communion has a fuller form as a sign when it is distributed under both kinds,"" but that those who receive ""even under only one species… are not deprived of any of the grace necessary for salvation"". The diocesan bishop may permit Communion under both kinds whenever it is appropriate and there is ""no danger of profanation of the Sacrament"" or of the rites ""becoming difficult"". In the Mass, a Communion plate may be used when the faithful receive, in order to ""avoid the danger of the sacred host or some fragment of it falling"".
The bread for the Eucharist must be made solely from wheat, and the wine must be natural grape wine and not corrupt. In the Latin, Armenian, and Ethiopic rites, the bread is unleavened, whereas it is leavened in most Eastern Catholic Churches. A small quantity of water is added to the wine in the preparation of the chalice. The Congregation for Divine Worship has issued guidance on the character of bread and wine to be used in the Mass, including norms for low‑gluten hosts and for the use of mustum (minimally fermented grape juice) in particular cases.
According to canon law, validly baptized non‑Catholics may receive the Eucharist only in special situations. Members of Eastern Churches not in full communion with Rome may be admitted if they seek the sacrament of their own accord, manifest Catholic faith in it, and are properly disposed. Other baptized Christians may receive only in cases of danger of death or other grave necessity, when they cannot approach a minister of their own community, provided they manifest Catholic faith in the Eucharist, request it on their own, and are properly disposed; in all such cases, care is to be taken to avoid any appearance of indifferentism.


== Devotions ==
In Catholic devotional practice, there are First Friday and, in some places, First Thursday devotions closely associated with the Eucharist. First Friday devotions, linked to the Sacred Heart of Jesus, typically involve attending Mass and receiving Communion, along with other practices such as a Holy Hour of meditation during the exposition of the Blessed Sacrament; devotional literature associated with this practice speaks of various spiritual ""promises,"" including final perseverance, for those who observe it faithfully. 
Some private devotions observed on First Thursdays focus on reparation for the Holy Wounds of Christ and are associated, in their devotional literature, with promises such as salvation at the moment of death. In one such devotion, the practice is carried out on the first Thursdays of six consecutive months, symbolically linked to Jesus’ five wounds of the crucifixion and his shoulder wound. These devotions typically include meditation on the wounds of Jesus and the Sorrows of Mary, and they encourage reception of the Eucharist with sincere humility, fervor, and love. One theological reflection on such practices emphasizes that the ""great themes of the liturgy (resurrection, hope, and God’s love) should flow over into the family,"" so that ""the private devotions of our daily lives"" may ""form a bridge leading back to the common assembly.""


== Adoration and benediction ==

The adoration and benediction of the Eucharist have developed as practices of devotion in the Catholic Church; exposition of the Eucharist involves displaying the consecrated host on an altar in a monstrance, while the host is ordinarily reserved in the tabernacle after Mass. According to Catholic authors, Eucharistic adoration and meditation are not limited to gazing at the host but are understood as an extension of the Eucharistic celebration, grounded in the belief that Christ is truly present in the consecrated host. Meditation performed in the presence of the Eucharist is called Eucharistic meditation and has been practiced by numerous saints, such as Peter Julian Eymard, Jean Vianney, and Thérèse of Lisieux as well as by authors including Venerable Concepcion Cabrera de Armida and Blessed Maria Candida of the Eucharist.
Perpetual adoration consists in the constant exposition and adoration of the Eucharist, typically maintained by resident monks or nuns, or by volunteer parishioners in a parish. In 1991, the Pontifical Council for the Laity issued specific guidelines for perpetual adoration in parishes, stating that the parish priest must obtain permission ""from his Bishop by submitting a request… with the required information for the local 'perpetual adoration association'”. Many popes have encouraged Eucharistic adoration outside Mass since the Middle Ages; Pope John Paul II described it as of ""inestimable value for the life of the Church"" and expressed the wish for a ""perpetual adoration chapel in every parish,"" while Pope Benedict XVI established perpetual adoration chapels for the laity in each of the five districts of the Diocese of Rome. The Church approves private devotional adoration, individually or in groups, and other Catholic devotions derived from the sacred liturgy, which, according to official teaching, can ""lead the people to it"".


== References ==


== External links ==

http://www.savior.org/ - Live Video Stream of the Eucharist
Fr. Nikolaus Gihr (1902). The Holy Sacrifice of the Mass: Dogmatically, Liturgically, and Ascetically Explained. St. Louis: Freiburg im Breisgau. OCLC 262469879. Retrieved 2011-04-20.
Ancient texts and modern studies on the eucharist in Tiresias: The Ancient Mediterranean Religions Source Database.","In the Catholic Church, taking communion means receiving the Eucharist, which is believed to be the true body and blood of Jesus Christ under the appearances of bread and wine, consecrated during the Mass. It is a sacred act of worship and a means of spiritual nourishment and union with Christ.","The institution of the Eucharist has been a key theme in the depictions of the Last Supper in Christian art , as in this 16th-century Juan de Juanes painting.",0,0,supported,0.677957535303,-0.07813805851858771,-4.688283511115262,60,,0.8351507186889648,1.23579225262,1.99138522401,0.6763036667892686,4,0.597695809567,1.0,1.0,0.0,0.0,0.99560546875,0.0018301010131835938,0.0025587081909179688,-1.6215385815213883,0.1649927902819582,0.022222222222222223,0.3108108108108108,0.5,keep
Q2072_924,wikiqa,who is paul avery to the zodiac killings,"Paul Avery (born Paul Stuart Depew II; April 2, 1934 – December 10, 2000) was an American journalist, best known for his reporting on the serial killer known as the Zodiac, and later for his work on the Patty Hearst kidnapping and trial. He worked for decades at the San Francisco Chronicle and the Sacramento Bee.


== Early life ==
Avery was born Paul Stuart Depew in Honolulu, Hawaii Territory, the son of Frances Quette Cannon (1911–1971) and Paul Stuart Depew Sr. (1905–1960). His parents divorced and his mother married Howard Malcom Avery, a decorated U.S. Navy officer and pilot. He would later take his adopted father's surname. Avery was raised and educated in Honolulu, Oakland, California, and Washington, D.C. At 21, Avery started his career in journalism in 1955 at the Vicksburg Post-Herald (Vicksburg, Mississippi).
He later worked at the Victoria Advocate (Victoria, Texas), the Anchorage Daily Times (Anchorage, Alaska), the Honolulu Advertiser (Honolulu, Hawaii), where he was appointed the paper's Big Island bureau chief at 23; and the San Luis Obispo Telegram-Tribune (San Luis Obispo, California).


== San Francisco Chronicle career ==
In 1959 Avery joined the San Francisco Chronicle. In the second half of the 1960s, Avery took a leave of absence from the Chronicle and moved with his family to Vietnam, where the United States was increasing its involvement in armed conflict. In Saigon, Avery co-founded Empire News, a freelance photojournalism organization. He expanded Empire News, opening a branch in Hong Kong, before returning to San Francisco in 1969, after three years in Asia.
In the mid-1980s, after working for The Sacramento Bee and writing a book about the Patty Hearst kidnapping, he signed up with the then- Hearst-owned San Francisco Examiner. He worked there until his retirement in August 1994.


=== Zodiac Killer ===
Avery received notice for his reporting on the Zodiac Killer case, a series of killings that began in December 1968 and ostensibly ended with the death of a San Francisco cab driver in October 1969. At the time, Avery was a police reporter for the San Francisco Chronicle.
For a long time, investigators thought that the Zodiac's activities were limited to the Bay Area, but Avery discovered a 1966 murder in Riverside that he linked to the Zodiac.
The Zodiac soon sent Avery (misspelled by the Zodiac as ""Averly"") a Halloween card, warning, ""You are doomed."" The front of the card read, ""From your secret pal: I feel it in my bones/you ache to know my name/and so I'll clue you in..."" Then inside: ""But, then, why spoil the game?"" Just as quickly as the threat was made public, a fellow journalist made up hundreds of campaign-style buttons, worn by nearly everyone on Chronicle staff, including Avery, that said, ""I Am Not Paul Avery."" At this time Avery began carrying a .38 caliber revolver.


=== Patty Hearst ===
When Patricia Hearst was kidnapped in February 1974, Avery joined forces with Chronicle reporter Tim Findley to produce a series of stories detailing the kidnapping and reporting about the members of the little-known band of revolutionaries who called themselves the Symbionese Liberation Army (SLA).
Avery covered the Hearst case until the young heiress was arrested in September 1975. Avery holed up on his houseboat at Gate 5 in Sausalito with Boston writer Vin McLellan to write The Voices of Guns, a book on the SLA and the Hearst kidnapping.


=== Later work ===
Avery was diagnosed with emphysema, a progressive disease, but he continued working in crime and journalism until the end of his life. After joining The Sacramento Bee in 1976, he discovered that authorities had wrongly charged an innocent man with murder. He was instrumental in convincing detectives to drop the charges.


== Personal life ==
While covering the war in Vietnam, Avery suffered a spinal fracture when a falling tree limb knocked him from atop an armored personnel carrier.
Avery died of pulmonary emphysema in West Sound, Washington, on December 10, 2000. Avery's family scattered his ashes in the San Francisco Bay the following June.
At the time of his death, Avery was married to Margo St. James, a feminist organizer and founder of the sex worker's rights group COYOTE (Call Off Your Old Tired Ethics). He has two daughters from an earlier marriage.


== In media ==
Avery was portrayed by Robert Downey Jr. in the 2007 film Zodiac. The film details the reporter's involvement in the Zodiac case, including his discovery of the connection of the 1966 Riverside murder to those in the Bay area, the threat on his life, and a fictionalized account of involvement with Robert Graysmith, a cartoonist who became an expert on the killer. It also explores Avery's eventual physical decline, including abuse of cocaine and alcohol. The film ends with a brief mention of his fatal illness and death. In 2010, his former colleague Lance Williams wrote that the movie ""portrayed Avery as ruined by the Zodiac... That just wasn't true.""


== References ==


== External links ==
Transcription of Paul Avery's 1970 Zodiac article.",Paul Avery was a journalist who reported on the Zodiac killings and discovered a connection between the Zodiac Killer and a 1966 murder in Riverside.,"Paul Avery (April 2, 1934December 10, 2000) was an American police reporter, best known for his stories on the infamous serial killer known as the Zodiac , and later for his work on the Patricia Hearst kidnapping.",1,0,supported,0.765267504846,-0.08263374746032305,-2.4790124238096913,30,,0.954256534576416,0.0974662939417,0.755190786806,0.7085508861778121,2,0.594368228385,1.0,1.0,0.0,0.0,0.994140625,0.0012989044189453125,0.00434112548828125,-1.767530404796878,0.14584971612266218,0.022222222222222223,0.3108108108108108,0.5,keep
Q2523_1194,wikiqa,what is primary medicine,"Primary care is the day-to-day healthcare given by a health care provider. Typically, this provider acts as the first contact and principal point of continuing care for patients within a healthcare system, and coordinates any additional care the patient may require. Patients commonly receive primary care from professionals such as a primary care physician (general practitioner or family physician), a physician assistant, a physical therapist, or a nurse practitioner. In some localities, such a professional may be a registered nurse, a pharmacist, a clinical officer (as in parts of Africa), or an Ayurvedic or other traditional medicine professional (as in parts of Asia). Depending on the nature of the health condition, patients may then be referred for secondary or tertiary care.


== Background ==
The World Health Organization attributes the provision of essential primary care as an integral component of an inclusive primary healthcare strategy. The WHO identifies five core functions of primary care: providing first-contact accessibility, continuity of care, coordinated integration of various patient services, comprehensive access to a full range of services, and finally people-centred care in which individual patient feedback is received. It aims to optimise population health and reduce disparities across the groups by ensuring equitable access to services for all subgroups. Primary care involves the widest scope of healthcare, including all ages of patients, patients of all socioeconomic and geographic origins, patients seeking to maintain optimal health, and patients with all manner of acute and chronic physical, mental and social health issues, including multiple chronic diseases. Consequently, a primary care practitioner must possess a wide breadth of knowledge in many areas. Continuity is a key characteristic of primary care, as patients usually prefer to consult the same practitioner for routine check-ups and preventive care, health education, and every time they require an initial consultation about a new health problem. Collaboration among providers is a desirable characteristic of primary care.
The International Classification of Primary Care (ICPC) is a standardized tool for understanding and analyzing information on interventions in primary care by the reason for the patient visit. Common chronic illnesses usually treated in primary care may include, for example: hypertension, angina, diabetes, asthma, COPD, depression and anxiety, back pain, arthritis or thyroid dysfunction. Primary care also includes many basic maternal and child health care services, such as family planning services and vaccinations.
In context of global population ageing, with increasing numbers of older adults at greater risk of chronic non-communicable diseases, rapidly increasing demand for primary care services is expected around the world, in both developed and developing countries.
Funding for primary care varies a great deal between different countries: general taxation, national insurance systems, private insurance and direct payment by patients are all used, sometimes in combination. The payment system for primary care physicians also varies. Some are paid by fee-for-service and some by capitation for a list of registered patients.


== Primary care by region ==


=== Canada ===

In Canada, access to primary and other healthcare services is guaranteed for all citizens through the Canada Health Act.


=== Hong Kong ===
The Hong Kong Special Administrative Region Government's 2016 Policy Address recommended strengthening the development of primary care and establishing an electronic database of the ""Primary Care Guide"" to facilitate public consultation. The Department of Health developed reference profiles for preventive care for some chronic diseases.
In 2017, the policy address recommended the establishment of a primary health care development steering committee to comprehensively review the planning of primary health care services and provide community medical services through regional medical and social cooperation.
The 2018 policy address proposed the establishment of the first district health centre and promoted the establishment of district centre in other districts.
The Hong Kong Food and Health Bureau established the Primary Healthcare Office on March 1, 2019, to monitor and supervise the development of primary health care services. In the process of developing the district health centers, regional health stations will be set up in various districts as transitional units offering the public with primary care services.


=== Nigeria ===

In Nigeria, healthcare is a concurrent responsibility of three tiers of government. Local governments focus on the delivery of primary care (e.g. through a system of dispensaries), state governments manage the various general hospitals (secondary care), while the federal government's role is mostly limited to coordinating the affairs of the Federal Medical Centres and university teaching hospitals (tertiary care).general medical


=== Poland ===
Basic Primary care, (Polish: Podstawowa Opieka Zdrowotna, POZ) is a basic, common element of the health care system in Poland.
The basic health care unit (formerly: health care facility) is a medical entity that provides comprehensive care for people who have declared their willingness to use the services of a family doctor or another doctor who has the right to create an active list of patients. This means treatment and prevention of diseases, rehabilitation, as well as adjudication on the state of health. For a health care center to become a primary care provider, it must also provide care for its health visitor and midwife.
Since 2007, only General Practitioners, doctors undergoing specialization in family medicine, and doctors who have previously acquired the right to create an active list due to seniority in POZ before 2007 can be doctors creating active primary care lists. The currently pending proposals of the Ministry of Health, granting the right to create an active list to internists and pediatricians without experience of working in primary care, met with severe criticism of all family medicine organizations.
In organizational terms, POZ can act as:

non-public healthcare facility (NZOZ) - private company
independent public health care institution (SPZOZ) - a state unit or subordinate to local government
individual medical practice - private medical or nursing practice
group medical practice - a group of private medical or nursing practices
group / individual practice of community and family nurses
group / individual practice of community midwives.
The Act of October 27, 2017 on basic health care (Journal of Laws of 2020, item 172) has been in force since 2017.
POZ clinics are independent companies (except SPZOZ), however, the services they provide are free for insured persons when POZ has a contract with the National Health Fund.


=== Russia ===

Primary health care (Russian: Первичная медико-санитарная помощь) in the Russian Federation is free (as part of territorial compulsory health insurance programs).
Primary health care includes measures for the prevention, diagnosis, treatment of diseases and conditions, medical rehabilitation, monitoring the course of pregnancy, the formation of a healthy lifestyle, including reducing the level of risk factors for diseases, and sanitary and hygienic education. Primary health care is provided to citizens on an outpatient basis and in an inpatient setting, in planned and emergency forms.
Types of primary health care:

primary pre-medical health care
primary medical care
primary specialized health care
Primary pre-medical health care is provided by paramedics, obstetricians and other medical workers with secondary medical education.
Primary medical health care is provided by general practitioners, district general practitioners, pediatricians, district general pediatricians and general practitioners (family doctors). Primary specialized health care is provided by specialist doctors, including medical specialists from medical organizations that provide specialized, including high-tech, medical care.


=== United Kingdom ===

In the United Kingdom, patients can access primary care services through their local general practice, community pharmacy, optometrist, dental surgery and community hearing care providers. Services are generally provided free-at-the-point-contact through the National Health Service.  In the UK, unlike many other countries, patients do not normally have direct access to hospital consultants and the GP controls access to secondary care.  This practice is referred to as ""gatekeeping""; the future of this role has been questioned by researchers who conclude ""Gatekeeping policies should be revisited to accommodate the government's aim to modernise the NHS in terms of giving patients more choice and facilitate more collaborative work between GPs and specialists. At the same time, any relaxation of gatekeeping should be carefully evaluated to ensure the clinical and non-clinical benefits outweigh the costs"".


=== United States ===
As of 2012, there were about six primary care professional societies in the United States, including American College of Physicians, American Academy of Family Physicians, the Society of General Internal Medicine, the American Academy of Pediatrics, the American Osteopathic Association, and the American Geriatrics Society.
A 2009 report by the New England Healthcare Institute determined that increased demand for primary care by older, sicker patients and decreased supply of primary care practitioners has led to a crisis in primary care delivery. The research identified a set of innovations that could enhance the quality, efficiency, and effectiveness of primary care in the United States.
On March 23, 2010, President Obama signed the Patient Protection and Affordable Care Act (ACA) into law. The law is estimated to have expanded health insurance coverage by 20 million people by early 2016 and is expected to expand health care to 34 million people by 2021. The success of the expansion of health insurance under the ACA in large measure depends on the availability of primary care physicians. The ACA has drastically exacerbated the projected deficit of primary care physicians needed to ensure care for insured Americans. According to the Association of American Medical Colleges (AAMC), without the ACA, the United States would have been short roughly 64,000 physicians by 2020; with the implementation of the ACA, it will be 91,000 physicians short. According to the AAMC's November 2009 physician work force report, nationally, the rate of physicians providing primary care is 79.4 physicians per 100,000 residents.
Primary healthcare results in better health outcomes, reduced health disparities, and lower spending, including on avoidable emergency department visits and hospital care. That said, primary care physicians are an important component in ensuring that the healthcare system as a whole is sustainable. However, despite their importance to the healthcare system, the primary care position has suffered in terms of its prestige in part due to the differences in salary compared to doctors that decide to specialize. A 2010 national study of physician wages conducted by the UC Davis Health System found that specialists are paid as much as 52 percent more than primary care physicians, even though primary care physicians see far more patients.
In 2005, primary care physicians earned $60.48 per hour; specialists, on average earned $88.34. A follow-up study conducted by the UC Davis Health System found that earnings throughout the careers of primary care physicians averaged as much as $2.8 million less than the earnings of their specialist colleagues. This discrepancy in pay has potentially made primary care a less attractive choice for medical school graduates. In 2015, almost 19,000 doctors graduated from American medical schools, and only 7 percent of graduates chose a career in primary care. The average age of a primary care physician in the United States is 47 years old, and one-quarter of all primary care physicians are nearing retirement. Fifty years ago, roughly half of the physicians in America practiced primary care; today, fewer than one-third of them do.
Projections show that by the year 2033, the population of individuals 65 and older will increase by 45.1%, creating a demand for primary care physicians that is greater than the supply.
The medical home model is intended to help coordinate care with the primary care provider at the center of the patient's healthcare.


==== Strategies to address the primary care shortage ====
The Patient Protection Affordable Care Act contains several provisions to increase primary care capacity. These provisions are directed towards medical school graduates and include payment reform, student loan forgiveness programs, and increased primary care residency positions  The PPACA also provides funding and mandates to increase the role of mid-level practitioners like physician assistants and nurse practitioners to enhance the primary care workforce. The PPACA is projected to increase patient demand for primary care services. By adopting new patient care delivery models that include physicians working in tandem with physician assistants and nurse practitioners, the demand for future primary care services could be met. Consumer surveys have found the American public to be open to a greater role for physician extenders in the primary care setting. Policies and laws, primarily at the state level, would need to redefine and reallocate the roles and responsibilities for non-physician licensed providers to optimize these new models of care.
According to  a FAIR Health analysis, 29 percent of patients who received medical care in the US between 2016 and 2022 did not see a primary care doctor.


== Shared-decision making ==


=== Involving older patients ===
There is currently limited evidence to form a robust conclusion that involving older patients with multiple long-term conditions in decision-making during primary care consultations has benefits. Examples of patient involvement in decision-making about their health care include patient workshops and coaching, individual patient coaching. Further research in this developing area is needed.  


== See also ==


== References ==


== External links ==

Defining Primary Care from Institute of Medicine IOM – Primary Care: America's Health in a New Era (1996)
Primary Care Definitions from American Academy of Family Physicians AAFP
Definition of Primary Care from American Medical Association AMA
Defining primary health care Department of Health United Kingdom UK
What is primary health care? Aboriginal Medical Services Alliance Northern Territory (AMSANT) Australia","Primary care is the day-to-day healthcare provided by a healthcare provider, serving as the first contact and principal point of continuing care for patients, coordinating additional care as needed.",Primary care may be provided in community health centres.,1,0,supported,0.482960534075,-0.06809744269103535,-2.3153130514952016,34,,0.9804202318191528,-0.152587118853,0.789702273298,0.45839024359096836,3,0.598406192067,1.0,1.0,0.0,0.0,0.99560546875,0.0016307830810546875,0.0029621124267578125,-1.7158911753268205,0.15240116358127126,0.022222222222222223,0.3108108108108108,0.5,keep
Q433_262,wikiqa,how was the moon formed,"The Moon is the only natural satellite of Earth. It orbits around Earth at an average distance of 384,399 kilometres (238,854 mi), a distance roughly 30 times the width of Earth. It completes an orbit (lunar month) in relation to Earth and the Sun (synodically) every 29.5 days. The Moon and Earth are bound by gravitational attraction, which is stronger on the sides facing each other. The resulting tidal forces are the main driver of Earth's tides, and have pulled the Moon to always face Earth with the same near side. This tidal locking effectively synchronizes the Moon's rotation period (lunar day) to its orbital period (lunar month).
In geophysical terms, the Moon is a planetary-mass object or satellite planet. Its mass is 1.2% that of the Earth, and its diameter is 3,474 km (2,159 mi), roughly one-quarter of Earth's (about as wide as the contiguous United States). Within the Solar System, it is larger and more massive than any known dwarf planet, and the fifth-largest and fifth-most massive moon, as well as the largest and most massive in relation to its parent planet. Its surface gravity is about one-sixth of Earth's, about half that of Mars, and the second-highest among all moons in the Solar System after Jupiter's moon Io. The body of the Moon is differentiated and terrestrial, with only a minuscule hydrosphere, atmosphere, and magnetic field. The lunar surface is covered in regolith dust, which mainly consists of the fine material ejected from the lunar crust by impact events. The lunar crust is marked by impact craters, with some younger ones featuring bright ray-like streaks. The Moon was volcanically active until 1.2 billion years ago, surfacing lava mostly on the thinner near side of the Moon, filling ancient craters, which through cooling formed the today prominently visible dark plains of basalt called maria ('seas'). The origin of the Moon is not clear, although it is thought to have been formed out of material from Earth that was ejected by a giant impact of a Mars-sized body 4.51 billion years ago, not long after Earth's formation.
From a distance, the day and night phases of the lunar day are visible as the lunar phases, and when the Moon passes through Earth's shadow a lunar eclipse is observable. The Moon's apparent size in Earth's sky is about the same as that of the Sun, which causes it to cover the Sun completely during a total solar eclipse. The Moon is the brightest celestial object in Earth's night sky because of its large apparent size, while the reflectance (albedo) of its surface is comparable to that of asphalt. About 59% of the surface of the Moon is visible from Earth owing to the different angles at which the Moon can appear in Earth's sky (libration), making parts of the far side of the Moon visible.
The Moon has been an important source of inspiration and knowledge in human history, having been crucial to cosmography, mythology, religion, art, time keeping, natural science and spaceflight. The first spaceflights to an extraterrestrial body were to the Moon, starting in 1959 with the flyby of Luna 1 (sent by the Soviet Union), and the intentional impact of Luna 2, followed in 1966 by the first soft landing (by Luna 9) and orbital insertion (by Luna 10). Humans first arrived in orbit with Apollo 8 (sent by the United States) on December 24, 1968, and then on the surface with Apollo 11 on July 20, 1969, making the Moon the only celestial body beyond Earth that humans have visited. By 1972, six Apollo missions had landed twelve humans on the Moon and stayed up to three days. Renewed robotic exploration of the Moon, in particular to confirm the presence of water on the Moon, has fueled plans to return humans to the Moon, starting with the Artemis program scheduled for the late 2020s.


== Names and etymology ==
The English proper name for Earth's natural satellite is typically written as Moon, with a capital M. The noun moon is derived from Old English mōna, which stems from Proto-Germanic *mēnōn, which in turn comes from Proto-Indo-European *mēnsis ('month') – from earlier *mēnōt (genitive *mēneses), which may be related to a verb meaning 'to measure [time]'.
The Latin name for the Moon is lūna. The English adjective lunar was ultimately borrowed from Latin, likely through French. In scientific writing and science fiction, the Moon is sometimes referred to as Luna  to distinguish it from other moons. In poetry, Luna may also refer to the personification of the Moon as a woman.
The Ancient Greek word selḗnē referred to the Moon as a celestial body, and also to the moon goddess Selene . The rare English adjective selenian  is used to describe the Moon as a world, as opposed to a celestial object. Its cognate selenic, originally a rare synonym, now almost always refers to the chemical element selenium. The corresponding prefix seleno- appears in terms including selenography (the study of the lunar surface).
Artemis, the Greek goddess of the wilderness and the hunt, also came to be identified with Selene, and was sometimes called Cynthia after her birthplace on Mount Cynthus. Her Roman equivalent is Diana.
The astronomical symbols for the Moon are the crescent  and decrescent , for example in M☾ 'lunar mass'.


=== Classification ===
The International Astronomical Union (IAU) calls Earth's satellite ""the Moon"", with a capital ""M"". Other natural satellites of planets are called 'moons', with a lower-case ""m"".
The Moon has historically been identified as a classical planet, in the original sense of a wandering object in the sky. When Galileo discovered satellites orbiting Jupiter, he named them 'moons' because, like the Moon, they can be considered planets orbiting another planet. Some experts hold to a geophysical definition that classifies moons as planets that orbit the Sun while incidentally orbiting another planet. Some have suggested that the Earth and Moon form a double planet system, but most scientists agree that this would require the orbital barycenter to lie outside of Earth, which it does not.


== Natural history ==


=== Formation ===

Isotope dating of lunar samples suggests the Moon formed around 50 million years after the origin of the Solar System. Historically, several formation mechanisms have been proposed, but none satisfactorily explains the features of the Earth–Moon system. A fission of the Moon from Earth's crust through centrifugal force would require too great an initial rotation rate of Earth. Gravitational capture of a pre-formed Moon depends on an unfeasibly extended atmosphere of Earth to dissipate the energy of the passing Moon. A co-formation of Earth and the Moon together in the primordial accretion disk does not explain the depletion of metals in the Moon. None of these hypotheses can account for the high angular momentum of the Earth–Moon system.
The prevailing theory is that the Earth–Moon system formed after a giant impact of a Mars-sized body (named Theia) with the proto-Earth. The oblique impact blasted material into orbit about the Earth and the material accreted and formed the Moon just beyond the Earth's Roche limit of ~2.56 R🜨.
Giant impacts are thought to have been common in the early Solar System. Computer simulations of giant impacts have produced results that are consistent with the mass of the lunar core and the angular momentum of the Earth–Moon system. These simulations show that most of the Moon derived from the impactor, rather than the proto-Earth. However, models from 2007 and later suggest a larger fraction of the Moon derived from the proto-Earth. Other bodies of the inner Solar System such as Mars and Vesta have, according to meteorites from them, very different oxygen and tungsten isotopic compositions compared to Earth. However, Earth and the Moon have nearly identical isotopic compositions. The isotopic equalization of the Earth–Moon system might be explained by the post-impact mixing of the vaporized material that formed the two, although this is debated.
The impact would have released enough energy to liquefy both the ejecta and the Earth's crust, forming a magma ocean. The liquefied ejecta could have then re-accreted into the Earth–Moon system. The newly formed Moon would have had its own magma ocean; its depth is estimated from about 500 km (300 miles) to 1,737 km (1,079 miles).
While the giant-impact theory explains many lines of evidence, some questions are still unresolved, most of which involve the Moon's composition. Models that have the Moon acquiring a significant amount of the proto-Earth are more difficult to reconcile with geochemical data for the isotopes of zirconium, oxygen, silicon, and other elements. A study published in 2022, using high-resolution simulations (up to 108 particles), found that giant impacts can immediately place a satellite with similar mass and iron content to the Moon into orbit far outside Earth's Roche limit. Even satellites that initially pass within the Roche limit can reliably and predictably survive, by being partially stripped and then torqued onto wider, stable orbits.
On November 1, 2023, scientists reported that, according to computer simulations, remnants of Theia could still be present inside the Earth.


=== Natural development ===

The newly formed Moon settled into a much closer Earth orbit than it has today. Each body therefore appeared much larger in the sky of the other, eclipses were more frequent, and tidal effects were stronger.
Due to tidal acceleration, the Moon's orbit around Earth has become significantly larger, with a longer period.
Following formation, the Moon has cooled and most of its atmosphere has been stripped. The lunar surface has since been shaped by large impact events and many small ones, forming a landscape featuring craters of all ages.
The Moon was volcanically active until 1.2 billion years ago, which laid down the prominent lunar maria. Most of the mare basalts erupted during the Imbrian period, 3.3–3.7 billion years ago, though some are as young as 1.2 billion years and some as old as 4.2 billion years. The distribution of the mare basalts is uneven, with the basalts predominantly appearing on the Moon's near-side hemisphere. The reasons for this are not yet known, although the relative thinness of the crust on the near side of the Moon is hypothesized to be a factor. Causes of the distribution of the lunar highlands on the far side are also not well understood. Topological measurements show the crust on the near side to be thinner than on the far side. One possible explanation for this is that large impacts on the near side may have made it easier for lava to flow onto the surface.


=== Lunar geologic timescale ===

The lunar geological periods are named after their characteristic features, from most impact craters outside the dark mare, to the mare and later craters, and finally the young, still bright and therefore readily visible craters with ray systems like Copernicus or Tycho.


=== Future ===

In five billion years the Moon will have wandered 40% further away from Earth than it is now. However, about two to three billion years after that, the Sun will have become a red giant. Assuming the Sun envelopes the Earth-Moon system, the consequent drag from the Sun's atmosphere may cause the orbital distance between the Earth and the Moon to decay to the point where the Moon comes within the Earth's Roche limit, leading it to disintegrate.


== Physical characteristics ==
The Moon is a very slightly scalene ellipsoid due to tidal stretching, with its long axis displaced 30° from facing the Earth, due to gravitational anomalies from impact basins. Its shape is more elongated than current tidal forces can account for. This 'fossil bulge' indicates that the Moon solidified when it orbited at half its current distance to the Earth, and that it is now too cold for its shape to restore hydrostatic equilibrium at its current orbital distance. Today tidal crust deformation is limited to lobate thrust fault scarps formation.


=== Size and mass ===

The Moon is the fifth largest (by size and mass) natural satellite of the Solar System. It is categorizable as a planetary-mass moon, making it a satellite planet under the geophysical definitions of the term. It is smaller than Mercury but considerably larger than the largest dwarf planet of the Solar System, Pluto. The Moon is the largest natural satellite in the Solar System relative to its primary planet.
The Moon's diameter is about 3,500 km, more than one-quarter of Earth's, with the face of the Moon comparable to the width of mainland Australia, Europe or the contiguous United States. The whole surface area of the Moon is about 38 million square kilometers, comparable to that of the Americas.
The Moon's mass is 1⁄81 of Earth's, being the second densest among the planetary moons, and having the second highest surface gravity, after Io, at 0.1654 g and an escape velocity of 2.38 km/s (8600 km/h; 5300 mph).


=== Structure ===

The Moon is a differentiated body that was initially in hydrostatic equilibrium but has since departed from this condition. It has a geochemically distinct crust, mantle, and core. The Moon has a solid iron-rich inner core with a radius possibly as small as 240 kilometres (150 mi) and a fluid outer core primarily made of liquid iron with a radius of roughly 300 kilometres (190 mi). Around the core is a partially molten boundary layer with a radius of about 500 kilometres (310 mi). This structure is thought to have developed through the fractional crystallization of a global magma ocean shortly after the Moon's formation 4.5 billion years ago.
Crystallization of this magma ocean would have created a mafic mantle from the precipitation and sinking of the minerals olivine, clinopyroxene, and orthopyroxene; after about three-quarters of the magma ocean had crystallized, lower-density plagioclase minerals could form and float into a crust atop. The final liquids to crystallize would have been initially sandwiched between the crust and mantle, with a high abundance of incompatible and heat-producing elements. Consistent with this perspective, geochemical mapping made from orbit suggests a crust of mostly anorthosite. The Moon rock samples of the flood lavas that erupted onto the surface from partial melting in the mantle confirm the mafic mantle composition, which is more iron-rich than that of Earth. The crust is on average about 50 kilometres (31 mi) thick.
The Moon is the second-densest satellite in the Solar System, after Io. However, the inner core of the Moon is small, with a radius of about 350 kilometres (220 mi) or less, around 20% of the radius of the Moon. Its composition is not well understood but is probably metallic iron alloyed with a small amount of sulfur and nickel. Analyses of the Moon's time-variable rotation suggest that it is at least partly molten. The pressure at the lunar core is estimated to be 5 GPa (49,000 atm).


=== Gravitational field ===

On average the Moon's surface gravity is 1.62 m/s2 (0.1654 g; 5.318 ft/s2), about half of the surface gravity of Mars and about a sixth of Earth's.
The Moon's gravitational field is not uniform. The details of the gravitational field have been measured through tracking the Doppler shift of radio signals emitted by orbiting spacecraft. The main lunar gravity features are mascons, large positive gravitational anomalies associated with some of the giant impact basins, partly caused by the dense mare basaltic lava flows that fill those basins. The anomalies greatly influence the orbit of spacecraft about the Moon. There are some puzzles: lava flows by themselves cannot explain all of the gravitational signature, and some mascons exist that are not linked to mare volcanism.
The sphere of influence, of the Moon's gravity field, in which it dominates over Earth's has a Hill radius of 60,000 km (i.e., extending less than one-sixth the distance of the 378,000 km between the Moon and the Earth), extending to the Earth-Moon lagrange points. This space is called cislunar space.


=== Magnetic field ===
The Moon has an external magnetic field of less than 0.2 nanoteslas, or less than one hundred thousandth that of Earth. The Moon does not have a global dipolar magnetic field and only has crustal magnetization likely acquired early in its history when a dynamo was still operating. Early in its history, 4 billion years ago, its magnetic field strength was likely close to that of Earth today. This early dynamo field apparently expired by about one billion years ago, after the lunar core had crystallized. Theoretically, some of the remnant magnetization may originate from transient magnetic fields generated during large impacts through the expansion of plasma clouds. These clouds are generated during large impacts in an ambient magnetic field. This is supported by the location of the largest crustal magnetizations situated near the antipodes of the giant impact basins.
Additionally the Moon moves ~27% of the time, or 5–6 days per lunar month in Earth's magnetotail, replacing solar wind with Earth wind.


=== Atmosphere ===

The Moon has an atmosphere consisting of only an exosphere, which is so tenuous as to be nearly vacuum, with a total mass of less than 10 tonnes (9.8 long tons; 11 short tons). The surface pressure of this small mass is around 3 × 10−15 atm (0.3 nPa); it varies with the lunar day. Its sources include outgassing and sputtering, a product of the bombardment of lunar soil by solar wind ions. Elements that have been detected include sodium and potassium, produced by sputtering (also found in the atmospheres of Mercury and Io); helium-4 and neon from the solar wind; and argon-40, radon-222, and polonium-210, outgassed after their creation by radioactive decay within the crust and mantle. The absence of such neutral species (atoms or molecules) as oxygen, nitrogen, carbon, hydrogen and magnesium, which are present in the regolith, is not understood. Water vapor has been detected by Chandrayaan-1 and found to vary with latitude, with a maximum at ~60–70 degrees; it is possibly generated from the sublimation of water ice in the regolith. These gases either return into the regolith because of the Moon's gravity or are lost to space, either through solar radiation pressure or, if they are ionized, by being swept away by the solar wind's magnetic field.
A permanent Moon dust cloud exists around the Moon, generated by small particles from comets. 5 tons of comet particles are estimated to strike the Moon's surface every 24 hours, resulting in the ejection of dust particles. The dust stays above the Moon for approximately 10 minutes, taking 5 minutes to rise, and 5 minutes to fall. On average, 120 kilograms of dust are present above the Moon, rising up to 100 kilometers above the surface. Dust counts made by LADEE's Lunar Dust EXperiment (LDEX) found particle counts peaked during the Geminid, Quadrantid, Northern Taurid, and Omicron Centaurid meteor showers, when the Earth, and Moon pass through comet debris. The lunar dust cloud is asymmetric, being denser near the boundary between the Moon's dayside and nightside.
Studies of Moon magma samples retrieved by the Apollo missions demonstrate that the Moon had once possessed a relatively thick atmosphere for a period of 70 million years between 3 and 4 billion years ago. This atmosphere, sourced from gases ejected from lunar volcanic eruptions, was twice the thickness of that of present-day Mars. The ancient lunar atmosphere was eventually stripped away by solar winds and dissipated into space.


=== Surface conditions ===

Ionizing radiation from cosmic rays, their resulting neutron radiation, and the Sun results in an average radiation level of 1.369 millisieverts per day during lunar daytime, which is about 2.6 times more than the level on the International Space Station, 5–10 times more than the level during a trans-Atlantic flight, and 200 times more than the level on Earth's surface. For further comparison, radiation levels average about 1.84 millisieverts per day on a flight to Mars and about 0.64 millisieverts per day on Mars itself, with some locations on Mars possibly having levels as low as 0.342 millisieverts per day.
Solar radiation also electrically charges the highly abrasive lunar dust and makes it levitate. This effect contributes to the easy spread of the sticky, lung- and gear-damaging lunar dust.
The Moon's axial tilt with respect to the ecliptic is only 1.5427°, much less than the 23.44° of Earth. This small axial tilt means that the Moon's solar illumination varies much less with season than Earth's, and it also allows for the existence of some peaks of eternal light at the Moon's north pole, at the rim of the crater Peary.
The lunar surface is exposed to temperature differences ranging from 120 °C to −171 °C depending on the solar irradiance.
Because of the lack of atmosphere, temperatures of different areas vary particularly upon whether they are in sunlight or shadow, making topographical details play a decisive role on local surface temperatures.
Parts of many craters, particularly the bottoms of many polar craters, are permanently shadowed. These craters of eternal darkness have extremely low temperatures. The Lunar Reconnaissance Orbiter measured the lowest summer temperatures in craters at the southern pole at 35 K (−238 °C; −397 °F) and just 26 K (−247 °C; −413 °F) close to the winter solstice in the north polar crater Hermite. This is the coldest temperature in the Solar System ever measured by a spacecraft, colder even than the surface of Pluto.
Blanketed on top of the Moon's crust is a highly comminuted (broken into ever smaller particles) and impact gardened mostly gray surface layer called regolith, formed by impact processes. The finer regolith, the lunar soil of silicon dioxide glass, has a texture resembling snow and a scent resembling spent gunpowder. The regolith of older surfaces is generally thicker than for younger surfaces: it varies in thickness from 10–15 m (33–49 ft) in the highlands and 4–5 m (13–16 ft) in the maria. Beneath the finely comminuted regolith layer is the megaregolith, a layer of highly fractured bedrock many kilometers thick.
These extreme conditions are considered to make it unlikely for spacecraft to harbor bacterial spores at the Moon for longer than just one lunar orbit.


=== Surface features ===

The topography of the Moon has been measured with laser altimetry and stereo image analysis. Its most extensive topographic feature is the giant far-side South Pole–Aitken basin, some 2,240 km (1,390 mi) in diameter, the largest crater on the Moon and the second-largest confirmed impact crater in the Solar System. At 13 km (8.1 mi) deep, its floor is the lowest point on the surface of the Moon, reaching −9.178 kilometres (−5.703 mi) at 70.368°S 172.413°W﻿ / -70.368; -172.413 in a crater within Antoniadi crater. The highest elevations of the Moon's surface, with the so-called Selenean summit at 10.629 kilometres (6.605 mi) , are located directly to the northeast (5.441°N 158.656°W﻿ / 5.441; -158.656), which might have been thickened by the oblique formation impact of the South Pole–Aitken basin. Other large impact basins such as Imbrium, Serenitatis, Crisium, Smythii, and Orientale possess regionally low elevations and elevated rims. The far side of the lunar surface is on average about 1.9 km (1.2 mi) higher than that of the near side.
The discovery of fault scarp cliffs suggest that the Moon has shrunk by about 90 metres (300 ft) within the past billion years. Similar shrinkage features exist on Mercury. Mare Frigoris, a basin near the north pole long assumed to be geologically dead, has cracked and shifted. Since the Moon does not have tectonic plates, its tectonic activity is slow, and cracks develop as it loses heat.
Scientists have confirmed the presence of a cave on the Moon near the Sea of Tranquility, not far from the 1969 Apollo 11 landing site. The cave, identified as an entry point to a collapsed lava tube, is roughly 45 meters wide and up to 80 m long. This discovery marks the first confirmed entry point to a lunar cave. The analysis was based on photos taken in 2010 by NASA's Lunar Reconnaissance Orbiter. The cave's stable temperature of around 17 °C could provide a hospitable environment for future astronauts, protecting them from extreme temperatures, solar radiation, and micrometeorites. However, challenges include accessibility and risks of avalanches and cave-ins. This discovery offers potential for future lunar bases or emergency shelters.


==== Volcanic features ====

The main features visible from Earth by the naked eye are dark and relatively featureless lunar plains called maria (sing. mare; from Latin meaning 'seas', as they were once believed to be filled with water) which are vast solidified pools of ancient basaltic lava. Although similar to terrestrial basalts, lunar basalts have more iron and no minerals altered by water. The majority of these lava deposits erupted or flowed into the depressions associated with impact basins, though the Moon's largest expanse of basalt flooding, Oceanus Procellarum, does not correspond to an obvious impact basin. Different episodes of lava flow in maria can often be recognized by variations in surface albedo and distinct flow margins.

As the maria formed, cooling and contraction of the basaltic lava created wrinkle ridges in some areas. These low, sinuous ridges can extend for hundreds of kilometers and often outline buried structures within the mare. Another result of maria formation is the creation of concentric depressions along the edges, known as arcuate rilles. These features occur as the mare basalts sink inward under their own weight, causing the edges to fracture and separate.
In addition to the visible maria, the Moon has mare deposits covered by ejecta from impacts. Called cryptomares, these hidden mares are likely older than the exposed ones. Conversely, mare lava has obscured many impact melt sheets and pools. Impact melts are formed when intense shock pressures from collisions vaporize and melt zones around the impact site. Where still exposed, impact melt can be distinguished from mare lava by its distribution, albedo, and texture.
Sinuous rilles, found in and around maria, are likely extinct lava channels or collapsed lava tubes. They typically originate from volcanic vents, meandering and sometimes branching as they progress. The largest examples, such as Schroter's Valley and Rima Hadley, are significantly longer, wider, and deeper than terrestrial lava channels, sometimes featuring bends and sharp turns that again, are uncommon on Earth.

Mare volcanism has altered impact craters in various ways, including filling them to varying degrees, and raising and fracturing their floors from uplift of mare material beneath their interiors. Examples of such craters include Taruntius and Gassendi. Some craters, such as Hyginus, are of wholly volcanic origin, forming as calderas or collapse pits. Such craters are relatively rare and tend to be smaller (typically a few kilometers wide), shallower, and more irregularly shaped than impact craters. They also lack the upturned rims characteristic of impact craters.
Several geologic provinces containing shield volcanoes and volcanic domes are found within the near side maria. There are also some regions of pyroclastic deposits, scoria cones and non-basaltic domes made of particularly high viscosity lava.
Almost all maria are on the near side of the Moon, and cover 31% of the surface of the near side compared with 2% of the far side. This is likely due to a concentration of heat-producing elements under the crust on the near side, which would have caused the underlying mantle to heat up, partially melt, rise to the surface and erupt. Most of the Moon's mare basalts erupted during the Imbrian period, 3.3–3.7 billion years ago, though some are as young as 1.2 billion years and as old as 4.2 billion years.
In 2006, a study of Ina, a tiny depression in Lacus Felicitatis, found jagged, relatively dust-free features that, because of the lack of erosion by infalling debris, appeared to be only 2 million years old. Moonquakes and releases of gas indicate continued lunar activity. Evidence of recent lunar volcanism has been identified at 70 irregular mare patches, some less than 50 million years old. This raises the possibility of a much warmer lunar mantle than previously believed, at least on the near side where the deep crust is substantially warmer because of the greater concentration of radioactive elements. Evidence has been found for 2–10 million years old basaltic volcanism within the crater Lowell, inside the Orientale basin. Some combination of an initially hotter mantle and local enrichment of heat-producing elements in the mantle could be responsible for prolonged activities on the far side in the Orientale basin.
The lighter-colored regions of the Moon are called terrae, or more commonly highlands, because they are higher than most maria. They have been radiometrically dated to having formed 4.4 billion years ago and may represent plagioclase cumulates of the lunar magma ocean. In contrast to Earth, no major lunar mountains are believed to have formed as a result of tectonic events.
The concentration of maria on the near side likely reflects the substantially thicker crust of the highlands of the Far Side, which may have formed in a slow-velocity impact of a second moon of Earth a few tens of millions of years after the Moon's formation. Alternatively, it may be a consequence of asymmetrical tidal heating when the Moon was much closer to the Earth.


==== Impact craters ====

A major geologic process that has affected the Moon's surface is impact cratering, with craters formed when asteroids and comets collide with the lunar surface. There are estimated to be roughly 300,000 craters wider than 1 km (0.6 mi) on the Moon's near side. Lunar craters exhibit a variety of forms, depending on their size. In order of increasing diameter, the basic types are simple craters with smooth bowl shaped interiors and upturned rims, complex craters with flat floors, terraced walls and central peaks, peak ring basins, and multi-ring basins with two or more concentric rings of peaks. The vast majority of impact craters are circular, but some, like Cantor and Janssen, have more polygonal outlines, possibly guided by underlying faults and joints. Others, such as the Messier pair, Schiller, and Daniell, are elongated. Such elongation can result from highly oblique impacts, binary asteroid impacts, fragmentation of impactors before surface strike, or closely spaced secondary impacts.
The lunar geologic timescale is based on the most prominent impact events, such as multi-ring formations like Nectaris, Imbrium, and Orientale that are between hundreds and thousands of kilometers in diameter and associated with a broad apron of ejecta deposits that form a regional stratigraphic horizon. The lack of an atmosphere, weather, and recent geological processes mean that many of these craters are well-preserved. Although only a few multi-ring basins have been definitively dated, they are useful for assigning relative ages. Because impact craters accumulate at a nearly constant rate, counting the number of craters per unit area can be used to estimate the age of the surface.
However care needs to be exercised with the crater counting technique due to the potential presence of secondary craters. Ejecta from impacts can create secondary craters that often appear in clusters or chains but can also occur as isolated formations at a considerable distance from the impact. These can resemble primary craters, and may even dominate small crater populations, so their unidentified presence can distort age estimates.
The radiometric ages of impact-melted rocks collected during the Apollo missions cluster between 3.8 and 4.1 billion years old: this has been used to propose a Late Heavy Bombardment period of increased impacts.
High-resolution images from the Lunar Reconnaissance Orbiter in the 2010s show a contemporary crater-production rate significantly higher than was previously estimated. A secondary cratering process caused by distal ejecta is thought to churn the top two centimeters of regolith on a timescale of 81,000 years. This rate is 100 times faster than the rate computed from models based solely on direct micrometeorite impacts.


==== Lunar swirls ====

Lunar swirls are enigmatic features found across the Moon's surface. They are characterized by a high albedo, appear optically immature (i.e. have the optical characteristics of a relatively young regolith), and often have a sinuous shape. Their shape is often accentuated by low albedo regions that wind between the bright swirls. They are located in places with enhanced surface magnetic fields and many are located at the antipodal point of major impacts. Well known swirls include the Reiner Gamma feature and Mare Ingenii. They are hypothesized to be areas that have been partially shielded from the solar wind, resulting in slower space weathering.


=== Presence of water ===

Liquid water cannot persist on the lunar surface. When exposed to solar radiation, water quickly decomposes through a process known as photodissociation and is lost to space. However, since the 1960s, scientists have hypothesized that water ice may be deposited by impacting comets or possibly produced by the reaction of oxygen-rich lunar rocks, and hydrogen from solar wind, leaving traces of water which could possibly persist in cold, permanently shadowed craters at either pole on the Moon. Computer simulations suggest that up to 14,000 km2 (5,400 sq mi) of the surface may be in permanent shadow. The presence of usable quantities of water on the Moon is an important factor in rendering lunar habitation as a cost-effective plan; the alternative of transporting water from Earth would be prohibitively expensive.
In years since, signatures of water have been found to exist on the lunar surface. In 1994, the bistatic radar experiment located on the Clementine spacecraft, indicated the existence of small, frozen pockets of water close to the surface. However, later radar observations by Arecibo, suggest these findings may rather be rocks ejected from young impact craters. In 1998, the neutron spectrometer on the Lunar Prospector spacecraft showed that high concentrations of hydrogen are present in the first meter of depth in the regolith near the polar regions. Volcanic lava beads, brought back to Earth aboard Apollo 15, showed small amounts of water in their interior.
The 2008 Chandrayaan-1 spacecraft has since confirmed the existence of surface water ice, using the on-board Moon Mineralogy Mapper. The spectrometer observed absorption lines common to hydroxyl, in reflected sunlight, providing evidence of large quantities of water ice, on the lunar surface. The spacecraft showed that concentrations may possibly be as high as 1,000 ppm. Using the mapper's reflectance spectra, indirect lighting of areas in shadow confirmed water ice within 20° latitude of both poles in 2018. In 2009, LCROSS sent a 2,300 kg (5,100 lb) impactor into a permanently shadowed polar crater, and detected at least 100 kg (220 lb) of water in a plume of ejected material. Another examination of the LCROSS data showed the amount of detected water to be closer to 155 ± 12 kg (342 ± 26 lb).
In May 2011, 615–1410 ppm water in melt inclusions in lunar sample 74220 was reported, the famous high-titanium ""orange glass soil"" of volcanic origin collected during the Apollo 17 mission in 1972. The inclusions were formed during explosive eruptions on the Moon approximately 3.7 billion years ago. This concentration is comparable with that of magma in Earth's upper mantle. Although of considerable selenological interest, this insight does not mean that water is easily available since the sample originated many kilometers below the surface, and the inclusions are so difficult to access that it took 39 years to find them with a state-of-the-art ion microprobe instrument.
Analysis of the findings of the Moon Mineralogy Mapper (M3) revealed in August 2018 for the first time ""definitive evidence"" for water-ice on the lunar surface. The data revealed the distinct reflective signatures of water-ice, as opposed to dust and other reflective substances. The ice deposits were found on the North and South poles, although it is more abundant in the South, where water is trapped in permanently shadowed craters and crevices, allowing it to persist as ice on the surface since they are shielded from the sun.
In October 2020, astronomers reported detecting molecular water on the sunlit surface of the Moon by several independent spacecraft, including the Stratospheric Observatory for Infrared Astronomy (SOFIA).


== Earth–Moon system ==


=== Orbit ===

The Moon's orbit is slightly elliptical, with an orbital eccentricity of 0.055.
The semi-major axis of the geocentric lunar orbit, called the lunar distance, is approximately 385,000 km (239,000 mi), or 1.3 light-seconds, comparable to going around Earth approximately 9.6 times. 
 
The Moon makes a complete orbit around Earth with respect to the fixed stars, its sidereal period, about once every 27.3 days. However, because the Earth–Moon system moves at the same time in its orbit around the Sun, it takes slightly longer, 29.5 days, to return to the same lunar phase, completing a full cycle, as seen from Earth. This synodic period or synodic month is commonly known as the lunar month and is equal to the length of the solar day on the Moon.
Due to tidal locking, the Moon has a 1:1 spin–orbit resonance. This rotation–orbit ratio makes the Moon's orbital periods around Earth equal to its corresponding rotation periods. This is the reason for only one side of the Moon, its so-called near side, being visible from Earth. That said, while the movement of the Moon is in resonance, it still is not without nuances such as libration, resulting in slightly changing perspectives, making over time and location on Earth about 59% of the Moon's surface visible from Earth.
Unlike most satellites of other planets, the Moon's orbital plane is closer to the ecliptic plane than to the planet's equatorial plane. The Moon's orbit is subtly perturbed by the Sun and Earth in many small, complex and interacting ways. For example, the plane of the Moon's orbit gradually rotates once every 18.61 years, which affects other aspects of lunar motion. These follow-on effects are mathematically described by Cassini's laws.


==== Orbital center ====
The Earth and the Moon form the Earth–Moon satellite system with a shared center of mass, or barycenter. This barycenter is 5,000 km (3,100 mi) (about a 3/4 of Earth's radius) from the Earth's center. This barycenter is slowly moving outward as tidal friction drains energy from the rotating pair, and eventually the barycenter will be outside the Earth.
In a heliocentric frame of reference the Moon orbits the Sun, perturbated by Earth. This has led some scientists to argue that the Moon could be identified as a planet, both historically and qualitatively, adding that its mass would be enough to clear its orbit around the Sun if it were on its own. This would imply that the Earth-Moon system is a double planet. The International Astronomical Union standards organization has no definition for planets in a binary system, or for what constitutes a double planet system, but most scientists agree that this would require the Moon-Earth barycenter to be outside of Earth.


=== Tidal effects ===

The gravitational attraction that Earth and the Moon (as well as the Sun) exert on each other manifests in a slightly greater attraction on the sides closest to each other, resulting in tidal forces. Ocean tides are the most widely experienced result of this, but tidal forces also considerably affect other mechanics of Earth, as well as the Moon and their system.
The lunar solid crust experiences tides of around 10 cm (4 in) amplitude over 27 days, with three components: a fixed one due to Earth, because they are in synchronous rotation, a variable tide due to orbital eccentricity and inclination, and a small varying component from the Sun. The Earth-induced variable component arises from changing distance and libration, a result of the Moon's orbital eccentricity and inclination (if the Moon's orbit were perfectly circular and un-inclined, there would only be solar tides). According to recent research, scientists suggest that the Moon's influence on the Earth may contribute to maintaining Earth's magnetic field.
The cumulative effects of stress built up by these tidal forces produces moonquakes. Moonquakes are much less common and weaker than are earthquakes, although moonquakes can last for up to an hour – significantly longer than terrestrial quakes – because of scattering of the seismic vibrations in the dry fragmented upper crust. The existence of moonquakes was an unexpected discovery from seismometers placed on the Moon by Apollo astronauts from 1969 through 1972.
The most commonly known effect of tidal forces is elevated sea levels called ocean tides. While the Moon exerts most of the tidal forces, the Sun also exerts tidal forces and therefore contributes to the tides as much as 40% of the Moon's tidal force; producing in interplay the spring and neap tides.
The tides are two bulges in the Earth's oceans, one on the side facing the Moon and the other on the side opposite. As the Earth rotates on its axis, one of the ocean bulges (high tide) is held in place ""under"" the Moon, while another such tide is opposite. The tide under the Moon is explained by the Moon's gravity being stronger on the water close to it. The tide on the opposite side can be explained either by the centrifugal force as the Earth orbits the barycenter or by the water's inertia as the Moon's gravity is stronger on the solid Earth close to it and it is pulled away from the farther water.
Thus, there are two high tides, and two low tides in about 24 hours. Since the Moon is orbiting the Earth in the same direction of the Earth's rotation, the high tides occur about every 12 hours and 25 minutes; the 25 minutes is due to the Moon's time to orbit the Earth.
If the Earth were a water world (one with no continents) it would produce a tide of only one meter, and that tide would be very predictable, but the ocean tides are greatly modified by other effects:

the frictional coupling of water to Earth's rotation through the ocean floors
the inertia of water's movement
ocean basins that grow shallower near land
the sloshing of water between different ocean basins
As a result, the timing of the tides at most points on the Earth is a product of observations that are explained, incidentally, by theory.


=== System evolution ===
Delays in the tidal peaks of both ocean and solid-body tides cause torque in opposition to the Earth's rotation. This ""drains"" angular momentum and rotational kinetic energy from Earth's rotation, slowing the Earth's rotation. That angular momentum, lost from the Earth, is transferred to the Moon in a process known as tidal acceleration, which lifts the Moon into a higher orbit while lowering orbital speed around the Earth. This has resulted in the length of a anomalistic month having increased from 20 days to today's 27.55 days over the course of 3.2 billion years.
Thus the distance between Earth and Moon is increasing, and the Earth's rotation is slowing in reaction. Measurements from laser reflectors left during the Apollo missions (lunar ranging experiments) have found that the Moon's distance increases by 38 mm (1.5 in) per year (roughly the rate at which human fingernails grow).
Atomic clocks show that Earth's Day lengthens by about 17 microseconds every year, slowly increasing the rate at which UTC is adjusted by leap seconds.
This tidal drag makes the rotation of the Earth, and the orbital period of the Moon very slowly match. This matching first results in tidally locking the lighter body of the orbital system, as is already the case with the Moon. Theoretically, in 50 billion years, the Earth's rotation will have slowed to the point of matching the Moon's orbital period, causing the Earth to always present the same side to the Moon. However, the Sun will become a red giant, most likely engulfing the Earth–Moon system long before then.
If the Earth–Moon system is not engulfed by the enlarged Sun, the drag from the solar atmosphere can cause the orbit of the Moon to decay. Once the orbit of the Moon closes to a distance of 18,470 km (11,480 mi), it will cross Earth's Roche limit, meaning that tidal interaction with Earth would break apart the Moon, turning it into a ring system. Most of the orbiting rings will begin to decay, and the debris will impact Earth. Hence, even if the Sun does not swallow up Earth, the planet may be left moonless.


== Orientation and appearance ==

The Moon appears in Earth's sky differently depending on the position of observation on Earth and the time of lunar year, lunar month and day on Earth. During a year the Moon culminates during a day at different altitudes. The Moon appears highest in the sky unlike the Sun during winter and lowest during summer, which is true for the seasons of each of Earth's northern and southern hemispheres.
At the North and South Poles the Moon is 24 hours above the horizon for two weeks every tropical month (about 27.3 days), comparable to the polar day of the tropical year. Zooplankton in the Arctic use moonlight when the Sun is below the horizon for months on end.
The apparent orientation of the Moon depends on its position in the sky and the hemisphere of the Earth from which it is being viewed. In the Northern Hemisphere it appears upside down compared to the view from the Southern Hemisphere. Sometimes the ""horns"" of a crescent moon appear to be pointing more upwards than sideways. This phenomenon is called a wet moon and occurs more frequently in the tropics.
The distance between the Moon and Earth varies from around 356,400 km (221,500 mi) (perigee) to 406,700 km (252,700 mi) (apogee), making the Moon's distance and apparent size fluctuate up to 14%. On average the Moon's angular diameter is about 0.52°, roughly the same apparent size as the Sun (see § Eclipses). In addition, a purely psychological effect, known as the Moon illusion, makes the Moon appear larger when close to the horizon.


=== Rotation ===

The tidally locked synchronous rotation of the Moon as it orbits the Earth results in it always keeping nearly the same face turned towards the planet. The side of the Moon that faces Earth is called the near side, and the opposite the far side. The far side is often inaccurately called the ""dark side"", but it is in fact illuminated as often as the near side: once every 29.5 Earth days. During dark moon to new moon, the near side is dark.
The Moon originally rotated at a faster rate, but early in its history its rotation slowed and became tidally locked in this orientation as a result of frictional effects associated with tidal deformations caused by Earth. With time, the energy of rotation of the Moon on its axis was dissipated as heat, until there was no rotation of the Moon relative to Earth. In 2016, planetary scientists using data collected on the 1998–99 NASA Lunar Prospector mission found two hydrogen-rich areas (most likely former water ice) on opposite sides of the Moon. It is speculated that these patches were the poles of the Moon billions of years ago before it was tidally locked to Earth.


=== Illumination and phases ===

The Moon rotates, as it orbits Earth, changing orientation toward the Sun, experiencing a lunar day. A lunar day is equal to one lunar month (one synodic orbit around Earth) due to it being tidally locked to Earth. Since the Moon is not tidally locked to the Sun, lunar daylight and night times both occur around the Moon. The changing position of the illumination of the Moon by the Sun during a lunar day is observable from Earth as the changing lunar phases, waxing crescent being the sunrise and the waning crescent the sunset phase of a day observed from afar.
Lunar night is the darkest on the far side and during lunar eclipses on the near side (and darker than a moonless night on Earth). During its night, the near side is illuminated by Earthlight to the extent that lunar surface features may be observable from Earth. Earthshine makes the night on the near side about 43 times brighter, and sometimes even 55 times brighter than a night on Earth illuminated by the light of the full moon.
In Earth's sky brightness and apparent size of the Moon changes also due to its elliptic orbit around Earth. At perigee (closest), since the Moon is up to 14% closer to Earth than at apogee (most distant), it subtends a solid angle which is up to 30% larger. Consequently, given the same phase, the Moon's brightness also varies by up to 30% between apogee and perigee. A full (or new) moon at such a position is called a supermoon.
Each of the four intermediate phases of the Moon lasts, on average, about seven days (approximately 7.38 days), but this duration can vary by about ±11% due to the change in the distance between the Moon and Earth between apogee (farthest point) and perigee (closest point).
The number of days since the most recent new moon is called the Moon's age. A complete cycle of lunar phases is known as a lunation.
The approximate age and phase of the Moon for any date can be calculated by determining the number of days since a known new moon (e.g., January 1, 1900, or August 11, 1999) and dividing that value by the average length of a synodic month (29.53059 days). The remainder of the division represents the Moon's age. This method assumes a perfectly circular orbit and does not consider the exact time of the new moon, so results may be off by a few hours. Accuracy decreases as the date moves away from the reference date.
This simplified calculation is suitable for general or decorative purposes, such as moon phase clocks. More precise applications that take into account the Moon's apogee and perigee require more complex methods.
Due to lunar libration, it is sometimes possible to see slightly more than the full moon (up to about 101%) or a small part of its far side (up to 5%).


==== Observational phenomena ====
There has been historical controversy over whether observed features on the Moon's surface change over time. Today, many of these claims are thought to be illusory, resulting from observation under different lighting conditions, poor astronomical seeing, or inadequate drawings. However, outgassing does occasionally occur and could be responsible for a minor percentage of the reported lunar transient phenomena. Recently, it has been suggested that a roughly 3 km (1.9 mi) diameter region of the lunar surface was modified by a gas release event about a million years ago.


=== Albedo and true color of the surface ===
The Moon's appearance is shaped by its reflective properties and surface composition. Its albedo is about 0.12, comparable to worn asphalt, making it relatively dark despite its brightness in the night sky. This low albedo represents the reflectance of the lunar regolith, a layer of fine rock fragments created by meteorite impacts. Light scattering by the regolith causes the Moon to appear much brighter at full moon than at quarter phases.
The Moon's true color, without atmospheric effects, is a muted brownish-gray. This results from silicate minerals in the regolith, with darker basaltic plains (maria) and lighter feldspar-rich highlands. The maria, formed by ancient volcanic flows, contain more iron and titanium, giving them a darker tone. From Earth, the Moon's color can be altered by the atmosphere, appearing red during lunar eclipses or occasionally blue due to volcanic particles.
The Moon also exhibits retro-reflection, scattering light back toward its source and creating a uniform brightness across its disc without significant limb darkening. Its apparent size and brightness vary due to its elliptical orbit, appearing up to 30% brighter and 14% larger at perigee compared to apogee, a phenomenon known as a ""Supermoon"".
At times, the Moon can appear red or blue. It may appear red during a lunar eclipse, because of the red spectrum of the Sun's light being refracted onto the Moon by Earth's atmosphere. Because of this red color, lunar eclipses are also sometimes called blood moons. The Moon can also seem red when it appears at low angles and through a thick atmosphere.
The Moon may appear blue depending on the presence of certain particles in the air, such as volcanic particles, in which case it can be called a blue moon.
Because the words ""red moon"" and ""blue moon"" can also be used to refer to specific full moons of the year, they do not always refer to the presence of red or blue moonlight.


=== Eclipses ===

Eclipses only occur when the Sun, Earth, and Moon are all in a straight line (termed ""syzygy""). Solar eclipses occur at new moon, when the Moon is between the Sun and Earth. In contrast, lunar eclipses occur at full moon, when Earth is between the Sun and Moon. The apparent size of the Moon is roughly the same as that of the Sun, with both being viewed at close to one-half a degree wide. The Sun is much larger than the Moon, but it is the vastly greater distance that gives it the same apparent size as the much closer and much smaller Moon from the perspective of Earth. The variations in apparent size, due to the non-circular orbits, are nearly the same as well, though occurring in different cycles. This makes possible both total (with the Moon appearing larger than the Sun) and annular (with the Moon appearing smaller than the Sun) solar eclipses. In a total eclipse, the Moon completely covers the disc of the Sun and the solar corona becomes visible to the naked eye.
Because the distance between the Moon and Earth is very slowly increasing over time, the angular diameter of the Moon is decreasing. As it evolves toward becoming a red giant, the size of the Sun, and its apparent diameter in the sky, are slowly increasing. The combination of these two changes means that hundreds of millions of years ago, the Moon would always completely cover the Sun on solar eclipses, and no annular eclipses were possible. Likewise, hundreds of millions of years in the future, the Moon will no longer cover the Sun completely, and total solar eclipses will not occur.
As the Moon's orbit around Earth is inclined by about 5.145° (5° 9′) to the orbit of Earth around the Sun, eclipses do not occur at every full and new moon. For an eclipse to occur, the Moon must be near the intersection of the two orbital planes. The periodicity and recurrence of eclipses of the Sun by the Moon, and of the Moon by Earth, is described by the saros, which has a period of approximately 18 years.
Because the Moon continuously blocks the view of a half-degree-wide circular area of the sky, the related phenomenon of occultation occurs when a bright star or planet passes behind the Moon and is occulted: hidden from view. In this way, a solar eclipse is an occultation of the Sun. Because the Moon is comparatively close to Earth, occultations of individual stars are not visible everywhere on the planet, nor at the same time. Because of the precession of the lunar orbit, each year different stars are occulted.


=== Moon illusion ===


== History of scientific understanding and exploration ==


=== Pre-telescopic observation (before 1609) ===
It is believed by some that the oldest cave paintings from up to 40,000 BP of bulls and geometric shapes, or 20–30,000 year old tally sticks were used to observe the phases of the Moon, keeping time using the waxing and waning of the Moon's phases.
Aspects of the Moon were identified and aggregated in lunar deities from prehistoric times and were eventually documented and put into symbols from the very first instances of writing in the 4th millennium BC. One of the earliest-discovered possible depictions of the Moon is a 3,000 BCE rock carving Orthostat 47 at Knowth, Ireland. The crescent depicting the Moon as with the lunar deity Nanna/Sin have been found from the 3rd millennium BCE.
The oldest named astronomer and poet Enheduanna, Akkadian high priestess to the lunar deity Nanna/Sin and princess, daughter of Sargon the Great (c. 2334 – c. 2279 BCE), had the Moon tracked in her chambers. The oldest found and identified depiction of the Moon in an astronomical relation to other astronomical features is the Nebra sky disc from c. 1800–1600 BCE, depicting features like the Pleiades next to the Moon.

The ancient Greek philosopher Anaxagoras (d. 428 BC) reasoned that the Sun and Moon were both giant spherical rocks, and that the latter reflected the light of the former. Elsewhere in the 5th century BC to 4th century BC, Babylonian astronomers had recorded the 18-year Saros cycle of lunar eclipses,  and Indian astronomers had described the Moon's monthly elongation. The Chinese astronomer Shi Shen (fl. 4th century BC) gave instructions for predicting solar and lunar eclipses.
In Aristotle's (384–322 BC) description of the universe, the Moon marked the boundary between the spheres of the mutable elements (earth, water, air and fire), and the imperishable stars of aether, an influential philosophy that would dominate for centuries. Archimedes (287–212 BC) designed a planetarium that could calculate the motions of the Moon and other objects in the Solar System. In the 2nd century BC, Seleucus of Seleucia correctly thought that tides were due to the attraction of the Moon, and that their height depends on the Moon's position relative to the Sun. In the same century, Aristarchus computed the size and distance of the Moon from Earth, obtaining a value of about twenty times the radius of Earth for the distance.
The Chinese of the Han dynasty believed the Moon to be energy equated to qi and their 'radiating influence' theory recognized that the light of the Moon was merely a reflection of the Sun; Jing Fang (78–37 BC) noted the sphericity of the Moon. Ptolemy (90–168 AD) greatly improved on the numbers of Aristarchus, calculating a mean distance of 59 times Earth's radius and a diameter of 0.292 Earth diameters, close to the correct values of about 60 and 0.273 respectively. In the 2nd century AD, Lucian wrote the novel A True Story, in which the heroes travel to the Moon and meet its inhabitants. In 510 AD, the Indian astronomer Aryabhata mentioned in his Aryabhatiya that reflected sunlight is the cause of the shining of the Moon. The astronomer and physicist Ibn al-Haytham (965–1039) found that sunlight was not reflected from the Moon like a mirror, but that light was emitted from every part of the Moon's sunlit surface in all directions. Shen Kuo (1031–1095) of the Song dynasty created an allegory equating the waxing and waning of the Moon to a round ball of reflective silver that, when doused with white powder and viewed from the side, would appear to be a crescent. During the Middle Ages, before the invention of the telescope, the Moon was increasingly recognized as a sphere, though many believed that it was ""perfectly smooth"".


=== Telescopic exploration (1609–1959) ===

The telescope was developed and reported on in 1608. The first record of telescopic astronomy and rough mapping of the Moon's features is from early summer 1609 by Thomas Harriot, but which he did not publish. At the same time Galileo Galilei too started to use telescopes to observe the sky and the Moon, recording later that year more detailed observations and crucial conclusions, such as that the Moon was not smooth, featuring mountains and craters, which he published in 1610 in his ground-breaking and soon widely discussed book Sidereus Nuncius.
Later in the 17th century, the efforts of Giovanni Battista Riccioli and Francesco Maria Grimaldi led to the system of naming of lunar features in use today. The more exact 1834–1836 Mappa Selenographica of Wilhelm Beer and Johann Heinrich von Mädler, and their associated 1837 book Der Mond, the first trigonometrically accurate study of lunar features, included the heights of more than a thousand mountains, and introduced the study of the Moon at accuracies possible in earthly geography. Lunar craters, first noted by Galileo, were thought to be volcanic until the 1870s proposal of Richard Proctor that they were formed by collisions. This view gained support in 1892 from the experimentation of geologist Grove Karl Gilbert, and from comparative studies from 1920 to the 1940s, leading to the development of lunar stratigraphy, which by the 1950s was becoming a new and growing branch of astrogeology.


=== First missions to the Moon (1959–1976) ===

After World War II the first launch systems were developed and by the end of the 1950s they reached capabilities that allowed the Soviet Union and the United States to launch spacecraft into space. The Cold War fueled a closely followed development of launch systems by the two states, resulting in the so-called Space Race and its later phase the Moon Race, accelerating efforts and interest in exploration of the Moon.

After the first spaceflight of Sputnik 1 in 1957 during International Geophysical Year the spacecraft of the Soviet Union's Luna program were the first to accomplish a number of goals. Following three unnamed failed missions in 1958, the first human-made object Luna 1 escaped Earth's gravity and passed the Moon on 4 January 1959. Later that year the first human-made object Luna 2 reached the Moon's surface by intentionally impacting. By the end of the year Luna 3 reached as the first human-made object the normally occluded far side of the Moon, taking the first photographs of it.
The first spacecraft to perform a successful lunar soft landing was Luna 9 and the first vehicle to orbit the Moon was Luna 10, both in 1966.

Following President John F. Kennedy's 1961 commitment to a crewed Moon landing before the end of the decade, the United States, under NASA leadership, launched a series of uncrewed probes to develop an understanding of the lunar surface in preparation for human missions: the Jet Propulsion Laboratory's Ranger program, the Lunar Orbiter program and the Surveyor program. The crewed Apollo program was developed in parallel; after a series of uncrewed and crewed tests of the Apollo spacecraft in Earth orbit, and spurred on by a potential Soviet lunar human landing, in 1968 Apollo 8 made the first human mission to lunar orbit (the first Earthlings, two tortoises, had circled the Moon three months earlier on the Soviet Union's Zond 5, followed by turtles on Zond 6).
The first time a person landed on the Moon and any extraterrestrial body was when Neil Armstrong, the commander of the American mission Apollo 11, set foot on the Moon at 02:56 UTC on July 21, 1969. Considered the culmination of the Space Race, an estimated 500 million people worldwide watched the transmission by the Apollo TV camera, the largest television audience for a live broadcast at that time. While at the same time another mission, the robotic sample return mission Luna 15 by the Soviet Union had been in orbit around the Moon, becoming together with Apollo 11 the first ever case of two extraterrestrial missions being conducted at the same time.
The Apollo missions 11 to 17 (except Apollo 13, which aborted its planned lunar landing) removed 380.05 kilograms (837.87 lb) of lunar rock and soil in 2,196 separate samples.
Scientific instrument packages were installed on the lunar surface during all the Apollo landings. Long-lived instrument stations, including heat flow probes, seismometers, and magnetometers, were installed at the Apollo 12, 14, 15, 16, and 17 landing sites. Direct transmission of data to Earth concluded in late 1977 because of budgetary considerations, but as the stations' lunar laser ranging corner-cube retroreflector arrays are passive instruments, they are still being used.
Apollo 17 in 1972 remains the last crewed mission to the Moon. Explorer 49 in 1973 was the last dedicated U.S. probe to the Moon until 1994.

The Soviet Union continued sending robotic missions to the Moon until 1976, deploying in 1970 with Luna 17 the first remote controlled rover Lunokhod 1 on an extraterrestrial surface, and collecting and returning 0.3 kg of rock and soil samples with three Luna sample return missions (Luna 16 in 1970, Luna 20 in 1972, and Luna 24 in 1976).


=== Moon Treaty and explorational absence (1976–1990) ===

Following the last Soviet mission to the Moon of 1976, there was little further lunar exploration for fourteen years. Astronautics had shifted its focus towards the exploration of the inner (e.g. Venera program) and outer (e.g. Pioneer 10, 1972) Solar System planets, but also towards Earth orbit, developing and continuously operating, beside communication satellites, Earth observation satellites (e.g. Landsat program, 1972), space telescopes and particularly space stations (e.g. Salyut program, 1971).
Negotiation in 1979 of Moon treaty, and its subsequent ratification in 1984 was the only major activity regarding the Moon until 1990.


=== Renewed exploration (1990–present) ===
In 1990 Hiten – Hagoromo, the first dedicated lunar mission since 1976, reached the Moon. Sent by Japan, it became the first mission that was not a Soviet Union or U.S. mission to the Moon.
In 1994, the U.S. dedicated a mission to fly a spacecraft (Clementine) to the Moon again for the first time since 1973. This mission obtained the first near-global topographic map of the Moon, and the first global multispectral images of the lunar surface. In 1998, this was followed by the Lunar Prospector mission, whose instruments indicated the presence of excess hydrogen at the lunar poles, which is likely to have been caused by the presence of water ice in the upper few meters of the regolith within permanently shadowed craters.
The next years saw a row of first missions to the Moon by a new group of states actively exploring the Moon.
Between 2004 and 2006 the first spacecraft by the European Space Agency (ESA) (SMART-1) reached the Moon, recording the first detailed survey of chemical elements on the lunar surface.
The Chinese Lunar Exploration Program reached the Moon for the first time with the orbiter Chang'e 1 (2007–2009), obtaining a full image map of the Moon.
India reached, orbited and impacted the Moon in 2008 for the first time with its Chandrayaan-1 and Moon Impact Probe, becoming the fifth and sixth state to do so, creating a high-resolution chemical, mineralogical and photo-geological map of the lunar surface, and confirming the presence of water molecules in lunar soil.
The U.S. launched the Lunar Reconnaissance Orbiter (LRO) and the LCROSS impactor on June 18, 2009. LCROSS completed its mission by making a planned and widely observed impact in the crater Cabeus on October 9, 2009, whereas LRO is currently in operation, obtaining precise lunar altimetry and high-resolution imagery.
China continued its lunar program in 2010 with Chang'e 2, mapping the surface at a higher resolution over an eight-month period, and in 2013 with Chang'e 3, a lunar lander along with a lunar rover named Yutu (Chinese: 玉兔; lit. 'Jade Rabbit'). This was the first lunar rover mission since Lunokhod 2 in 1973 and the first lunar soft landing since Luna 24 in 1976, making China the third country to achieve this.
In 2014 the first privately funded probe, the Manfred Memorial Moon Mission, flew by the Moon.
Another Chinese rover mission, Chang'e 4, achieved the first landing on the Moon's far side in early 2019.
Also in 2019, India successfully sent its second probe, Chandrayaan-2, to the Moon.
In 2020, China carried out its first robotic sample return mission (Chang'e 5), bringing back 1,731 grams of lunar material to Earth.
The U.S. developed plans for returning to the Moon beginning in 2004, and with the signing of the U.S.-led Artemis Accords in 2020, the Artemis program aims to return humans to the Moon in the 2020s. The Accords have been joined by a growing number of countries. The introduction of the Artemis Accords has fueled a renewed discussion about the international framework and cooperation of lunar activity, building on the Moon Treaty and the ESA-led Moon Village concept.
2022 South Korea launched Danuri successfully, its first mission to the Moon, from the US.
In 2023 and 2024 India and Japan became the fourth and fifth country to soft land a spacecraft on the Moon, following the Soviet Union and United States in the 1960s, and China in the 2010s. Notably, Japan's spacecraft, the Smart Lander for Investigating Moon, survived 3 lunar nights. In 2024, the IM-1 lander became the first commercially built lander to land on the Moon.
China launched the Chang'e 6 on May 3, 2024, which conducted another lunar sample return from the far side of the Moon. It also carried a Chinese rover to conduct infrared spectroscopy of lunar surface. Pakistan sent a lunar orbiter called ICUBE-Q along with Chang'e 6.
Nova-C 2, iSpace Lander and Blue Ghost were all launched to the Moon in 2024.

NASA plans to launch its Artemis II crewed lunar flyby in April 2026, becoming the first crewed lunar mission since the Apollo era. Crew members Christina Koch, Victor Glover, and Jeremy Hansen will become the first woman, person of color, and non-US citizen, respectively, to travel to the lunar environment and beyond low Earth orbit. Following Artemis II, NASA plans to return humans to the Moon with the Artemis IV landing on the lunar South Pole in 2028, marking the first crewed lunar landing since Apollo.


=== Future ===

Beside the progressing Artemis program and supporting Commercial Lunar Payload Services, China is continuing its ambitious Chang'e program, having announced with Russia's struggling Luna-Glob program joint missions. Both the Chinese and US lunar programs have the goal to establish in the 2030s a lunar base with their international partners, though the US and its partners will first establish an orbital Lunar Gateway station in the 2020s, from which Artemis missions will land the Human Landing System to set up temporary surface camps.
While the Apollo missions were explorational in nature, the Artemis program plans to establish a more permanent presence. To this end, NASA is partnering with industry leaders to establish key elements such as modern communication infrastructure. A 4G connectivity demonstration is to be launched aboard an Intuitive Machines Nova-C lander in 2024. Another focus is on in situ resource utilization, which is a key part of the DARPA lunar programs. DARPA has requested that industry partners develop a 10–year lunar architecture plan to enable the beginning of a lunar economy.


== Human interaction and presence ==

In 1959 the first extraterrestrial probes reached the Moon (Luna program), just a year into the space age, after the first ever orbital flight. Since then, humans have sent a range of probes and people to the Moon. The first stay of people on the Moon was conducted in 1969, in a series of crewed exploration missions (the Apollo Program), the last having taken place in 1972.
Uninterrupted presence has been the case through the remains of impactors, landings and lunar orbiters. Some landings and orbiters have maintained a small lunar infrastructure, providing continuous observation and communication at the Moon. Longterm missions continuing to be active are some orbiters such as the 2009-launched Lunar Reconnaissance Orbiter surveilling the Moon for future missions, as well as some Landers such as the 2013-launched Chang'e 3 with its Lunar Ultraviolet Telescope still operational.
Five retroreflectors have been installed on the Moon since the 1970s and since used for accurate measurements of the physical librations through laser ranging to the Moon.
Increasing human activity in cislunar space as well as on the Moon's surface, particularly missions at the far side of the Moon or the lunar north and south polar regions, are in need for a lunar infrastructure. For that purpose, orbiters in orbits around the Moon or the Earth–Moon Lagrange points, have since 2006 been operated. With highly eccentric orbits providing continuous communication, as with the orbit of Queqiao and Queqiao-2 relay satellite or the planned first extraterrestrial space station, the Lunar Gateway.
There are several missions by different agencies and companies planned to establish a long-term human presence on the Moon, with the Lunar Gateway as the currently most advanced project as part of the Artemis program.


=== Human impact ===

While the Moon has the lowest planetary protection target-categorization, its degradation as a pristine body and scientific place has been discussed. If there is astronomy performed from the Moon, it will need to be free from any physical and radio pollution. While the Moon has no significant atmosphere, traffic and impacts on the Moon causes clouds of dust that can spread far and possibly contaminate the original state of the Moon and its special scientific content. Scholar Alice Gorman asserts that, although the Moon is inhospitable, describing the Moon as dead negates its dynamics, which requires sustainable human activity to treat the Moon's ecology as a co-participant.
The so-called ""Tardigrade affair"" of the 2019 crashed Beresheet lander and its carrying of tardigrades has been discussed as an example for lacking measures and lacking international regulation for planetary protection.
Space debris beyond Earth around the Moon has been considered as a future challenge with increasing numbers of missions to the Moon, particularly as a danger for such missions. As such lunar waste management has been raised as an issue which future lunar missions, particularly on the surface, need to tackle.
Human remains have been transported to the Moon, including by private companies such as Celestis and Elysium Space. Because the Moon has been sacred or significant to many cultures, the practice of space burials have attracted criticism from indigenous peoples leaders. For example, then–Navajo Nation president Albert Hale criticized NASA for sending the cremated ashes of scientist Eugene Shoemaker to the Moon in 1998.
Beside the remains of human activity on the Moon, there have been some intended permanent installations like the Moon Museum art piece, Apollo 11 goodwill messages, six lunar plaques, the Fallen Astronaut memorial, and other artifacts.


=== Astronomy from the Moon ===

The Moon has been used as a site for astronomical and Earth observations. The Earth appears in the Moon's sky with an apparent size of 1° 48′ to 2°, three to four times the size of the Moon or Sun in Earth's sky, or about the apparent width of two little fingers at an arm's length away. Observations from the Moon started as early as 1966 with the first images of Earth from the Moon, taken by Lunar Orbiter 1. Of particular cultural significance is the 1968 photograph called Earthrise, taken by Bill Anders of Apollo 8 in 1968. In April 1972 the Apollo 16 mission set up the first dedicated telescope, the Far Ultraviolet Camera/Spectrograph, recording various astronomical photos and spectra.
The Moon is recognized as an excellent site for telescopes. It is relatively nearby; certain craters near the poles are permanently dark and cold and especially useful for infrared telescopes; and radio telescopes on the far side would be shielded from the radio chatter of Earth. The lunar soil, although it poses a problem for any moving parts of telescopes, can be mixed with carbon nanotubes and epoxies and employed in the construction of mirrors up to 50 meters in diameter. A lunar zenith telescope can be made cheaply with an ionic liquid.
With increased human activity on the surface of the Moon the atmospheric circulation of lunar dust will increase, reducing the favourable conditions for astronomy from the surface depending on measures to mitigate the spread of lunar dust.


=== Living on the Moon ===

Humans have lived on the Moon in groups of two and for up to three days. Altogether twelve people have stayed on the Moon over the course of six visits. They all lived in one type of surface habitat, the Apollo Lunar Module. In the course of these stays some people have spent in total up to one day roaming the surface.
Challenges when roaming the surface arise from lunar dust sticking to suits and tools, and has been carried inside the habitats. Astronauts could taste and smell the dust, which smells like gunpowder and was called the ""Apollo aroma"". This fine lunar dust can cause health issues.
In 2019, at least one plant seed sprouted in an experiment on the Chang'e 4 lander. It was carried from Earth along with other small life in its Lunar Micro Ecosystem.


=== Legal status ===

Although Luna landers scattered pennants of the Soviet Union on the Moon, and U.S. flags were symbolically planted at their landing sites by the Apollo astronauts, no nation claims ownership of any part of the Moon's surface. Likewise no private ownership of parts of the Moon, or as a whole, is considered credible.
The 1967 Outer Space Treaty defines the Moon and all outer space as the ""province of all mankind"". It restricts the use of the Moon to peaceful purposes, explicitly banning military installations and weapons of mass destruction. A majority of countries are parties of this treaty.
The 1979 Moon Agreement was created to elaborate, and restrict the exploitation of the Moon's resources by any single nation, leaving it to a yet unspecified international regulatory regime. As of January 2020, it has been signed and ratified by 18 nations, none of which have human spaceflight capabilities.
Since 2020, countries have joined the U.S. in their Artemis Accords, which are challenging the treaty. The U.S. has furthermore emphasized in a presidential executive order (""Encouraging International Support for the Recovery and Use of Space Resources."") that ""the United States does not view outer space as a 'global commons'"" and calls the Moon Agreement ""a failed attempt at constraining free enterprise"".
With Australia signing and ratifying both the Moon Treaty in 1986 as well as the Artemis Accords in 2020, there has been a discussion if they can be harmonized. In this light an Implementation Agreement for the Moon Treaty has been advocated for, as a way to compensate for the shortcomings of the Moon Treaty and to harmonize it with other laws and agreements such as the Artemis Accords, allowing it to be more widely accepted.
In the face of such increasing commercial and national interest, particularly prospecting territories, U.S. lawmakers have introduced in late 2020 specific regulation for the conservation of historic landing sites and interest groups have argued for making such sites World Heritage Sites and zones of scientific value protected zones, all of which add to the legal availability and territorialization of the Moon.
In 2021, the Declaration of the Rights of the Moon was created by a group of ""lawyers, space archaeologists and concerned citizens"", drawing on precedents in the Rights of Nature movement and the concept of legal personality for non-human entities in space.


==== Coordination and regulation ====
Increasing human activity at the Moon has raised the need for coordination to safeguard international and commercial lunar activity. Issues from cooperation to mere coordination, through for example the development of a shared Lunar time, have been raised.
In particular the establishment of an international or United Nations regulatory regime for lunar human activity has been called for by the Moon Treaty and suggested through an Implementation Agreement, but remains contentious. Current lunar programs are multilateral, with the US-led Artemis program and the China-led International Lunar Research Station. For broader international cooperation and coordination, the International Lunar Exploration Working Group (ILEWG), the Moon Village Association (MVA) and more generally the International Space Exploration Coordination Group (ISECG) has been established.


== In culture and life ==


=== Timekeeping ===

Since pre-historic times people have taken note of the Moon's phases and its waxing and waning cycle and used it to keep record of time. Tally sticks, notched bones dating as far back as 20–30,000 years ago, are believed by some to mark the phases of the Moon. The counting of the days between the Moon's phases eventually gave rise to generalized time periods of lunar cycles as months, and possibly of its phases as weeks.
The words for the month in a range of different languages carry this relation between the period of the month and the Moon etymologically. The English month as well as moon, and its cognates in other Indo-European languages (e.g. the Latin mensis and Ancient Greek μείς (meis) or μήν (mēn), meaning ""month"") stem from the Proto-Indo-European (PIE) root of moon, *méh1nōt, derived from the PIE verbal root *meh1-, ""to measure"", ""indicat[ing] a functional conception of the Moon, i.e. marker of the month"" (cf. the English words measure and menstrual). To give another example from a different language family, the Chinese language uses the same word (月) for moon as for month, which furthermore can be found in the symbols for the word week (星期).
This lunar timekeeping gave rise to the historically dominant, but varied, lunisolar calendars. The 7th-century Islamic calendar is an example of a purely lunar calendar, where months are traditionally determined by the visual sighting of the hilal, or earliest crescent moon, over the horizon.
Of particular significance has been the occasion of full moon, highlighted and celebrated in a range of calendars and cultures, an example being the Buddhist Vesak. The full moon around the southern or northern autumnal equinox is often called the harvest moon and is celebrated with festivities such as the Harvest Moon Festival of the Chinese lunar calendar, its second most important celebration after the Chinese lunisolar Lunar New Year.
Furthermore, association of time with the Moon can also be found in religion, such as the ancient Egyptian temporal and lunar deity Khonsu.


=== Cultural representation ===

Humans have not only observed the Moon since prehistoric times, but have also developed intricate perceptions of the Moon. Over time the Moon has been characterized and associated in many different ways, from having a spirit or being a deity, and an aspect thereof or an aspect in astrology, being made an important part of many cosmologies.
This rich history of humans viewing the Moon has been evidenced starting with depictions from 40,000 BP and in written form from the 4th millennium BCE in the earliest cases of writing. The oldest named astronomer and poet Enheduanna, Akkadian high priestess to the lunar deity Nanna/Sin and daughter of Sargon the Great (c. 2334 – c. 2279 BCE), tracked the Moon and wrote poems about her divine Moon.


==== Crescent ====
For the representation of the Moon, especially its lunar phases, the crescent (🌙) has been a recurring symbol in a range of cultures since at least 3,000 BCE or possibly earlier with bull horns dating to the earliest cave paintings at 40,000 BP. In writing systems such as Chinese the crescent has developed into the symbol 月, the word for Moon, and in ancient Egyptian it was the symbol 𓇹, meaning Moon and spelled like the ancient Egyptian lunar deity Iah, which the other ancient Egyptian lunar deities Khonsu and Thoth were associated with.
Iconographically the crescent was used in Mesopotamia as the primary symbol of Nanna/Sîn, the ancient Sumerian lunar deity, who was the father of Inanna/Ishtar, the goddess of the planet Venus (symbolized as the eight pointed Star of Ishtar), and Utu/Shamash, the god of the Sun (symbolized as a disc, optionally with eight rays), all three often depicted next to each other. Nanna/Sîn is, like some other lunar deities, for example Iah and Khonsu of ancient Egypt, Mene/Selene of ancient Greece and Luna of ancient Rome, depicted as a horned deity, featuring crescent shaped headgears or crowns.
The particular arrangement of the crescent with a star known as the star and crescent (☪️) goes back to the Bronze Age, representing either the Sun and Moon, or the Moon and the planet Venus, in combination. It came to represent the selene goddess Artemis, and via the patronage of Hecate, which as triple deity under the epithet trimorphos/trivia included aspects of Artemis/Diana, came to be used as a symbol of Byzantium, with Virgin Mary (Queen of Heaven) later taking her place, becoming depicted in Marian veneration on a crescent and adorned with stars. Since then the heraldric use of the star and crescent proliferated, Byzantium's symbolism possibly influencing the development of the Ottoman flag, specifically the combination of the Turkish crescent with a star, and becoming a popular symbol for Islam (as the hilal of the Islamic calendar) and for a range of nations.


==== Other associations ====
The features of the Moon, the contrasting brighter highlands and darker maria, have been seen by different cultures forming abstract shapes. Such shapes are among others the Man in the Moon (e.g. Coyolxāuhqui) or the Moon Rabbit (e.g. the Chinese Tu'er Ye or in Indigenous American mythologies the aspect of the Mayan Moon goddess, from which possibly Awilix is derived, or of Metztli/Tēcciztēcatl).
Occasionally some lunar deities have been also depicted driving a chariot across the sky, such as the Hindu Chandra/Soma, the Greek Artemis, which is associated with Selene, or Luna, Selene's ancient Roman equivalent.
Color and material wise the Moon has been associated in Western alchemy with silver, while gold is associated with the Sun.

Through a miracle, the so-called splitting of the Moon (Arabic: انشقاق القمر) in Islam, association with the Moon applies also to Muhammad.


=== Representation in modern culture ===

The perception of the Moon in the modern era has been informed by telescope-enabled modern astronomy and later by spaceflight which enabled actual human activity at the Moon, particularly the culturally impactful lunar landings. These new insights inspired cultural references, connecting romantic reflections about the Moon and speculative fiction such as science-fiction dealing with the Moon.
Contemporarily the Moon has been seen as a place for economic expansion into space, with missions prospecting for lunar resources. This has been accompanied with renewed public and critical reflection on humanity's cultural and legal relation to the celestial body, especially regarding colonialism, as in the 1970 poem ""Whitey on the Moon"". In this light the Moon's nature has been invoked, particularly for lunar conservation and as a common.
In 2021 20 July, the date of the first crewed Moon landing, became the annual International Moon Day.


=== Lunar effect ===

The lunar effect is an unproven correlation between specific stages of the roughly 29.5-day lunar cycle and behavior and physiological changes in living beings on Earth, including humans. The Moon has long been associated with insanity and irrationality; the words lunacy and lunatic are derived from the Latin name for the Moon, Luna. Philosophers Aristotle and Pliny the Elder argued that the full moon induced insanity in susceptible individuals, believing that the brain, which is mostly water, must be affected by the Moon and its power over the tides, but the Moon's gravity is too slight to affect any single person. Even today, people who believe in a lunar effect claim that admissions to psychiatric hospitals, traffic accidents, homicides or suicides increase during a full moon, but over 37 studies invalidate these claims.
Lunar cycles have significant impacts on human culture but no solid evidence connects these cycles to human biology.


== See also ==
List of natural satellites
Selenography – Study of the surface and shape of the Moon
Timekeeping on the Moon


== Explanatory notes ==


== References ==


== Further reading ==


== External links ==

NASA images and videos about the Moon Archived July 13, 2023, at the Wayback Machine
Video (04:56) – The Moon in 4K (NASA, April 2018) on YouTube
Find moonrise, moonset and moon phase for a location


=== Cartographic resources ===
Unified Geologic Map of the Moon – United States Geological Survey
Moon Trek – An integrated map browser of datasets and maps for the Moon
Consolidated Lunar Atlas
3D zoomable globes:
The Moon on Google Maps, a 3-D rendition of the Moon akin to Google Earth
World Wind Central on Moon Archived May 15, 2007, at the Wayback Machine
Maps and panoramas at Apollo landing sites
earthly mission
Large image of the Moon's north pole area","The Moon is believed to have formed from a giant impact between Earth and a Mars-sized body called Theia, resulting in debris that coalesced to form the Moon.","Hubble views of Copernicus crater (inset), which is about 58 miles (93 km) wide",0,0,supported,0.579149659222,-0.07305032938314791,-2.483711199027029,34,,0.9800249338150024,-0.148809150698,0.956608736843,0.8134894989392765,2,0.295919205591,1.0,1.0,0.0,0.0,0.9326171875,0.0235137939453125,0.043914794921875,-1.6771515271855684,0.15747302215762868,0.022222222222222223,0.3108108108108108,0.5,keep
Q2342_1090,wikiqa,where is smoked salmon from,"Smoked salmon is a preparation of salmon, typically a fillet that has been cured and hot or cold smoked.
Due to its moderately high price in some regions, smoked salmon is considered a delicacy. Although the term lox is sometimes applied to smoked salmon, they are different products.
Smoking is used to preserve salmon against microorganism spoilage. During the process of smoking salmon, the fish is cured and partially dehydrated, which impedes the activity of bacteria. The growth of bacteria, such as Clostridium botulinum, is inhibited by increased salt content from the curing process.
Smoked salmon was also a common dish in Greek and Roman culture throughout history, often being eaten at large gatherings and celebrations. During the Middle Ages, smoked salmon became part of people's diet and was consumed in soups and salads. The first smoking factory was from Poland in the 7th century A.D. The 19th century marked the rise of the American smoked salmon industry in the West Coast, processing Pacific salmon from Alaska and Oregon.


== Nutrition ==
Salmon is a fish with high fat content and smoked salmon is a good source of omega-3 fatty acids including docosahexaenoic acid (DHA) and eicosapentaenoic acid (EPA). Smoked salmon has a high sodium content due to the salt added during brining and curing. 3 ounces (85 g) of smoked salmon contains approximately 660 mg of sodium, while an equivalent portion of fresh cooked salmon contains about 50 mg. Although high salt content prevents the growth of microorganisms in smoked salmon by limiting water activity, the American Heart Association recommends limiting sodium consumption.
Smoked foods, including smoked salmon also contain nitrates and nitrites which are by-products of the smoking process.  Nitrites and nitrates can be converted into nitrosamines, some of which are carcinogenic. Nitrosamine formation is temperature-dependent; nitrosamines are present at low levels in cold smoked salmon and higher levels in hot smoked salmon.


=== Salt replacement ===
Studies have been conducted in which some of the sodium chloride used in smoking salmon had been replaced by potassium chloride. The study found that up to one third of the sodium chloride can be replaced by potassium chloride without changing the sensory properties of the smoked salmon.  Although potassium chloride has a bitter and metallic taste, the saltiness of the smoked salmon might have masked its undesirable flavor.

*Based on a 2,000 calorie diet – Serving size: about 3 oz or 85 g, cooked.


== Production ==
In the Atlantic basin all smoked salmon comes from the Atlantic salmon, much of it farmed in Norway, Scotland, Ireland and the east coast of Canada (particularly in the Bay of Fundy). In the Pacific, a variety of salmon species may be used. Because fish farming is prohibited by state law, all of Alaska's salmon species are wild Pacific species. Pacific species of salmon include chinook (""king""), sockeye (""red""), coho (""silver""), chum (""keta""), and pink (""humpback"").


=== Cold smoking ===
Most smoked salmon is cold smoked, typically at 37 °C (99 °F). Cold smoking does not cook the fish, resulting in a delicate texture. Although some smoke houses go for a deliberately 'oaky' style with prolonged exposure to smoke from oak chips, industrial production favours less exposure to smoke and a blander style, using cheaper woods.
Originally, prepared fish were upside hung in lines on racks, or tenters, within the kiln. Workers would climb up and straddle the racks while hanging the individual lines in ascending order. Small circular wood chip fires would be lit at floor level and allowed to smoke slowly throughout the night. The wood fire was damped with sawdust to create smoke; this was constantly tended as naked flames would cook the fish rather than smoke it. The required duration of smoking has always been gauged by a skilled or 'master smoker' who manually checks for optimum smoking conditions.
In Britain the smoking process has changed over the years and many contemporary smokehouses have left behind the traditional methods using brick kilns, in favour of commercial methods. Only a handful of traditional smokehouses remain such as John Ross Jr (Aberdeen) Ltd and the Stornoway Smokehouse in the Outer Hebrides.  The oldest smokehouse in Scotland is the Old Salmon Fish House built on the banks of the River Ugie in 1585, although not at first for smoking.  The oldest smokehouse in England is the 1760 Old Smokehouse in Raglan Street, Lowestoft. Smoked salmon was also brought into London's East End by Jewish immigrants from Russia and Poland in the late 19th century. They smoked salmon as a way to preserve it as refrigeration was very basic. In the early years, they were not aware that there was a salmon native to the UK so they imported Baltic salmon in barrels of salt water. However, having discovered the wild Scottish salmon coming down to the fish market at Billingsgate each summer, they started smoking these fish instead. The oldest salmon smoker in the world, H.Forman & Son, is based in East London and dates back to 1905 remaining within the same family. Their ""London Cure Smoked Salmon"" became the first ever London-based food to be awarded ""Protected Geographical Indication"" status
Indigenous peoples in the Pacific Northwest and Alaska have a cold smoking style that is unique, resulting in a dried, ""jerky-style"" smoked salmon. In the Pacific Northwest this style of salmon has been used for centuries as a primary source of food for numerous indigenous people. Traditionally smoked salmon has been a staple of north-western American tribes and Canadian First Nations people. To preserve it indefinitely, the fish is now typically pressure-cooked.


=== Hot smoking ===

Commonly used for both salmon and trout, hot smoking 'cooks' the salmon making it less moist, and firmer, with a less delicate taste. It may be eaten like cold smoked salmon, or mixed with salads or pasta. It is essential to brine the salmon sufficiently and dry the skin enough to form a pellicle prior to smoking. Without a sufficient pellicle, albumin will ooze out of the fish as it cooks, resulting in an unsightly presentation.


=== Brining salmon ===
There are three main curing methods that are typically used to cure salmon prior to smoking.

Wet brining: Brining in a solution containing water, salt, sugar, spices, with (or without) sodium nitrite for a number of hours or days.
Dry curing: This method is a method often used in Europe, in which salmon fillets are covered with a mix of salt, sugar, and sometimes other spices (traditional London Cure smoked salmon uses salt only). Dry curing tends to be faster than wet brining, as the salt tends to draw out moisture from the fish during the curing process and less drying time is needed in the smokehouse.
Injection: This is the least typical method as it damages the delicate flesh of salmon. This is the fastest method of all as it injects the curing solution — hence allowing a faster cure throughout the flesh.
The proteins in the fish are modified (denatured) by the salt, which enables the flesh of the salmon to hold moisture better than it would if not brined. In the United States, the addition of salt is regulated by the FDA as it is a major processing aid to ensure the safety of the product. The sugar is hydrophilic, and adds to the moistness of the smoked salmon. Salt and sugar are also preservatives, extending the storage life and freshness of the salmon. Table salt (iodized salt) is not used in any of these methods, as the iodine can impart a dark color and bitter taste to the fish.


=== Curing ===

Indian hard smoked salmon is first kippered with salt, sugar and spices and then smoked until hard and jerky-like. See cured salmon. The Scandinavian dish gravlax is cured, but is not smoked.


== Packaging ==


=== Canning ===

In British Columbia, canning salmon can be traced back to Alexander Loggie in 1870 who established the first recorded commercial cannery on the Fraser River. Canning soon became the preferred method of preserving salmon in BC growing from three canneries in 1876 to more than ninety by the turn of the century. Sockeye and Pink Salmon make up the majority of canned salmon, with the traditional product containing skin and bones – important sources of calcium and nutrients.
The enzymes of fish operate at an optimum temperature of about 5 °C, the temperature of the water from which they came. Bacteriologically sterile, fish still have a large number of bacteria in their slimy surface and digestive tracts. These bacteria multiply rapidly once the fish dies and start to attack the tissues. The growth of microorganism can greatly affect the quality of the salmon.
The salmon is first dressed and washed, then cut into pieces and filled in cans (previously sterilized) in saline. The cans must then undergo a double steaming process in a vacuum-sealed environment. The steam is pressurized at 121.1 °C for 90 minutes to kill any bacteria. After heating, the cans are cooled under running water, dried and stored in a controlled environment between 10 and 15.5 °C. Before leaving the canneries, they are examined to ensure both the can integrity and safety of the fish.
The Canadian Food and Inspection Agency (CFIA) is responsible for policies, labeling requirements, permitted additives, and inspections for all fish products. All establishments which process fish for export or inter-provincial trade must be registered federally and implement a Quality Management Program (QMP) plan.


=== Retort pouch ===

Cooking low-acid food items in a retortable pouch is a relatively new process, with the first commercial use of such retort pouches found in Italy in 1960, Denmark in 1966, and in Japan in 1969. It consists of enclosing the fish in ""a multilayer flexible packaging consisting mainly of polypropylene (PP), aluminum foil, and polyester (PET)"" instead of the metal can or glass jar used in canning; but from there the technique is quite similar.  Four different retort pouch structures were used; namely cast polypropylene (CPP), polyethylene terephthalate (PET)/silicon oxide-coated nylon/CPP (SIOX), Aluminum oxide-coated PET/nylon/CPP (ALOX), and PET/aluminum foil/CPP (FOIL).


==== Advantages ====
Retort pouch salmon minimizes the thermal damage to nutrient, sensory, and other food quality characteristics due to quicker heating based on the thinner package profile when compared to metal cans.
Pouched food can be eaten without heating, or it can be heated quickly by placing the pouch in boiling water for a few minutes. Frozen foods, in contrast, require heating for about half an hour. Thus, less energy is required for heating a retort pouch. Pouched food can also be heated in a microwave oven simply by removing it from the pouch before heating.
Compare to cans and glass, it is easier to open and safer.
Pouch-packed salmon had firmer, more fibrous, drier and chewier texture than that product in a can of equal fill weight.
Utilising the plastic retort pouch over these other forms, particularly for delicate foods such as smoked salmon. T.D. Durance and L.S. Collins found that ""processing of late-run chum salmon in retortable pouches resulted in 48% reduction in processing time"" for a given level of lethality to microorganisms, a clear advantage over traditional canning techniques.


==== Disadvantages ====
Color changes, vitamin losses, production of undesirable odors, and texture changes of salmon in the conventional retort processing.
The aluminum foil barrier layer is not suitable for microwave heating. (However, there are newly made microwavable retort pouches now.)


== Labelling ==
In the UK, ""Scottish smoked salmon"" is sometimes used to refer to salmon that is smoked in Scotland but sourced from elsewhere. This is despite Food Standards Agency recommendations that such salmon be described as ""Salmon smoked in Scotland"" instead. Labelling must also include the method of production ('farmed', 'cultivated', 'caught').


== Presentation ==

Smoked salmon is a popular ingredient in canapés, often combined with cream cheese and lemon juice.
In New York City and Philadelphia and other cities of North America, smoked salmon is known as ""nova"" after the sources in Nova Scotia, and is likely to be sliced very thinly and served on bagels with cream cheese or with sliced red onion, lemon and capers. In Pacific Northwest cuisine of the United States and Canada, smoked salmon may also be fillets or nuggets, including hickory or alder-smoked varieties and candied salmon (smoked and honey, or sugar-glazed, also known as ""Indian candy"").
In Europe, smoked salmon may be found thinly sliced or in thicker fillets, or sold as chopped ""scraps"" for use in cooking. It is often used in pâtés, quiches and pasta sauces. Scrambled eggs with smoked salmon mixed in is another popular dish. Smoked salmon salad is a strong-flavored salad, with ingredients such as iceberg lettuce, boiled eggs, tomato, olives, capers and leeks, and with flavored yogurt as a condiment.
Slices of smoked salmon are a popular appetizer in Europe, usually served with some kind of bread. In the United Kingdom they are typically eaten with brown bread and a squeeze of lemon. In Germany they are eaten on toast or black bread.
In Jewish cuisine, heavily salted salmon is called lox and is usually eaten on a bagel with cream cheese. Lox is often smoked.
Smoked salmon is sometimes used in sushi, though not widely in Japan; it is more likely to be encountered in North American sushi bars. The Philly Roll combines smoked salmon and cream cheese and rolls these in rice and nori.


=== Jerky ===
Smoked salmon jerky is a dehydrated salmon product that is bought ready to eat for consumers and requires no further refrigeration or cooking. (Note there are ""fresh"" non-heat treated versions made by smaller local producers that require refrigeration.) It is typically made from the trimmings and by-products of salmon products in other smoking facilities. Smoked salmon jerky undergoes the most heat processing of all other smoked salmon products yet still maintains its quality as a good source of omega-3 fatty acids.
The two main processing techniques for salmon jerky are wet-brining and dry salting. In both cases the salmon is trimmed into narrow slices and then stored cold for less than one day. After being skinned and frozen, if the fish is to undergo the brining method it will require an additional step in which the salmon is left soaking in wet brine (salt solution) for one hour. It is then removed and the excess water is discarded. After this, in both the wet-brining and dry salting method, ingredients such as non-iodized salt, potato starch, or light brown sugar are added. In some smoked salmon jerky products preservatives may also be added to extend the shelf life of the final product. The salmon is then minced with the additives and reformed into thin strips that will be smoked for twenty hours. Between the brining and salting methods for smoked salmon jerky the brining method has been found to leave the salmon more tender with up to double the moisture content of salted jerky. The salmon jerky that undergoes the dry salting method has a tougher texture due to the lower moisture content and water activity. Both forms of salmon jerky still have a much lower moisture content than is found in raw salmon.
Smoked salmon jerky is packaged using aseptic packaging to ensure the product is in a sterilized environment. The smoked salmon jerky is commonly packaged in a vacuum sealed bag in which the oxygen has been removed, or in a controlled atmospheric package in which the oxygen has been replaced with nitrogen to inhibit the growth of microorganisms. Because of the high heat nature of which smoked salmon jerky is processed it is a shelf stable product. Depending on the integrity of the packaging and if preservatives were used, smoked salmon jerky may have an approximate shelf-life of six months to one year. Smaller local producers of salmon jerky make a ""fresh"", non-heat treated product that is not shelf stable.


== See also ==

List of fish dishes
List of smoked foods
Sashimi


== References ==


== External links ==

Smoking Fish At Home
How to Cook Smoked Salmon? Do it in 7 Easy Steps!","Smoked salmon is from various regions, including the Atlantic basin where it comes from Atlantic salmon farmed in Norway, Scotland, Ireland, and Canada, and the Pacific where wild species like chinook, sockeye, coho, chum, and pink salmon are used.",Lighting a traditional red brick John Ross Jr kiln,0,0,supported,0.297945050266,-0.05857078646883312,-3.2213932557858214,55,,0.9412051439285278,0.222201905386,2.62141832981,0.8404270731315348,4,0.596152682032,1.0,1.0,0.0,0.0,0.99462890625,0.0012865066528320312,0.00397491455078125,-1.6939640896101298,0.15525523484438694,0.022222222222222223,0.3108108108108108,0.5,keep
Q1028_490,wikiqa,who pulmonary hypertension,"Pulmonary hypertension (PH or PHTN) is a condition of increased blood pressure in the arteries of the lungs. Symptoms include shortness of breath, fainting, tiredness, chest pain, swelling of the legs, and a fast heartbeat. The condition may make it difficult to exercise. Onset is typically gradual.
According to the definition at the 6th World Symposium of Pulmonary Hypertension in 2018, a patient is deemed to have pulmonary hypertension if the pulmonary mean arterial pressure is greater than 20mmHg at rest, revised down from a purely arbitrary 25mmHg, and pulmonary vascular resistance (PVR) greater than 3 Wood units.
The cause is often unknown. Risk factors include a family history, prior pulmonary embolism (blood clots in the lungs), HIV/AIDS, sickle cell disease, cocaine use, chronic obstructive pulmonary disease, sleep apnea, living at high altitudes, and problems with the mitral valve. The underlying mechanism typically involves inflammation and subsequent remodeling of the arteries in the lungs. Diagnosis involves first ruling out other potential causes. High cardiac output states, such as advanced liver disease or the presence of large arteriovenous fistulas, may lead to an elevated mean pulmonary artery pressure (mPAP) greater than 20 mm Hg despite a pulmonary vascular resistance (PVR) less than 2 Wood units, which does not necessarily indicate pulmonary vascular disease.
As of 2022 there was no cure for pulmonary hypertension, although research to find a cure is ongoing. Treatment depends on the type of disease. A number of supportive measures such as oxygen therapy, diuretics, and medications to inhibit blood clotting may be used. Medications specifically used to treat pulmonary hypertension include epoprostenol, treprostinil, iloprost, bosentan, ambrisentan, macitentan, and sildenafil, tadalafil, selexipag, riociguat. Lung transplantation may be an option in severe cases.

The frequency of occurrence is estimated at 1,000 new cases per year in the United States. Females are more often affected than males. Onset is typically between 20 and 60 years of age. Pulmonary hypertension was identified by Ernst von Romberg in 1891.


== Classification ==
According to WHO classification there are 5 groups of PH, where Group I (pulmonary arterial hypertension) is further subdivided into Group I' and Group I'' classes. The WHO classification system in 2022 (with adaptations from the more recent ESC/ERS guidelines shown in italics) can be summarized as follows:
WHO Group I – Pulmonary arterial hypertension (PAH)

Caused by narrowing and thickening of tiny arteries of the lung
Idiopathic in most cases (heritable in some cases)
Heritable (BMPR2, ALK1, SMAD9, caveolin 1, KCNK3 mutations)
Drug- and toxin-induced (e.g., methamphetamine, amphetamine, or cocaine use )
Associated conditions:Connective tissue disease, HIV infection, Portal hypertension, Congenital heart diseases, Schistosomiasis
WHO Group I' – Pulmonary veno-occlusive disease (PVOD), pulmonary capillary hemangiomatosis (PCH)

Idiopathic
Heritable (EIF2AK4 mutations)
Drugs, toxins, and radiation-induced
Associated conditions:connective tissue disease, HIV infection
WHO Group I"" – Persistent pulmonary hypertension of the newborn
WHO Group II – Pulmonary hypertension secondary to left heart disease

Left ventricular systolic dysfunction
Left ventricular diastolic dysfunction
Valvular heart disease
Congenital/acquired left heart inflow/outflow tract obstruction and congenital cardiomyopathy
Congenital/acquired pulmonary venous stenosis
WHO Group III – Pulmonary hypertension due to lung disease, chronic hypoxia

Chronic obstructive pulmonary disease (COPD)
Interstitial lung disease
Mixed restrictive and obstructive pattern pulmonary diseases
Sleep-disordered breathing
Alveolar hypoventilation disorders
Chronic exposure to high altitude
Developmental abnormalities
WHO Group IV – Chronic arterial obstruction

Chronic thromboembolic pulmonary hypertension (CTEPH)
Other pulmonary artery obstructions
Angiosarcoma or other tumor within the blood vessels
Arteritis
Congenital pulmonary artery stenosis
Parasitic infection (hydatidosis)
WHO Group V – Pulmonary hypertension with unclear or multifactorial mechanisms

Hematologic diseases: chronic hemolytic anemia (including sickle cell disease)
Systemic diseases: sarcoidosis, pulmonary Langerhans cell histiocytosis: lymphangioleiomyomatosis, neurofibromatosis, vasculitis
Metabolic disorders: glycogen storage disease, Gaucher disease, thyroid diseases
Others: pulmonary tumoral thrombotic microangiopathy, fibrosing mediastinitis, chronic kidney failure, segmental pulmonary hypertension (pulmonary hypertension restricted to one or more lobes of the lungs)


== Signs and symptoms ==
The symptoms of pulmonary hypertension include the following:

Less common signs/symptoms include a non-productive cough and exercise-induced nausea and vomiting. Coughing up of blood may occur in some patients, particularly those with specific subtypes of pulmonary hypertension such as heritable pulmonary arterial hypertension, Eisenmenger syndrome, and chronic thromboembolic pulmonary hypertension. Pulmonary venous hypertension typically presents with shortness of breath while lying flat or sleeping (orthopnea or paroxysmal nocturnal dyspnea), while pulmonary arterial hypertension (PAH) typically does not.
Other typical signs of pulmonary hypertension include an accentuated pulmonary component of the second heart sound, a right ventricular third heart sound, and parasternal heave indicating a hypertrophied right ventricle. Signs of systemic congestion resulting from right-sided heart failure include jugular venous distension, ascites, and hepatojugular reflux. Evidence of tricuspid insufficiency and pulmonic regurgitation is also sought and, if present, is consistent with the presence of pulmonary hypertension.


== Causes ==
Pulmonary hypertension is a pathophysiologic condition with many possible causes. Indeed, this condition frequently accompanies severe heart or lung conditions. A 1973 World Health Organization meeting was the first attempt to classify pulmonary hypertension by its cause, and a distinction was made between primary PH (resulting from a disease of the pulmonary arteries) and secondary PH (resulting secondary to other, non-vascular causes). Further, primary PH was divided into the ""arterial plexiform"", ""veno-occlusive"", and ""thromboembolic"" forms. In 1998, a second conference at Évian-les-Bains addressed the causes of secondary PH. Subsequent third, fourth, and fifth (2013) World Symposia on PAH have further defined the classification of PH.  The classification continues to evolve based on improved understanding of the disease mechanisms.
Most recently in 2022, the WHO guidelines were updated by the European Society of Cardiology (ESC) and European Respiratory Society (ERS). These guidelines are endorsed by the International Society for Heart and Lung Transplantation, and provide the current framework for understanding and treatment of pulmonary hypertension.


=== Genetics ===
Mutations in several genes have been associated with this condition these include bone morphogenetic protein receptor type 2 (BMPR2) and eukaryotic translation initiation factor 2 alpha kinase 4 gene (EIF2AK4). 80% of familial pulmonary arterial hypertension and 20% of sporadic variants have mutations in BMPR2. BMPR2 is involved in endothelial proliferation and remodeling. Other mutations associated with PAH include ACVRL1 (which encodes activin receptor–like kinase 1) and ENG encoding endoglin, two proteins which also participate in BMPR2 signaling. The SMAD transcription factor family, including SMAD1, SMAD4, and SMAD9 are involved in signaling pathways downstream from BMPR2 and are also implicated in the development of pulmonary arterial hypertension.


== Pathogenesis ==

The pathogenesis of pulmonary arterial hypertension (WHO Group I) involves the narrowing of blood vessels connected to and within the lungs. This makes it harder for the heart to pump blood through the lungs, as it is much harder to make water flow through a narrow pipe as opposed to a wide one. Over time, the affected blood vessels become stiffer and thicker, in a process known as fibrosis. The mechanisms involved in this narrowing process include vasoconstriction, thrombosis, and vascular remodeling (excessive cellular proliferation, fibrosis, and reduced apoptosis/programmed cell death in the vessel walls, caused by inflammation, disordered metabolism and dysregulation of certain growth factors). This further increases the blood pressure within the lungs and impairs their blood flow. In common with other types of pulmonary hypertension, these changes result in an increased workload for the right side of the heart. The right ventricle is normally part of a low pressure system, with systolic ventricular pressures that are lower than those that the left ventricle normally encounters. As such, the right ventricle cannot cope as well with higher pressures, and although right ventricular adaptations (hypertrophy and increased contractility of the heart muscle) initially help to preserve stroke volume, ultimately these compensatory mechanisms are insufficient; the right ventricular muscle cannot get enough oxygen to meet its needs and right heart failure follows. As the blood flowing through the lungs decreases, the left side of the heart receives less blood. This blood may also carry less oxygen than normal. Therefore, it becomes harder and harder for the left side of the heart to supply sufficient oxygen to the rest of the body, especially during physical activity. During the end-systolic volume phase of the cardiac cycle, the Gaussian curvature and the mean curvature of the right ventricular endocardial wall of PH patients were found to be significantly different as compared to controls.
In PVOD (WHO Group I), pulmonary blood vessel narrowing occurs preferentially (though not exclusively) in post-capillary venous blood vessels. PVOD shares several characteristics with PAH, but there are also some important differences, for example differences in prognosis and response to medical therapy.
Persistent pulmonary hypertension of the newborn occurs when the circulatory system of a newborn baby fails to adapt to life outside the womb; it is characterized by high resistance to blood flow through the lungs, right-to-left cardiac shunting, and severe hypoxemia.
Pathogenesis in pulmonary hypertension due to left heart disease (WHO Group II) is completely different in that constriction or damage to the pulmonary blood vessels is not the issue. Instead, the left heart fails to pump blood efficiently, leading to pooling of blood in the lungs and back pressure within the pulmonary system. This causes pulmonary edema and pleural effusions. In the absence of pulmonary blood vessel narrowing, the increased back pressure is described as 'isolated post-capillary pulmonary hypertension' (older terms include 'passive' or 'proportionate' pulmonary hypertension or 'pulmonary venous hypertension'). However, in some patients, the raised pressure in the pulmonary vessels triggers a superimposed component of vessel narrowing, which further increases the workload of the right side of the heart. This is referred to as 'post-capillary pulmonary hypertension with a pre-capillary component' or 'combined post-capillary and pre-capillary pulmonary hypertension' (older terms include 'reactive' or 'out-of-proportion' pulmonary hypertension).
In pulmonary hypertension due to lung diseases and/or hypoxia (WHO Group III), low levels of oxygen in the alveoli (due to respiratory disease or living at high altitude) cause constriction of the pulmonary arteries. This phenomenon is called hypoxic pulmonary vasoconstriction, and it is initially a protective response to stop too much blood from flowing to areas of the lung that are damaged and do not contain oxygen. When the alveolar hypoxia is widespread and prolonged, this hypoxia-mediated vasoconstriction occurs across a large portion of the pulmonary vascular bed and leads to an increase in pulmonary arterial pressure, with thickening of the pulmonary vessel walls contributing to the development of sustained pulmonary hypertension.  Prolonged hypoxia also induces the transcription factor HIF1A, which directly activates downstream growth factor signaling that causes irreversible proliferation and remodeling of pulmonary arterial endothelial cells, leading to chronic pulmonary arterial hypertension.
In chronic thromboembolic pulmonary hypertension, or CTEPH (WHO Group IV), the initiating event is thought to be blockage or narrowing of the pulmonary blood vessels with unresolved blood clots; these clots can lead to increased pressure and shear stress in the rest of the pulmonary circulation, precipitating structural changes in the vessel walls (remodeling) similar to those observed in other types of severe pulmonary hypertension. This combination of vessel occlusion and vascular remodeling once again increases the resistance to blood flow, and so the pressure within the system rises.


=== Molecular pathology ===

The molecular mechanism of pulmonary arterial hypertension (PAH) is not known yet, but it is believed that the endothelial dysfunction results in a decrease in the synthesis of endothelium-derived vasodilators such as nitric oxide and prostacyclin. Moreover, there is a stimulation of the synthesis of vasoconstrictors such as thromboxane and vascular endothelial growth factor (VEGF). These result in a severe vasoconstriction and vascular smooth muscle  and adventitial hypertrophy characteristic of patients with PAH.


==== Nitric oxide-soluble guanylate cyclase pathway ====
In normal conditions, the vascular endothelial nitric oxide synthase produces nitric oxide from L-arginine in the presence of oxygen.
This nitric oxide diffuses into neighboring cells (including vascular smooth muscle cells and platelets), where it increases the activity of the enzyme soluble guanylate cyclase, leading to increased formation of cyclic guanosine monophosphate (cGMP) from guanosine triphosphate (GTP). The cGMP then activates cGMP-dependent kinase or PKG (protein kinase G). Activated PKG promotes vasorelaxation (via a reduction of intracellular calcium levels), alters the expression of genes involved in smooth muscle cell contraction, migration, and differentiation, and inhibits platelet activation. Nitric oxide–soluble guanylate cyclase signaling also leads to anti-inflammatory effects.
Phosphodiesterase type 5 (PDE5), which is abundant in the pulmonary tissue, hydrolyzes the cyclic bond of cGMP. Consequently, the concentration of cGMP (and thus PKG activity) decreases.


==== Endothelin ====
Endothelin-1 is a peptide (comprising 21 amino acids) that is produced in endothelial cells. It acts on the endothelin receptors ETA and ETB in various cell types, including vascular smooth muscle cells and fibroblasts, leading to vasoconstriction, hypertrophy, proliferation, inflammation, and fibrosis. It also acts on ETB receptors in endothelial cells; this leads to the release of both vasoconstrictors and vasodilators from those cells, and clears endothelin-1 from the system.


==== Prostacyclin and thromboxane ====
Prostacyclin is synthesized from arachidonic acid in endothelial cells. In vascular smooth muscle cells, prostacyclin binds mainly to the prostaglandin I receptor. This sends a signal to increase adenylate cyclase activity, which leads to increased synthesis of cyclic adenosine monophosphate (cAMP). This, in turn, leads to increased cAMP-dependent protein kinase or PKA (protein kinase A) activity, ultimately promoting vasodilation and inhibiting cell proliferation. Prostacyclin signaling also leads to anti-thrombotic, anti-fibrotic, and anti-inflammatory effects. Levels of cAMP (which mediates most of the biological effects of prostacyclin) are reduced by phosphodiesterases 3 and 4.
The vasoconstrictor thromboxane is also synthesized from arachidonic acid. In PAH, the balance is shifted away from the synthesis of prostacyclin toward the synthesis of thromboxane.


==== Other pathways ====
The three pathways described above are all targeted by currently available medical therapies for PAH. However, several other pathways have been identified that are also altered in PAH and are being investigated as potential targets for future therapies. For example, the mitochondrial enzyme pyruvate dehydrogenase kinase (PDK) is pathologically activated in PAH, causing a metabolic shift from oxidative phosphorylation to glycolysis and leading to increased cell proliferation and impaired apoptosis.  Expression of vasoactive intestinal peptide, a potent vasodilator with anti-inflammatory and immune-modulatory roles, is reduced in PAH, while expression of its receptor is increased.
Plasma levels of serotonin, which promote vasoconstriction, hypertrophy, and proliferation, are increased in patients with PAH, although the role played by serotonin in the pathogenesis of PAH remains uncertain. The expression or activity of several growth factors (including platelet-derived growth factor, basic fibroblast growth factor, epidermal growth factor, and vascular endothelial growth factor) is increased and contributes to vascular remodeling in PAH. Other factors underlying the proliferative state of pulmonary vascular smooth muscle cells include OPG and TRAIL. Focusing only on the pulmonary vasculature provides an incomplete picture of PAH; the ability of the right ventricle to adapt to the increased workload varies between patients and is an important determinant of survival. The molecular pathology of PAH in the right ventricle is therefore also being investigated, and recent research has shifted to consider the cardiopulmonary unit as a single system rather than two separate systems. Importantly, right ventricular remodeling is associated with increased apoptosis; this is in contrast to pulmonary vascular remodeling, which involves inhibition of apoptosis.
Even though the primary cause of PAH is unknown, inflammation and oxidative stress have been shown to have a key role in vascular remodeling.  These factors are known to cause DNA damage, and may also promote the proliferative and apoptosis-resistant phenotype that is observed in PAH vascular cells. Elevated levels of DNA damage have been reported to occur in PAH lungs and remodeled arteries, and also in animal models of PH, indicating that DNA damage likely contributes to PAH pathogenesis.


== Diagnosis ==

 
In terms of diagnosing pulmonary hypertension, it has five major types, and a series of tests must be performed to distinguish pulmonary arterial hypertension from venous, hypoxic, thromboembolic, or unclear multifactorial varieties. PAH is diagnosed after exclusion of other possible causes of pulmonary hypertension.


=== Physical examination ===
A physical examination is performed to look for typical signs of pulmonary hypertension (described above), and a detailed family history is established to determine whether the disease might be heritable. A history of exposure to drugs such as benfluorex (a fenfluramine derivative), dasatinib, cocaine, methamphetamine, ethanol leading to cirrhosis, and tobacco leading to emphysema is considered significant. Use of selective serotonin reuptake inhibitors during pregnancy (particularly late pregnancy) is associated with an increased risk of the baby developing persistent pulmonary hypertension of the newborn.


=== Echocardiography ===
If pulmonary hypertension is suspected based on the above assessments, echocardiography is performed as the next step. A meta-analysis of Doppler echocardiography for predicting the results of right heart catheterization reported a sensitivity and specificity of 88% and 56%, respectively. Thus, Doppler echocardiography can suggest the presence of pulmonary hypertension, but right heart catheterization (described below) remains the gold standard for diagnosis of PAH.
Echocardiography can also help to detect congenital heart disease as a cause of pulmonary hypertension.


=== Exclude other diseases ===
If the echocardiogram is compatible with a diagnosis of pulmonary hypertension, common causes of pulmonary hypertension (left heart disease and lung disease) are considered, and further tests are performed accordingly. These tests generally include electrocardiography (ECG), pulmonary function tests including lung diffusion capacity for carbon monoxide and arterial blood gas measurements, X-rays of the chest and high-resolution computed tomography (CT) scanning.


==== Ventilation/perfusion scintigraphy ====
If heart disease and lung disease have been excluded, a ventilation/perfusion scan is performed to rule out CTEPH. If unmatched perfusion defects are found, further evaluation by CT pulmonary angiography, right heart catheterization, and selective pulmonary angiography is performed.


=== CT scan ===

Signs of pulmonary hypertension on CT scan of the chest are:

Enlargement of the pulmonary trunk (measured at its bifurcation). It is, however, a poor predictor of pulmonary hypertension in patients with interstitial lung disease.
A diameter of more than 27 mm for women and 29 mm for men is suggested as a cutoff.
A cutoff of 31.6 mm may be more statistically robust in individuals without interstitial lung disease.
Increased ratio of the diameter of the main pulmonary artery (pulmonary trunk) to the ascending aorta (measured at its bifurcation).
A ratio of 1.0 is suggested as a cutoff in adults.
Cutoff ~1.09 in children.
Increased diameter ratio of segmental arteries to bronchi. This finding in three or four lobes, in the presence of a dilated pulmonary trunk (≥29 mm), and absence of significant structural lung disease confers a specificity of 100% for pulmonary hypertension.
Mural calcification in central pulmonary arteries is most frequently seen in patients with Eisenmenger's syndrome.


=== Right heart catheterization ===
Although pulmonary arterial pressure (PAP) can be estimated based on echocardiography, pressure measurements with a Swan-Ganz catheter inserted through the right side of the heart provide the most definite assessment.[42] Pulmonary hypertension is defined as a mean PAP of at least 20 mm Hg (3300 Pa) at rest, and PAH is defined as precapillary pulmonary hypertension (i.e. mean PAP ≥ 20 mm Hg with pulmonary arterial occlusion pressure [PAOP] ≤ 15 mm Hg and pulmonary vascular resistance [PVR] > 3 Wood Units). PAOP and PVR cannot be measured directly with echocardiography. Therefore, diagnosis of PAH requires right-sided cardiac catheterization. A Swan-Ganz catheter can also measure the cardiac output; this can be used to calculate the cardiac index, which is far more important in measuring disease severity than the pulmonary arterial pressure.
Mean PAP (mPAP) should not be confused with systolic PAP (sPAP), which is often reported on echocardiogram reports. A systolic pressure of 40 mm Hg typically implies a mean pressure of more than 25 mm Hg. Roughly, mPAP = 0.61•sPAP + 2. Due to the invasive nature of this procedure, the use of computational fluid dynamics-based hemodynamic indices has been postulated.


=== Other ===
For people considered likely to have PAH based on the above tests, the specific associated condition is then determined based on the physical examination, medical/family history and further specific diagnostic tests (for example, serological tests to detect underlying connective tissue disease, HIV infection or hepatitis, ultrasonography to confirm the presence of portal hypertension, echocardiography/cardiac magnetic resonance imaging for congenital heart disease, laboratory tests for schistosomiasis, and high-resolution CT for PVOD and pulmonary capillary hemangiomatosis). Routine lung biopsy is discouraged in patients with PAH because of the risk to the patient and because the findings are unlikely to alter the diagnosis and treatment.


== Treatment ==
Treatment of pulmonary hypertension is determined by whether the PH is arterial, venous, hypoxic, thromboembolic, or miscellaneous. If it is caused by left heart disease, the treatment is to optimize left ventricular function by the use of medication or to repair/replace the mitral valve or aortic valve. Patients with left heart failure or hypoxemic lung diseases (groups II or III pulmonary hypertension) should not routinely be treated with vasoactive agents including prostanoids, phosphodiesterase inhibitors, or endothelin antagonists, as these are approved for the different condition called primary pulmonary arterial hypertension. To make the distinction, doctors at a minimum will conduct cardiac catheterization of the right heart, echocardiography, chest CT, a seven-minute walk test, and pulmonary function testing. Using treatments for other kinds of pulmonary hypertension in patients with these conditions can harm the patient and wastes substantial medical resources.
High-dose calcium channel blockers are useful in only 5% of IPAH patients who are vasoreactive by Swan-Ganz catheter. Calcium channel blockers have been largely misused, being prescribed to many patients with non-vasoreactive PAH, leading to excess morbidity and mortality. The criteria for vasoreactivity have changed. Only those patients whose mean pulmonary artery pressure falls by more than 10 mm Hg to less than 40 mm Hg with an unchanged or increased cardiac output when challenged with adenosine, epoprostenol, or nitric oxide are considered vasoreactive. Of these, only half of the patients are responsive to calcium channel blockers in the long term.
Several agents have recently been introduced for primary and secondary PAH. The trials supporting the use of these agents have been relatively small, and the only measure consistently used to compare their effectiveness is the ""six-minute walk test"". Many have no data on mortality benefit or time to progression.
Sotatercept (Winrevair) was approved for medical use in the United States in March 2024.   Keros Therapeutics has decided to end a mid-stage trial of its experimental treatment, cibotercept, after identifying safety concerns, including fluid buildup around the heart in patients with PAH. Keros had aimed to compete with Merck's FDA-approved PAH drug, Sotatercept. 
Exercise-based rehabilitation
A 2023 Cochrane review found that exercise-based rehabilitation may lead to a large increase in exercise capacity and an improvement in health related quality of life, without significantly increasing adverse events.


=== Vasoactive substances ===
Many pathways are involved in the abnormal proliferation and contraction of the smooth muscle cells of the pulmonary arteries in patients with pulmonary arterial hypertension. Three of these pathways are important since they have been targeted with drugs – endothelin receptor antagonists, phosphodiesterase type 5 (PDE-5) inhibitors, and prostacyclin derivatives.


==== Prostaglandins ====
Prostacyclin (prostaglandin I2) is commonly considered the most effective treatment for PAH. Epoprostenol (synthetic prostacyclin) is given via continuous infusion that requires a semi-permanent central venous catheter. This delivery system can cause sepsis and thrombosis. Prostacyclin is unstable and therefore has to be kept on ice during administration. Since it has a half-life of 3 to 5 minutes, the infusion has to be continuous, and interruption can be fatal. Other prostanoids have therefore been developed. Treprostinil can be given intravenously or subcutaneously, but the subcutaneous form can be very painful. An increased risk of sepsis with intravenous Remodulin has been reported by the CDC. Iloprost is also used in Europe intravenously and has a longer half-life. Iloprost was the only inhaled form of prostacyclin approved for use in the US and Europe until the inhaled form of treprostinil was approved by the FDA in July 2009.


==== Endothelin receptor antagonists ====
Moderate-quality evidence suggests that endothelin receptor antagonists improve exercise capacity and decrease symptom severity. The dual (ETA and ETB) endothelin receptor antagonist bosentan was approved in 2001. Macitentan is another ETA and ETB dual endothelin receptor blocker that is used. Sitaxentan (Thelin) was approved for use in Canada, Australia, and the European Union, but not in the United States. In 2010, Pfizer withdrew sitaxentan worldwide because of fatal liver complications. A similar drug, ambrisentan (which is a ETA endothelin receptor blocker) is sold under the brand name Letairis in the US by Gilead Sciences.


==== Phosphodiesterase type 5 inhibitors ====
The US FDA approved sildenafil, a selective inhibitor of cGMP specific phosphodiesterase type 5 (PDE5), for the treatment of PAH in 2005. It is marketed for PAH as Revatio. In 2009, they also approved tadalafil, another PDE5 inhibitor, marketed under the name Adcirca. PDE5 inhibitors are believed to increase pulmonary artery vasodilation, and inhibit vascular remodeling, thus lowering pulmonary arterial pressure and pulmonary vascular resistance.
Tadalafil is taken orally, as well as sildenafil, and it is rapidly absorbed (serum levels are detectable at 20 minutes). The T1/2 (biological half-life) hovers around 17.5 hours in healthy subjects. Moreover, if we consider pharmacoeconomic implications, patients that take tadalafil would pay two-thirds of the cost of sildenafil therapy. However, there are some adverse effects of this drug such as headache, diarrhea, nausea, back pain, dyspepsia, flushing, and myalgia.
The combination medication macitentan/tadalafil (Opsynvi) was approved for medical use in Canada in October 2021, and in the United States in March 2024.


==== Activators of soluble guanylate cyclase ====
Soluble guanylate cyclase (sGC) is the intracellular receptor for NO. As of April 2009, the sGC activators cinaciguat and riociguat were undergoing clinical trials for the treatment of PAH.


=== Surgical ===
Atrial septostomy is a surgical procedure that creates a communication between the right and left atria. It relieves pressure on the right side of the heart, but at the cost of lower oxygen levels in blood (hypoxemia). Lung transplantation replaces a chronic condition with the ongoing need for treatment. There is a post-surgical median survival of just over five years.
Pulmonary thromboendarterectomy (PTE) is a surgical procedure that is used for chronic thromboembolic pulmonary hypertension. It is the surgical removal of an organized thrombus (clot) along with the lining of the pulmonary artery; it is a challenging, major procedure that is currently performed in a few select centers.


=== Monitoring ===
Established clinical practice guidelines dictate the frequency of pulmonary nodule evaluation and surveillance,
patients are normally monitored through commonly available tests such as:


== Prognosis ==

PAH is considered a universally fatal illness, although survival time may vary between individuals. The prognosis of pulmonary arterial hypertension (WHO Group I) has an untreated median survival of 2–3 years from time of diagnosis, with the cause of death usually being right ventricular failure (cor pulmonale). The survival time is variable and depends on many factors. A recent outcome study of those patients who had started treatment with bosentan (Tracleer) showed that 89% of patients were alive at 2 years. With new therapies, survival rates are increasing. For 2,635 patients enrolled in The Registry to Evaluate Early and Long-term Pulmonary Arterial Hypertension Disease Management (REVEAL Registry) from March 2006 to December 2009, 1-, 3-, 5-, and 7-year survival rates were 85%, 68%, 57%, and 49%, respectively. For patients with idiopathic/familial PAH, survival rates were 91%, 74%, 65%, and 59%. Levels of mortality are very high in pregnant women with severe pulmonary arterial hypertension (WHO Group I). Pregnancy is sometimes described as contraindicated in these women.


== Epidemiology ==
The epidemiology of IPAH is about 125–150 deaths per year in the U.S., and worldwide, the incidence is similar at 4 cases per million. However, in parts of Europe (France), indications are 6 cases per million of IPAH. Females have a higher incidence rate than males (2–9:1). In 2021, approximately 192,000 people were estimated to have PAH. Other forms of PH are far more common. In systemic scleroderma, the incidence has been estimated to be 8 to 12% of all patients; in rheumatoid arthritis it is rare. However, in systemic lupus erythematosus it is 4 to 14%, and in sickle cell disease, it ranges from 20 to 40%. Up to 4% of people who develop a pulmonary embolism go on to develop chronic thromboembolic disease including pulmonary hypertension. A small percentage of patients with COPD develop pulmonary hypertension with no other disease to explain the high pressure. On the other hand, obesity-hypoventilation syndrome is very commonly associated with right heart failure due to pulmonary hypertension.


== Research ==
For people who inherited the disease, gene therapy is being studied.


== Culture and society ==


=== Notable cases ===
Ina Balin, American Broadway and TV actress
Natalie Cole, American singer
Elaine Kaufman, American restaurateur
Leigh Elliot McGowan, a.k.a. ""Politics Girl"", political commentator
Chloe Temtchine, American singer-songwriter


== See also ==
Pulmonary Hypertension Association
Cambridge Pulmonary Hypertension Outcome Review (CAMPHOR)


== References ==


== Further reading ==


== External links ==
The Merck Manual Home Edition: Pulmonary Hypertension","Pulmonary hypertension is a condition characterized by increased blood pressure in the arteries of the lungs, leading to symptoms such as shortness of breath, fatigue, and chest pain. It is classified into five groups based on its cause, with treatment varying depending on the type of pulmonary hypertension.","In medicine , pulmonary hypertension (PH) is an increase of blood pressure in the pulmonary artery , pulmonary vein , or pulmonary capillaries, together known as the lung vasculature , leading to shortness of breath , dizziness , fainting , and other symptoms, all of which are exacerbated by exertion.",0,0,supported,0.9817384071,-0.0937800787047804,-5.345464486172483,57,,0.8296808004379272,1.28806971607,0.9425377258,0.4030792559555648,4,0.530459295612,1.0,1.0,0.0,0.0,0.978515625,0.003605365753173828,0.01766490936279297,-1.6392179542662548,0.16257150376513896,0.022222222222222223,0.3108108108108108,0.5,keep
Q2193_1000,wikiqa,what is blasting (mining),"Blasting may refer to:

Abrasive blasting
Blast furnace
Rock blasting


== See also ==
Blast (disambiguation)
Blaster (disambiguation)",Rock blasting,Blasting can be:,0,0,supported,0.2620448818,-0.05672224624801869,-0.11344449249603739,2,,1.0000001192092896,-0.339716170605,-0.604793524354,0.0,1,0.589480524871,1.0,1.0,0.0,0.0,0.99365234375,0.0021820068359375,0.00411224365234375,-1.5910848639655921,0.16923131891701507,0.022222222222222223,0.3108108108108108,0.5,keep
Q550_330,wikiqa,"what does it mean when isaiah of the bible in chapter 55:verses 8,9 mean","The Book of Isaiah (Hebrew: ספר ישעיהו [ˈseː.fɛr jə.ʃaʕ.ˈjɔː.huː]) is the first of the Latter Prophets in the Hebrew Bible and the first of the major prophets in the Christian Old Testament. It is identified by a superscription as the words of the 8th-century BCE prophet Isaiah ben Amoz, but there is evidence that much of it was composed during the Babylonian captivity and later.
Johann Christoph Döderlein suggested in 1775 that the book contained the works of two prophets separated by more than a century, and Bernhard Duhm originated the view, held as a consensus through most of the 20th century, that the book comprises three separate collections of oracles: Proto-Isaiah (chapters 1–39), containing the words of the 8th-century BCE prophet Isaiah; Deutero-Isaiah, or ""the Book of Consolation"", (chapters 40–55), the work of an anonymous 6th-century BCE author writing during the Exile; and Trito-Isaiah (chapters 56–66), composed after the return from Exile. Isaiah 1–33 promises judgment and restoration for Judah, Jerusalem and the nations, and chapters 34–66 presume that judgment has been pronounced and restoration follows soon. While few scholars today attribute the entire book, or even most of it, to one person, the book's essential unity has become a focus in more recent research.
The book can be read as an extended meditation on the destiny of Jerusalem into and after the Exile. The Deutero-Isaian part of the book describes how God will make Jerusalem the centre of his worldwide rule through a royal saviour (a messiah) who will destroy the oppressor (""Babylon"", the Neo-Babylonian Empire); this messiah is the king Cyrus the Great of Persia, who founded the Achaemenid Empire, who is merely the agent who brings about Yahweh's kingship. Christians interpret passages of Isaiah as messianic prophecies of Jesus.
Isaiah speaks out against corrupt leaders and for the disadvantaged, and roots righteousness in God's holiness rather than in Israel's covenant.
Isaiah was one of the most popular works among Jews in the Second Temple period (c. 515 BCE – 70 CE). In Christian circles, it was held in such high regard as to be called ""the Fifth Gospel"", and its influence extends beyond Christianity to English literature and to Western culture in general, from the libretto of Handel's Messiah to a host of such everyday phrases as ""swords into ploughshares"", ""shelter from the storm"" and ""voice in the wilderness"".


== Structure ==
General scholarly consensus through most of the 20th century saw three separate collections of oracles in the book of Isaiah. A typical outline based on this understanding of the book sees its underlying structure in terms of the identification of historical figures who might have been their authors:

1–39: Proto-Isaiah, containing the words of the original Isaiah;
40–55: Deutero-Isaiah, the work of an anonymous Exilic author;
56–66: Trito-Isaiah, an anthology of about twelve passages.
While one part of the general consensus still holds, this perception of Isaiah as made up of three rather distinct sections underwent a radical challenge in the last quarter of the 20th century. The newer approach looks at the book in terms of its literary and formal characteristics, rather than authors, and sees in it a two-part structure divided between chapters 33 and 34:

1–33: Warnings of judgment and promises of subsequent restoration for Jerusalem, Judah and the nations;
34–66: Judgment has already taken place and restoration is at hand.


== Summary ==

Seeing Isaiah as a two-part book (chapters 1–33 and 34–66) with an overarching theme leads to a summary of its contents like the following:

The book opens by setting out the themes of judgment and subsequent restoration for the righteous. God has a plan which will be realised on the ""Day of Yahweh"", when Jerusalem will become the centre of his worldwide rule. On that day the world will come to Zion (Jerusalem) for instruction, but first the city must be punished and cleansed of evil. Israel is invited to join in this plan. Chapters 5–12 explain the significance of the Assyrian judgment against Israel: righteous rule by the Davidic king will follow after the arrogant Assyrian monarch is brought down. Chapters 13–27 announce the preparation of the nations for Yahweh's world rule; chapters 28–33 announce that a royal saviour (the messiah) will emerge in the aftermath of Jerusalem's punishment and the destruction of her oppressor.
The oppressor (now identified as Babylon rather than Assyria) is about to fall. Chapters 34–35 tell how Yahweh will return the redeemed exiles to Jerusalem. Chapters 36–39 tell of the faithfulness of king Hezekiah to Yahweh during the Assyrian siege as a model for the restored community. Chapters 40–54 state that the restoration of Zion is taking place because Yahweh, the creator of the universe, has designated the Persian king Cyrus the Great as the promised messiah and temple-builder. Specifically, Chapter 53 predicts a suffering servant who will be the messiah the prophet speaks of in previous verses. Chapters 55–66 are an exhortation to Israel to keep the covenant. God's eternal promise to David is now made to the people of Israel/Judah at large. The book ends by enjoining righteousness as the final stages of God's plan come to pass, including the pilgrimage of the nations to Zion and the realisation of Yahweh's kingship.
The older understanding of this book as three fairly discrete sections attributable to identifiable authors leads to a more atomised picture of its contents, as in this example:

Proto-Isaiah/First Isaiah (chapters 1–39):
1–12: Oracles against Judah mostly from Isaiah's early years;
13–23: Oracles against foreign nations from his middle years;
24–27: The ""Isaiah Apocalypse"", added at a much later date;
28–33: Oracles from Isaiah's later ministry
34–35: A vision of Zion, perhaps a later addition;
36–39: Stories of Isaiah's life, some from the Book of Kings
Deutero-Isaiah/Second Isaiah (chapters 40–55), with two major divisions, 40–48 and 49–55, the first emphasizing Israel, the second Zion and Jerusalem:
An introduction and conclusion stressing the power of God's word over everything;
A second introduction and conclusion within these in which a herald announces salvation to Jerusalem;
Fragments of hymns dividing various sections;
The role of foreign nations, the fall of Babylon, and the rise of Cyrus as God's chosen one;
Four ""servant songs"" personalising the message of the prophet;
Several longer poems on topics such as God's power and invitations to Israel to trust in him;
Trito-Isaiah/Third Isaiah (chapters 56–66):
A collection of oracles by unknown prophets in the years immediately after the return from Babylon.


== Composition ==


=== Authorship ===
While it is widely accepted that the book of Isaiah is rooted in a historic prophet called Isaiah, who lived in the Kingdom of Judah during the 8th century BCE, it is also widely accepted that this prophet did not write the entire book of Isaiah.

Historical situation: Chapters 40–55 presuppose that Jerusalem has already been destroyed (they are not framed as prophecy) and the Babylonian exile is already in effect – they speak from a present in which the Exile is about to end. Chapters 56–66 assume an even later situation, in which the people are already returned to Jerusalem and the rebuilding of the Temple is already under way.
Anonymity: Isaiah's name suddenly stops being used after chapter 39.
Style: There is a sudden change in style and theology after chapter 40; numerous key words and phrases found in one section are not found in the other.
The composition history of Isaiah reflects a major difference in the way authorship was regarded in ancient Israel and in modern societies; the ancients did not regard it as inappropriate to supplement an existing work while remaining anonymous. While the authors are anonymous, it is plausible that all of them were priests, and the book may thus reflect Priestly concerns, in opposition to the increasingly successful reform movement of the Deuteronomists.


=== Historical context ===

The historic Isaiah ben Amoz lived in the Kingdom of Judah during the reigns of four kings from the mid to late 8th-century BCE. During this period, the Neo-Assyrian Empire was expanding westward from its origins in Upper Mesopotamia towards the Mediterranean, destroying first Aram-Damascus in 734–732 BCE, then the Kingdom of Israel in 722–721 (the ""Assyrian captivity""), and finally subjugating Judah in 701.
Proto-Isaiah is divided between verse and prose passages, and a currently popular theory is that the verse passages represent the prophecies of the original 8th-century Isaiah, while the prose sections are ""sermons"" on his texts composed at the court of Josiah a hundred years later, at the end of the 7th century.
The conquest of Jerusalem by the Neo-Babylonian Empire and the exile of its elite in 586 BCE, the ""Babylonian captivity"", ushered in the next stage in the formation of the book. Deutero-Isaiah addresses himself to the Jews in exile, offering them the hope of return. This was the period of the meteoric rise of Persis under Cyrus the Great; in 559 BCE, he succeeded his father as ruler of a small vassal kingdom in what is now eastern Iran, and by 540 he ruled the Achaemenid Empire, which stretched from the Mediterranean to Central Asia, and in 539, he conquered Babylon, ending the Neo-Babylonian Empire. Deutero-Isaiah's predictions of the imminent fall of Babylon and his glorification of Cyrus as the deliverer of Israel date his prophecies to 550–539 BCE, and probably towards the end of this period.
The Persians ended the Jewish exile, and by 515 BCE, the exiles, or at least some of them, had returned to Jerusalem and rebuilt the Temple. The return, however, was not without problems: the returnees found themselves in conflict with those who had remained in the country and who now owned the land, and there were further conflicts over the form of government that should be set up. This background forms the context of Trito-Isaiah.


== Themes ==


=== Overview ===
The Book of Isaiah focuses on the main role of Jerusalem in God's plan for the world, seeing centuries of history as though they were all the single vision of the 8th-century prophet Isaiah.

Proto-Isaiah speaks of Israel's desertion of God and what will follow: Israel will be destroyed by foreign enemies, but after the people, the country and Jerusalem are punished and purified, a remnant of Israel will live in God's place in Zion, governed by God's chosen king, under the presence and protection of God.
Deutero-Isaiah has as its subject the liberation of Israel from captivity in Babylon in another Exodus, which the God of Israel will arrange using Cyrus, the Persian conqueror, as his agent.
Trito-Isaiah concerns Jerusalem, the Temple, the Sabbath, and Israel's salvation. (More explicitly, it concerns questions current among Jews living in Jerusalem and Judea in the post-Exilic period about who is a God-loving Jew and who is not).
Walter Brueggemann has described this overarching narrative as ""a continued meditation upon the destiny of Jerusalem"".


=== Holiness, righteousness, and God's plan ===
God's plan for the world is based on his choice of Jerusalem as the place where he will manifest himself, and of the line of David as his earthly representative – a theme that may possibly have originated with Jerusalem's reprieve from Assyrian attack in 701 BCE. God is ""the holy one of Israel""; justice and righteousness are the qualities that mark the essence of God, and Israel has offended God through unrighteousness. Isaiah speaks out for the poor and the oppressed and against corrupt princes and judges, but unlike the prophets Amos and Micah he roots righteousness not in Israel's covenant with God but in God's holiness.


=== Monotheism ===
Isaiah 44:6 contains the first clear statement of Yahwist monotheism: ""I am the first and I am the last; beside me there is no God"". In Isaiah 44:09–20, this develops into a satire on the making and worship of idols, mocking the foolishness of the carpenter who worships the idol that he himself has carved. While Yahweh had shown his superiority to other gods before, in Second Isaiah he becomes the sole God of the world. This model of monotheism became the defining characteristic of post-Exilic Judaism and provided the basis for Christianity and for Islam.


=== A new Exodus ===
A central theme in Second Isaiah is that of a new Exodus – the return of the exiled people Israel from Babylon to Jerusalem. The author imagines a ritualistic return to Zion (Judah), led by Yahweh. The importance of this theme is indicated by its placement at the beginning and end of Second Isaiah (40:3–5, 55:12–13). This new Exodus is repeatedly linked with Israel's Exodus from Egypt to Canaan under divine guidance, but with new elements. These links include the following:

The original Exodus participants left ""in great haste"" (Ex 12:11, Deut 16:3), whereas the participants in this new Exodus will ""not go out in great haste"" (Isa 52:12).
The land between Egypt and Canaan of the first Exodus was a ""great and terrible wilderness, an arid wasteland"" (Deut 8:15), but in this new Exodus, the land between Babylon (Mesopotamia) and the Promised Land will be transformed into a paradise, where the mountains will be lowered and the valleys raised to create level road (Isa 40:4).
In the first Exodus, God provided water, but sparingly. In the new Exodus, God will ""make the wilderness a pool of water, and the dry land springs of water"" (Isa 41:18).


== Later interpretation and influence ==


=== 2nd Temple Judaism (515 BCE – 70 CE) ===

Isaiah was one of the most popular works in the period between the foundation of the Second Temple c. 515 BCE and its destruction by the Romans in 70 CE. Isaiah's ""shoot [which] will come up from the stump of Jesse"" is alluded to or cited in the Psalms of Solomon and various apocalyptic works including the Similitudes of Enoch, 2 Baruch, 4 Ezra, and the third of the Sibylline Oracles, all of which understood it to refer to a/the messiah and the messianic age. Isaiah 6, in which Isaiah describes his vision of God enthroned in the Temple, influenced the visions of God in works such as the ""Book of the Watchers"" section of the Book of Enoch, the Book of Daniel and others, often combined with the similar vision from the Book of Ezekiel. 
A very influential portion of Isaiah was the four so-called servant songs from Isaiah 42, 49, 50 and 52, in which God calls upon his servant to lead the nations: the servant is horribly abused, sacrifices himself in accepting the punishment due others, and is finally rewarded. Some Second Temple texts, including the Book of Wisdom and the Book of Daniel identified the servant as a group – ""the wise"" who ""will lead many to righteousness"" (Daniel 12:3) – but others, notably the Similitudes of Enoch, understood it in messianic terms.


=== Christianity ===

The earliest Christians, building on the messianic interpretation of Enoch, interpreted Isaiah 52:13–53:12, the fourth of the songs, as a prophecy of the death and exaltation of Jesus, a role which Jesus himself accepted according to Luke 4:17–21. The Book of Isaiah has been immensely influential in the formation of Christianity, from the devotion to the Virgin Mary to anti-Jewish polemic, medieval passion iconography, and modern Christian feminism and liberation theology. The regard in which Isaiah was held was so high that the book was frequently called ""the Fifth Gospel"": the prophet who spoke more clearly of Christ and the Church than any others. Its influence extends beyond the Church and Christianity to English literature and to Western culture in general, from the libretto of Handel's Messiah to a host of such everyday phrases as ""swords into ploughshares"" and ""voice in the wilderness"".
Isaiah provides 27 of the 37 quotations from the prophets in the Pauline epistles, and takes pride of place in the Gospels and in Acts of the Apostles. Isaiah 7:14, where the prophet is assuring king Ahaz that God will save Judah from the invading armies of Israel and Syria, forms the basis for Matthew 1:23's doctrine of the virgin birth, while Isaiah 40:3–5's image of the exiled Israel led by God and proceeding home to Jerusalem on a newly constructed road through the wilderness was taken up by all four Gospels and applied to John the Baptist and Jesus.  Isaiah 43: 18-19 Has become popular in modern-day Christianity, especially among Christian groups.  This passage was meant to comfort and inspire a displaced and downtrodden people. God, speaking through Isaiah, reminds the Israelites of His faithfulness. He calls them to remember His past deliverance—such as the exodus from Egypt—but not to remain stuck in it. Instead, He promises a new act of salvation, one even greater than before.  “Forget the former things; do not dwell on the past. See, I am doing a new thing! Now it springs up; do you not perceive it? I am making a way in the wilderness and streams in the wasteland.""  Experts point to Chapter 53 and its discussion of a suffering servant as a striking prediction of the crucifixion of Jesus Christ, the messiah predicted by Isaiah.
Isaiah seems always to have had a prominent place in Hebrew Bible use, and it is probable that Jesus himself was deeply influenced by Isaiah. Thus many of the Isaiah passages that are familiar to Christians gained their popularity not directly from Isaiah but from the use of them by Jesus and the early Christian authors – this is especially true of the Book of Revelation, which depends heavily on Isaiah for its language and imagery.


== See also ==

Beulah (land)
""Dream Isaiah Saw""
""I Have a Dream""
Rorate Coeli


== Citations ==


== Bibliography ==


== External links ==

Translations

Book of Isaiah – Hebrew, side by side with English
Book of Isaiah (English translation [with Rashi's commentary] at Chabad.org)
Bible Gateway
 Isaiah public domain audiobook at LibriVox","The meaning of Isaiah 55:8-9 is that human thoughts and ways are not like God's thoughts and ways, emphasizing the infinite wisdom and understanding of God beyond human comprehension.","The Book of Isaiah () is the first of the Latter Prophets in the Hebrew Bible , preceding Ezekiel , Jeremiah and the Book of the Twelve .",0,0,supported,1.5913567368,-0.12517001501837285,-4.756460570698168,38,,0.9884352087974548,-0.229188385421,2.23093882704,0.9321448264694217,3,-0.124518467502,1.0,1.0,0.0,0.0,0.85986328125,0.0687255859375,0.0711669921875,-1.9935250729201015,0.11988442578886802,0.022222222222222223,0.3108108108108108,0.5,keep
Q1525_781,wikiqa,what is alcohol content of beer per volume,"Alcohol by volume (abbreviated as alc/vol or ABV) is a common measure of the amount of alcohol contained in a given alcoholic beverage. It is defined as the volume the ethanol in the liquid would take if separated from the rest of the solution, divided by the volume of the solution, both at 20 °C (68 °F). Pure ethanol is lighter than water, with a density of 0.78945 g/mL (0.82353 oz/US fl oz; 0.79122 oz/imp fl oz; 0.45633 oz/cu in). The alc/vol standard is used worldwide. The International Organization of Legal Metrology has tables of density of water–ethanol mixtures at different concentrations and temperatures.
In some countries, e.g. France, alcohol by volume is often referred to as degrees Gay-Lussac (after the French chemist Joseph Louis Gay-Lussac), although there is a slight difference since the Gay-Lussac convention uses the International Standard Atmosphere value for temperature, 15 °C (59 °F).


== Volume change ==

Mixing two solutions of alcohol of different strengths usually causes a change in volume. Mixing pure water with a solution less than 24% by mass causes a slight increase in total volume, whereas the mixing of two solutions above 24% causes a decrease in volume. The phenomenon of volume changes due to mixing dissimilar solutions is called ""partial molar volume"". Water and ethanol are both polar solvents. When water is added to ethanol, the smaller water molecules are attracted to the ethanol's hydroxyl group, and each molecule alters the polarity field of the other. The attraction allows closer spacing between molecules than is usually found in non-polar mixtures.
Thus, alc/vol is not the same as volume fraction expressed as a percentage. Volume fraction, which is widely used in chemistry (commonly denoted as v/v), is defined as the volume of a particular component divided by the sum of all components in the mixture when they are measured separately. For example, to make 100 mL of 50% alc/vol ethanol solution, water would be added to 50 mL of ethanol to make up exactly 100 mL. Whereas to make a 50% v/v ethanol solution, 50 mL of ethanol and 50 mL of water could be mixed but the resulting volume of solution will measure less than 100 mL due to the change of volume on mixing, and will contain a higher concentration of ethanol. The difference is not large, with the maximum difference being less than 2.5%, and less than 0.5% difference for concentrations under 20%.


== Threshold levels ==


=== Legal thresholds ===
Some drinks have requirements of alcoholic content in order to be certified as a certain alcohol brand or label. For example, in the United Kingdom, the United States, Canada and European Union whisky is legally required to be no less than 40% ABV bottled.
Low-alcohol beers (<0.5) are considered in some countries such as Iran as permitted (halal) despite alcohol being banned. However, the level of alcohol-free beers is typically the lowest commercially sold 0.05.


=== Biological thresholds ===
It is near impossible for a healthy person to become intoxicated drinking low-alcohol drinks. The low concentration severely limits the rate of intake, which is easily dispatched by human metabolism. Quickly drinking 1.5 L of 0.4% alc/vol beer in an hour resulted in a maximum of 0.0056% BAC in a study of German volunteers. Healthy human kidneys can only excrete 0.8–1.0 L of water per hour, making water intoxication likely to set in before any alcoholic intoxication.
The process of ethanol fermentation will slow down and eventually come to a halt as the alcohol produced becomes too concentrated for the yeast to tolerate, defining an upper limit of alc/vol for non-distilled alcoholic drinks. The typical tolerance for beer yeasts is at 8–12%, while wine yeasts typically range from 14–18%, with speciality ones reaching 20% alc/vol. Any higher would require distillation, producing liquor.


== Typical levels ==
Details about typical amounts of alcohol contained in various beverages can be found in the articles about them.


== Practical estimation of alcohol content ==

During the production of wine and beer, yeast is added to a sugary solution. During fermentation, the yeasts consume the sugars and produce alcohol. The density of sugar in water is greater than the density of alcohol in water. A hydrometer is used to measure the change in specific gravity (SG) of the solution before and after fermentation. The volume of alcohol in the solution can then be estimated.  There are a number of empirical formulae which brewers and winemakers use to estimate the alcohol content of the liquor made.
Specific gravity is the density of a liquid relative to that of water, i.e., if the density of the liquid is 1.05 times that of water, it has a specific gravity of 1.05. In UK brewing usage, it is customary to regard the reference value for water to be 1000, so the specific gravity of the same example beer would be quoted as 1050. The formulas here assume that the former definition is used for specific gravity.


=== General ===
During ethanol fermentation the yeast converts one mole of sugar into two moles of alcohol. A general formula for calculating the resulting alcohol concentration by volume can be written:

  
    
      
        A
        B
        V
        =
        S
        B
        V
        f
        e
        r
        m
        e
        n
        t
        e
        d
        ×
        G
        E
        C
        F
      
    
    {\displaystyle ABV=SBVfermented\times GECF}
  

where SBV fermented is sugar by volume (g/dL) converted to alcohol during fermentation and GECF is the glucose-ethanol conversion factor:

  
    
      
        G
        E
        C
        F
        =
        
          
            
              2
              ×
              46.069
            
            180.156
          
        
        ≈
        0.511435
      
    
    {\displaystyle GECF={\frac {2\times 46.069}{180.156}}\approx 0.511435}
  

where 46.069 is the molar mass of ethanol and 180.156 is the molar mass of glucose and fructose.

  
    
      
        A
        B
        V
        ≈
        S
        B
        V
        f
        e
        r
        m
        e
        n
        t
        e
        d
        ×
        0.511435
      
    
    {\displaystyle ABV\approx SBVfermented\times 0.511435}
  

  
    
      
        S
        B
        V
        f
        e
        r
        m
        e
        n
        t
        e
        d
        =
        S
        B
        V
        s
        t
        a
        r
        t
        −
        S
        B
        V
        f
        i
        n
        a
        l
      
    
    {\displaystyle SBVfermented=SBVstart-SBVfinal}
  

Sugar by volume can be calculated from Brix (sugar by weight) and SG (relative density):

  
    
      
        S
        B
        V
        =
        B
        r
        i
        x
        ×
        S
        G
      
    
    {\displaystyle SBV=Brix\times SG}
  

SG can be measured using an hydrometer and Brix can be calculated from SG. A simple formula for calculating Brix from SG is (SG 1.000 - 1.179):

  
    
      
        B
        r
        i
        x
        =
        263.663
        −
        
          
            263.806
            
              S
              G
            
          
        
      
    
    {\displaystyle Brix=263.663-{\frac {263.806}{SG}}}
  

By substituting Brix in the SBV formula above, we get a formula for calculating SBV from SG only:

  
    
      
        
          SBV
        
        =
        263.663
        ×
        S
        G
        −
        263.806
      
    
    {\displaystyle {\text{SBV}}=263.663\times SG-263.806}
  

By further substitution, we get a formula for calculating ABV from SG only:

  
    
      
        S
        G
        d
        r
        o
        p
        =
        S
        G
        s
        t
        a
        r
        t
        −
        S
        G
        f
        i
        n
        a
        l
      
    
    {\displaystyle SGdrop=SGstart-SGfinal}
  

  
    
      
        S
        B
        V
        f
        e
        r
        m
        e
        n
        t
        e
        d
        =
        263.663
        ×
        S
        G
        d
        r
        o
        p
      
    
    {\displaystyle SBVfermented=263.663\times SGdrop}
  

  
    
      
        A
        B
        V
        ≈
        263.663
        ×
        0.511435
        ×
        S
        G
        d
        r
        o
        p
        ≈
        135
        ×
        S
        G
        d
        r
        o
        p
      
    
    {\displaystyle ABV\approx 263.663\times 0.511435\times SGdrop\approx 135\times SGdrop}
  

SG drop is how much the SG decreased during fermentation (at 20 degree C). The factor 135 is most accurate in the center of the SG drop range of 0.000 to 0.179. Since the correlation of SG and Brix is non-linear it is common to divide the range to increase accuracy when using the simple ABV formula:

  
    
      
        A
        B
        V
        ≈
        f
        a
        c
        t
        o
        r
        ×
        S
        G
        d
        r
        o
        p
      
    
    {\displaystyle ABV\approx factor\times SGdrop}
  

Example ABV calculation:

SG measured at start of fermentation 1.067
SG measured at end of fermentation 1.007
SG drop = 1.067 - 1.007 = 0.06
Factor from table above 134
ABV = 134 x 0.06 = 8.04


=== Advanced ===
Advanced formula derived from Carl Balling empirical formulas. The formula compensates for changes in SG with changes in alcohol concentration and for the fact that not all sugar is converted into alcohol. All values are measured at 20 degree C.

  
    
      
        A
        B
        V
        =
        
          
            
              −
              118772
              ×
              
                SG final
              
              ×
              (
              
                Plato start
              
              −
              
                Plato final
              
              )
            
            
              (
              
                Plato start
              
              −
              193.765
              )
              ×
              (
              
                Plato start
              
              +
              1220
              )
            
          
        
      
    
    {\displaystyle ABV={\frac {-118772\times {\text{SG final}}\times ({\text{Plato start}}-{\text{Plato final}})}{({\text{Plato start}}-193.765)\times ({\text{Plato start}}+1220)}}}
  

where SG final is the specific gravity when fermentation ends, Plato start is the sugar by weight when fermentation begins, Plato final is the sugar by weight when fermentation ends. Brix can be used instead of Plato as they are nearly identical.


=== Wine ===
The simplest method for wine has been described by English author Cyril Berry:

  
    
      
        
          ABV
        
        ≈
        136
        ×
        
          (
          
            
              Starting SG
            
            −
            
              Final SG
            
          
          )
        
      
    
    {\displaystyle {\text{ABV}}\approx 136\times \left({\text{Starting SG}}-{\text{Final SG}}\right)}
  


=== Beer ===

One calculation for beer is:

  
    
      
        
          ABV
        
        ≈
        131
        ×
        
          (
          
            
              Starting SG
            
            −
            
              Final SG
            
          
          )
        
      
    
    {\displaystyle {\text{ABV}}\approx 131\times \left({\text{Starting SG}}-{\text{Final SG}}\right)}
  

For higher ABV above 6% many brewers use this formula:

  
    
      
        
          ABV
        
        ≈
        
          
            105
            0.79
          
        
        ×
        
          (
          
            
              
                
                  Starting SG
                
                −
                
                  Final SG
                
              
              Final SG
            
          
          )
        
        ≈
        132.9
        ×
        
          (
          
            
              
                
                  Starting SG
                
                −
                
                  Final SG
                
              
              Final SG
            
          
          )
        
      
    
    {\displaystyle {\text{ABV}}\approx {\frac {105}{0.79}}\times \left({\frac {{\text{Starting SG}}-{\text{Final SG}}}{\text{Final SG}}}\right)\approx 132.9\times \left({\frac {{\text{Starting SG}}-{\text{Final SG}}}{\text{Final SG}}}\right)}
  


== Other methods of specifying alcohol content ==


=== Alcohol proof ===

Another way of specifying the amount of alcohol content is alcohol proof, which in the United States is twice the alcohol-by-volume (alc/vol) number. This may lead to confusion over similar products bought in varying regions that have different names on country-specific labels. For example, Stroh rum that is 80% ABV is advertised and labeled as Stroh 80 when sold in Europe, but is named Stroh 160 when sold in the United States.
In the United Kingdom, proof is 1.75 times the number (expressed as a percentage). For example, 40% alc/vol is 80 proof in the US and 70 proof in the UK. However, since 1980, alcohol proof in the UK has been replaced by alc/vol as a measure of alcohol content, avoiding confusion between the UK and US proof standards.


=== Alcohol by weight ===
In the United States, Arkansas, Kansas, Mississippi, South Carolina, and Tennessee regulate and tax alcoholic beverages according to alcohol by weight (ABW), expressed as a percentage of total mass. The alc/vol value of a beverage is always higher than the ABW.
Because ABW measures the proportion of the drink's mass which is alcohol, while alc/vol is the proportion of the drink's volume which is alcohol, the two values are in the same proportion as the drink's density is with the density of alcohol. Therefore, one can use the following equation to convert between ABV and ABW:

  
    
      
        
          ABV
        
        =
        
          ABW
        
        ×
        
          
            density of beverage
            density of alcohol
          
        
      
    
    {\displaystyle {\text{ABV}}={\text{ABW}}\times {\frac {\text{density of beverage}}{\text{density of alcohol}}}}
  

At relatively low alc/vol, the alcohol percentage by weight is about 4/5 of the alc/vol (e.g., 3.2% ABW is about 4% alc/vol). However, because of the miscibility of alcohol and water, the conversion factor is not constant but rather depends upon the concentration of alcohol.


== See also ==
Apparent molar property
Excess molar quantity
Standard drink
Unit of alcohol
Volume fraction


== Notes ==


== References ==


== Bibliography ==


== External links ==
""How do brewers measure the alcohol in beer?"". HowStuffWorks. 12 December 2000.
Jayes, Wayne. ""Alcohol Strength and Density"". sugartech.co.za. The Sugar Engineers.","The alcohol content of beer per volume is typically measured as alcohol by volume (ABV), which is the percentage of the total volume of the beer that is pure ethanol.",The alcohol by volume shown on a bottle of absinthe .,0,0,supported,0.944081669428,-0.09184109075163356,-3.122597085555541,34,,0.9776153564453125,-0.125780178947,3.09539162171,0.9638969518819266,4,0.24267790667,1.0,1.0,0.0,0.0,0.93115234375,0.0369873046875,0.031982421875,-1.9029888482493533,0.12977056956531646,0.022222222222222223,0.3108108108108108,0.5,keep
Q2696_1289,wikiqa,what is the meaning of reimbursement,"In an insurance policy, the deductible (in British English, the excess) is the amount paid
out of pocket by the policy holder before an insurance provider will pay any expenses. In general usage, the term deductible may be used to describe one of several types of clauses that are used by insurance companies as a threshold for policy payments.
Deductibles are typically used to deter the large number of claims that a consumer can be reasonably expected to bear the cost of. By restricting its coverage to events that are significant enough to incur large costs, the insurance firm expects to pay out slightly smaller amounts much less frequently, incurring much higher savings. As a result, insurance premiums are typically cheaper when they involve higher deductibles. For example, health insurance companies offer plans with high premiums and low deductibles, or plans with low premiums and high deductibles. One plan may have a premium of $1,087 a month with a $6,000 deductible, while a competitive plan may have a premium of $877 a month with a $12,700 deductible. The consumer with the $6,000 deductible will have to pay $6,000 in health care costs before the insurance plan pays anything. The consumer with the $12,700 deductible will have to pay $12,700.
Deductibles are normally provided as clauses in an insurance policy that dictate how much of an insurance-covered expense is borne by the policyholder. They are normally quoted as a fixed quantity and are a part of most policies covering losses to the policy holder. The insurer then becomes liable for claimable expenses that exceed this amount (subject to the maximum sum claimable indicated in the contract). Depending on the policy, the deductible may apply per covered incident, or per year. For policies where incidents are not easy to delimit (health insurance, for example), the deductible is typically applied per year.
Several deductibles can be set by the insurer based on the cause of the claim. For example, a single housing insurance policy may contain multiple deductible amounts for loss or damage arising from theft, fire, natural calamities, evacuation, etc.
There are also deductible reimbursement programs that reimburse a deductible in the event of an automobile, home, boat/yacht or health insurance claim.


== Purpose ==
A deductible is established by insurers primarily to:

Reduce plan liability directly by sharing costs with the insured
Disincentivize unnecessary claims (as in the High-deductible health plan) by having the insured pay the cost instead
Restrict liability to events which are insurable by removing small claims from the plan's coverage
As an example, health insurers might introduce a deductible of $5,000 so that the plan only covers claims the insured cannot afford themselves. By reducing the number of small paid claims, the insurer can focus its efforts on the largest claims instead.


== Difference from franchise ==
A deductible should not be confused with a franchise. A deductible represents a part of the expense for which the insurer is not liable, but the franchise is a pure threshold beyond which liability for the entire expense is transferred to the insurer. For example, with a franchise of $20,000, a claim of $19,900 is borne entirely by the policyholder, and a claim of $20,100 is borne entirely by the insurer.


== Difference from excess ==
An excess can refer to one of two very different insurance terms.
Excess post-hospitalization is the extra costs borne by the insured over the maximum coverage that the insurance company pays. This terminology is especially common in areas of insurance sensitive to loss (like liability insurance) and is addressed by the insurance market through excess line insurance companies through mechanisms such as excess insurance, gap insurance, and umbrella insurance.
Excess pre-hospitalization is an insurance exception that is often interchangeably but wrongly referred to also as an excess or a deductible. It is ""the first amount of the claim which the insured has to bear. If the insured has an excess of $500 and the total repair costs $3,000, then the insured has to pay $500 while the insurer pays the remaining $2,500.""
Note that this different meaning does not apply to the British meaning of the term.


== Automobile and property insurance ==
In a typical automobile insurance policy, a deductible applies to claims arising from damage to or loss of the policyholder's own vehicle whether the damage or loss is caused by accidents for which the holder is responsible or by vandalism or theft. Depending on the policy, the deductible may differ by the type of expense incurred that triggers the insurance claim.
Third-party liability coverages including auto liability, general liability, garage keepers, inland marine, professional liability and workers compensation are also written with deductibles. Deductibles on commercial liability policies are known as third-party deductibles or liability deductibles.  Because the insured and claimant are not the same entity, insurers cannot pay the claim minus the deductible. That creates a receivable owed from the insured to the insurer. The complexity of identifying these third-party deductible receivables often causes many to be missed by the insurer and millions of dollars to go uncollected.
An insured has the option to accept an appearance allowance that can be used towards their deductible. Appearance allowances help manage repair costs by allowing for the insured to choose not to fix expensive parts that have minor damage and using the money towards their deductible.


== Health and travel insurance ==

Most health insurance policies and some travel insurance policies have deductibles as well. The type of health insurance deductibles can also vary, as individual amounts and family amounts.
The nature of medical treatment makes the insured often face multiple medical expenses spread over several days for a single illness or injury. Therefore, health insurance deductibles often tend to be imposed on a term basis (e.g. annually), rather than a per visit threshold. However, major medical insurance policies may have a per visit excess, which often does not cover the cost of routine visits to a GP unless it is certified to be a part of a continuous treatment, and the bills can be collated in a single claim.


== See also ==
Co-insurance
Copayment
Out-of-pocket expense


== References ==


== External links ==

Connelly, Joseph (March 3, 2008). ""Homeowner's Insurance & the Claims Process - Radio Interview March 3, 2008"". WPBR - The Justice Hour with Lisa Macci. Retrieved 2008-06-27.
Warnagiris, Joseph (February 2009). ""Collecting Third Party Deductibles"". Claims Magazine.","Reimbursement refers to the process of compensating someone for expenses they have incurred, typically through an insurance policy or program that covers part or all of the costs.","In an insurance policy, the deductible is the amount of expenses that must be paid out of pocket before an insurer will pay any expenses.",0,0,supported,1.07711452708,-0.09869110284254992,-3.2568063938041476,33,,0.9979531168937683,-0.320153564389,-0.604793524354,0.0,1,0.443434040445,1.0,1.0,0.0,0.0,0.96044921875,0.00995635986328125,0.0294952392578125,-1.8253811231933261,0.13878943279192635,0.022222222222222223,0.3108108108108108,0.5,keep
Q2566_1220,wikiqa,what is soy made from,"The soybean, soy bean, or soya bean (Glycine max) is a species of legume native to East Asia, widely grown for its edible bean. Soy is a staple crop, the world's most grown legume, and an important animal feed.
Soy is a key source of food, useful both for its protein and oil content. Soybean oil is widely used in cooking, as well as in industry. Traditional unfermented food uses of soybeans include edamame, as well as soy milk, from which tofu and tofu skin are made. Fermented soy foods include soy sauce, fermented bean paste, nattō, and tempeh. Fat-free (defatted) soybean meal is a significant and cheap source of protein for animal feeds and many packaged meals. For example, soybean products, such as textured vegetable protein (TVP), are ingredients in many meat and dairy substitutes. Soy-based foods are traditionally associated with East Asian cuisines, and still constitute a major part of East Asian diets, but processed soy products are increasingly used in Western cuisines.
Soy was domesticated from the wild soybean (Glycine soja) in north-central China between 6,000 and 9,000 years ago. Brazil and the United States lead the world in modern soy production. The majority of soybeans are genetically modified, usually for either insect, herbicide, or drought resistance. Three-quarters of soy is used to feed livestock, which in turn go to feed humans. Increasing demand for meat has substantially increased soy production since the 1980s, and contributed to deforestation in the Amazon.
Soybeans contain significant amounts of phytic acid, dietary minerals and B vitamins. Soy may reduce the risk of cancer and heart disease. Some people are allergic to soy. Soy is a complete protein and therefore important in the diets of many vegetarians and vegans.


== Etymology ==
The word ""soy"" derives from the Japanese soi, a Kagoshima dialect variant of shōyu, which in turn comes from the Chinese jiangyou (醬油), meaning ""soy sauce"".
The name of the genus, Glycine, comes from Linnaeus. When naming the genus, Linnaeus observed that one of the species formerly within the genus, which has since been reclassified to the genus Apios, had a sweet root. Based on the sweetness, the Greek word for sweet, glykós, was Latinized. The genus name is not related to the amino acid glycine.


== Description ==

Like most plants, soybeans grow in distinct morphological stages as they develop from seeds into fully mature plants.


=== Germination ===
The first stage of growth is germination, a method which first becomes apparent as a seed's radicle emerges. This is the first stage of root growth and occurs within the first 48 hours under ideal growing conditions. The first photosynthetic structures, the cotyledons, develop from the hypocotyl, the first plant structure to emerge from the soil. These cotyledons both act as leaves and as a source of nutrients for the immature plant, providing the seedling nutrition for its first 7 to 10 days.


=== Maturation ===
The first true leaves develop as a pair of single blades. Subsequent to this first pair, mature nodes form compound leaves with three blades. Mature trifoliolate leaves, having three to four leaflets per leaf, are often between 6 and 15 cm (2+1⁄2 and 6 in) long and 2 and 7 cm (1 and 3 in) broad. Under ideal conditions, stem growth continues, producing new nodes every four days. Before flowering, roots can grow 2 cm (3⁄4 in) per day. If rhizobia are present, root nodulation begins by the time the third node appears. Nodulation typically continues for 8 weeks before the symbiotic infection process stabilizes. The final characteristics of a soybean plant are variable, with factors such as genetics, soil quality, and climate affecting its form; however, fully mature soybean plants are generally between 50 and 125 cm (20 and 50 in) in height and have rooting depths between 75 and 150 cm (30 and 60 in).


=== Flowering ===
Flowering is triggered by day length, often beginning once days become shorter than 12.8 hours. This trait is highly variable however, with different varieties reacting differently to changing day length. Soybeans form inconspicuous, self-fertile flowers which are borne in the axil of the leaf and are white, pink or purple. Though they do not require pollination, they are attractive to bees, because they produce nectar that is high in sugar content. Depending on the soybean variety, node growth may cease once flowering begins. Strains that continue nodal development after flowering are termed ""indeterminates"" and are best suited to climates with longer growing seasons. Often soybeans drop their leaves before the seeds are fully mature.

The fruit is a hairy pod that grows in clusters of three to five, each pod is 3–8 cm (1–3 in) long and usually contains two to four (rarely more) seeds 5–11 mm in diameter. Soybean seeds come in a wide variety of sizes and hull colors such as black, brown, yellow, and green. Variegated and bicolored seed coats are also common.


=== Seed resilience ===

The hull of the mature bean is hard, water-resistant, and protects the cotyledon and hypocotyl (or ""germ"") from damage. If the seed coat is cracked, the seed will not germinate. The scar, visible on the seed coat, is called the hilum (colors include black, brown, buff, gray and yellow) and at one end of the hilum is the micropyle, or small opening in the seed coat which can allow the absorption of water for sprouting.
Some seeds such as soybeans containing very high levels of protein can undergo desiccation, yet survive and revive after water absorption. A. Carl Leopold began studying this capability at the Boyce Thompson Institute for Plant Research at Cornell University in the mid-1980s. He found soybeans and corn to have a range of soluble carbohydrates protecting the seed's cell viability. Patents were awarded to him in the early 1990s on techniques for protecting biological membranes and proteins in the dry state.


=== Chemistry ===
Dry soybeans contain 36% protein and 20% fat in form of soybean oil by weight. The remainder consists of 30% carbohydrates, 9% water and 5% ash. 
Soybeans comprise approximately 8% seed coat or hull, 90% cotyledons and 2% hypocotyl axis or germ.


== Taxonomy ==
The genus Glycine may be divided into two subgenera, Glycine and Soja. The subgenus Soja includes the cultivated soybean, G. max, and the wild soybean, treated either as a separate species G. soja, or as the subspecies G. max subsp. soja. The cultivated and wild soybeans are annuals. The wild soybean is native to China, Japan, Korea and Russia. The subgenus Glycine consists of at least 25 wild perennial species: for example, G. canescens and G. tomentella, both found in Australia and Papua New Guinea. Perennial soybean (Neonotonia wightii) belongs to a different genus. It originated in Africa and is now a widespread pasture crop in the tropics.
Like some other crops of long domestication, the relationship of the modern soybean to wild-growing species can no longer be traced with any degree of certainty. It is a cultigen with a very large number of cultivars.


=== Subspecies ===
As of November 2025, Plants of the World Online accepted the following subspecies:

Glycine max subsp. formosana (Hosok.) Tateishi & H.Ohashi
Glycine max nothosubsp. gracilis (Skvortsov) H.Ohashi = G. max subsp. max × G. max subsp. soja
Glycine max subsp. max
Glycine max subsp. soja (Siebold & Zucc.) H.Ohashi


== Ecology ==
Like many legumes, soybeans can fix atmospheric nitrogen, due to the presence of symbiotic bacteria from the Rhizobia group.


== Cultivation ==

Soybeans are globally important agricultural crops, grown as a major source of protein and oil. It prefers fertile, well-drained soils and requires a warm temperate climate with adequate rainfall or irrigation. Soybeans are mainly grown in the United States, Brazil, and Argentina.
It is usually planted in straight rows using modern machinery, and pests and weeds must be controlled to maintain the crop. After maturity, it is harvested using mechanized harvesting machines. Soybeans are used in the production of many food and industrial products, such as tofu, oils, and feed, in addition to their role in improving soil fertility by fixing nitrogen.


=== Conditions ===

Cultivation is successful in climates with hot summers, with optimum growing conditions in mean temperatures of 20 to 30 °C (70 to 85 °F); temperatures of below 20 °C (70 °F) and over 40 °C (105 °F) stunt growth significantly. They can grow in a wide range of soils, with optimum growth in moist alluvial soils with good organic content. Soybeans, like most legumes, perform nitrogen fixation by establishing a symbiotic relationship with the bacterium Bradyrhizobium japonicum (syn. Rhizobium japonicum; Jordan 1982). This ability to fix nitrogen allows farmers to reduce nitrogen fertilizer use and increase yields when growing other crops in rotation with soy. There may be some trade-offs, however, in the long-term abundance of organic material in soils where soy and other crops (for example, corn) are grown in rotation. For best results, though, an inoculum of the correct strain of bacteria should be mixed with the soybean (or any legume) seed before planting. Modern crop cultivars generally reach a height of around 1 m (3 ft), and take 80–120 days from sowing to harvesting.


=== Soils ===
Soil scientists Edson Lobato (Brazil), Andrew McClung (U.S.), and Alysson Paolinelli (Brazil) were awarded the 2006 World Food Prize for transforming the ecologically biodiverse savannah of the Cerrado region of Brazil into highly productive cropland that could grow profitable soybeans.


=== Contamination concerns ===
Human sewage sludge can be used as fertilizer to grow soybeans. Soybeans grown in sewage sludge likely contain elevated concentrations of metals.


=== Pests ===

Soybean plants are vulnerable to a wide range of bacterial diseases, fungal diseases, viral diseases, and parasites.
The primary bacterial diseases include bacterial blight, bacterial pustule and downy mildew affecting the soybean plant.
The Japanese beetle (Popillia japonica) poses a significant threat to agricultural crops, including soybeans, due to its voracious feeding habits. Found commonly in both urban and suburban areas, these beetles are frequently observed in agricultural landscapes where they can cause considerable damage to crops like corn, soybeans, and various fruits.
Soybean cyst nematode (SCN) is the worst pest of soybean in the US. Losses of 30% or 40% are common even without symptoms.
The corn earworm moth and bollworm (Helicoverpa zea) is a common and destructive pest of soybean growth in Virginia.
Soybeans are consumed by whitetail deer which may damage soybean plants through feeding, trampling and bedding, reducing crop yields by as much as 15%. Groundhogs are also a common pest in soybean fields, living in burrows underground and feeding nearby. One den of groundhogs can consume a tenth to a quarter of an acre of soybeans. Chemical repellents or firearms are effective for controlling pests in soybean fields.

Soybeans suffer from the fungus Pythium spinosum in Arkansas and Indiana (United States), and China.
In Japan and the United States, the Soybean dwarf virus (SbDV) causes a disease in soybeans and is transmitted by aphids.


=== Cultivars ===


==== Disease resistant cultivars ====
Resistant varieties are available. In Indian cultivars, Nataraj et al. 2020 find that anthracnose caused by Colletotrichum truncatum is resisted by a combination of 2 major genes.


===== PI 88788 =====
The vast majority of cultivars in the US have soybean cyst nematode resistance (SCN resistance), but rely on only one breeding line (PI 88788) as their sole source of resistance. (The resistance genes provided by PI 88788, Peking, and PI 90763 were characterized in 1997.) As a result, for example, in 2012 only 18 cultivars out of 807 recommended by the Iowa State University Extension had any ancestry outside of PI 88788. By 2020 the situation was still about the same: Of 849 there were 810 with some ancestry from PI 88788, 35 from Peking, and only 2 from PI 89772. (On the question of exclusively PI 88788 ancestry, that number was not available for 2020.) That was speculated to be in 2012—and was clearly by 2020—producing SCN populations that are virulent on PI 88788.


=== Production ===

In 2020, world production of soybeans was over 353 million tonnes, led by Brazil and the United States combined with 66% of the total (table). Production has dramatically increased across the globe since the 1960s, but particularly in South America after a cultivar that grew well in low latitudes was developed in the 1980s. The rapid growth of the industry has been primarily fueled by large increases in worldwide demand for meat products, particularly in developing countries like China, which alone accounts for more than 60% of imports. Soy is a staple crop; global soy production accounts for four times more legume production than all other legumes combined.


==== Environmental issues ====

In spite of the Amazon ""Soy Moratorium"", soy production continues to play a significant role in deforestation when its indirect impacts are taken into account, as land used to grow soy continues to increase. This land either comes from pasture land (which increasingly supplants forested areas), or areas outside the Amazon not covered by the moratorium, such as the Cerrado region. Roughly one-fifth of deforestation can be attributed to expanding land use to produce oilseeds, primarily for soy and palm oil, whereas the expansion of beef production accounts for 41%. The main driver of deforestation is the global demand for meat, which in turn requires huge tracts of land to grow feed crops for livestock. Around 80% of the global soybean crop is used to feed livestock.


== History ==

Soybeans were a crucial crop in East Asia long before written records began. The origin of soy cultivation remains scientifically debated. The closest living relative of the soybean is Glycine soja (previously called G. ussuriensis), a legume native to central China. Genomic data increasingly supports a single domestication event in north-central China between 6,000 and 9,000 years ago, although some evidence suggests a more complex scenario involving low-intensity pre-domestication cultivation across multiple locations in East Asia, followed by the eventual dominance of the Chinese lineage.
There is evidence for soybean domestication between 7000 and 6600 BC in China, between 5000 and 3000 BC in Japan and 1000 BC in Korea. The first unambiguously domesticated, cultigen-sized soybean was discovered in Korea at the Mumun-period Daundong site. Prior to fermented products such as fermented black soybeans (douchi), jiang (Chinese miso), soy sauce, tempeh, nattō, and miso, soy was considered sacred for its beneficial effects in crop rotation, and it was eaten by itself, and as bean curd and soy milk.
Soybeans were introduced to Java in Malay Archipelago circa 13th century or probably earlier. By the 17th century through their trade with Far East, soybeans and its products were traded by European traders (Portuguese, Spanish, and Dutch) in Asia, and reached Indian Subcontinent by this period. By the 18th century, soybeans were introduced to the Americas and Europe from China. Soy was introduced to Africa from China in the late 19th century, and is now widespread across the continent.


=== East Asia ===

Soy was most likely domesticated 6,000–9,000 years ago in the region between the Yellow River and the Huai River in China. The earliest documented evidence for the use of Glycine of any kind comes from charred plant remains of wild soybean recovered from Jiahu in Henan province, a Neolithic site occupied between 9,000 and 7,800 years ago. An abundance of archaeological charred soybean specimens have been found centered around this region.
Soybeans became an important crop by the Zhou dynasty (c. 1046–256 BC) in China. According to an ancient Chinese myth, in 2853 BC, the legendary Emperor Shennong of China proclaimed that five plants were sacred: soybeans, rice, wheat, barley, and millet. Early Chinese records mention that soybeans were a gift from the region of the Yangtze River delta and Southeast China. However, there is no archaeological evidence that soybeans were domesticated in southern China, and it appears that soy was unknown there prior to the Han dynasty.
The oldest preserved soybeans resembling modern varieties in size and shape were found in archaeological sites in Korea dated about 1000 BC. Radiocarbon dating of soybean samples recovered through flotation during excavations at the Early Mumun period Okbang site in Korea indicated soybean was cultivated as a food crop in around 1000–900 BC. Soybeans from the Jōmon period in Japan from 3000 BC are also significantly larger than wild varieties. The earliest Japanese textual reference to the soybean is in the classic Kojiki (Records of Ancient Matters), which was completed in 712 CE.


=== Southeast Asia ===
Soybeans were mentioned as kadêlê (modern Indonesian term: kedelai) in an old Javanese manuscript, Serat Sri Tanjung, which dates to 12th- to 13th-century Java. By the 13th century, the soybean had arrived and cultivated in Indonesia; it probably arrived much earlier however, carried by traders or merchants from Southern China.
The earliest known reference to it as ""tempeh"" appeared in 1815 in the Serat Centhini manuscript. The development of tempeh fermented soybean cake probably took place earlier, circa 17th century in Java.


=== Indian subcontinent ===
By the 1600s, soy sauce spread from southern Japan across the region through the Dutch East India Company (VOC).

While the origins and history of Soybean cultivation in the Eastern Himalayas is debated, it was potentially introduced from southern China, more specifically Yunnan province. Alternatively, it could have reached here through traders from Indonesia via Myanmar. Northeast India is viewed as a passive micro-centre within the soybean secondary gene centre. Central India is considered a tertiary gene centre particularly the area encompassing Madhya Pradesh which is also the country largest soybean producer.


=== Iberia ===
Vocabvlario da Lingoa de Iapam, a Japanese-Portuguese dictionary, was compiled and published in 1603 by Jesuit priests in Nagasaki. It contains short but clear definitions for about 20 words related to soyfoods—the first in any European language.
The Luso-Hispanic traders were familiar with soybeans and soybean product through their trade with Far East since at least the 17th century. However, it was not until the late 19th century that the first attempt to cultivate soybeans in the Iberian peninsula was undertaken. In 1880, the soybean was first cultivated in Portugal in the Botanical Gardens at Coimbra (Crespi 1935).
In about 1910 in Spain the first attempts at Soybean cultivation were made by the Count of San Bernardo, who cultivated soybeans on his estates at Almillo (in southwest Spain) about 48 miles east-northeast of Seville.


=== North America ===
Soybeans were first introduced to North America from China in 1765, by Samuel Bowen, a former East India Company sailor who had visited China in conjunction with James Flint, the first Englishman legally permitted by the Chinese authorities to learn Chinese. The first ""New World"" soybean crop was grown on Skidaway Island, Georgia, in 1765 by Henry Yonge from seeds given him by Samuel Bowen. Bowen grew soy near Savannah, Georgia, possibly using funds from Flint, and made soy sauce for sale to England. Although soybean was introduced into North America in 1765, for the next 155 years, the crop was grown primarily for forage.
In 1831, the first soy product ""a few dozen India Soy"" [sauce] arrived in Canada. Soybeans were probably first cultivated in Canada by 1855, and definitely in 1895 at Ontario Agricultural College.
It was not until Lafayette Mendel and Thomas Burr Osborne showed that the nutritional value of soybean seeds could be increased by cooking, moisture or heat, that soy went from a farm animal feed to a human food.
William Joseph Morse is considered the ""father"" of modern soybean agriculture in America. In 1910, he and Charles Piper began to popularize what was regarded as a relatively unknown Oriental peasant crop in America into a ""golden bean"", with the soybean becoming one of America's largest and most nutritious farm crops.

Prior to the 1920s in the US, the soybean was mainly a forage crop, a source of oil, meal (for feed) and industrial products, with very little used as food. However, it took on an important role after World War I. During the Great Depression, the drought-stricken (Dust Bowl) regions of the United States were able to use soy to regenerate their soil because of its nitrogen-fixing properties. Farms were increasing production to meet with government demands, and Henry Ford became a promoter of soybeans. In 1931, Ford hired chemists Robert Boyer and Frank Calvert to produce artificial silk. They succeeded in making a textile fiber of spun soy protein fibers, hardened or tanned in a formaldehyde bath, which was given the name Azlon. It never reached the commercial market. Soybean oil was used by Ford in paint for the automobiles, as well as a fluid for shock absorbers.
During World War II, soybeans became important in both North America and Europe chiefly as substitutes for other protein foods and as a source of edible oil. During the war, the soybean was discovered as fertilizer due to nitrogen fixation by the United States Department of Agriculture.
Prior to the 1970s, Asian-Americans and Seventh-Day Adventists were essentially the only users of soy foods in the United States. ""The soy foods movement began in small pockets of the counterculture, notably the Tennessee commune named simply The Farm, but by the mid-1970s a vegetarian revival helped it gain momentum and even popular awareness through books such as The Book of Tofu.""
Although practically unseen in 1900, by 2000 soybean plantings covered more than 70 million acres, second only to corn, and it became America's largest cash crop. In 2021, 87,195,000 acres were planted, with the largest acreage in the states of Illinois, Iowa, and Minnesota.


=== Caribbean and West Indies ===
The soybean arrived in the Caribbean in the form of soy sauce made by Samuel Bowen in Savannah, Georgia, in 1767. It remains only a minor crop there, but its uses for human food are growing steadily.


=== Mediterranean area ===
The soybean was first cultivated in Italy by 1760 in the Botanical Garden of Turin. During the 1780s, it was grown in at least three other botanical gardens in Italy. The first soybean product, soy oil, arrived in Anatolia during 1909 under Ottoman Empire. The first clear cultivation occurred in 1931. This was also the first time that soybeans were cultivated in Middle East. By 1939, soybeans were cultivated in Greece.


=== Australia ===
Wild soybeans were discovered in northeastern Australia in 1770 by explorers Banks and Solander. In 1804, the first soyfood product (""Fine India Soy"" [sauce]) was sold in Sydney. In 1879, the first domesticated soybeans arrived in Australia, a gift of the Minister of the Interior Department, Japan.


=== France ===
The soybean was first cultivated in France by 1779 (and perhaps as early as 1740). The two key early people and organizations introducing the soybean to France were the Society of Acclimatization (starting in 1855) and Li Yu-ying (from 1910). Li started a large tofu factory, where the first commercial soyfoods in France were made.


=== Africa ===
The soybean first arrived in Africa via Egypt in 1857. Soya Meme (Baked Soya) is produced in the village called Bame Awudome near Ho, the capital of the Volta Region of Ghana, by the Ewe people of Southeastern Ghana and southern Togo.


=== Central Europe ===
In 1873, Professor Friedrich J. Haberlandt first became interested in soybeans when he obtained the seeds of 19 soybean varieties at the Vienna World Exposition (Wiener Weltausstellung). He cultivated these seeds in Vienna, and soon began to distribute them throughout Central and Western Europe. In 1875, he first grew the soybeans in Vienna, then in early 1876 he sent samples of seeds to seven cooperators in central Europe, who planted and tested the seeds in the spring of 1876, with good or fairly good results in each case. Most of the farmers who received seeds from him cultivated them, then reported their results. Starting in February 1876, he published these results first in various journal articles, and finally in his magnum opus, Die Sojabohne (The Soybean) in 1878. In northern Europe, lupin (lupine) is known as the ""soybean of the north"".


=== Central Asia ===
The soybean is first in cultivated Transcaucasia in Central Asia in 1876, by the Dungans. This region has never been important for soybean production.


=== Central America ===
The first reliable reference to the soybean in this region dates from Mexico in 1877.


=== South America ===
The soybean first arrived in South America in Argentina in 1882.
Andrew McClung showed in the early 1950s that with soil amendments the Cerrado region of Brazil would grow soybeans. In June 1973, when soybean futures markets mistakenly portended a major shortage, the Nixon administration imposed an embargo on soybean exports. It lasted only a week, but Japanese buyers felt that they could not rely on U.S. supplies, and the rival Brazilian soybean industry came into existence. This led Brazil to become the world's largest producer of soybeans in 2020, with 131 million tons.
Industrial soy production in South America is characterized by wealthy management who live far away from the production site which they manage remotely. In Brazil, these managers depend heavily on advanced technology and machinery, and agronomic practices such as zero tillage, high pesticide use, and intense fertilization. One contributing factor is the increased attention on the Brazilian Cerrado in Bahia, Brazil by US farmers in the early 2000s. This was due to rising values of scarce farmland and high production costs in the US Midwest. There were many promotions of the Brazilian Cerrado by US farm producer magazines and market consultants who portrayed it as having cheap land with ideal production conditions, with infrastructure being the only thing it was lacking. These same magazines also presented Brazilian soy as inevitably out-competing American soy. Another draw to investing was the insider information about the climate and market in Brazil. A few dozen American farmers purchased varying amounts of land by a variety of means including finding investors and selling off land holdings. Many followed the ethanol company model and formed an LLC with investments from neighboring farmers, friends, and family while some turned to investment companies. Some soy farmers either liquidated their Brazilian assets or switched to remote management from the US to return to farming there and implement new farming and business practices to make their US farms more productive. Others planned to sell their now expensive Bahia land to buy land cheaper land in the frontier regions of Piauí or Tocantins to create more soybean farms.


== Genetics ==
Chinese landraces were found to have a slightly higher genetic diversity than inbred lines by Li et al., 2010. Specific locus amplified fragment sequencing (SLAF-seq) has been used by Han et al., 2015 to study the genetic history of the domestication process, perform genome-wide association studies (GWAS) of agronomically relevant traits, and produce high-density linkage maps. An SNP array was developed by Song et al., 2013 and has been used for research and breeding; the same team applied their array in Song et al., 2015 against the USDA Soybean Germplasm Collection and obtained mapping data that are expected to yield association mapping data for such traits.
Rpp1-R1 is a resistance gene against soybean rust. Rpp1-R1 is an R gene (NB-LRR) providing resistance against the rust pathogen Phakopsora pachyrhizi. Its synthesis product includes a ULP1 protease.
Qijian et al., 2017 provides the SoySNP50K gene array.


=== Genetic modification ===

Soybeans are one of the ""biotech food"" crops that have been genetically modified, and genetically modified soybeans are being used in an increasing number of products. In 1995, Monsanto company introduced glyphosate-tolerant soybeans that have been genetically modified to be resistant to Monsanto's glyphosate herbicides through substitution of the Agrobacterium sp. (strain CP4) gene EPSP (5-enolpyruvyl shikimic acid-3-phosphate) synthase. The substituted version is not sensitive to glyphosate.
In 1997, about 8% of all soybeans cultivated for the commercial market in the United States were genetically modified. In 2010, the figure was 93%. As with other glyphosate-tolerant crops, concern is expressed over damage to biodiversity. A 2003 study concluded the ""Roundup Ready"" (RR) gene had been bred into so many different soybean cultivars, there had been little decline in genetic diversity, but ""diversity was limited among elite lines from some companies"".
The widespread use of such types of GM soybeans in the Americas has caused problems with exports to some regions. GM crops require extensive certification before they can be legally imported into the European Union, where there is considerable supplier and consumer reluctance to use GM products for consumer or animal use. Difficulties with coexistence and subsequent traces of cross-contamination of non-GM stocks have caused shipments to be rejected and have put a premium on non-GM soy.
A 2006 United States Department of Agriculture report found the adoption of genetically engineered (GE) soy, corn and cotton reduced the amount of pesticides used overall, but did result in a slightly greater amount of herbicides used for soy specifically. The use of GE soy was also associated with greater conservation tillage, indirectly leading to better soil conservation, as well as increased income from off-farming sources due to the greater ease with which the crops can be managed. Though the overall estimated benefits of the adoption of GE soybeans in the United States was $310 million, the majority of this benefit was experienced by the companies selling the seeds (40%), followed by biotechnology firms (28%) and farmers (20%). The patent on glyphosate-tolerant soybeans expired in 2014, so benefits can be expected to shift.


== Adverse effects ==


=== Soy allergy ===

Allergy to soy is common, and the food is listed with other foods that commonly cause allergy, such as milk, eggs, peanuts, tree nuts, and shellfish. The problem has been reported among younger children, and the diagnosis of soy allergy is often based on symptoms reported by parents and results of skin tests or blood tests for allergy. Only a few reported studies have attempted to confirm allergy to soy by direct challenge with the food under controlled conditions. It is very difficult to give a reliable estimate of the true prevalence of soy allergy in the general population. To the extent that it does exist, soy allergy may cause cases of urticaria and angioedema, usually within minutes to hours of ingestion. In rare cases, true anaphylaxis may also occur. The reason for the discrepancy is likely that soy proteins, the causative factor in allergy, are far less potent at triggering allergy symptoms than the proteins of peanut and shellfish. An allergy test that is positive demonstrates that the immune system has formed IgE antibodies to soy proteins. However, this is only a factor when soy proteins reach the blood without being digested, in sufficient quantities to reach a threshold to provoke actual symptoms.
Soy can also trigger symptoms via food intolerance, a situation where no allergic mechanism can be proven. One scenario is seen in very young infants who have vomiting and diarrhoea when fed soy-based formula, which resolves when the formula is withdrawn. Older infants can suffer a more severe disorder with vomiting, diarrhoea that may be bloody, anemia, weight loss and failure to thrive. The most common cause of this unusual disorder is a sensitivity to cow's milk, but soy formulas can also be the trigger. The precise mechanism is unclear and it could be immunologic, although not through the IgE-type antibodies that have the leading role in urticaria and anaphylaxis. However, it is also self-limiting and will often disappear in the toddler years.
In the European Union, identifying the presence of soy either as an ingredient or unintended contaminant in packaged food is compulsory. The regulation (EC) 1169/2011 on food-labeling lists 14 allergens, including soy, in packaged food must be clearly indicated on the label as part of the list of ingredients, using a distinctive typography (such as bold type or capital letters).


=== Thyroid function ===
One review noted that soy-based foods may inhibit absorption of thyroid hormone medications required for treatment of hypothyroidism. A 2015 scientific review by the European Food Safety Authority concluded that intake of isoflavones from supplements did not affect thyroid hormone levels in postmenopausal women.


== Uses ==

Among the legumes, the soybean is valued for its high (38–45%) protein content as well as its high (approximately 20%) oil content. Soybeans are the most valuable agricultural export of the United States. Approximately 85% of the world's soybean crop is processed into soybean meal and soybean oil, the remainder processed in other ways or eaten whole.
Soybeans can be broadly classified as ""vegetable"" (garden) or field (oil) types. Vegetable types cook more easily, have a mild, nutty flavor, and better texture, are larger in size, higher in protein, and are lower in oil than field types. Tofu, soy milk, and soy sauce are among the top edible commodities made using soybeans. Producers prefer the higher protein cultivars bred from vegetable soybeans originally brought to the United States in the late 1930s. The ""garden"" cultivars are generally not suitable for mechanical combine harvesting because there is a tendency for the pods to shatter upon reaching maturity.


=== Nutrition ===

A 100-gram reference quantity of raw soybeans supplies 1,866 kilojoules (446 kilocalories) of food energy and are 9% water, 30% carbohydrates, 20% total fat and 36% protein.
Peanuts are the only legumes with a higher fat content (48%) and calorie count (2,385 kJ). They contain less carbohydrates (21%), protein (25%) and dietary fiber (9%).
Soybeans are a rich source of essential nutrients, providing in a 100-gram serving (raw, for reference) high contents of the Daily Value (DV) especially for protein (36% DV), dietary fiber (37%), iron (121%), manganese (120%), phosphorus (101%) and several B vitamins, including folate (94%) (table). High contents also exist for vitamin K, magnesium, zinc and potassium.
For human consumption, soybeans must be processed prior to consumption–either by cooking, roasting, or fermenting–to destroy the trypsin inhibitors (serine protease inhibitors). Raw soybeans, including the immature green form, are toxic to all monogastric animals.


==== Protein ====

Most soy protein is a relatively heat-stable storage protein. This heat stability enables soy food products requiring high temperature cooking, such as tofu, soy milk and textured vegetable protein (soy flour) to be made.  Soy protein is essentially identical to the protein of other legume seeds and pulses.
Soy is a good source of protein for vegetarians and vegans or for people who want to reduce the amount of meat they eat, according to the US Food and Drug Administration:

Soy protein products can be good substitutes for animal products because, unlike some other beans, soy offers a 'complete' protein profile. ... Soy protein products can replace animal-based foods—which also have complete proteins but tend to contain more fat, especially saturated fat—without requiring major adjustments elsewhere in the diet.
Although soybeans have high protein content, soybeans also contain high levels of protease inhibitors, which can prevent digestion. Protease inhibitors are reduced by cooking soybeans, and are present in low levels in soy products such as tofu and soy milk.
The Protein Digestibility Corrected Amino Acid Score (PDCAAS) of soy protein is the nutritional equivalent of meat, eggs, and casein for human growth and health. Soybean protein isolate has a biological value of 74, whole soybeans 96, soybean milk 91, and eggs 97.

All spermatophytes, except for the family of grasses and cereals (Poaceae), contain 7S (vicilin) and 11S (legumin) soy protein-like globulin storage proteins; or only one of these globulin proteins. S denotes Svedberg, sedimentation coefficients. Oats and rice are anomalous in that they also contain a majority of soybean-like protein. Cocoa, for example, contains the 7S globulin, which contributes to cocoa/chocolate taste and aroma, whereas coffee beans (coffee grounds) contain the 11S globulin responsible for coffee's aroma and flavor.
Vicilin and legumin proteins belong to the cupin superfamily, a large family of functionally diverse proteins that have a common origin and whose evolution can be followed from bacteria to eukaryotes including animals and higher plants.
2S albumins form a major group of homologous storage proteins in many dicot species and in some monocots but not in grasses (cereals). Soybeans contain a small but significant 2S storage protein. 2S albumin are grouped in the prolamin superfamily. Other allergenic proteins included in this 'superfamily' are the non-specific plant lipid transfer proteins, alpha amylase inhibitor, trypsin inhibitors, and prolamin storage proteins of cereals and grasses.
Peanuts, for instance, contain 20% 2S albumin but only 6% 7S globulin and 74% 11S. It is the high 2S albumin and low 7S globulin that is responsible for the relatively low lysine content of peanut protein compared to soy protein.


==== Carbohydrates ====
The principal soluble carbohydrates of mature soybeans are the disaccharide sucrose (range 2.5–8.2%), the trisaccharide raffinose (0.1–1.0%) composed of one sucrose molecule connected to one molecule of galactose, and the tetrasaccharide stachyose (1.4 to 4.1%) composed of one sucrose connected to two molecules of galactose.  While the oligosaccharides raffinose and stachyose protect the viability of the soybean seed from desiccation (see above section on physical characteristics) they are not digestible sugars, so contribute to flatulence and abdominal discomfort in humans and other monogastric animals, comparable to the disaccharide trehalose. Undigested oligosaccharides are broken down in the intestine by native microbes, producing gases such as carbon dioxide, hydrogen, and methane.
Since soluble soy carbohydrates are found in the whey and are broken down during fermentation, soy concentrate, soy protein isolates, tofu, soy sauce, and sprouted soybeans are without flatus activity. On the other hand, there may be some beneficial effects to ingesting oligosaccharides such as raffinose and stachyose, namely, encouraging indigenous bifidobacteria in the colon against putrefactive bacteria.
The insoluble carbohydrates in soybeans consist of the complex polysaccharides cellulose, hemicellulose, and pectin. The majority of soybean carbohydrates can be classed as belonging to dietary fiber.


==== Fats ====
Raw soybeans are 20% fat, including saturated fat (3%), monounsaturated fat (4%) and polyunsaturated fat, mainly as linoleic acid (table).
Within soybean oil or the lipid portion of the seed is contained four phytosterols: stigmasterol, sitosterol, campesterol, and brassicasterol accounting for about 2.5% of the lipid fraction; and which can be converted into steroid hormones.  Additionally soybeans are a rich source of sphingolipids.


==== Other constituents ====
Soy contains isoflavones—polyphenolic compounds, produced by legumes including peanuts and chickpeas. Isoflavones are closely related to flavonoids found in other plants, vegetables and flowers.
Soy contains the phytoestrogen coumestans, also are found in beans and split-peas, with the best sources being alfalfa, clover, and soybean sprouts. Coumestrol, an isoflavone coumarin derivative, is the only coumestan in foods.
Saponins, a class of natural surfactants (soaps), are sterols that are present in small amounts in various plant foods, including soybeans, other legumes, and cereals, such as oats.


=== Comparison to other major staple foods ===
The following table shows the nutrient content of green soybean and other major staple foods, each in respective raw form on a dry weight basis to account for their different water contents. Raw soybeans, however, are not edible and cannot be digested. These must be sprouted, or prepared and cooked for human consumption. In sprouted and cooked form, the relative nutritional and anti-nutritional contents of each of these grains is remarkably different from that of raw form of these grains reported in this table. The nutritional value of soybean and each cooked staple depends on the processing and the method of cooking: boiling, frying, roasting, baking, etc.


=== Soybean oil ===

Soybean seed contains 18–19% oil. To extract soybean oil from seed, the soybeans are cracked, adjusted for moisture content, rolled into flakes, and solvent-extracted with commercial hexane. The oil is then refined, blended for different applications, and sometimes hydrogenated. Soybean oils, both liquid and partially hydrogenated, are exported abroad, sold as ""vegetable oil,"" or end up in a wide variety of processed foods.


=== Soybean meal ===

Soybean meal, or soymeal, is the material remaining after solvent extraction of oil from soybean flakes, with a 50% soy protein content. The meal is 'toasted' (a misnomer because the heat treatment is with moist steam) and ground in a hammer mill. Ninety-seven percent of soybean meal production globally is used as livestock feed. Soybean meal is also used in some dog foods.


=== Livestock feed ===
One of the major uses of soybeans globally is as livestock feed, predominantly in the form of soybean meal. In the European Union, for example, though it does not make up most of the weight of livestock feed, soybean meal provides around 60% of the protein fed to livestock. In the United States, 70 percent of soybean production is used for animal feed, with poultry being the number one livestock sector of soybean consumption. Spring grasses are rich in omega-3 fatty acids, whereas soy is predominantly omega-6. The soybean hulls, which mainly consist of the outer coats of the beans removed before oil extraction, can also be fed to livestock and whole soybean seeds after processing.


=== Food for human consumption ===

In addition to their use in livestock feed, soybean products are widely used for human consumption. Common soybean products include soy sauce, soy milk, tofu, soy meal, soy flour, textured vegetable protein (TVP), soy curls, tempeh, soy lecithin and soybean oil. Soybeans may also be eaten with minimal processing, for example, in the Japanese food edamame (枝豆, edamame), in which immature soybeans are boiled whole in their pods and served with salt.

In China, Japan, Vietnam and Korea, soybean and soybean products are a standard part of the diet. Tofu (豆腐 dòufu) is thought to have originated in China, along with soy sauce and several varieties of soybean paste used as seasonings. Japanese foods made from soya include miso (味噌), nattō (納豆), kinako (黄粉) and edamame (枝豆), as well as products made with tofu such as atsuage and aburaage. In China, whole dried soybeans are sold in supermarkets and used to cook various dishes, usually after rehydration by soaking in water; they find their use in soup or as a savory dish. In Korean cuisine, soybean sprouts (콩나물 kongnamul) are used in a variety of dishes, and soybeans are the base ingredient in doenjang, cheonggukjang and ganjang. In Vietnam, soybeans are used to make soybean paste (tương) in the North with the most popular products are tương Bần, tương Nam Đàn, tương Cự Đà as a garnish for phở and gỏi cuốn dishes, as well as tofu (đậu hũ or đậu phụ or tàu hũ), soy sauce (nước tương), soy milk (nước đậu in the North or sữa đậu nành in the South), and đậu hũ nước đường (tofu sweet soup).


==== Flour ====
 
Soy flour refers to soybeans ground finely enough to pass through a 100-mesh or smaller screen where special care was taken during desolventizing (not toasted) to minimize denaturation of the protein to retain a high protein dispersibility index, for uses such as food extrusion of textured vegetable protein. It is the starting material for soy concentrate and protein isolate production.
Soy flour can also be made by roasting the soybean, removing the coat (hull), and grinding it into flour. Soy flour is manufactured with different fat levels. Alternatively, raw soy flour omits the roasting step.

Defatted soy flour is obtained from solvent extracted flakes and contains less than 1% oil.
""Natural or full-fat soy flour is made from unextracted, dehulled beans and contains about 18% to 20% oil."" Its high oil content requires the use of a specialized Alpine Fine Impact Mill to grind rather than the usual hammer mill. Full-fat soy flour has a lower protein concentration than defatted flour. Extruded full-fat soy flour, ground in an Alpine mill, can replace/extend eggs in baking and cooking. Full-fat soy flour is a component of Cornell bread.
Low-fat soy flour is made by adding some oil back into defatted soy flour. Fat levels range from 4.5% to 9%.
High-fat soy flour can also be produced by adding back soybean oil to defatted flour, usually at 15%.
Soy lecithin can be added (up to 15%) to soy flour to make lecithinated soy flour. It increases dispersibility and gives it emulsifying properties.
Soy flour has 50% protein and 5% fiber. It has higher levels of protein, thiamine, riboflavin, phosphorus, calcium, and iron than wheat flour. It does not contain gluten. As a result, yeast-raised breads made with soy flour are dense in texture. Among many uses, soy flour thickens sauces, prevents staling in baked food, and reduces oil absorption during frying. Baking food with soy flour gives it tenderness, moistness, a rich color, and a fine texture.
Soy grits are similar to soy flour, except the soybeans have been toasted and cracked into coarse pieces.
Kinako is a soy flour used in Japanese cuisine.
Section reference: Circle & Smith (1972, p. 442)


==== Soy-based infant formula ====
Soy-based infant formula (SBIF) is sometimes given to infants who are not being strictly breastfed; it can be useful for infants who are either allergic to pasteurized cow milk proteins or who are being fed a vegan diet. It is sold in powdered, ready-to-feed, and concentrated liquid forms.
Some reviews have expressed the opinion that more research is needed to determine what effect the phytoestrogens in soybeans may have on infants. Diverse studies have concluded there are no adverse effects in human growth, development, or reproduction as a result of the consumption of soy-based infant formula. One of these studies, published in the Journal of Nutrition, concludes that there are:

... no clinical concerns with respect to nutritional adequacy, sexual development, neurobehavioral development, immune development, or thyroid disease. SBIFs provide complete nutrition that adequately supports normal infant growth and development. FDA has accepted SBIFs as safe for use as the sole source of nutrition.


==== Meat and dairy alternatives and extenders ====

Soybeans can be processed to produce a texture and appearance similar to many other foods. For example, soybeans are the primary ingredient in many dairy product substitutes (e.g., soy milk, margarine, soy ice cream, soy yogurt, soy cheese, and soy cream cheese) and meat alternatives (e.g. veggie burgers). These substitutes are readily available in most supermarkets. Soy milk does not naturally contain significant amounts of digestible calcium. Many manufacturers of soy milk sell calcium-enriched products, as well.
Soy products also are used as a low-cost substitute for meat and poultry products. Food service, retail and institutional (primarily school lunch and correctional) facilities regularly use such ""extended"" products. The extension may result in diminished flavor, but fat and cholesterol are reduced. Vitamin and mineral fortification can be used to make soy products nutritionally equivalent to animal protein; the protein quality is already roughly equivalent. The soy-based meat substitute textured vegetable protein has been used for more than 50 years as a way of inexpensively extending ground beef without reducing its nutritional value.
In China and Taiwan, soy milk (known as doujiang) is a traditional breakfast staple consumed for centuries. It is often perceived as a healthier, more natural alternative to cow's milk, which is a more recent addition to the local diet. Fresh soy milk is commonly distinguished from processed, packaged versions (dounai).


==== Soy nut butter ====
The soybean is used to make a product called soy nut butter which is similar in texture to peanut butter.


==== Sweetened soybean ====
Sweet-boiled beans are popular in Japan and Korea, and the sweet-boiled soybeans are called ""Daizu no Nimame"" in Japan and Kongjorim (Korean: 콩조림) in Korea. Sweet-boiled beans are even used in sweetened buns, especially in Mame Pan.
The boiled and pasted edamame, called Zunda, is used as one of the Sweet bean pastes in Japanese confections.


==== Coffee substitute ====
Roasted and ground soybeans can be a caffeine-free substitute for coffee. After the soybeans are roasted and ground, they look similar to regular coffee beans or can be used as a powder similar to instant coffee, with the aroma and flavor of roasted soybeans.


=== Other products ===

Soybeans with black hulls are used in Chinese fermented black beans, douchi, not to be confused with black turtle beans.
Soybeans are also used in industrial products, including oils, soap, cosmetics, resins, plastics, inks, crayons, solvents, and clothing. Soybean oil is the primary source of biodiesel in the United States, accounting for 80% of domestic biodiesel production. Soybeans have also been used since 2001 as fermenting stock in the manufacture of a brand of vodka. In 1936, Ford Motor Company developed a method where soybeans and fibers were rolled together producing a soup which was then pressed into various parts for their cars, from the distributor cap to knobs on the dashboard. Ford also informed in public relation releases that in 1935 over five million acres (20,000 km2) was dedicated to growing soybeans in the United States.


=== Potential health benefits ===


=== Reducing risk of cancer ===
According to the American Cancer Society, ""There is growing evidence that eating traditional soy foods such as tofu may lower the risk of cancers of the breast, prostate, or endometrium (lining of the uterus), and there is some evidence it may lower the risk of certain other cancers."" There is insufficient research to indicate whether taking soy dietary supplements (e.g., as a pill or capsule) has any effect on health or cancer risk.
As of 2018, rigorous dietary clinical research in people with cancer has proved inconclusive.


==== Breast cancer ====
Although considerable research has examined the potential for soy consumption to lower the risk of breast cancer in women, as of 2016 there is insufficient evidence to reach a conclusion about a relationship between soy consumption and any effects on breast cancer. A 2011 meta-analysis stated: ""Our study suggests soy isoflavones intake is associated with a significant reduced risk of breast cancer incidence in Asian populations, but not in Western populations.""


==== Gastrointestinal and colorectal cancer ====
Reviews of preliminary clinical trials on people with colorectal or gastrointestinal cancer suggest that soy isoflavones may have a slight protective effect against such cancers.


==== Prostate cancer ====
A 2016 review concluded that ""current evidence from observational studies and small clinical trials is not robust enough to understand whether soy protein or isoflavone supplements may help prevent or inhibit the progression of prostate cancer."" A 2010 review showed that neither soy foods nor isoflavone supplements alter measures of bioavailable testosterone or estrogen concentrations in men. Soy consumption has been shown to have no effect on the levels and quality of sperm. Meta-analyses on the association between soy consumption and prostate cancer risk in men concluded that dietary soy may lower the risk of prostate cancer.


=== Cardiovascular health ===
The Food and Drug Administration (FDA) granted the following health claim for soy: ""25 grams of soy protein a day, as part of a diet low in saturated fat and cholesterol, may reduce the risk of heart disease."" One serving of 1 cup (~240 mL) of soy milk, for instance, contains 6 or 7 grams of soy protein.
An American Heart Association (AHA) review of a decade long study of soy protein benefits did not recommend isoflavone supplementation. The review panel also found that soy isoflavones have not been shown to reduce post-menopausal ""hot flashes"" and the efficacy and safety of isoflavones to help prevent cancers of the breast, uterus or prostate is in question. AHA concluded that ""many soy products should be beneficial to cardiovascular and overall health because of their high content of polyunsaturated fats, fiber, vitamins, and minerals and low content of saturated fat"". Other studies found that soy protein consumption could lower the concentration of low-density lipoproteins (LDL) transporting fats in the extracellular water to cells.


=== Research by constituent ===


==== Lignans ====
Plant lignans are associated with high fiber foods such as cereal brans and beans are the principal precursor to mammalian lignans which have an ability to bind to human estrogen sites. Soybeans are a significant source of mammalian lignan precursor secoisolariciresinol containing 13–273 μg/100 g dry weight.


==== Phytochemicals ====

Soybeans and processed soy foods are among the richest foods in total phytoestrogens (wet basis per 100 g), which are present primarily in the form of the isoflavones, daidzein and genistein. Because most naturally occurring phytoestrogens act as selective estrogen receptor modulators, or SERMs, which do not necessarily act as direct agonists of estrogen receptors, normal consumption of foods that contain these phytoestrogens should not provide sufficient amounts to elicit a physiological response in humans. The major product of daidzein microbial metabolism is equol. Only 33% of Western Europeans have a microbiome that produces equol, compared to 50–55% of Asians.
Soy isoflavones—polyphenolic compounds that are also produced by other legumes like peanuts and chickpeas—are under preliminary research. As of 2016, no cause-and-effect relationship has been shown in clinical research to indicate that soy isoflavones lower the risk of cardiovascular diseases.


==== Phytic acid ====
Soybeans contain phytic acid, which may act as a chelating agent and inhibit mineral absorption, especially for diets already low in minerals.


== In culture ==
Although observations of soy consumption inducing gynecomastia on men are not conclusive, a pejorative term, ""soy boy"", has emerged to describe perceived emasculated young men with feminine traits.


== See also ==


== Further reading ==
da Silva, Claiton Marcio; de Majo, Claudio, eds. The Age of the Soybean: An Environmental History of Soy during the Great Acceleration (White Horse Press, 2022) online review


== References ==


=== Works cited ===
Lim TK (2012). ""Glycine max"". Edible Medicinal and Non-Medicinal Plants. Dordrecht, NL: Springer. pp. 634–714. doi:10.1007/978-94-007-1764-0_79. ISBN 978-94-007-1763-3.","Soy is made from the soybean, which is the seed of the Glycine max plant.","The soybean (US) or soya bean (UK) (Glycine max) is a species of legume native to East Asia, widely grown for its edible bean which has numerous uses.",1,0,supported,0.545647057522,-0.07132524258300903,-1.4978300942431897,21,,0.997045636177063,-0.311480529835,-0.604793524354,0.0,1,0.419586941797,1.0,1.0,0.0,0.0,0.9541015625,0.0102996826171875,0.0357666015625,-1.6375689424377895,0.16279612848545305,0.022222222222222223,0.3108108108108108,0.5,keep
Q2525_1195,wikiqa,What was the Song Ocean Ave written about?,"""Ocean Avenue"" is a song written and recorded by American rock band Yellowcard for their fourth studio album of the same name. It was released as the second single from Ocean Avenue on December 15, 2003, through Capitol Records. ""Ocean Avenue"" shares writing credits between the band's singer Ryan Key, guitarist Ben Harper, bassist Pete Mosely, drummer Longineu W. Parsons III, and violinist Sean Mackin. It was written about the band's teenage years along the Atlantic Coast. Neal Avron, a veteran punk rock producer, engineered and produced the tune.
Yellowcard began in Florida and moved to California at the onset of the 2000s, signing to Capitol in 2002. ""Ocean Avenue"" was one of many songs the band wrote for their major-label debut, but primary lyricist Key had difficulty completing its chorus. It was nearly left off the album until Key wrote the song's anthemic refrain. While the song's subject matter appears to be romantic in nature, the song takes root in the band's longing for home: for the group, ""Ocean Avenue"" represented a farewell to the sunsets and youthful days in Florida, where they lived, rehearsed, and grew up near the beach.
""Ocean Avenue"" received heavy radio airplay and is the band's biggest hit, peaking within the top 40 of the Billboard Hot 100. It received praise from music critics, many of whom have called it a classic of the coalescing pop-punk and emo genres. Its music video, directed by Marc Webb and which starred Key in a sci-fi/time travel concept, won the MTV2 Award at the 2004 MTV Video Music Awards. It was certified double platinum by the Recording Industry Association of America (RIAA).


== Background ==

Yellowcard emerged in the early aughts out of Florida's punk rock scene. In 1999, the band moved to California to further their music career, but returned back home. The band added vocalist and guitarist Ryan Key as their primary lyricist, and moved back west, in the L.A. suburb Thousand Oaks, in 2001. The group performed several showcases for Capitol Records before the label signed them in 2002. The band rented a cabin near Lake Arrowhead in the autumn of that year to write and develop new material, and they began pre-production with producer Neal Avron soon afterward at his Swing House space. Capitol booked the band five weeks at Hollywood's famed Sunset Sound studio between February and March 2003 to record the album—but ""Ocean Avenue"", the namesake of the album Ocean Avenue, was not yet finished.
The song is based around three chords, building towards a big, catchy refrain; this was a conscious choice, to challenge the band with making each section interesting independent of its limited structure. The issue was that the group had yet to develop a completed chorus melody by the time they arrived at Sunset. Key initially had an idea for a chorus that other members of the band felt was too similar to pop star Cyndi Lauper, and he kept writing and re-writing attempting to find a salvageable idea. At the studio, Key occupied its vocal room to further work on the chorus, emerging every so often to the control room to present to Avron. It got to a point where the band were convinced the song would not make the album. He eventually came up with the words ""Find-ing out / things would get better,"" to which Avron responded immediately. ""Ocean Avenue"" was one of the last songs to come together during the recording process for the band. Upon the tune's completion, the band recognized its potential: ""we had a sense that it was a special song, one of the most accessible, massive-sounding pop songs that we'd ever written"", Key said. He deemed it the group's most important moment in their career.


== Composition ==

""Ocean Avenue"" on the surface appears to be the story of a relationship falling apart, but it attempts to channel a more conceptual feeling. Its lyrics were penned by Key, whose songwriting focus at the time was ""translating bigger moments and scenes into songs that sounded more specific."" Its opening lyrics date to a journal of Key's, who wrote the song primarily about growing up and leaving his hometown of Jacksonville, Florida. For the band, ""Ocean Avenue"" represented ""saying goodbye to a specific moment in time,"" those simpler times living on the coast. Harper concurred, noting the song's longing is more geographical than personal: ""Instead of talking about a girl, it’s talking about a scene and a feeling that we want to get back to: hanging out and writing, before we moved back to California.""
The song opens with the narrator setting the scene: a place off the titular street, ""we were both 16 and it felt so right / sleeping all day staying up all night."" The lyrics specifically refer to Key's memories of being in high school and meeting friends who lived closer to the beach, where they would be rambunctious late into the evening. The song was not inspired by Florida State Road A1A, sometimes referred to as Ocean Avenue, but rather Ocean Boulevard further south in Atlantic Beach. Key used ""avenue"" due to the word's rhythm, which he found more aesthetically pleasing than ""boulevard"". There are many Ocean Avenues dotted from coast to coast of the U.S., in places like California or New Jersey, and Key observed this universal quality aided in the song's broad appeal.
The song transitions to a second verse: ""There's a place on the corner of Cherry Street [...] we were both 18 and it felt so right."" Key, then 19 in actuality, had briefly moved to California but returned home. He lived in a guest apartment behind a home his parents rented off of Cherry Street in Neptune Beach. Harper, the band's lead guitarist, was living in a home on Ocean Boulevard, where the band would rehearse and party. The song then bursts into a passionate, anthemic chorus: ""If I could find you now / things would get better / We could leave this town and run forever."" The concept of leaving your hometown is a familiar, ""romantic"" one across pop music—artists from Katy Perry to Bruce Springsteen have tackled the trope—and especially in pop punk. The song's chorus and bridge were based on a memory of the night Key's family and friends gathered around and said goodbye before the group boarded their van for California for the last time. The song's bridge begins with the central riff repeated, before transitioning to an arpeggiated clean guitar picking pattern over the central three chords. Avron had a hand in developing the bridge, as did the rest of the band, particularly bassist Peter Mosely and violinist Sean Mackin. In the bridge, Key sings ""We're looking up at the same night sky / We're both pretending the sun will not rise,"" over backing vocalizations.


== Music video ==
The song's music video was directed by Marc Webb and was inspired by the 1998 film Run Lola Run. In the high-concept clip, frontman Ryan Key faces his fate in different ways before starting over again using a time loop device, each scenario beginning with Key waking face down on the sidewalk surrounded by broken glass, and ending with his fateful encounter with a 1969 Ford Mustang Mach 1. He skirts through passes and alleyways in Los Angeles, trailed by villains attempting to retrieve a suitcase. Violinist Sean Mackin and drummer Longineu Parsons portray the villains. The video was filmed in Hollywood at the Sixth Street Bridge, a popular filming location for many music videos in the 2000s. The video reached number three on MTV's Total Request Live and received the MTV2 Award at the 2004 MTV Video Music Awards. It also garnered nominations for Best New Artist in a Video and Viewer's Choice.
The briefcase featured in the video is adorned with a lamb symbol, the same symbol featured in the video for Brand New's ""Sic Transit Gloria... Glory Fades"". Both videos were directed by Webb, who used the lamb as his trademark. The briefcase appeared again in video for Yellowcard's ""Rough Landing, Holly"", also directed by Webb. The lamb insignia later appeared in the music video for the band's 2023 single ""Childhood Eyes"". This was the last music video to feature Alex Lewis as the band's bassist.


== Reception ==
""Ocean Avenue"" was the band's biggest radio hit. It was first serviced to radio stations in January 2004, but its biggest success came mid-year at the onset of summer in the U.S.. The song has been certified double platinum. ""Ocean Avenue"" was well-received critically upon its 2004 release. Kelefa Sanneh of The New York Times observed that the tune ""follows a simple but appealing formula,"" while Rashod Ollison at the Baltimore Sun criticized its ""Disney-friendly teen angst and derivative punk riffs.""
The song has been widely acclaimed as a classic of the early-aughts wave of pop-punk and emo music. Brittany Spanos at Rolling Stone deemed it a ""treasured classic [...] a nostalgic, arena-worthy single."" Deepa Lakshmin at MTV called it among the best of ""2004's crop of radio-friendly, pop-punk gems."" Jeremy Gordon at Spin dubbed it the band's greatest moment, and an ""eternal"" song, while Danielle Chelosky from the same magazine called it ""an instant classic [...] an anthem of youth, recklessness and pop-punk."" Sam Law from Kerrang! called it one of pop-punk's ""most memorable compositions,"" while Andrew Unterberger at Billboard wrote: ""If you were a pop-punk fan in the mid-’00s, you can still recite all eight measures like they were the Pledge of Allegiance."" The song's ubiquity, coupled with the band's brief moment in the spotlight, have made some equate the group to a one-hit wonder: ""To a lot of people, Yellowcard are 'Ocean Avenue',"" Entertainment Weekly reviewer Ariana Bacle wrote in 2016. Variety ranked it as one of the best emo songs of all time in 2022.


=== Accolades ===


== Track listings ==
European and Australian CD single

""Ocean Avenue"" – 3:18
""Way Away"" (acoustic version) – 3:52
""Firewater"" – 3:20
UK 7-inch single

A. ""Ocean Avenue"" – 3:18
B. ""Firewater"" – 3:20


== Charts ==


== Certifications ==


== Release history ==


== References ==","The song ""Ocean Avenue"" was written about the band's teenage years along the Atlantic Coast and their longing for home, specifically representing a farewell to their simpler times living on the coast in Florida.","""Ocean Avenue"" is a song recorded by American pop punk group Yellowcard .",0,0,supported,0.168520748225,-0.05190658298184797,-2.024356736292071,39,,0.9835132360458374,-0.182147782833,2.98528226417,0.9352135022914067,4,0.413781519264,1.0,1.0,0.0,0.0,0.9462890625,0.004116058349609375,0.049468994140625,-1.6885679450287272,0.15596426213318973,0.022222222222222223,0.3108108108108108,0.5,keep
Q2364_1103,wikiqa,What was berlin blockade problem,"The Berlin Blockade (24 June 1948 – 12 May 1949) was one of the first major international crises of the Cold War. During the multinational occupation of post–World War II Germany, the Soviet Union blocked the Western Allies' railway, road, and canal access to the sectors of Berlin under Western control. The Soviets offered to drop the blockade if the Western Allies withdrew the newly introduced Deutsche Mark from West Berlin.
The Western Allies organised the Berlin Airlift (German: Berliner Luftbrücke, lit. ""Berlin Air Bridge"") from 26 June 1948 to 30 September 1949 to carry supplies to the people of West Berlin, a difficult feat given the size of the city and the population. American and British air forces landed in Berlin more than 250,000 times, carrying necessities such as fuel and food. The original plan was to lift 3,475 tons of supplies daily, however by the spring of 1949, that number was regularly met twofold, with the peak daily delivery totalling 12,941 tons. Among these was the work of the later concurrent Operation Little Vittles in which candy-dropping aircraft dubbed ""raisin bombers"" generated much goodwill among German children.
Having initially concluded there was no way the airlift could work, the Soviets found its continued success an increasing embarrassment. On 12 May 1949, the USSR lifted the blockade of West Berlin, due to economic issues in East Berlin, although for a time the Americans and British continued to supply the city by air as they were worried that the Soviets would resume the blockade and were only trying to disrupt Western supply lines. The Berlin Airlift officially ended on 30 September 1949 after fifteen months. The US Air Force had delivered 1,783,573 tons (76.4% of total) and the RAF 541,937 tons (23.3% of total), totalling 2,334,374 tons, nearly two-thirds of which was coal, on 278,228 flights to Berlin. In addition Canadian, Australian, New Zealand and South African air crews assisted the RAF during the blockade. The French air force also conducted flights, but only to supply their own military garrison.
American C-47 and C-54 transport airplanes, together, flew over 92,000,000 miles (148,000,000 km) in the process, almost the distance from Earth to the Sun. British transports, including Handley Page Haltons and Short Sunderlands, flew as well. At the height of the airlift, one plane reached West Berlin every thirty seconds.
Seventeen American and eight British aircraft crashed during the operation. A total of 101 fatalities were recorded as a result of the operation, including 40 Britons and 31 Americans, mostly due to non-flying accidents.
The Berlin Blockade served to highlight the competing ideological and economic visions for postwar Europe. It played a major role in aligning West Berlin with the United States and Britain as the major protecting powers, and in drawing West Germany into the NATO orbit several years later in 1955.


== Background (1945 – mid-1948) ==


=== Potsdam Agreement and division of Berlin ===
From 17 July to 2 August 1945, the victorious Allies signed the Potsdam Agreement on the fate of postwar Europe, calling for the division of defeated Germany, west of the Oder-Neisse line, into four temporary occupation zones, each controlled by one of the four occupying Allied powers: the United States, the United Kingdom, France and the Soviet Union (thus re-affirming principles already given by the Yalta Conference). These zones were roughly aligned with the locations of the allied armies. All four zones would be treated as a single economic unit through the Allied Control Council (consisting of the military governors of each zone) located in Berlin. Berlin was also divided into four occupation zones, despite the city's location, 100 miles (160 km) inside Soviet-controlled eastern Germany. The United States, United Kingdom, and France controlled western portions of the city, while Soviet troops controlled the eastern sector.
Each military governor had ultimate authority in his zone which meant the Allied Control Council required unanimous agreement. The Allied Western powers never explicitly agreed with the Soviet Union that they had right of access to Berlin. There was only a verbal agreement between Marshal Georgi K. Zhukov, the Soviet commander in Germany, General Lucius D. Clay, Commander in Chief, United States Forces in Europe, and Sir Robert Weeks, representative of the British government. On 30 November 1945, the Allied Control Council in Berlin approved the only written agreement regarding transportation to Berlin from the West. This allowed three 20-mile-wide air corridors between the city and West Germany for French, British and American planes. Also stipulated in the agreement was for Berlin airspace to be controlled by a four-power Air Safety Centre.
In the eastern zone, the Soviet authorities forcibly unified the Communist Party of Germany and Social Democratic Party (SPD) in the Socialist Unity Party (""SED""), claiming that it would not have a Marxist–Leninist or Soviet orientation. The SED leaders then called for the ""establishment of an anti-fascist, democratic regime, a parliamentary democratic republic"" while the Soviet Military Administration suppressed all other political activities. Factories, equipment, technicians, managers and skilled personnel were removed to the Soviet Union.


==== Growing Tensions (1945–1947) ====

In a June 1945 meeting, Stalin informed German communist leaders that he expected to slowly undermine the British position within their occupation zone, that the United States would withdraw within a year or two and that nothing would then stand in the way of a united Germany under communist control within the Soviet orbit. Stalin and other leaders told visiting Bulgarian and Yugoslavian delegations in early 1946 that Germany must be both Soviet and communist.
Berlin quickly became the focal point of both US and Soviet efforts to re-align Europe to their respective visions. As Soviet Foreign Minister Vyacheslav Molotov said, ""What happens to Berlin, happens to Germany; what happens to Germany, happens to Europe."" Berlin had suffered enormous damage; its prewar population of 4.3 million people was reduced to 2.8 million.
After harsh treatment, forced emigration, political repression and the particularly harsh winter of 1945–1946, Germans in the Soviet-controlled zone were hostile to Soviet endeavours. Local elections in 1946 resulted in a massive anti-communist protest vote, especially in the Soviet sector of Berlin. Berlin's citizens overwhelmingly elected non-Communist members to its city government.
The Soviets also granted only three air corridors for access to Berlin from Hamburg, Bückeburg, and Frankfurt. In 1946 the Soviets stopped delivering agricultural goods from their zone in eastern Germany, and the American commander, Lucius D. Clay, responded by stopping shipments of dismantled industries from western Germany to the Soviet Union. In response, the Soviets started a public relations campaign against American policy and began to obstruct the administrative work of all four zones of occupation.


==== Marshall Plan and Soviet reaction ====

American planners had privately decided during the war that it would need a strong, allied Germany to assist in the rebuilding of the West European economy. In January 1947, James F. Byrnes resigned as Secretary of State and was succeeded by George C. Marshall who was tasked with consolidating power in Western Germany. President Truman was concerned about the influence of Stalin in spreading communism to other European countries. Truman adopted a policy of containment and part of this plan involved giving significant amounts of money to capitalist Western European countries.  The delivery of aid was called the European Recovery Program, also known as the Marshall Plan, after General C. Marshall, and was introduced in June 1947.
To coordinate the economies of the British and United States occupation zones, these were combined on 1 January 1947 into what was referred to as the Bizone. At a meeting of the Council of Foreign Ministers, in November–December 1947, in London, the Allies could not agree among themselves to reunite Germany. Britain and America discussed how to move forward, and Bevin and Marshall had their Military Governors in Germany to coordinate a political structure in Bizonia. (In July 1949, the French zone is merged into the Bizone, thus forming the Trizone)
Soviet propaganda warned against America; for example, a poster from 1947 shows a Soviet soldier holding a history of the Great Patriot War book, warning Uncle Sam to ""stop messing around"". An article by Yuliana Semyonova in Pravda on 12 June 1947 said that America's geopolitical strategy was fascist.  The Soviet Writers Union held a meeting that June and condemned writers who ""kowtowed to the West"". On July 31, 1947, the Central Committee directs the newspaper Literaturnaya Gazeta to criticise and target American way of life. 


== Immediate causes (early 1948) ==


=== London Six-Power Conference (1948) ===
Trilateral talks were held in London, between the UK, US, France and the Benelux nations, met twice in London (London 6-Power Conference) in the first half of 1948 to discuss the future of Germany, going ahead despite Soviet threats to ignore any resulting decisions. This resulted in the London Programme, aimed at creating economic revival and political re-structuring of the Western German zones. In response to the announcement of the first of these meetings, in late January 1948, the Soviets began stopping British and American trains to Berlin to check passenger identities. As outlined in an announcement on 7 March 1948, all of the governments present approved the extension of the Marshall Plan to Germany, finalised the economic merger of the western occupation zones in Germany and agreed upon the establishment of a federal system of government for them.
After a 9 March meeting between Stalin and his military advisers, a secret memorandum was sent to Molotov on 12 March 1948, outlining a plan to force the policy of the Western Allies into line with the wishes of the Soviet government by ""regulating"" access to Berlin. The Allied Control Council (ACC) met for the last time on 20 March 1948, when Vasily Sokolovsky demanded to know the outcome of the London Conference and, on being told by negotiators that they had not yet heard the final results from their governments, he said, ""I see no sense in continuing this meeting, and I declare it adjourned.""
The entire Soviet delegation rose and walked out. Truman later noted,

for most of Germany, this act merely formalised what had been an obvious fact for some time, namely, that the four-power control machinery had become unworkable. For the city of Berlin, however, this was an indication for a major crisis.
On 25 March 1948, the Soviets issued orders restricting Western military and passenger traffic between the American, British and French occupation zones and Berlin. These new measures began on 1 April along with an announcement that no cargo could leave Berlin by rail without the permission of the Soviet commander. Each train and truck was to be searched by the Soviet authorities. On 2 April, General Clay ordered a halt to all military trains and required that supplies to the military garrison be transported by air, in what was dubbed the ""Little Lift.""
The Soviets eased their restrictions on Allied military trains on 10 April 1948, but continued periodically to interrupt rail and road traffic during the next 75 days, while the United States continued supplying its military forces by using cargo aircraft. Some 20 flights a day continued through June, building up stocks of food against future Soviet actions, so that by the time the blockade began at the end of June, at least 18 days' supply per major food type, and in some types, much more, had been stockpiled that provided time to build up the ensuing airlift.
At the same time, Soviet military aircraft began to violate West Berlin airspace and would harass, or what the military called ""buzz"", flights in and out of West Berlin. On 5 April, a Soviet Air Force Yakovlev Yak-3 fighter collided with a British European Airways Vickers Viking 1B airliner near RAF Gatow airfield, killing all aboard both aircraft. Later dubbed the Gatow air disaster, this event exacerbated tensions between the Soviets and the other allied powers.
Internal Soviet reports in April stated that ""Our control and restrictive measures have dealt a strong blow to the prestige of the Americans and British in Germany"" and that the Americans have ""admitted"" that the idea of an airlift would be too expensive.
On 9 April, Soviet officials demanded that American military personnel maintaining communication equipment in the Eastern zone must withdraw, thus preventing the use of navigation beacons to mark air routes. On 20 April, the Soviets demanded that all barges obtain clearance before entering the Soviet zone.


=== Deutsche Mark ===

The Deutsche Mark is introduced in the Western zones, and the USSR bans its use in the Eastern zone. On 22 June 1948, the Ostmark is introduced as currency in the Eastern zone. Creation of an economically stable western Germany required reform of the unstable Reichsmark German currency introduced after the 1920s German inflation. The Soviets continued the debasing of the Reichsmark, which had undergone severe inflation during the war, by excessive printing, resulting in many Germans using cigarettes as a de facto currency or for bartering. The Soviets opposed western plans for a reform. They interpreted the new currency as an unjustified, unilateral decision, and responded by cutting all land links between West Berlin and West Germany. The Soviets believed that the only currency that should be allowed to circulate was the currency that they issued themselves.
Anticipating the introduction of a new currency by the other countries in the non-Soviet zones, the Soviet Union in May 1948 directed its military to introduce its own new currency and to permit only the Soviet currency to be used in their sector of Berlin if the other countries brought in a different currency there. On 18 June the United States, Britain and France announced that on 21 June the Deutsche Mark would be introduced, but the Soviets refused to permit its use as legal tender in Berlin. The Allies had already transported 250,000,000 Deutsche marks into the city and it quickly became the standard currency in all four sectors.
The day after the 18 June 1948 announcement of the new Deutsche Mark, Soviet guards halted all passenger trains and traffic on the autobahn to Berlin, delayed Western and German freight shipments and required that all water transport secure special Soviet permission. On 21 June, the day the Deutsche Mark was introduced, the Soviet military halted a United States military supply train to Berlin and sent it back to western Germany. On 22 June, the Soviets announced that they would introduce the East German mark in their zone.


== The Berlin Blockade (June 1948 – May 1949) ==


=== Beginning of the blockade ===
Stalin wanted to stop Western currency getting into Berlin and some have argued that Stalin used the Berlin Blockade to prevent the creation of a Western German government.
On 24 June 1948, Joseph Stalin ordered Soviet troops to block all rail and barge traffic in and out of Berlin. The Soviets stated that the reason for withdrawing the West's access to Berlin was ""technical difficulties"" on the railways and roads. Electricity was restricted to only 2 hours a day in the western areas of Berlin, something the Soviets explained as being the result of ""severe shortages of electric current"". As there were only agreements for air corridors, those remained open. However, foot traffic between zones, including public transportation by U-Bahn and S-Bahn continued, meaning that movement between East and West continued throughout the Airlift operation, especially to obtain food in the Eastern Zone.  Believing that Britain, France, and the United States had little option other than to acquiesce, the Soviet Military Administration in Germany celebrated the beginning of the blockade. General Clay felt that the Soviets were bluffing about Berlin since they would not want to be viewed as starting a Third World War. He believed that Stalin did not want a war and that Soviet actions were aimed at exerting military and political pressure on the West to obtain concessions, relying on the West's prudence and unwillingness to provoke a war. General Curtis LeMay, commander of United States Air Forces in Europe (USAFE), reportedly favored an aggressive response to the blockade, in which his B-29s with fighter escort would approach Soviet air bases while ground troops attempted to reach Berlin; Washington vetoed the plan. However, the West answered by introducing a counter-blockade. Over the following months, this counter-blockade would have a damaging impact on East Germany, as the drying up of coal and steel shipments seriously hindered industrial development in the Soviet zone.


== Western response: The Berlin Airlift ==
Early on in the blockade, General Clay and other strategists including British Prime Minister Clement Attlee, were aware that a larger airlift may be required to support supplies to Berlin.


=== Phase 1 (26 June – September 1948) ===

On 25 June 1948, Clay gave the order to launch Operation Vittles. The next day, 32 C-47s lifted off for Berlin hauling 80 tons of cargo, including milk, flour and medicine. On 28 June 1948 LeMay appointed Brigadier General Joseph Smith, commander of the installation at Wiesbaden, as the Berlin Airlift Task Force Commander. The airlift was named Operation Vittles by the Americans but, the British named it Operation Plane Fare. The first British aircraft flew on 28 June. At that time, the airlift was expected to last three weeks. 
On 27 June, Clay cabled William Draper with an estimate of the current situation:

I have already arranged for our maximum airlift to start on Monday [June 28]. For a sustained effort, we can use seventy Dakotas [C-47s]. The number which the British can make available is not yet known, although General Robertson is somewhat doubtful of their ability to make this number available. Our two Berlin airports can handle in the neighborhood of fifty additional airplanes per day. These would have to be C-47s, C-54s or planes with similar landing characteristics, as our airports cannot take larger planes. LeMay is urging two C-54 groups. With this airlift, we should be able to bring in 600 or 700 tons a day. While 2,000 tons a day is required in normal foods, 600 tons a day (using dried foods to the maximum extent) will substantially increase the morale of the German people and will unquestionably seriously disturb the Soviet blockade. To accomplish this, it is urgent that we be given approximately 50 additional transport planes to arrive in Germany at the earliest practicable date, and each day's delay will of course decrease our ability to sustain our position in Berlin. Crews would be needed to permit maximum operation of these planes.
By early July it was clear that the airlift would need to last longer than originally predicted, but a long-term airlift of this scale had never been attempted before. In Washington, there was concern over the strategy and Assistant Secretary of the Air Force Cornelius V. Whitney told the National Security Council on 17 July 1948 that ""the Air Staff was firmly convinced the air operation is doomed to failure.""


==== Military Air Transport Service (MATS) ====

MATS was established weeks prior to Operation Vittles, and they became involved on 30 June 1948. 35 MATS C-54's with crews arrived at Wiesbaden to aid the operation. On 23 July 1948, MATS deputy commander Major General William H. Tunner was made commander by Headquarters USAF to oversee the provisional Airlift Task Force Headquarters at Wiesbaden, including maintenance of facilities, air traffic control equipment and supporting personnel. Tunner was focused on getting the most tonnage to Berlin a single day as safely and efficiently as possible. He envisioned operations at 3-minute intervals daily, and his precise approach earned him the nickname ""Willie the Whip"".

The British ran a similar system, flying southeast from several airports in the Hamburg area through their second corridor into RAF Gatow in the British Sector, and then also returning out on the centre corridor, turning for home or landing at Hanover. However, unlike the Americans, the British also ran some round-trips, using their southeast corridor. To save time, many flights did not land in Berlin, instead air dropping material, such as coal, into the airfields. On 6 July the Yorks and Dakotas were joined by Short Sunderland flying boats. Flying from Finkenwerder on the Elbe near Hamburg to the Havel river next to Gatow, their corrosion-resistant hulls suited them to the particular task of delivering baking powder and other salt into the city. The Royal Australian Air Force also contributed to the British effort.
Accommodating the large number of flights to Berlin of dissimilar aircraft with widely varying flight characteristics required close co-ordination. Smith and his staff developed a complex timetable for flights called the ""block system"": three eight-hour shifts of a C-54 section to Berlin followed by a C-47 section. Aircraft were scheduled to take off every four minutes, flying 1,000 feet (300 m) higher than the flight in front. This pattern began at 5,000 feet (1,500 m) and was repeated five times. This system of stacked inbound serials was later dubbed ""the ladder"".
During the first week, the airlift averaged only ninety tons a day, but by the second week it reached 1,000 tons. This likely would have sufficed had the effort lasted only a few weeks, as originally believed. The Communist press in East Berlin ridiculed the project. It derisively referred to ""the futile attempts of the Americans to save face and to maintain their untenable position in Berlin.""
Despite the excitement engendered by glamorous publicity extolling the work (and over-work) of the crews and the daily increase of tonnage levels, the airlift was not close to being operated to its capability because USAFE was a tactical organisation without any airlift expertise. Maintenance was barely adequate, crews were not being efficiently used, transports stood idle and disused, necessary record-keeping was scant, and ad hoc flight crews of publicity-seeking desk personnel were disrupting a business-like atmosphere. This was recognised by the United States National Security Council at a meeting with Clay on 22 July 1948, when it became clear that a long-term airlift was necessary. Wedemeyer immediately recommended that the deputy commander for operations of the Military Air Transport Service (MATS), Maj. Gen. William H. Tunner, command the operation. When Wedemeyer had been the commander of US forces in China during World War II, Tunner, as commander of the India-China Division of the Air Transport Command, had reorganised the Hump airlift between India and China, doubling the tonnage and hours flown. USAF Chief of Staff Hoyt S. Vandenberg endorsed the recommendation.


==== Black Friday ====
On 28 July 1948, Tunner arrived in Wiesbaden to take over the operation. He reached an agreement with LeMay to form the Combined Airlift Task Force (CALTF), overseen by the United States Air Forces Europe (USAFE), which had responsibility over the coalition effort to support supplies to Berlin. On 30 July 1948, the Airlift Task Force (Provisional) was formed, however, there was coordination issues between the British and American operations due to increasing air traffic. Following discussions, the CALTF was officially established on 15 October 1948 and controlled both the USAFE and RAF lift operations from a central location. General Clay directed the Army to be in charge of transporting supplies to the airfields, whereas the commander of the Airlift Task Force had operational control over air communications service.
On 2 July 1948, approximately 100 C-47s from the European Air Transport Service were delivering supplies to Berlin, and by 20 July the USAF had increased its contribution to 105 C-47s and 54 C-54s. The British added to this with 40 Yorks and 50 C-47s, making the total daily effort 2,250 tons.

MATS deployed eight squadrons of C-54s—72 aircraft—to Wiesbaden and Rhein-Main Air Base to reinforce the 54 already in operation, the first by 30 July and the remainder by mid-August, and two-thirds of all C-54 aircrew worldwide began transferring to Germany to allot three crews per aircraft.
Two weeks after his arrival, on 13 August, Tunner decided to fly to Berlin to grant an award to Lt. Paul O. Lykins, an airlift pilot who had made the most flights into Berlin up to that time, a symbol of the entire effort to date. Cloud cover over Berlin dropped to the height of the buildings, and heavy rain showers made radar visibility poor. A C-54 crashed and burned at the end of the runway, and a second one landing behind it burst its tires while trying to avoid it. A third transport ground looped after mistakenly landing on a runway under construction. In accordance with the standard procedures then in effect, all incoming transports including Tunner's, arriving every three minutes, were stacked above Berlin by air traffic control from 3,000 to 12,000 feet (910 to 3,660 m) in bad weather, creating an extreme risk of mid-air collision. Newly unloaded planes were denied permission to take off to avoid that possibility and created a backup on the ground. While no one was killed, Tunner was embarrassed that the control tower at Tempelhof had lost control of the situation while the commander of the airlift was circling overhead. Tunner radioed for all stacked aircraft except his to be sent home immediately. This became known as ""Black Friday"", and Tunner personally noted it was from that date onward that the success of the airlift stemmed.
As a result of Black Friday, Tunner instituted a number of new rules; instrument flight rules (IFR) would be in effect at all times, regardless of actual visibility, and each sortie would have only one chance to land in Berlin, returning to its air base if it missed its approach, where it was slotted back into the flow. Stacking was eliminated. With straight-in approaches, the planners found that in the time it had taken to unstack and land nine aircraft, 30 aircraft could be landed, bringing in 300 tons. Accident rates and delays dropped immediately. Tunner decided, as he had done during the Hump operation, to replace the C-47s in the airlift with C-54s or larger aircraft when it was realised that it took just as long to unload a 3.5-ton C-47 as a 10-ton C-54. One of the reasons for this was the sloping cargo floor of the ""taildragger"" C-47s, which made truck loading difficult. The tricycle geared C-54's cargo deck was level, so that a truck could back up to it and offload cargo quickly. The change went into full effect after 28 September 1948.
Having noticed on his first inspection trip to Berlin on 31 July that there were long delays as the flight crews returned to their aircraft after getting refreshments from the terminal, Tunner banned aircrew from leaving their aircraft for any reason while in Berlin. Instead, he equipped jeeps as mobile snack bars, handing out refreshments to the crews at their aircraft while it was being unloaded. Airlift pilot Gail Halvorsen later noted, ""he put some beautiful German Fräuleins in that snack bar. They knew we couldn't date them, we had no time. So they were very friendly."" Operations officers handed pilots their clearance slips and other information while they ate. With unloading beginning as soon as engines were shut down on the ramp, turnaround before takeoff back to Rhein-Main or Wiesbaden was reduced to thirty minutes.

To maximise the use of a limited number of aircraft, Tunner altered the ""ladder"" to three minutes and 500 feet (150 m) of separation, stacked from 4,000 to 6,000 feet (1,200 to 1,800 m). Maintenance, particularly adherence to 25-hour, 200-hour, and 1,000-hour inspections, became the highest priority and further maximised use. Tunner also shortened block times to six hours to squeeze in another shift, making 1,440 (the number of minutes in a day) landings in Berlin a daily goal. His purpose, illustrating his basic philosophy of the airlift business, was to create a ""conveyor belt"" approach to scheduling that could be sped up or slowed down as situations might dictate. The most effective measure taken by Tunner, and the most initially resisted until it demonstrated its efficiency, was creation of a single control point in the CALTF for controlling all air movements into Berlin, rather than each air force doing its own.
The Berliners themselves solved the problem of the lack of manpower. Crews unloading and making airfield repairs at the Berlin airports were made up almost entirely of local civilians, who were given additional rations in return. As the crews increased in experience, the times for unloading continued to fall, with a record set for the unloading of an entire 10-ton shipment of coal from a C-54 in ten minutes, later beaten when a twelve-man crew unloaded the same quantity in five minutes and 45 seconds.
By August 1948, Rhein-Main and Wiesbaden were the two German airfields facilitating American flights to Berlin. Tunner wanted to expand American operation bases to be closer to Berlin, and on 4 August 1948 preliminary plans were put in place for expansion to RAF Fassberg, in the British sector. Tunner's airlift also began to expand operations within Berlin, and on 20 August active flights into Gatow began, in addition to the existing use of Tempelhof.
By the end of August 1948, after two months, the airlift was succeeding; daily operations flew more than 1,500 flights a day and delivered more than 4,500 tons of cargo, enough to keep West Berlin supplied.


=== Phase 2 (October 1948 – March 1949) ===
On 20 October, the Office of Military Government increased the daily supply requirement Berlin from 4,500 to 5,620 tons: 1,435 tons for food, 3,084 tons for coal, 255 tons for commerce and industry supplies, 35 tons for newsprint, 16 tons for liquid fuel, 2 tons for medical supplies, 763 for the US, British and French Military, and 30 tons for C54 passenger flights (US and French).


==== Preparing for winter ====
Although the early estimates were that about 4,000 to 5,000 tons per day would be needed to supply the city, this was made in the context of summer weather, when the airlift was only expected to last a few weeks. As the operation dragged on into autumn, the situation changed considerably. The food requirements would remain the same (around 1,500 tons), but the need for additional coal to heat the city dramatically increased the total amount of cargo to be transported by an additional 6,000 tons a day.
To maintain the airlift under these conditions, the current system would have to be greatly expanded. Aircraft were available, and the British started adding their larger Handley Page Hastings in November, but maintaining the fleet proved to be a serious problem. Tunner looked to the Germans once again, hiring former Luftwaffe mechanics.

Another problem was the lack of runways in Berlin to land on: two at Tempelhof and one at Gatow—neither of which was designed to support the loads the C-54s were putting on them. All of the existing runways required hundreds of labourers, who ran onto them between landings and dumped sand into the runway's Marston Mat (pierced steel planking) to soften the surface and help the planking survive. Since this system could not endure through the winter, between July and September 1948 a 1,800-metre (5,900 ft)-long asphalt runway was constructed at Tempelhof.
Far from ideal, with the approach being over Berlin's apartment blocks, the runway nevertheless was a major upgrade to the airport's capabilities. With it in place, the auxiliary runway was upgraded from Marston Matting to asphalt between September and October 1948. A similar upgrade program was carried out by the British at Gatow during the same period, also adding a second runway, using concrete.
The French Air Force, meanwhile, had become involved in the First Indochina War, so it could only bring up a few French built Junkers Ju 52s (known as A.A.C. 1 Toucan) to support its own troops, and they were too small and slow to be of much help. However, France agreed to build a complete, new and larger airport in its sector on the shores of Lake Tegel. French military engineers, managing German construction crews, were able to complete the construction in under 90 days. Because of a shortage of heavy equipment, the first runway was mostly built by hand, by thousands of labourers who worked day and night.
For the second runway at Tegel, heavy equipment was needed to level the ground, equipment that was too large and heavy to fly in on any existing cargo aircraft. The solution was to dismantle large machines and then re-assemble them. Using the five largest American C-82 Packet transports, it was possible to fly the machinery into West Berlin. This not only helped to build the airfield, but also demonstrated that the Soviet blockade could not keep anything out of Berlin. The Tegel airfield was subsequently developed into Berlin Tegel Airport.
The winter of 1948-1949 was one of the worst on record and resulted in fog, low ceilings and low visibility, and the Allies used technology as mitigation. The Allied forecasters gathered historical weather date from the last 40 years, and weather stations were in the United States, the Arctic, and at sea provided long-forecast information. A radio operator was stationed in every seventh aircraft in order to report current weather conditions at critical points in the flight path. A weather officer was also appointed to Tunner's staff, and the officer had daily phone calls with other weather personnel to produce a comprehensive forecast for airlift managers. Tunner complained to the MATS commander on 21 August 1948, writing that they were lacking air traffic controllers in the Air Force. The number of air traffic controllers increased as supplied by the Army Airways and Air Communications Service (AACS), and at the peak of the operation there were 90 AACS officers assisting the airlift.


=== Peak and Easter Offensive (April 1949) ===
The U.S. Air Force reported delivering 2,325,609.6 tons of supplies to Berlin. 76 percent of this total were supplied by the U.S. Air Force, 17 percent by the Royal Air Force, and 7 percent by British civilian planes.
In January 1949, Major General Laurence S. Kuter, commander of the Military Air Transport Service, praised the pilots actions in a speech at the Institute of Aeronautical Sciences saying ""For the first time in peacetime history, strategic air transport has become a conspicuous expression of American air power, peace power, and an effective weapon of diplomacy.""
By April 1949, airlift operations were running smoothly and Tunner wanted to shake up his command to discourage complacency. He believed in the spirit of competition between units and, coupled with the idea of a big event, felt that this would encourage them to greater efforts. He decided that, on Easter Sunday, the airlift would break all records. To do this, maximum efficiency was needed and so, to simplify cargo-handling, only coal would be airlifted. Coal stockpiles were built up for the effort and maintenance schedules were altered so that the maximum number of aircraft were available.
From noon on 15 April to noon on 16 April 1949, crews worked around the clock. When it was over, 12,941 tons of coal had been delivered in 1,383 flights, without a single accident. A welcome side effect of the effort was that operations in general were boosted, and tonnage increased from 6,729 tons to 8,893 tons per day thereafter. In total, the airlift delivered 234,476 tons in April.
On 21 April, the tonnage of supplies flown into the city exceeded that previously brought by rail. 
The Soviet resolve was beginning to decline by early 1949. On 25 April, it was announced by TASS news agency that the Soviet Union was open to ending the blockade.


=== Civilian experience and humanitarian efforts ===
When the blockade began, some German people in the Soviet zones could get food in packages through the post, if they had connections to people in West Germany. During the blockade, Western sectors from East Berlin or the countryside were never sealed off, and as a result, nearly half a million tons of goods came into the Western sectors from Soviet zone sources. Approximately a third of the Western sectors' food came from the east, and public transport continued to run between East and West. There was, thus, a black market operation, and a number of West Berliners went to the countryside to forage, bartering or using the Westmark to secure goods. By November 1948, so-called Free Shops began in East Berlin and Brandenburg allowing West Berliners to purchase provisions using the Eastmark. Some West Berlin companies cooperated with individual Soviet zone companies and the Deutsche Wirtscheftskommission (DWK) to produce goods for Soviet and East German people at a cost of raw materials and money.
Soft Power: the Elizabethan Festival
In late August and early September 1948, a soft-power offensive also began, with the Red Army Choir (the Alexandrov Ensemble) performing for mass audiences in public squares of the Soviet Zone. The British countered with an Elizabethan Festival featuring small, high-culture productions, with University of Cambridge students performing works by William Shakespeare and Henry Purcell.Der Spiegel described the contrast: ""The change from the Russians to the British was like a lesson in international psychology.""


==== April ""Little Lift"" ====

An important operation for maintaining the morale of Berliners was ""Operation Little Vittles"". Lieutenant Gail Halvorsen, one of the many airlift pilots, decided to use his off-time to fly into Berlin and make movies with his hand-held camera.  He arrived at Tempelhof on 17 July 1948 on one of the C-54s and walked over to a crowd of children who had gathered at the end of the runway to watch the aircraft. As a goodwill gesture, he handed out his only two sticks of Wrigley's Doublemint Gum. The children quickly divided up the pieces as best they could, even passing around the wrapper for others to smell. He was so impressed by their gratitude and that they didn't fight over them, that he promised the next time he returned he would drop off more.  Before he left them, a child asked him how they would know it was him flying over. He replied, ""I'll wiggle my wings.""

The next day on his approach to Berlin, he rocked the aircraft and dropped some chocolate bars attached to a parachute made from a handkerchief to the children waiting below. Every day after that, the number of children increased and he made several more drops. Soon, there was a stack of mail in Base Ops addressed to ""Uncle Wiggly Wings"", ""The Chocolate Uncle"" and ""The Chocolate Flier"". His commanding officer was upset when the story appeared in the news, but when Tunner heard about it, he approved of the gesture and immediately expanded it into ""Operation Little Vittles"". Other pilots participated, and when news reached the US, children all over the country sent in their own candy to help out. Soon, major candy manufacturers joined in. In the end, over three tons of candy were dropped on Berlin and the ""operation"" became a major propaganda success. German children christened the candy-dropping aircraft ""raisin bombers"" or candy bombers.


== End of the Blockade (May–September 1949) ==
On 25 April 1949, the Soviet news agency TASS reported a willingness by the Soviets to lift the blockade. The next day, the US State Department stated that the ""way appears clear"" for the blockade to end. Soon afterwards, the four powers began serious negotiations, and a settlement was reached on Western terms. On 4 May 1949, the Allies announced an agreement to end the blockade in eight days.
The Soviet blockade of Berlin was lifted at one minute after midnight on 12 May 1949. A British convoy immediately drove through to Berlin, and the first train from West Germany reached Berlin at 5:32 am. Later that day, an enormous crowd celebrated the end of the blockade. General Clay, whose retirement had been announced by US President Truman on 3 May 1949, was saluted by 11,000 US soldiers and dozens of aircraft. Once home, Clay received a ticker tape parade in New York City, was invited to address the US Congress, and was honoured with a medal from President Truman.
Nevertheless, supply flights to Berlin continued for some time to build up a comfortable surplus, though night flying and then weekend flights could be eliminated once the surplus was deemed to be large enough. By 24 July 1949, three months' worth of supplies had been amassed, ensuring that there was ample time to restart the airlift if needed.
On 18 August 1949, Flt Lt Roy Mather DFC AFC and his crew of Flt Lt Roy Lewis Stewart Hathaway AFC, Flt Lt Richardson and Royston William Marshall AFM of 206 squadron, flew back to Wunstorf for the 404th time during the blockade, the record number of flights for any pilot of any nationality, either civilian or military.
The Berlin Airlift officially ended on 30 September 1949, after fifteen months.


== Soviet response and international diplomacy ==


=== Soviet propaganda and negotiations ===
As of June 1948, the Soviets launched a campaign against Yugoslavia and Josip Broz Tito saying they are ""agents of the Anglo-Americans"". The Soviets said that they would lift the blockade when West Germany agreed to put aside their plans to introduce the Western D-Mark in Berlin. Stalin believed that the West would capitulate when they realised how difficult it would be to supply Berlin with adequate resources to make it through the winter. He was confident that the West could not afford to go to war over the issue, but the West were just as convinced that Stalin would not go to war. The Soviets also believed that West Berliners, suffering under the increasing shortages, would pressure the Western Allies in conceding; to intensify this, the Soviets excluded West Berliners from the Berlin Magistrat and took command of the city's police force. Soviet communist propaganda was prevalent, throughout the time of the blockade, on the radio, in the press, pamphlets and posters, and streetcorner meetups. However, the municipal elections in December 1948, showed that almost 85 percent of West Berliners voted against communist parties. In the summer and autumn of 1948, Soviet propaganda began to rally against ""cosmopolitans"", categorising them as an American ""fifth column""; the press highlighted stories uncovering cosmopolitans within Soviet culture.


=== Shift in public opinion ===
Public opinion shifted during the blockade and there was a sharp decline in interest in communism. For example, an opinion poll in August 1948 showed that 80 percent of those polled listened most to RIAS (a US sponsored radio station in Berlin), whereas only 15 percent listened more to Radio Berlin (a Soviet-run station). The Blockade shifted public postwar apathy, and it gave people a sense of political purpose. On 9 September 1949, a rally of nearly 300,000 Berliners gathered at the Brandenburg Gate to protest against the violence of the East German authorities. Ernst Reuter highlighted this rally saying this showed the strength of Berliners to protect their liberty. The blockade ultimately failed because of the airlift operation, but also because of the resolve of West Berliners. They subsisted on rations, cold homes, only four hours of electricity a day, whilst also being promised food, fuel and employment if they resisted and followed Soviet instructions. Western news outlets also published articles to communicate the issues facing Berlin during the crisis. Two stories from Time and Life wrote about the blockade calling it ""The Siege"", and a March of Time article discussed the wider concerns about Germany and its future. General Clay was featured on the cover of Time on 8 July 1948. 


== Aftermath ==
The Soviets had an advantage in conventional military forces, but were preoccupied with rebuilding their war-torn economy and society. The US had a stronger navy and air force, and had nuclear weapons. Neither side wanted a war; the Soviets did not disrupt the airlift.


=== Aftermath for Berlin ===
As the tempo of the airlift grew, it became apparent that the Western powers might be able to pull off the impossible: indefinitely supplying an entire city by air alone. In response, starting on 1 August 1948, the Soviets offered free food to anyone who crossed into East Berlin and registered their ration cards there, and almost 22 thousand Berliners received their cards until 4 August 1948. The great majority of West Berliners, however, rejected Soviet offers of food and supplies.
Throughout the airlift, Soviet and German communists subjected the hard-pressed West Berliners to sustained psychological warfare. In radio broadcasts, they relentlessly proclaimed that all Berlin came under Soviet authority and predicted the imminent abandonment of the city by the Western occupying powers. The Soviets also harassed members of the democratically elected citywide administration, which had to conduct its business in the city hall located in the Soviet sector.
According to the ""Berlin Airlift Corridor Incidents Report"", which spanned the period between 10 August 1948 and 5 August 1949, there were 733 incidents reported between Soviet and Allied airlift aircraft. During the early months of the airlift, the Soviets used various methods to harass allied aircraft. These included buzzing by Soviet planes, obstructive parachute jumps within the corridors, and shining searchlights to dazzle pilots at night. None of these measures were effective. Former RAF Dakota pilot Dick Arscott described one ""buzzing"" incident. ""Yaks (Soviet fighter aircraft) used to come and buzz you and go over the top of you at about twenty feet which can be off-putting. One day I was buzzed about three times. The following day it started again and he came across twice and I got a bit fed up with it. So when he came for the third time, I turned the aircraft into him and it was a case of chicken, luckily he was the one who chickened out."" General Tunner said ""They were seen by pilots and were sometimes close, but they were never more than a moral threat.""


=== Attempted Communist putsch in the municipal government ===
In the autumn of 1948 it became impossible for the non-Communist majority in Greater Berlin's citywide parliament to attend sessions at city hall within the Soviet sector. The parliament (Stadtverordnetenversammlung von Groß-Berlin) had been elected under the provisional constitution of Berlin two years earlier (20 October 1946). As SED-controlled policemen looked on passively, Communist-led mobs repeatedly invaded the Neues Stadthaus, the provisional city hall (located on Parochialstraße since all other central municipal buildings had been destroyed in the War), interrupted the parliament's sessions, and menaced its non-Communist members. The Kremlin organised an attempted putsch for control of all of Berlin through a 6 September takeover of the city hall by SED members.
Three days later RIAS Radio urged Berliners to protest against the actions of the communists. On 9 September 1948 a crowd of 500,000 people gathered at the Brandenburg Gate, next to the ruined Reichstag in the British sector. The airlift was working so far, but many West Berliners feared that the Allies would eventually discontinue it. Then-SPD city councillor Ernst Reuter took the microphone and pleaded for his city, ""You peoples of the world, you people of America, of England, of France, look on this city, and recognise that this city, this people, must not be abandoned—cannot be abandoned!""
The crowd surged towards the Soviet-occupied sector and someone climbed up and ripped down the Soviet flag flying from atop the Brandenburg Gate. Soviet military police (MPs) quickly responded, resulting in the killing of one in the unruly crowd. The tense situation could have escalated further and ended up in more bloodshed, but a British deputy provost then intervened and pointedly pushed the Soviet MPs back with his swagger stick. Never before this incident had so many Berliners gathered in unity. The resonance worldwide was enormous, notably in the United States, where a strong feeling of solidarity with Berliners reinforced a general widespread determination not to abandon them.
Berlin's parliament decided to meet instead in the canteen of the Technische Hochschule in Berlin (now Technische Universität Berlin) in the British sector, boycotted by the members of SED, which had gained 19.8% of the electoral votes in 1946. On 30 November 1948 the SED gathered its elected parliament members and 1,100 further activists and held an unconstitutional so-called ""extraordinary city assembly"" (außerordentliche Stadtverordnetenversammlung) in East Berlin's Metropol-Theater which declared the elected city government (Magistrat) and its democratically elected city councillors to be deposed and replaced it with a new one led by Oberbürgermeister Friedrich Ebert Jr. and consisting only of Communists. This arbitrary act had no legal effect in West Berlin, but the Soviet occupants prevented the elected city government for all of Berlin from further acting in the eastern sector.


=== December elections ===
The city parliament, boycotted by its SED members, then voted for its re-election on 5 December 1948, however, inhibited in the eastern sector and denounced by the SED as a Spalterwahl (""divisive election""). The SED did not nominate any candidates for this election and appealed to the electorate in the western sectors to boycott the election, while the democratic parties ran for seats. The turnout amounted to 86.3% of the western electorate with the SPD gaining 64.5% of the votes (= 76 seats), the CDU 19.4% (= 26 seats), and the Liberal-Demokratische Partei (LDP, merged in the FDP in 1949) 16.1% (= 17 seats).
On 7 December the new, de facto West-Berlin-only city parliament elected a new city government in West Berlin headed by Lord Mayor Ernst Reuter, who had already once been elected lord mayor in early 1946 but prevented from taking office by a Soviet veto. Thus two separate city governments officiated in the city divided into East and West versions of its former self. In the east, a communist system supervised by house, street, and block wardens was quickly implemented.
West Berlin's parliament accounted for the de facto political partition of Berlin and replaced the provisional constitution with the new Constitution of Berlin, meant for all Berlin, with effect of 1 October 1950 and de facto restricted to the western sectors only, also renaming city parliament from Stadtverordnetenversammlung von Groß-Berlin (City Council of Greater Berlin) to Abgeordnetenhaus von Berlin (House of Representatives of Berlin), city government (from Magistrat von Groß-Berlin (City Council of Greater Berlin) to Senate of Berlin, and head of government (from Oberbürgermeister (Mayor) to Governing Mayor of Berlin.


== Consequences ==


=== Casualties, costs and logistics ===
In total, the USAF delivered 1,783,573 tons and the RAF 541,937 tons, totalling 2,326,406 tons, nearly two-thirds of which was coal, on 278,228 flights to Berlin. The C-47s and C-54s together flew over 92,000,000 miles (148,000,000 km) in the process, almost the distance from Earth to the Sun. At the height of the airlift, one plane reached West Berlin every thirty seconds.
Pilots came from the United States, United Kingdom, Australia, Canada, New Zealand, and South Africa. The Royal Australian Air Force delivered 7,968 tons of freight and 6,964 passengers during 2,062 sorties.
A total of 101 fatalities were recorded during the operation, including 40 Britons and 31 Americans, mostly due to non-flying accidents. One Royal Australian Air Force member was killed in an aircraft crash at Lübeck while attached to No. 27 Squadron RAF. Seventeen American and eight British aircraft crashed during the operation.
The cost of the airlift was shared between the US, UK, and German authorities in the Western sectors of occupation. Estimated costs range from approximately US$224 million to over US$500 million (equivalent to approximately $2.33 billion to $5.21 billion in 2025).
Operational control of the three Allied air corridors was assigned to BARTCC (Berlin Air Route Traffic Control Center) air traffic control located at Tempelhof. Diplomatic approval was granted by a four-power organisation called the Berlin Air Safety Centre, also located in the American sector.
The experience led Washington to consider Stalin's next moves, and the Joint Chiefs of Staff calculated that, if not imminently, the Soviet Union could invoke military action. As a result, Washington began preemptively planning a war that could come by 1957, and anticipated the use of atomic weapons.


=== Senate reserve ===

Following the end of the blockade, the Western Allied Powers required the Senate of Berlin to stockpile six months worth of food and basic necessities as preparation against a potential second Berlin blockade. The reserves were liquidated following reunification.


=== Berlin crises 1946–1962 ===
Millions of East Germans escaped to West Germany from East Germany, and Berlin became a major escape route. This led to major-power conflict over Berlin that stretched at least from 1946 to the construction of the Berlin Wall in 1961. Dwight D. Eisenhower became US president in 1953 and Nikita Khrushchev became Soviet leader in the same year. Khrushchev tried to push Eisenhower on Berlin in 1958–59. The Soviets backed down when Eisenhower's resolve seemed to match that of Truman. When Eisenhower was replaced by Kennedy in 1961, Khrushchev tried again, with essentially the same result.


=== Other developments ===
In the late 1950s, the runways at West Berlin's city centre Tempelhof Airport had become too short to accommodate the new-generation jet aircraft, and Tegel was developed into West Berlin's principal airport. During the 1970s and 1980s Schönefeld Airport had its own crossing points through the Berlin Wall and communist fortifications for western citizens.
The Soviets' contravention by the blockade of the agreement reached by the London 6-Power Conference, and the Czechoslovak coup d'état of 1948, convinced Western leaders that they had to take swift and decisive measures to strengthen the portions of Germany not occupied by the Soviets.
The US, British and French authorities also agreed to replace their military administrations in their occupation zones with High Commissioners operating within the terms of a three-power occupation statute. The Blockade also helped to unify German politicians in these zones in support of the creation of a West German state; some of them had hitherto been fearful of Soviet opposition. The blockade also increased the perception among many Europeans that the Soviets posed a danger, helping to prompt the entry into NATO of Portugal, Iceland, Italy, Denmark, and Norway.
It has been claimed that animosities between Germans and the Western Allies were greatly reduced by the airlift, with the former enemies recognising common interests. The Soviets refused to return to the Allied Control Council in Berlin, rendering the four-power occupation authority set up at the Potsdam Conference useless. It has been argued that the events of the Berlin Blockade are proof that the Allies conducted their affairs within a rational framework, since they were keen to avoid war.


== Legacy ==


=== Debate and analysis ===
The blockade marked a crucial point in the Cold War, and Stalin took a calculated military risk; one which has been argued to alter the East and West relationship. The Berlin Airlift helped to secure the freedom of Berlin and demonstrated Allied strength and unity to the Soviet Union. Reflecting on the blockade and airlift in, President Truman said:

There was only one way to avoid a third world war, and that was to lead from strength. We had to rearm ourselves and our allies and, at the same time, deal with the Russians in a manner they could never interpret as weakness.
Historian Joseph Pearson has argued that Berlin was not completely sealed during the Berlin Airlift:

""The allied airlift cost the equivalent of almost $3bn today, and needed a persuasive narrative to win public support. It's one that almost everyone still believes today: Berlin was blockaded, its land routes sealed, and women and children were starving. Except, while there was an airlift of supplies, there was no Berlin blockade."" 
Further analysis is provided in Pearson's book, Sweet Victory, which explores the everyday history of the Airlift operation, focusing on the ease of civilian movement across zonal boundaries. 


=== Post-Cold War ===
In 2007, Tegel was joined by a re-developed Berlin-Schönefeld International Airport in Brandenburg. As a result of the development of these two airports, Tempelhof was closed in October 2008, while Gatow became home of the Bundeswehr Museum of Military History – Berlin-Gatow Airfield and a housing development. In October 2020, the expansion of Schönefeld into the larger Berlin Brandenburg Airport was completed, making Tegel mostly redundant as well.


== Aircraft used in the Berlin Airlift ==


=== United States ===
Boeing C-97 Stratofreighter
Consolidated B-24 Liberator
Consolidated PBY Catalina
Douglas C-54 Skymaster and Douglas DC-4
Douglas C-74 Globemaster
Douglas C-47 Skytrain and Douglas DC-3
Fairchild C-82 Packet
Lockheed C-121A Constellation

In the early days, the Americans used their C-47 Skytrain or its civilian counterpart Douglas DC-3. These machines could carry a payload of up to 3.5 tons, but were replaced by C-54 Skymasters and Douglas DC-4s, which could carry up to 10 tons and were faster. These made up a total of 330 aircraft, which made them the most used types. Other American aircraft such as the five C-82 Packets, and the one YC-97A Stratofreighter 45-59595, with a payload of 20 tons—a gigantic load for that time—were only sparsely used.


=== British ===
Avro Lancaster
Avro Lincoln
Avro York
Avro Tudor
Avro Lancastrian
Bristol Type 170 Freighter
Douglas DC-3 (Dakota)
Handley Page Hastings
Handley Page Halifax Halton
Short Sunderland
Vickers VC.1 Viking

The British used a considerable variety of aircraft types. Many aircraft were either former bombers or civil versions of bombers. In the absence of enough transports, the British chartered many civilian aircraft. British European Airways (BEA) coordinated all British civil aircraft operations. Apart from BEA itself, the participating airlines included British Overseas Airways Corporation (BOAC) and most British independent airlines of that era—e.g. Eagle Aviation, Silver City Airways, British South American Airways (BSAA), the Lancashire Aircraft Corporation, Airwork, Air Flight, Aquila Airways, Flight Refuelling Ltd (which used their Lancaster tankers to deliver aviation fuel), Skyways, Scottish Airlines and Ciro's Aviation.
Altogether, BEA was responsible to the RAF for the direction and operation of 25 British airlines taking part in ""Operation Plainfare"". The British also used flying boats, particularly for transporting corrosive salt. These included civilian aircraft operated by Aquila Airways. These took off and landed on water and were designed to be corrosion-resistant. Additionally, their roof-mounted control cables were protected against corrosion. In winter, when ice covered the Berlin rivers and made the use of flying boats difficult, the British used other aircraft in their place.
Altogether, a total of 692 aircraft were engaged in the Berlin Airlift, more than 100 of which belonged to civilian operators.
Other aircraft included Junkers Ju 52/3m which were operated briefly by France.


== See also ==
Armageddon: A Novel of Berlin, 1963 novel by Leon Uris chronicling the airlift
Berlin Airlift Device for the Army of Occupation and Navy Occupation Service Medals
The Big Lift, a 1950 film about the experiences of some Americans during the airlift
Deutsche Mark § Currency reform of June 1948
East German mark § Currency reform
Medal for Humane Action, American medal for the airlift
Heinrich Rau § 1945–1949, chairman of the East German administration at the time
Wolfgang Scheunemann, 15-year-old killed by the Volkspolizei during the blockade
1949 East German State Railway strike
Berlin Crisis of 1958–1959
Berlin Crisis of 1961


== Footnotes ==


=== Notes ===


=== Citations ===


== References ==


== Further reading ==
Colman, Jonathan, Britain's 'Mr X': Sir Frank Roberts and the Making of British Foreign Policy, 1930-68 (Manchester: Manchester University Press, 2025). Chapter 5, 'Negotiating with Stalin and Molotov: Principal Private Secretary to Bevin, 1947–49', pp. 93–110, examines Roberts' role in the neglected talks in Moscow between British, American and French representatives with Stalin and Molotov in Moscow, 1948.
Daum, Andreas W. ""America's Berlin, 1945‒2000: Between Myths and Visions"". In Frank Trommler (ed.), Berlin: The New Capital in the East. The American Institute for Contemporary German Studies, Johns Hopkins University, 2000, pp. 49–73 online
Defrance, Corine; Greiner, Bettina; Pfeil, Ulrich, eds. (2018), Die Berliner Luftbrücke. Erinnerungsort des Kalten Krieges (in German), Berlin: Christoph Links, ISBN 978-3-86153-991-9, in German
Fenton Jr, Robert. ""The Berlin Airlift and the Use of Air Mobility as a Function of U.S. Policy."" (Air War College, Air University Maxwell AFB, 2016) online.
Grehan, John. The Berlin Airlift: The World's Largest Ever Air Supply Operation (Pen and Sword, 2019).
Giangreco, D. M.; Griffin, Robert E. (1988). Airbridge to Berlin: The Berlin Crisis of 1948, Its Origins and Aftermath. Novato (CA): Presidio Press. ISBN 0-89141-329-4. Archived from the original on 6 March 2002. Retrieved 18 January 2008.
Launius, Roger D.; Cross, Coy F. (1989). MAC and the Legacy of the Berlin Airlift. Scott Air Force Base IL: Office of History, Military Airlift Command. OCLC 21306003.
Giles Milton Checkmate in Berlin (John Murray, 2021).
O'Connell, Kaete M. ""'Uncle Wiggly Wings': Children, chocolates, and the Berlin Airlift."" Food and Foodways 25.2 (2017): 142–159.
Pearson, Joseph (2025b), The Airlift: Victories, Myths, and the Berlin Blockade, Cheltenham: The History Press, ISBN 978-1-80399-822-0
Turner, Barry. The Berlin Airlift: The Relief Operation that Defined the Cold War (Icon Books, 2017).
Windsor, Philip. ""The Berlin Crises"" History Today (June 1962) Vol. 6, pp. 375–384, summarizes the series of crises 1946 to 1961; online.


== External links ==

""The Berlin Airlift"". American Experience. Retrieved 5 March 2007. – A PBS site on the context and history of the Berlin Airlift.
Operation Plainfare
The Berlin Airlift Historical Foundation's Website
Luftbruecke: Allied Culture in the Heart of Berlin
Agreement to divide Berlin
Memorandum for the President: The Situation in Germany, 23 July 1948 Archived 12 May 2016 at the Wayback Machine
Berlin Airlift: Logistics, Humanitarian Aid, and Strategic Success
Royal Engineers Museum Royal Engineers and the Cold War (Berlin Airlift)
Berlin Airlift US Department of Defense
""Berlin Airlift"". Retrieved 22 October 2007. – A 1948 film about the airlift, told from the British point of view.
The Berlin Airlift
The short film Berlin Air Lift (Outtakes From ""Operation Vittles"") is available for free viewing and download at the Internet Archive.
McFadden, SSG Joe W. (28 November 2016). ""Candy Bomber rededicates Frankfurt's Berlin Airlift Memorial"". 52d Fighter Wing Public Affairs. Retrieved 30 November 2016.","The Berlin Blockade was a major crisis of the Cold War where the Soviet Union blocked Western Allies' access to West Berlin, leading to the Berlin Airlift as a response to supply the city by air.",Berliners watching a C-54 land at Tempelhof Airport (1948),0,0,supported,0.107438248163,-0.04876137606561055,-2.047977794755643,42,,0.9951084852218628,-0.29296666297,1.16158419343,0.9202815701525437,2,0.478171404782,1.0,1.0,0.0,0.0,0.96728515625,0.007045745849609375,0.02569580078125,-1.6007196050230135,0.16788106416748794,0.022222222222222223,0.3108108108108108,0.5,keep
Q1296_644,wikiqa,what is a contingent fee with an attorney,"A contingent fee (also known as a contingency fee in the United States or a conditional fee in England and Wales) is any fee for services provided where the fee is payable only if there is a favourable result. Although such a fee may be used in many fields, it is particularly well associated with legal practice.
In the law, a contingent fee is defined as a fee charged for a lawyer's services that is payable only if a lawsuit is successful or results in a favorable settlement, usually in the form of a percentage of the amount recovered on behalf of the client. Contingent fees may make it easier for people of limited means to pursue their civil rights since otherwise, to sue someone for a tort, one must first be wealthy enough to pursue such litigation in the first place. Due to the risk of loss, attorneys will not take cases on a contingency basis unless they believe that the case has merit, although accepting cases on a contingency is not without risk.


== Contingent legal fees ==

Under a traditional contingency fee arrangement, a client is not charged attorney fees if he loses the case. If the client recovers damages from settlement or a favorable verdict, the attorney receives the fee from the recovery. The attorney's permitted fee varies depending on the country, and even local jurisdictions.
For example, in the U.S. a contingency fee is based on the contractual agreement between the attorney and the party. The fee is calculated as a share of the eventual damage judgment or settlement obtained by the client. The percentage allowable as a contingency fee is subject to the ethical rules of professional conduct that require legal fees to be reasonable and, in some circumstances, by statutory limitations. In some jurisdictions, contingent fees as high as 33% to 50% of recovery may be deemed reasonable. Attorneys charging unreasonable fees may be subject to professional sanctions.
In the alternative, the contingency may come in the form of an additional charge that is added to a negotiated attorney fee in the event of success as defined by the parties in their fee contract. For example, in the UK a client may enter into a fee agreement pursuant to which the client is liable for an hourly fee, plus a contingent success fee of no more than 100% of the hourly fee. Most lawyers who utilize this type of fee agreement charge a success fee in the range of 25-50%. In English law, fees are subject to compliance with the statutory scheme.


=== Advantages and limitations ===
A contingency fee arrangement provides access to the courts for those who cannot afford to pay the attorneys fees and costs of civil litigation. Contingency fees also provide a powerful motivation to the attorney to work diligently on the client's case. In other types of litigation where clients pay the attorney by the hour for their time, it makes little economic difference to the attorney whether the client has a successful outcome to the litigation. Finally, because lawyers assume the financial risk of litigation, the number of speculative or non meritorious cases may be reduced.
Although contingency fees may improve some litigants' ability to afford to pursue a case, they do not guarantee civil justice or equal access to civil courts. Attorneys who practice in the area of civil litigation typically will not accept a case on a contingency fee bases without clear liability and a means of collecting a judgment or settlement, such as through a defendant's insurance coverage. Some cases require extensive investigation before the chance of success may be accurately assessed, and such a case might be declined by a law firm because even the initial assessment of the strength of a case may be costly.


==== Legal expenses insurance ====

This can also be referred to as ""before the event"" insurance (BTE), and is insurance that the client may already hold as part of household contents or car insurance, either free or for a small fee. Some credit cards also include BTE insurance and it can also be taken out as a separate insurance policy. BTE insurance may pay for the legal costs when making a claim for compensation, whether the client wins or loses.
The solicitor will be able to identify if a client holds this type of policy and complete the necessary claim form.
A 2008 report from the Ministry of Justice found that in 2007, 48% of those who took part had BTE insurance incorporated into their car insurance, 35% had BTE Insurance as part of their home insurance policy and a further 17% had the insurance as part of their travel insurance. This insurance covers any legal expenses in addition to costs for pursuing a personal injury claim and cost for legal expenses from the other side if the client's claim is unsuccessful.


==== Legal aid ====

Legal Aid is financial assistance which is funded by the Government. It is not usually awarded in cases of personal injury unless under extreme circumstances. But through all the circumstances it is still available for Clinical Negligence cases.


==== Hourly fees ====
Even though it is possible, it is rare for individuals to fund their own personal injury claims by retaining a lawyer on an hourly basis. In some jurisdictions, if the client's claim is successful, the client will be able to recover attorney fees from the defendant. In jurisdictions that follow the American rule for attorney fees, even successful clients must normally bear the cost of their own legal fees.


== Regulation ==
The legality of contingent fee arrangements is often subject to restrictions, particularly in relation to contingent legal fees.
According to law professor Herbert Kritzer, as of 2004 contingent fees for legal services were allowed in the following countries: Australia, Brazil, Canada, the Dominican Republic, France, Greece, Ireland, Japan, New Zealand,  the United Kingdom and the United States. They are also allowed in personal injury actions in Lithuania. 


=== Australia ===
In Australia, conditional fee agreements are permitted under the Uniform Law, applied in NSW and Victoria by local application Acts. Where a favourable outcome is reached, an additional uplift fee (success fee) of up to 25% of the costs agreed to in the costs agreement may be charged. However, contingency fees based on a percentage of a client's net recovery are banned.


=== Canada ===
Contingent fee agreements are legal in all provinces of Canada, but with some restrictions on what cases are eligible to be handled on a contingent fee basis. In some cases, an attorney may collect a percentage of recovery in case of a victory but must otherwise charge an hourly fee.


=== Russia ===
Contingent fees are not enforceable under the Russian law. They are not defined in law but the Constitutional Court ruled that fees for the services provided can not be contingent on the decisions that might be taken in the future by the government or courts, including the amount of the compensation awarded as a result of a court hearing. For that reason the European Court of Human Rights does not award legal fees incurred by applicants under a contingency-fee arrangement under the Russian law to applicants in cases against Russia.


=== South Africa ===
Contingent fees have been allowed in South Africa since 1997, as discussed by K. G. Druker in ""The law of contingency fees in South Africa"".
Any fees higher than the normal fees of the legal practitioner concerned may not exceed such normal fees by more than 100%. However, in claims sounding in money, the total of any such success fee payable by the client to the legal practitioner may not exceed 25% of the total amount awarded or any amount obtained by the client in consequence of the proceedings concerned, which may not, for the purposes of calculating such excess, include any costs.


=== South Korea ===
Contingent fees or ""success fees"" (성공보수금) are a widespread practice in South Korea.  Until 2015, they were used in both criminal and civil litigation.  In some civil cases, courts have rejected fees exceeding 10% of the award as unjust enrichment of the attorney, requiring the attorney to refund the excess to the client.
On July 23, 2015, the Supreme Court of Korea ruled that contingent fee agreements for criminal representation were void as against public policy, under Article 103 of the Civil Act of South Korea.  The judgment was unanimous, with four justices concurring separately.  The decision provoked widespread outcry from criminal defense lawyers, particularly former judges and prosecutors who had been able to charge very high success fees due to clients' belief that their connections could help them win the case.


=== Spain ===
On November 4, 2008, the Supreme Court of Spain annulled a prohibition originated from the General Council of Spanish Bar that forbade the use of contingency fees, known in Spain as cuota litis. The rationale of the annulment was that the prohibition did not respect the principles of free competition. From that year onward, lawyers can pursue legal claims based on that type of retribution.


=== Turkey ===
Contingency fees, or more generally conditional fee agreements, are permitted under Turkish Law, but are capped at 25% of the claimed amount in the original complaint.


=== United Kingdom ===
In the English legal system, a contingent fee is generally referred to as a conditional fee agreement (CFA) or, informally by the public and press, as ""no win no fee"". The usual form of this agreement is that the solicitor will take a law case on the understanding that if lost, no payment is made. In the alternative, the client may enter into a fee contract with the lawyer based upon hourly billing with an additional success fee to be paid in the event of a successful outcome to the litigation. In England, the success fee must be a percentage, no greater than 100% of the contractual hourly fee. This contrasts with the contingency fee in the US, which gives the successful attorney a percentage of the damages recovered by the attorney's client.
In 19th century English law, conditional fees were controversial, especially in the Swynfen will case, as they were held to offend ancient prohibitions against champerty and maintenance. However, conditional fees were introduced by the Courts and Legal Services Act 1990 (section 58), and were recognized by statute in 1995.
Initially, the success fee was not recoverable from the losing party, but on 1 April 2000, section 27 of the Access to Justice Act 1999 amended the Courts and Legal Services Act 1990 to allow recovery of success fees from the losing party. The regulations that accompanied this change in the law (the Conditional Fee Agreements Regulations 2000) were far from clear, and the result was that a great deal of satellite litigation took place. On 1 November 2005, these regulations were revoked, and now it is much easier to enter into conditional fee agreements than before. The chances of having a case accepted on conditional fee are greatly increased if the case is investigated by a legally qualified professional.
On 29 March 2011, Justice Secretary Kenneth Clarke announced plans to reform contingent fee arrangements, as part of reforms to the justice system prompted by a review of civil litigation costs carried out by Lord Justice Jackson. The changes were prompted by large rises in litigation costs and the proliferation of ambulance chasing advertisements and claim farmers. Following the introduction of contingent fees, the National Health Service had to pay out hundreds of millions of pounds in compensation for malpractice claims.
Fee reforms were implemented in the Legal Aid, Sentencing and Punishment of Offenders Act 2012. Under the new arrangements, claimants with contingent fee agreements still do not pay upfront fees or have to cover their lawyers' costs if the case is lost. If they win then they pay a ""success fee"" that is capped at 25% of the awarded damages.
The status of contingent fees is different in Scotland, where it is lawful to agree that the lawyer gets paid only if the case is won (the speculative action). It is not lawful to fix a percentage of the client's winnings as the amount of the fee, but has been legal since 1990 for the lawyer and client to agree to an initial fee with a percentage increase in the lawyer's fee in case of success in the action.


=== United States ===
Most jurisdictions in the United States prohibit working for a contingent fee in criminal cases or certain types of family law claims, as made clear in Rule 1.5(d) of the Model Rules of Professional Conduct of the American Bar Association. Some jurisdictions, however do allow contingent fees in criminal cases. It depends on the attorney, the type of case and the fee agreement. In the United States, contingency fees are standard in personal injury cases and are less common in other types of litigation.
Most jurisdictions require contingent fees to be ""reasonable"", resulting in a typical contingent fee of 33-45% of any eventual recovery.


==== Medical malpractice ====
Many states impose additional restrictions on contingent attorney fees in medical malpractice cases. As of 2003 16 states (California, Connecticut, Delaware, Florida, Illinois, Indiana, Maine, Massachusetts, Michigan, New Jersey, New York, Oklahoma, Tennessee, Utah, Wisconsin, and Wyoming) have regulated contingency fees for medical malpractice cases.
Some states cap fees at a flat rate; for example, 33.33% of net judgment or recovery in Tennessee and Utah.
Other states utilize a sliding scale fee structure. For example, Connecticut utilizes a sliding scale fee structure but that can be waived in complex cases with a cap of 33.33%. California permits contingency fees in the amount of 40% of the first $50,000 of recovered damages, 33.33% of the next $50,000, 25% of the next $500,000 and 15% of any recovery in excess of $500,000.
Florida establishes different fee limits depending on the stage of the case at the time damages are recovered. For example, it allows a higher limit if the case goes to trial and even more if the case is appealed.
Four of the states that limit attorney fees (Illinois, Maine, New York, and Wisconsin) explicitly allow a court to authorize a larger fee. Wyoming explicitly allows the client and attorney to contract for a larger fee.
Instead of a specific limit or a sliding scale, six states (Hawaii, Iowa, Maryland, Nebraska, New Hampshire, and Washington) require or authorize court approval of the reasonableness of attorney fees under various circumstances.


== See also ==
Attorney's fee
Pay for performance
Tort reform in the United States
Pricing
Pricing strategies


== References ==


== Further reading ==
Black, Stephen; Black, Katherine D.; Black, Michael D. (2009). ""Taxation of Contingency Fees After Banks and Banaitis"". Tax Notes (229–4). SSRN 1530181.


== External links ==
CLS Direct Information Leaflet 12, Oct 2006
The Law Society - No win no fee arrangements","A contingent fee with an attorney is a payment arrangement where the attorney receives a percentage of the recovery or settlement amount if the case is successful, and typically does not receive payment if the case is lost.",A contingent fee (in the United States ) or conditional fee (in England and Wales ) is any fee for services provided where the fee is payable only if there is a favourable result.,0,0,supported,0.18969301647,-0.05299676698623913,-2.119870679449565,40,,0.9839479923248291,-0.186302864215,0.195248813974,0.4168215053294112,2,0.603321087256,1.0,1.0,0.0,0.0,0.9970703125,0.00171661376953125,0.0013437271118164062,-1.5899847616253076,0.16938604087735465,0.022222222222222223,0.3108108108108108,0.5,keep
