example_id,dataset_name,question,context,served_answer,ground_truth_answer,ground_truth_label,judge_binary_label,judge_label,mean_token_nll,mean_token_logprob,sum_token_logprob,num_scored_tokens,mean_next_token_entropy,self_consistency_score,self_consistency_disagreement,semantic_entropy,normalized_semantic_entropy,num_semantic_clusters,groundedness_score,discrete_groundedness_score,entailed_fraction,contradicted_fraction,neutral_fraction,mean_entailment,mean_contradiction,mean_neutral,raw_logit,raw_risk,calibrated_risk,frozen_risk_threshold,classification_threshold_for_metrics,keep_decision
Q2182_995,wikiqa,who is the girl in the lazy eye video,"""Lazy Eye"" is the first single from Silversun Pickups' debut album Carnavas, written by lead singer and guitarist Brian Aubert. The band performed the song on the Late Show with David Letterman, The Tonight Show with Jay Leno, Later With Jools Holland, and Last Call with Carson Daly. The song is a playable track on Rock Band 2 and Guitar Hero: World Tour.
An alternate version of the song, with a length of 7:27, was played on XMU before the shorter version was played on FM and other XM channels. This version was featured on their demo CD (which featured early versions of four tracks).


== Music video ==
The music video for ""Lazy Eye"" was directed by Suzie Vlcek and produced by Eric Morgan. Former band member, Kennedy, makes a cameo appearance in the video as a bartender and the band's original drummer, Elvira Gonzalez, makes a cameo appearance as a box office/door attendant.
The video received extensive airplay on MTV, MTV2, MTVU, VH1, Fuse, MuchMusic, MTV (Latin America), International Music Feed and many other international broadcast outlets. The popularity of the video led to the creation of a VH1 ""Pop-Up Video"" version. The ""Lazy Eye"" music video was among the MTV2 Subterranean ""Viewers Top 20 Music Videos of 2007"" list.


=== Personnel ===
Director: Suzie Vlcek
Producer: Eric Morgan
Cinematographer: Joe Pugliese
Editor: Jonathan Alberts
Cast: Sara Grace Powell, Hank May, Filippo Almonde
Cameos: Kennedy, Elvira Gonzalez


== Charts ==


=== Year-end charts ===


== Certifications ==


== In popular culture ==
The song was featured in the television series The O.C., Criminal Minds, and Reaper, the 2008 film Prom Night, a promo for Major League Baseball's 2008 All-Star Game, a video package at the end of FOX's coverage of the 2008 World Series, a video package for CBC's 2009 Stanley Cup playoffs, a 2012 New Zealand New World Supermarket advertising campaign and the video games Rock Band 2, Guitar Hero: World Tour, and Forza Horizon.


== References ==


== External links ==
""Lazy Eye"" music video on YouTube
Website of Director, Suzie Vlcek Archived July 8, 2007, at the Wayback Machine
Silversun Pickups on IMVDb
VH1 Pop-Up Video version of ""Lazy Eye""",Sara Grace Powell,"""Lazy Eye"" is the third single from Silversun Pickups ' debut album Carnavas .",0,0,supported,-0.830525123711,-0.00046458268955151816,-0.0018583307582060726,4,,0.9999999403953552,-0.339715600947,-0.604793524354,0.0,1,-2.90711730925,0.0,0.0,0.0,1.0,0.01409912109375,0.0036983489990234375,0.982421875,-0.29519498473196815,0.4267325271578197,0.4324740352512214,0.3108108108108108,0.5,abstain
Q2033_897,wikiqa,When was the Montgomery bill founded?,"A G.I. Bill is a colloquial name given to several pieces of legislation that have provided a range of benefits for American military veterans, particularly education benefits.
The first G.I. Bill, the Servicemen's Readjustment Act of 1944, was largely designed and passed through Congress in 1944 in a bipartisan effort led by the American Legion, which wanted to reward practically all wartime veterans. John H. Stelle, a former Democratic governor of Illinois, served as the Chairman of the Legion's Executive Committee, which drafted and mobilized public opinion to get the G.I. Bill to President Roosevelt's desk on June 22, 1944. He is commonly referred to as the ""Father of the G.I. Bill."" It provided immediate financial rewards for practically all World War II veterans, thereby avoiding the highly disputed postponed life insurance policy payout for World War I veterans that had caused political turmoil in the 1920s and 1930s. Benefits included low-cost mortgages, low-interest loans to start a business or farm, one year of unemployment compensation, and dedicated payments of tuition and living expenses to attend high school, college, or vocational school. These benefits were available to all veterans who had been on active duty during the war years for at least 90 days and had not been dishonorably discharged.

The original G.I. Bill ended in 1956, but subsequent bills have provided similar benefits for veterans since. The most recent iteration, the Post-9/11 Veterans Educational Assistance Act of 2008, provides veterans with funding for the full cost of any public college in their state. Other benefits, including medical coverage and home loans, are covered under separate legislation.


== History ==


=== Servicemember's Readjustment Act of 1944 ===

During World War II, politicians wanted to avoid the postwar confusion about veterans' benefits  that became a political football in the 1920s and 1930s.  Veterans' organizations that had formed after the First World War had millions of members; they mobilized support in Congress for a bill that provided benefits only to veterans of military service, including men and women. Ortiz says their efforts ""entrenched the VFW and the Legion as the twin pillars of the American veterans' lobby for decades.""
Harry W. Colmery, Republican National Committee chairman and a former National Commander of the American Legion, is credited with writing the first draft of the G.I. Bill. He reportedly jotted down his ideas on stationery and a napkin at the Mayflower Hotel in Washington, D.C.   A group of 8 from the Salem, Illinois American Legion have also been credited with recording their ideas for veteran benefits on napkins and paper. The group included Omar J. McMackin, Earl W. Merrit, Dr. Leonard W. Esper, George H. Bauer, William R. McCauley, James P. Ringley, A.L. Starshak and Illinois Governor, John Stelle who attended the signing ceremony with President Roosevelt.
U.S. Senator Ernest McFarland, (D) AZ, and National Commander of the American Legion Warren Atherton, (R) CA were actively involved in the bill's passage. Edith Nourse Rogers, (R) MA, who helped write and who co-sponsored the legislation, might be termed as the ""mother of the G.I. Bill"". As with Colmery, her contribution to writing and passing this legislation has been obscured by time.
The bill that President Roosevelt initially proposed had a means test—only poor veterans would get one year of funding; only top-scorers on a written exam would get four years of paid college. The American Legion proposal provided full benefits for all veterans, including women and minorities, regardless of their wealth.
On June 22, 1944, the Servicemen's Readjustment Act of 1944, commonly known as the G.I. Bill of Rights, was signed into law. Professor Edwin Amenta states:

Veterans benefits were a bargain for conservatives who feared increasingly high taxation and the extension of New Deal national government agencies.  Veterans benefits would go to a small group without long-term implications for others, and programs would be administered by the VA, diverting power from New Deal bureaucracies.  Such benefits were likely to hamper New Dealers in their attempts to win a postwar battle over a permanent system of social policy for everyone.
An important provision of the G.I. Bill was low interest, zero down payment home loans for servicemen, with more favorable terms for new construction compared to existing housing. This encouraged millions of American families to move out of urban apartments and into suburban homes.Another provision was known as the 52–20 clause for unemployment. Unemployed war veterans would receive $20 once a week for 52 weeks for up to one year while they were looking for work. Less than 20 percent of the money set aside for the 52–20 Club was distributed. Rather, most returning servicemen quickly found jobs or pursued higher education.
The recipients did not pay any income tax on the GI benefits, since they were not considered earned income.
The G.I. Bill received criticism for directing some funds to for-profit educational institutions. The G.I. Bill was racially discriminatory, as it was intended to accommodate Jim Crow laws. Due to the discrimination by local and state governments, as well as by private actors in housing and education, the G.I. Bill failed to benefit African Americans as it did with white Americans. Columbia University historian Ira Katznelson described the G.I. Bill as affirmative action for whites. The G.I. Bill has been criticized for increasing racial wealth disparities.
Most of the provisions in the World WarII-era G.I. Bill ended in 1956. A variety of benefits have been available to military veterans since the original bill, though the term ""G.I. Bill"" typically is used to refer specifically to education benefits.


=== Outside the United States ===
Canada operated a similar program for its World War II veterans, with a similarly beneficial economic impact.


=== Veterans Readjustment Assistance Act of 1952 ===
At the start of the Korean War, advocates pushed to extend the 1944 Servicemen's Readjustment Act to cover Korean war veterans. After two years of debate, an entirely new piece of legislation was passed by Harry Truman in 1952. The first GI Bill had spawned the creation of numerous low-quality vocational programs that specifically targeted veterans; the Korean War-era bill attempted to curtail this by only allowing benefits to be paid to institutions with at least 15% non-veteran enrollment. 
The Korean War-era legislation maintained the World War II-era bill's provisions for low-interest home loans and some unemployment insurance, though the amount of unemployment insurance was significantly reduced from the first bill. 


=== Veterans Readjustment Benefits Act of 1966 ===
The so-called ""Cold War G.I. Bill"" was authored by Ralph Yarborough, passed unanimously by both chambers of Congress, and signed into law by Lyndon P. Johnson in 1966.


=== Post-Vietnam Era Veterans' Educational Assistance (1976) ===
This iteration of the G.I. bill intended not only to compensate veterans for their service, but to reduce the need for another draft by attracting volunteers to the military. Often referred to as VEAP, the program required that veterans forfeit a portion of each paycheck into a fund, and the government matched each dollar paid into the fund with two dollars. Like previous iterations of the program, VEAP funds could be used for academic or vocational programs.
A greater percentage of Vietnam veterans used G.I. Bill education benefits (72 percent) than World War II veterans (49 percent) or Korean War veterans (43 percent).


=== Montgomery GI Bill (1984) ===
In 1984, former Mississippi Democratic Congressman Gillespie V. ""Sonny"" Montgomery sponsored a new G.I. Bill, which remains in effect today alongside other, newer programs. Active duty members pay $100 per month into the program for 12 months to receive 36 months of tuition after leaving the military. Benefits can be used for degree and certificate programs, flight training, apprenticeship/on-the-job training, and correspondence courses if the veteran was enrolled full-time. Part-time veteran students, reservists and members of the national guard receive reduced benefits. These benefits still exist, alongside the Post-9/11 G.I. Bill.


=== Post-9/11 GI Bill (2008) ===
Congress passed the current iteration of the program into law in recognition of the fact that ""service on active duty in the Armed Forces [had] been especially arduous for the members of the Armed Forces since September 11, 2001"" and with the goal of reducing high levels of unemployment among veterans.
This iteration of the program, signed into law in 2008 and put into effect in 2009, dramatically expanded education benefits. The bill provides partial benefits (under 36 months) to those who served less three years, and allows veterans to transfer their benefits to spouses or dependents. The program covers 100% of in-state tuition, or up to a certain amount for private college or vocational programs. Beneficiaries are also eligible for a monthly housing stipend on top of their tuition costs.
The Post-9/11 G.I. Bill is the most popular option for most veterans, though many are also entitled to benefits from other programs, including the Montgomery G.I. Bill. Congress estimates the program awards about $10 billion to around 600,000 individuals each year.


=== Litigation surrounding use of multiple benefits ===
In 2024, the United States Supreme Court ruled in Rudisill v. McDonough that veterans who accrue educational benefits under both the Montgomery and Post-9/11 G.I. Bills, by serving at least 1,185 days, may use either or both, and may use them in any order. A subsequent case, Perkins v. Collins, affirmed that this applied not only to veterans who served during two distinct enlistments, but to any veteran who served the requisite amount of time.


== Content ==
All veteran education programs are found in law in Title 38 of the United States Code.  Each specific program is found in its own Chapter in Title 38.


=== Chapter 30 (Montgomery GI Bill) ===
In 1984, former Mississippi Democratic Congressman Gillespie V. ""Sonny"" Montgomery revamped the G.I. Bill. From 1984 until 2008, this version of the law was called ""The Montgomery G.I. Bill"". The Montgomery GI Bill — Active Duty (MGIB) stated that active duty members had to forfeit $100 per month for 12 months; if they used the benefits, they received as of 2012 $1564 monthly as a full-time student (tiered at lower rates for less-than-full-time) for a maximum of 36 months of education benefits. This benefit could be used for both degree and certificate programs, flight training, apprenticeship/on-the-job training, and correspondence courses if the veteran was enrolled full-time. Part-time veteran students received less, but for a proportionately longer period. This meant that for every month the veteran received benefits at the half-time, the veteran's benefits were only charged for 1/2 of a month. Veterans from the reserve had different eligibility requirements and different rules on receiving benefits (see Ch. 1606, Ch. 1607 and Ch. 33). MGIB could also be used while active, which only reimbursed the cost of tuition and fees. Each service has additional educational benefit programs for active duty members. Most delay using MGIB benefits until after separation, discharge or retirement.


==== ""Buy-Up"" option ====
The ""Buy-Up"" option, allows active duty members to forfeit up to $600 more toward their MGIB. For every dollar the service member contributes, the federal government contributes $8.  Those who forfeit the maximum ($600) will receive, upon approval, an additional $150 per month for 36 months, or a total of $5400. This allows the veteran to receive $4,800 in additional funds ($5400 total minus the $600 contribution to receive it), but not until after leaving active duty (unless the tuition of a term is higher than the monthly MGIB rate would pay).  The additional contribution must be made while still on active duty. It is available for G.I. Bill recipients using either Ch. 30 or Ch. 1607, but cannot be extended beyond 36 months if a combination of G.I. Bill programs are used.  It will pay past 36 months of eligibility, by being paid to the end of the term where entitlement is exhausted.
The ""buy-up"" option is not to be confused with a ""kicker"".  A kicker is an additional payment as well, however it is a contractual incentive for specific jobs, and not an optional offering soldiers can pay into.


==== Time limit/eligibility ====
MGIB benefits may be used up to 10 years from the date of last discharge or release from active duty. The 10-year period can be extended by the amount of time a service member was prevented from training during that period because of a disability or because he/she was held by a foreign government or power.
The 10-year period can also be extended if one reenters active duty for 90 days or more after becoming eligible. The extension ends 10 years from the date of separation from the later period. Periods of active duty of fewer than 90 days qualify for extensions only if one was separated for one of the following:

A service-connected disability
A medical condition existing before active duty
Hardship
For those eligible based on two years of active duty and four years in the Selected Reserve (also known as ""call to service""), they have 10 years from their release from active duty, or 10 years from the completion of the four-year Selected Reserve obligation to use MGIB benefits.
At this time, service members cannot recoup any monies paid into the MGIB program should it not be utilized.


==== Top-up option ====
Service members may use GI bill in conjunction with Military Tuition Assistance (MilTA) to help with payments above the MilTA CAP. This will reduce the total benefit available once the member leaves service. Veterans Educational Assistance Improvements Act of 2010 (Public Law 111–377, January 4, 2011), Section 111, amended Title 38, U.S. Code, by adding section 3322(h), ""Bar to Duplication of Eligibility Based on a Single Event or Period of Service,"" which does not allow the Department of Veterans Affairs (VA) to establish eligibility for a Service Member under more than one education benefit. If a service member applies for Montgomery GI Bill benefits (such as the Top-up option to augment Tuition Assistance) and entered service on/after August 1, 2011, then they must incur a subsequent period of service to convert to the Post 9/11 GI Bill. If the service member cannot incur another period of service, they are not eligible to convert.  The VA considers a service member has elected a GI Bill upon submission of VA Form 22–1990.and VA approval and issues a Certificate of Eligibility.


==== Educational ====
College, business
Technical or vocational courses
Correspondence courses
Apprenticeship/job training
Flight training (usually limited to 60% for Ch. 30, see Ch. 33 for more flight information)
Under this bill, benefits may be used to pursue an undergraduate or graduate degree at a college or university, a cooperative training program, or an accredited independent study program leading to a degree.


=== Chapter 31 (Vocational Rehabilitation Program) ===
""Chapter 31"" is a vocational rehabilitation program that serves eligible active duty servicemembers and veterans with service-connected disabilities.  This program promotes the development of suitable, gainful employment by providing vocational and personal adjustment counseling, training assistance, a monthly subsistence allowance during active training, and employment assistance after training. Independent living services may also be provided to advance vocational potential for eventual job seekers, or to enhance the independence of eligible participants who are presently unable to work.
In order to receive an evaluation for Chapter 31 vocational rehabilitation and/or independent living services, those qualifying as a ""servicemember"" must have a memorandum service-connected disability rating of 20% or greater and apply for vocational rehabilitation services. Those qualifying as ""veterans"" must have received, or eventually receive, an honorable or other-than-dishonorable discharge, have a VA service-connected disability rating of 10% or more, and apply for services. Law provides for a 12-year basic period of eligibility in which services may be used, which begins on latter of separation from active military duty or the date the veteran was first notified of a service-connected disability rating. In general, participants have 48 months of program entitlement to complete an individual vocational rehabilitation plan. Participants deemed to have a ""serious employment handicap"" will generally be granted exemption from the 12-year eligibility period and may receive additional months of entitlement as necessary to complete approved plans.


=== Chapter 32 (Veterans Educational Assistance Program) ===
The Veterans Educational Assistance Program (VEAP) is available for those who first entered active duty between January 1, 1977, and June 30, 1985, and elected to make contributions from their military pay to participate in this education benefit program. Participants' contributions are matched on a $2 for $1 basis by the Government with a maximum allowable participant contribution of $2,700. (Maximum possible government contribution: $5,400. Maximum possible benefit: $8,100.) This benefit may be used for degree and certificate programs, flight training, apprenticeship/on-the-job training and correspondence courses.


=== Chapter 33 (Post-9/11) ===

Congress, in the summer of 2008, approved an expansion of benefits beyond the current G.I. Bill program for military veterans serving since the September 11 attacks originally proposed by Democratic Senator Jim Webb.  Beginning in August 2009, recipients became eligible for greatly expanded benefits, or the full cost of any public college in their state. The new bill also provides a housing allowance and $1,000 a year stipend for books, among other benefits.
The VA announced in September 2008 that it would manage the new benefit itself instead of hiring an outside contractor after protests by veteran's organizations and the American Federation of Government Employees. Veterans Affairs Secretary James B. Peake stated that although it was ""unfortunate that we will not have the technical expertise from the private sector,"" the VA ""can and will deliver the benefits program on time.""
In December 2010 Congress passed the Post-9/11 Veterans Education Assistance Improvements Act of 2010. The law, often referred to as G.I. Bill 2.0, expands eligibility for members of the National Guard to include time served on Title 32 or in the full-time Active Guard and Reserve (AGR). It does not, however, cover members of the Coast Guard Reserve who have served under Title 14 orders performing duties comparable to those performed by National Guard personnel under Title 32 orders.
The 2010 law also includes enrollment periods. In this case if the veteran is full-time, and the maximum BAH rate is $1500 per month, then the veteran will receive (13/30)x$1500 = $650 for the end of the first period of enrollment, then the veteran will receive (10/30)x$1500 = $500 for the beginning of the second period of enrollment. Effectively, the change in break-pay means the veteran will receive $1150 per month for August instead of $1500 per month. This has a significant impact in December - January BAH payments since most Colleges have 2-4 week breaks.
Another change enables active-duty servicemembers and their G.I. Bill-eligible spouses to receive the annual $1,000 book stipend (pro-rated for their rate of pursuit), adds several vocational, certification and OJT options, and removes the state-by-state tuition caps for veterans enrolled at publicly funded colleges and universities.
Changes to Ch. 33 also includes a new $17,500 annual cap on tuition and fees coverage for veterans attending private colleges and foreign colleges and universities.


=== Chapter 34 (Vietnam Era G.I. Bill) ===
The Vietnam Era G.I. Bill provided educational assistance for service members serving on Active Duty for more than 180 days with any portion of that time falling between January 31, 1955, and January 1, 1977.  To be eligible, service members must have been discharged under conditions other than dishonorable.  There was no service member contribution for this program like Chapter 30 or 32.  This program was sunset on December 31, 1989.


=== Chapter 35 (Survivors' and Dependents' Educational Assistance Program) ===
The Survivors' and Dependents' Educational Assistance (DEA) Program delivers education and training advantages to dependents from eligible resources to veterans who have either have a terminal illness due to a service-related condition, or who were called to active duty or had a disability related to serving in the American forces in the United States. That program gives around 50 months of education benefits. However, there are still more opportunities. The benefits may be used for degree and certificate programs, apprenticeship, and on the job training. Spouses of veterans and former spouses are offered free courses occasionally.


=== Chapter 1606 (Montgomery GI Bill- Selective Reserve) ===
The Montgomery G.I. Bill — Selected Reserve (MGIB-SR) program may be available to members of the
Selected Reserve, including all military branch reserve components as well as the Army National Guard and Air National Guard. This benefit may be used for degree and certificate programs, flight training, apprenticeship/on-the-job training and correspondence courses.


=== Chapter 1607 (Reserve Educational Assistance Program) ===

The Reserve Educational Assistance Program (REAP) was available to all reservists who, after September 11, 2001, complete 90 days or more of active duty service ""in support of contingency operations."" This benefit provided reservists return from active duty with up to 80% of the active duty (Chapter 30) G.I. Bill benefits as long as they remained active participants in the reserves.  Chapter 1607 was sunset on November 25, 2019, to make way for the Post 9/11 G.I. Bill.


== MGIB comparison chart ==


== Other legal safeguards ==
The State of California has an 85-15 rule that aims to prevent predatory for-profit colleges and ""fly-by-night schools"" from targeting veterans.
In 2012, President Barack Obama issued Executive Order 13607 to ensure that military service members, veterans, and their families would not be aggressively targeted by sub-prime colleges.


== GI Bill comparison tool and college choice ==
The Department of Veterans Affairs maintains a website for veterans to compare colleges that use the GI Bill, in order to use their educational benefits wisely.
The VA also has a GI Bill feedback system for veterans to lodge their complaints about schools they are attending.


== See also ==
Social history of soldiers and veterans in the United States


== References ==


== Further reading ==


== External links ==
Official

Official website 
GI Bill Comparison Tool
General information

The American Legion's MyGIBill.org Archived December 9, 2011, at the Wayback Machine
Education Benefits Available by States
Guide to the GI Bill Oral Histories 2003-2004",The Montgomery bill was founded in 1984.,"The Servicemen's Readjustment Act of 1944 (P.L. 78-346, 58 Stat. 284m), known informally as the G.I. Bill, was a law that provided a range of benefits for returning World War II veterans (commonly referred to as G.I.s ).",0,0,supported,0.231753021109,-0.05516248412865815,-0.6619498095438978,12,,0.7953062057495117,1.61659685944,1.18300336089,0.9314409415959071,2,-2.94365102359,0.0,0.0,0.0,1.0,0.00040435791015625,0.0002541542053222656,0.99951171875,-0.4249798205467227,0.3953257390388866,0.42857142857142855,0.3108108108108108,0.5,abstain
Q348_217,wikiqa,what county is wilton ca in,"Wilton is a census-designated place (CDP) in Sacramento County, California, United States. It is part of the Sacramento–Arden-Arcade–Roseville Metropolitan Statistical Area. The population was 5,958 at the 2020 census, up from 5,363 at the 2010 census.


== Geography and environment ==
Wilton is located at 38°24′34″N 121°13′27″W (38.409556, -121.224264).  According to the United States Census Bureau, the CDP has a total area of 29.0 square miles (75 km2), all of it land.
Historically the Wilton vicinity has been a locale of considerable haying and pasture usage; the depth to groundwater is typically about 150 to 175 feet (46 to 53 meters).
Wilton lies partially in the floodplain of the Cosumnes River. Because some areas of Wilton are in a flood zone, water can be in the streets during the rainy season. In 1997, an El Nino/La Nina year, levees broke and some homes were flooded to the rooftops. On New Years Eve of 2022, parts of Wilton were evacuated due to a flood warning after levee breaches on the Cosumnes River.


== Demographics ==

Wilton first appeared as a census designated place in the 1990 U.S. census.


=== 2020 ===
The 2020 United States census reported that Wilton had a population of 5,958. The population density was 205.4 inhabitants per square mile (79.3/km2). The racial makeup was 68.9% White, 2.0% African American, 1.6% Native American, 5.2% Asian, 0.5% Pacific Islander, 6.9% from other races, and 14.8% from two or more races. Hispanic or Latino of any race were 19.7% of the population.
The census reported that 99.4% of the population lived in households, 0.6% lived in non-institutionalized group quarters, and no one was institutionalized.
There were 2,039 households, out of which 30.8% included children under the age of 18, 66.6% were married-couple households, 4.0% were cohabiting couple households, 15.6% had a female householder with no partner present, and 13.8% had a male householder with no partner present. 16.2% of households were one person, and 8.1% were one person aged 65 or older. The average household size was 2.91. There were 1,619 families (79.4% of all households).
The age distribution was 21.2% under the age of 18, 7.9% aged 18 to 24, 18.8% aged 25 to 44, 29.7% aged 45 to 64, and 22.4% who were 65 years of age or older. The median age was 46.7 years. For every 100 females, there were 100.8 males.
There were 2,196 housing units at an average density of 75.7 units per square mile (29.2 units/km2), of which 2,039 (92.9%) were occupied. Of these, 88.2% were owner-occupied, and 11.8% were occupied by renters.
In 2023, the US Census Bureau estimated that the median household income was $171,579, and the per capita income was $55,949. About 2.1% of families and 5.4% of the population were below the poverty line.


=== 2010 ===
The 2010 United States census reported that Wilton had a population of 5,363. The population density was 184.9 inhabitants per square mile (71.4/km2). The racial makeup of Wilton was 2,234 (78.9%) White, 169 (3.2%) African American, 45 (0.8%) Native American, 289 (5.4%) Asian, 13 (0.2%) Pacific Islander, 343 (6.4%) from other races, and 270 (5.0%) from two or more races.  Hispanic or Latino of any race were 683 persons (12.7%).
The Census reported that 3,341 people (99.6% of the population) lived in households, 16 (0.3%) lived in non-institutionalized group quarters, and 6 (0.1%) were institutionalized.
There were 1,865 households, out of which 613 (32.9%) had children under the age of 18 living in them, 1,281 (68.7%) were opposite-sex married couples living together, 130 (7.0%) had a female householder with no husband present, 84 (4.5%) had a male householder with no wife present.  There were 66 (3.5%) unmarried opposite-sex partnerships, and 17 (0.9%) same-sex married couples or partnerships. 284 households (15.2%) were made up of individuals, and 124 (6.6%) had someone living alone who was 65 years of age or older. The average household size was 2.86.  There were 1,495 families (80.2% of all households); the average family size was 3.18.
The population was spread out, with 1,240 people (23.1%) under the age of 18, 416 people (7.8%) aged 18 to 24, 975 people (18.2%) aged 25 to 44, 1,879 people (35.0%) aged 45 to 64, and 853 people (15.9%) who were 65 years of age or older.  The median age was 45.5 years. For every 100 females, there were 98.9 males.  For every 100 females age 18 and over, there were 98.2 males.
There were 2,090 housing units at an average density of 72.1 per square mile (27.8/km2), of which 1,620 (86.9%) were owner-occupied, and 245 (13.1%) were occupied by renters. The homeowner vacancy rate was 2.2%; the rental vacancy rate was 5.0%.  4,646 people (86.6% of the population) lived in owner-occupied housing units and 695 people (13.0%) lived in rental housing units.


== Politics ==
In the state legislature Wilton is in the  6th senatorial district, represented by Republican Roger Niello, and in the  9th Assembly district, represented by Republican Heath Flora.
Federally, Wilton is in California's  7th congressional district, represented by Democrat Doris Matsui.


== Bibliography ==


== External links ==",Sacramento County,"Wilton is a census-designated place (CDP) in Sacramento County , California , United States .",1,0,supported,-0.801532938988,-0.00195742302541276,-0.005872269076238279,3,,1.0,-0.339716170605,-0.604793524354,0.0,1,-2.38512552934,0.0,0.0,0.0,1.0,0.379638671875,0.2227783203125,0.397705078125,-0.4432115048441426,0.3909759985543968,0.42857142857142855,0.3108108108108108,0.5,abstain
Q1727_890,wikiqa,who sang what a wonderful world,"""What a Wonderful World"" is a song written by Bob Thiele (as ""George Douglas"") and George David Weiss. It was first recorded by Louis Armstrong on August 16, 1967. In April 1968, it topped the pop chart in the United Kingdom, but performed poorly in the United States because Larry Newton, the president of ABC Records, disliked the song and refused to promote it.
After it was heard in the film Good Morning, Vietnam, it was reissued as a single in 1988, and rose to number 32 on the Billboard Hot 100. Armstrong's recording was inducted to the Grammy Hall of Fame in 1999.


== Composition and production ==
Thiele, using the pseudonym George Douglas, co-wrote the song with George Weiss. Thiele's real name has been used for the composer credits from 1988 onward. Thiele said the following regarding his inspiration for the song: ""[I]n the mid-1960s during the deepening national traumas of the Kennedy assassination, Vietnam, racial strife, and turmoil everywhere, my co-writer George David Weiss and I had an idea to write a 'different' song specifically for Louis Armstrong that would be called 'What a Wonderful World.'"" Thiele also produced the original recording of the song, using his real name for the production credit. In Graham Nash's book Off the Record: Songwriters on Songwriting, George Weiss says he wrote the song specifically for Louis Armstrong, as he was inspired by Armstrong's ability to bring together people of different races.
One source claims the song was first offered to Tony Bennett, who turned it down, although Louis Armstrong biographer Ricky Riccardi disputes this.
Armstrong was gigging at the Tropicana Hotel in Las Vegas, so he chose to record the song nearby at Bill Porter's United Recording studio. The session was scheduled to follow Armstrong's midnight show, and by 2 a.m. the musicians were settled and tape was rolling. Arranger Artie Butler was there with songwriters Weiss and Thiele, and Armstrong was in the studio singing with the orchestra. Armstrong had recently signed to ABC Records, and ABC president Larry Newton showed up to photograph Armstrong. Newton wanted a swingy pop song like ""Hello, Dolly!"", a big hit for Armstrong when he was with Kapp Records, so when Newton heard the slow pace of ""What a Wonderful World"", he tried to stop the session. Newton was physically removed and locked out of the studio for his disruption, which resulted in Newton later refusing to promote the song.
A second problem arose with the taping session when nearby freight train horns interrupted the music twice, forcing the orchestra to start over. Armstrong shook his head and laughed off the distractions, keeping his composure. The session ended around 6 a.m., going longer than expected. To be sure the orchestra members were paid extra for their overtime, Armstrong accepted only $250 musicians' union scale for his work.


== Release and reception ==
Because Newton refused to promote the song, it initially sold fewer than 1,000 copies in the US. It was a major success in the United Kingdom, however, reaching number 1 on the UK Singles Chart. In the US, it eventually reached number 116 on the Billboard Bubbling Under Chart. It was also the biggest-selling single of 1968 in the UK, where it was among the last pop singles issued by His Master's Voice before it became an exclusively classical music label. The song made Armstrong the oldest male to top the UK Singles Chart. (His record was broken in 2009 when a remake of ""Islands in the Stream"" recorded for Comic Relief—which included the 68-year-old Tom Jones—reached number 1.)
ABC Records' European distributor EMI forced ABC to issue a What a Wonderful World album in 1968 (catalogue number ABCS-650). It did not chart in the United States, due to ABC not promoting it, but charted in the UK where it was issued by Stateside Records with catalogue number SSL 10247 and peaked on the British chart at number 37.


== Enduring success ==
The song gradually became something of a pop standard. An episode of The Muppet Show produced in 1977 and broadcast early in 1978 featured Rowlf the Dog singing the song to a puppy. In 1978, it was featured in the closing scenes of BBC radio's The Hitchhiker's Guide to the Galaxy, and was repeated for BBC's 1981 TV adaptation of the series. In 1988, Armstrong's recording was used in the film Good Morning, Vietnam (despite its setting in 1965, two years before the song was recorded) and was re-released as a single, reaching number 32 on the Billboard Hot 100 chart in February 1988. It charted at number 1 for the fortnight ending June 27, 1988, on the Australian chart.
When the ABC television sitcom Family Matters premiered in 1989, Armstrong's version of ""What a Wonderful World"" was used as the show's theme song. However, after the fifth episode, it was replaced by the original song ""As Days Go By"".
In 2001, rappers Ghostface Killah, Raekwon, and the Alchemist released ""The Forest,"" a song that begins with three lines of lyric adapted from ""What a Wonderful World"", altered to become ""an invitation to get high"" on marijuana. The rappers and their record company, Sony Music Entertainment, were sued by Abilene Music, the owners of ""What a Wonderful World"". The suit was thrown out after Judge Gerard E. Lynch determined that the altered lyric was a parody, transforming the uplifting original message to a new one with a darker nature.
After it was released digitally, Armstrong's 1967 recording had sold over 2,173,000 downloads in the United States as of April 2014.
In 2021, it was ranked at No. 171 on Rolling Stone's ""Top 500 Best Songs of All Time"".


== Charts and certifications ==


=== Weekly charts ===


=== Certifications ===


== Eva Cassidy and Katie Melua version ==

In 2007, Georgian-British singer-songwriter Katie Melua recorded a version of ""What a Wonderful World"" with American singer and guitarist Eva Cassidy, who had died in 1996. Recorded by Melua singing over the original Cassidy track, the duet was released in late 2007 as a charity single for the British Red Cross. Melua, who considers Cassidy one of her musical idols, had previously sung with Cassidy in this manner on Christmas Eve 2006, when she performed ""Over the Rainbow"" on the BBC One television program Duets Impossible with a videotape of Cassidy singing the song. This version of ""What a Wonderful World"" was available for purchase only at Tesco stores and on the Tesco Direct website.
Upon its release, the single debuted at number 45 on the Scottish Singles Chart on the week of December 9, 2007. The next week, the song rose 44 positions to number one while also debuting at number one on the UK Singles Chart, giving both Cassidy and Melua their first number-one single in the United Kingdom. It became the first UK number-one single to be available through only one retailer, with 97 percent of its weekly 56,114 sales coming from the physical CD format sold at Tesco. The song quickly descended the UK chart after peaking, spending five weeks in the UK top 100. The cover was also successful in Sweden, reaching number 19 in November 2008, and became a minor hit in the Wallonia region of Belgium.
When the song reached number one in the UK, Melua thanked everyone who bought the single, saying, ""Thank you to everyone who has shown such festive goodwill."" The duet was later included on her 2008 compilation album The Katie Melua Collection.


=== Charts ===


==== Weekly charts ====


==== Year-end charts ====


== Other notable versions ==
1988: Willie Nelson, on his album What a Wonderful World (reached number 6 on the Billboard Top Country Albums)
1989: Roy Clark, on his album What a Wonderful World (peaked at No. 73 on the Billboard Hot Country Singles chart)
1992: Nick Cave and Shane MacGowan, the lead single and title track to their split album What a Wonderful World (reached number 72 on the UK charts)
1993: Israel Kamakawiwo'ole, Hawaiian ukulele version (medley with ""Somewhere Over the Rainbow"") on the album Facing Future (sold over 2.5 million copies in the U.S. and Canada alone)
1999: Kenny G, on his Classics in the Key of G album, combined his own saxophone playing with Armstrong's vocals and other elements of the original recording. Music critics were scathing, and jazz guitarist Pat Metheny was appalled, writing on his website that the combination was ""musical necrophilia"". The song reached number 22 on the US Adult Contemporary chart in September 1999.
1999: Anne Murray, on What a Wonderful World which also spawned a book and video (the album reached No. 1 on the US CCM chart, No. 4 on the US Country chart, No. 38 on the top 200, and No. 15 on the Canadian Country charts)
2001: Joey Ramone recorded a version for his first solo album Don't Worry About Me, which was released posthumously in 2002.
2004: Rod Stewart recorded a version of the song with Stevie Wonder for Stewart's album Stardust: The Great American Songbook, Volume III (released in the United States as the lead single from the album and by early 2005 reached No. 13 on the Billboard Adult Contemporary chart).
2010: Robert Wyatt, with Ros Stephen and Gilad Atzmon, recorded a version for the album For The Ghosts Within. The song was also released as a single.
2011: Bob Thiele Jr. did a cover of the song which was performed by Alison Mosshart and the Forest Rangers for the FX series Sons of Anarchy (SE4E1 Out) and was included in Songs of Anarchy: Music from Sons of Anarchy Seasons 1–4 album.
2012: Pat Byrne's version reached No. 3 in the Irish Singles Chart after appearing on The Voice of Ireland.
2018: Barbra Streisand blended the song with Lennon's ""Imagine"" for her album Walls.
2019: Reuben and the Dark contributed a cover of the song for the soundtrack of the 2020 film Dolittle.


== References ==


== External links ==
How political is What A Wonderful World? – BBC News article about history and meaning of song","Louis Armstrong sang ""What a Wonderful World.""","""What a Wonderful World"" is a song written by Bob Thiele (as ""George Douglas"") and George David Weiss .",0,0,supported,0.394222583724,-0.06352822540473885,-0.5717540286426497,9,,0.387063205242157,5.51828378769,-0.604793524354,0.0,1,-0.469149150692,1.0,1.0,0.0,0.0,0.793212890625,0.0987710952758789,0.10792160034179688,-0.3949079978255017,0.40253636057471953,0.42857142857142855,0.3108108108108108,0.5,abstain
Q29_23,wikiqa,how old were golden girls at time of show,"The Golden Girls is an American sitcom created by Susan Harris that aired on NBC from September 14, 1985, to May 9, 1992. The series comprises 180 half-hour episodes across seven seasons and features an ensemble cast led by Bea Arthur, Betty White, Rue McClanahan, and Estelle Getty. Set in Miami, Florida, the show centers on four older women who share a home and navigate friendship, aging, and daily life.
The series was produced by Witt/Thomas/Harris Productions in association with Touchstone Television. Paul Junger Witt, Tony Thomas, and Susan Harris served as the original executive producers.
The Golden Girls received critical acclaim during its original run and earned numerous accolades, including two Primetime Emmy Awards for Outstanding Comedy Series and three Golden Globe Awards for Best Television Series – Musical or Comedy. Each of the four lead actresses won a Primetime Emmy Award, making it one of only four sitcoms in history in which all principal cast members received Emmy recognition. The show ranked among the Nielsen top 10 for six of its seven seasons.
In 2013, TV Guide ranked The Golden Girls number 54 on its list of the 60 Best Series of All Time. In 2014, the Writers Guild of America placed the sitcom at number 69 in their list of the ""101 Best Written TV Series of All Time"". Terry Tang of the Associated Press reported that the series continues to attract new fans in the 21st century and characterized it as an example of a sitcom that has aged well.


== Premise ==
The show, featuring an ensemble cast, revolves around four older single women (three widows and one divorcée) sharing a house in Miami while navigating their ""golden years"" with humor, friendship, and occasional chaos. The owner of the house is a widow named Blanche Devereaux (McClanahan), who was joined by fellow widow Rose Nylund (White) and divorcée Dorothy Zbornak (Arthur) after they both responded to an ad on the bulletin board of a local grocery store, a year before the start of the series. In the pilot episode, the three are joined by Dorothy's 80-year-old widowed mother, Sophia Petrillo (Getty), after the retirement home where she lived burned down.
Many episodes of the series followed a similar format or theme. For example, one or more of the women would become involved in some sort of problem, often involving other family members, men, or an ethical dilemma. At some point, they would gather around the kitchen table and discuss the problem, sometimes late at night and often while eating cheesecake, ice cream, or some other dessert. One of the other girls then told a story from her own life, which somehow related to the problem (though Rose occasionally regaled the others with a nonsense story that had nothing to do with the situation, and Sophia told outrageous, made-up stories). Some episodes featured flashbacks to previous episodes, flashbacks to events not shown in previous episodes, or to events that occurred before the series began.


=== Finale ===
The Golden Girls came to an end when Bea Arthur chose to leave the series. In the hour-long series finale, which aired in May 1992, Dorothy meets and marries Blanche's uncle Lucas (Leslie Nielsen) and moves to Hollingsworth Manor in Atlanta. Sophia is to join her, but in the end, she stays behind with the other women in Miami. This led into the spin-off series The Golden Palace.
The series finale of The Golden Girls was watched by 27.2 million viewers. As of 2016, it was the 17th-most watched television finale.


== Episodes ==


== Cast and characters ==


=== Main ===

Beatrice Arthur as Dorothy Zbornak (née Petrillo, later Zbornak-Hollingsworth), an Italian American substitute teacher born in Brooklyn, New York City, to Sicilian immigrants Sophia and Salvadore ""Sal"" Petrillo. Dorothy became pregnant while still in high school, resulting in a marriage to Stanley ""Stan"" Zbornak (Herb Edelman) to legitimize the baby. Stan and Dorothy divorced after 38 years when Stan left the marriage for a young flight attendant. The marriage produced two children, Kate and Michael. In the series' final episode, Dorothy marries Blanche's uncle, Lucas Hollingsworth, and relocates to Atlanta. In season one, episode seven, Dorothy is stated to be 55. She is practical, sarcastic, short tempered, a follower of current events, and is often seen as the voice of reason.
Betty White as Rose Nylund (née Lindström), a Norwegian American, from the small farming town of St. Olaf, Minnesota. Often naive and known for her humorously peculiar stories of life growing up in her hometown, Rose was happily married to Charlie Nylund, with whom she had five children: daughters Kirsten, Bridget, and Gunilla, and sons Adam and Charlie Jr. Upon her husband's death, she moved to Miami. She eventually finds work at a grief counseling center, but later switches careers and becomes assistant to a consumer reporter, Enrique Mas, at a local TV station. In later seasons, Rose becomes romantically involved with college professor Miles Webber. During season six, Miles is revealed to have been in the Witness Protection Program. Their relationship continues throughout the series and briefly into the sequel series, The Golden Palace. Rose is sweet, kind, and very competitive. Many of the jokes about Rose focus on her perceived lack of intelligence.
Rue McClanahan as Blanche Devereaux (née Hollingsworth), a Southern belle, employed at an art museum. Born into a wealthy family, Blanche grew up on a plantation outside of Atlanta, Georgia, prior to her relocation to Miami, where she lived with her husband, George, until his death. Their marriage produced five children: daughters Janet and Rebecca, and sons Doug, Biff, and Matthew (nicknamed ""Skippy""). A widow, Blanche is portrayed as self absorbed and man hungry, although she still mourns her husband. She has two sisters, Virginia and Charmaine, and a younger brother, Clayton. Another brother, Tad, is seen in the spin-off series. Many of the jokes about Blanche focus on her promiscuity.
Estelle Getty as Sophia Petrillo (née Grisanti, later Petrillo-Weinstock), Dorothy's mother; born in Sicily, Sophia moved to New York after fleeing an arranged marriage to Guido Spirelli. She married Salvadore ""Sal"" Petrillo, with whom she had three children: Dorothy, Gloria, and Phil, a cross-dresser who later dies of a heart attack (episode ""Ebbtide's Revenge""). Initially a resident of the Shady Pines retirement home (after having had a stroke prior to the start of the series), she moved in with Blanche, Rose, and Dorothy following a fire at the institution. Sophia is portrayed as a quick-witted straight talker and a great cook. Despite portraying Dorothy's elderly mother, in reality, Getty was a year younger than Arthur.


=== Recurring ===
Herb Edelman as Stanley ""Stan"" Zbornak, Dorothy's cheating, freeloading ex-husband, who left her to marry a young flight attendant, Chrissy, who later left him. Stan married another woman, Catherine, in season four, but they divorced off-screen in season five. Stanley worked as an unsuccessful novelty item salesman until he became a successful entrepreneur by inventing the ""Zbornie"", which was a utensil used to open baked potatoes. Many of Stan's plot lines were centered around the fact that Dorothy was still bitter about their divorce and the way he left her. Attempts at reconciliation were made by both Stan and Dorothy throughout the series, particularly episode 12 of season one and episodes 16 and 17 of season six. They made peace in the series finale when Stan accepted Dorothy's decision to marry Lucas Hollingsworth.
Harold Gould as Miles Webber, Rose's professor boyfriend from season five onwards. In season six, Miles reveals he is in the witness protection program and was a bookkeeper for a mobster. Gould also guest-starred once in the first season as Arnie Peterson, Rose's first serious boyfriend after her husband Charlie's death.
Sid Melton as Salvadore ""Sal"" Petrillo, Sophia's late husband, is usually seen in dreams or flashback sequences. Melton also appears as Don the Fool, a waiter at a medieval-themed restaurant in season six.
Shawn Schepps and Debra Engle as Blanche's daughter, Rebecca Devereaux. She was an overweight former model in an emotionally abusive relationship, but she later slimmed down and had a baby girl named Aurora by artificial insemination.
Monte Markham and Sheree North as Blanche's siblings Clayton Hollingsworth and Virginia Hollingsworth Warren. Virginia and Blanche were estranged from each other for a long time, until they reconciled in season one. They became estranged again in season five after their father's funeral. Clayton is a closeted gay man who had trouble coming out to Blanche. She eventually accepted Clayton and his new boyfriend when the two got married.
Bill Dana and Nancy Walker portrayed Sophia's siblings Angelo and Angela. Bill Dana appears in seven episodes (seasons three-seven), while he also played Sophia's father in a fourth season episode. Nancy Walker starred in two episodes in season two.
Doris Belack and Dena Dietrich as Gloria Petrillo-Harker, Dorothy's younger sister. She is married to a wealthy man in California. In a two-part episode in Season 7, she has lost all of her money and becomes romantically involved with Stan, but she eventually comes to think of him as a yutz and breaks up with him.
Scott Jacoby is Dorothy's traveling musician son Michael Zbornak; in season three, he married Lorraine Wagner, an older black woman who sang with his band, but by season five, they are divorced.
Lynnie Greene (credited as Lyn Greene) is a younger Dorothy in flashbacks.
Lisa Jane Persky and Deena Freeman portrayed Dorothy's daughter, Kate Zbornak-Griffiths. She was an interior decorator in New York, married to Dennis Griffiths, a podiatrist.


== Production ==


=== Creation ===

Ideas for a comedy series about older women emerged during the filming of a television special at NBC Studios in Burbank, California, in August 1984. Produced to introduce the network's 1984–85 season schedule, two actresses appearing on NBC shows, Selma Diamond of Night Court and Doris Roberts of Remington Steele, appeared in a skit promoting the upcoming show Miami Vice as Miami Nice, a parody about old people living in Miami. NBC senior vice president Warren Littlefield was among the executive producers in the audience who were amused by their performance, and he envisioned a series based on the geriatric humor the two were portraying.
Shortly afterward, he met with producers Paul Junger Witt and Tony Thomas, who were pitching a show about a female lawyer. Though Littlefield nixed their idea, he asked if they would be interested in delivering a pilot script for Miami Nice, instead. Their regular writer declined, so Witt asked his wife, Susan Harris, who had been semiretired since the conclusion of their ABC series Soap. She found the concept interesting, as ""it was a demographic that had never been addressed,"" and she soon began work on it. Though her vision of a sitcom about women in their 60s differed from NBC's request for a comedy about women around 40 years old, Littlefield was impressed when he received her pilot script and subsequently approved production of it. The Cosby Show director Jay Sandrich, who had previously worked with Harris, Witt, and Thomas on Soap, agreed to direct the pilot episode.
The pilot included a gay house attendant, Coco (Charles Levin), who lived with the girls. Levin had been suggested by then-NBC president Brandon Tartikoff based on Levin's groundbreaking portrayal of a recurring gay character, Eddie Gregg, on NBC's Emmy-winning drama Hill Street Blues. After the pilot, the character of Coco was eliminated from the series.
The Walt Disney Company, NBC Studios and the creators were named in a federal copyright infringement suit filed by Nancy Bretzfield claiming the show was based on a script rejected by NBC in 1980. The suit was later settled.
According to the actor Mark Feuerstein, Susan Harris has stated that she intended The Golden Girls to be a show about four Jewish women. Feuerstein said that ""She wrote it about four old Jewish women living in Florida.  They shot a pilot, it was great and everyone was excited, but the network told her ‘Rewrite it. Nobody is interested in watching four old Jewish women.’""


=== Casting ===

The part of Sophia Petrillo was the first of the four roles to be cast. Estelle Getty auditioned and won the role as the feisty mother of character Dorothy Zbornak, due, in part, to the rave reviews she garnered in her off-Broadway role reprisal for the 1984 Los Angeles run of Torch Song Trilogy. Afterwards, Getty returned to New York, but her manager sent her back to California in early 1985. Getty figured it would be her last chance to find television or film work, and she would return home to New York if she were unsuccessful.
Casting director Judith Weiner had seen Torch Song Trilogy, and thought Getty was terrific in it. She was also impressed by Getty's audition for the role of the mother of Steven Keaton (played by actor Michael Gross), for a guest episode of Family Ties. Although Getty was impressive, the show's producers went with another actress. Getty came to Weiner's mind soon after, when it became time to begin casting of The Golden Girls.
Getty, who went through a three-hour transformation to become Sophia, wore heavy make-up, thick glasses, and a white wig to look the part. The character of Sophia was thought by the creators to enhance the idea that three retirement-aged women could be young. Disney's Michael Eisner explains, ""Estelle Getty made our three women into girls. And that was, to me, what made it seem like it could be a contemporary, young show."" Getty continuously battled stage fright during her tenure on the show. In a 1988 interview, Getty commented on her phobia and expressed how working with major stars, such as Arthur and White, made her even more nervous. At times, she even froze on camera while filming.
Hired to shoot the pilot, director Jay Sandrich also became instrumental in helping to cast the roles of Blanche Devereaux and Rose Nylund. Both Rue McClanahan and Betty White came into consideration, as the series Mama's Family, in which the two co-starred, had been cancelled by NBC. Producers wanted to cast McClanahan as Rose and White as Blanche based on roles they had previously played; White portrayed the man-hungry Sue Ann Nivens on The Mary Tyler Moore Show, while McClanahan co-starred as the sweet but scatterbrained Vivian Harmon in Maude. Eager not to be typecast, they took the suggestion of Sandrich and switched roles at the last minute.
In the pilot script, Blanche was described as ""more Southern than Blanche DuBois"", so McClanahan was perplexed when she was asked by director Sandrich during the filming of the pilot not to use the strong Southern accent she had developed, but to use her natural Oklahoma accent instead. Once the show was picked up for a first season, new director Paul Bogart felt exactly the opposite, insisting that McClanahan use a Southern accent. McClanahan deliberately exaggerated her accent, stating, ""I played Blanche the way I felt Blanche. She thought an accentuated Southern accent... would be sexy and strong and attractive to men. She wanted to be a Southern heroine, like Vivien Leigh. In fact, that's who I think she thought she was.""
Though Harris had created the character of Dorothy with a ""Bea Arthur type"" in mind, Littlefield and the producers initially envisioned actress Elaine Stritch for the part. Stritch's audition flopped, however, and under the impression that Arthur did not want to participate, Harris asked McClanahan if she could persuade Arthur, with whom she worked previously on the CBS sitcom Maude, to take the role. Arthur flipped upon reading the script, but felt hesitant about McClanahan's approach, as she did not ""want to play (their Maude characters) Maude and Vivian meet Sue Ann Nivens."" She reconsidered, however, after hearing that McClanahan and White had switched roles.
Arthur and White worked well together in shared mutual respect, but they did not pursue a personal friendship with one another outside of The Golden Girls set. Arthur's son, Matthew Saks, later spoke of tension between the two actresses, stating that his mother, ""unknowingly carried the attitude that it was fun to have somebody to be angry at...It was almost like Betty became her nemesis, someone she could always roll her eyes about at work."" Both actresses had dramatically different training and acting backgrounds; Saks commented on White's habit of breaking the fourth wall to engage and joke with the studio audience during breaks between filming, which Arthur found unprofessional. “Those two couldn’t warm up to each other if they were cremated together,” co-producer Marsha Posner Williams recalled during a celebration of the series’ 40th anniversary in 2025. Williams added that Arthur referred to White as a ""cunt"" on more than one occasion. In 2011, White stated that she believed it was her ""positive attitude"" and perky demeanor that got on Arthur's nerves. However, Arthur preferred that all four castmates break together for workday lunch.


=== Pilot ===
The Golden Girls television pilot was filmed on April 17, 1985. In addition to the four ladies, the pilot featured a gay cook/butler named Coco, played by Charles Levin. While taping, the show's writers and producers, as well as the NBC representatives attending, noticed the audible audience response to Estelle Getty's short performance as Sophia. After the pilot was green lit, the producers of The Golden Girls decided to make Getty a regular cast member rather than an occasional guest star. This would mean there wouldn't be enough weekly airtime or dialogue for a regular cast of five. In addition, the writers observed that in many of the proposed scripts, the main interaction between the women occurred in the kitchen while preparing and eating food. They decided that this would be nearly impossible with a live-in cook. In the end it was decided to write out Levin's character.


=== Writing and taping ===
The show was the second television series to be produced by the Walt Disney Company under the Touchstone Television label (and the first one to be successful), and was subsequently distributed by Buena Vista International, Inc. (which holds as the ownership stake in Disney Channel Southeast Asia, now Disney–ABC Television Group). The Golden Girls was shot on videotape in front of a live studio audience.
Creator Susan Harris went on to contribute another four episodes to the first season, but became less involved with the sitcom throughout its run; she continued reading all scripts, however, and remained familiar with most of the storylines. Kathy Speer and Terry Grossman were the first head writers of the series, and wrote for the show's first four seasons. As head writers, Speer and Grossman, along with Mort Nathan and Barry Fanaro, who won an Emmy Award for outstanding writing for the first season, gave general ideas to lower staff writers, and personally wrote a handful of scripts each season.
In 1989, Marc Sotkin, previously a writer on Laverne & Shirley and a producer on another Witt/Thomas series, It's a Living, assumed head writing responsibilities, and guided the show (to varying degrees) during what were its final three seasons. Richard Vaczy and Tracy Gamble, previously writers on 227 and My Two Dads, also assumed the roles of producers and head writers. Beginning in 1990, Marc Cherry served as writer and producer, years before creating Desperate Housewives, which ran on ABC from 2004 to 2012. Mitchell Hurwitz also served as writer for the show in its last two seasons. Hurwitz later created Arrested Development for Fox and later for Netflix.
Cherry commented on read-throughs of the scripts that ""generally, if the joke was a good one, the women found a way to make it work the very first time they read it. You have a lot of table reads where the actors will mess it up because they don't understand what the characters are doing, or they misinterpret. But the women were so uniformly brilliant at nailing it the first time... we basically knew that if the women didn't get it right the first time, the joke needed to be replaced."" According to Cherry, the writers' room was ""a competitive atmosphere. There was a lot of competition to get your words into the script."" Writer Christopher Lloyd explained that the usual situation was for all of the more junior writers to be assigned the same scene to write, with the one judged the best version becoming the one chosen. This ""created a great deal of stress and competitiveness amongst those of us who weren't in that inner sanctum.""
After season three, Arthur had expressed her growing dissatisfaction with the disparaging jokes made about her physical appearance, which were often in the scripts. She expressed that she would not continue if changes were not made, but changes were made and jokes regarding Dorothy's physique appeared less often. Christopher Lloyd later said, ""I think that was a mistake we made, to be a little bit insensitive to someone who was an extremely sensitive person... I think we pushed that [the jokes about Arthur's appearance] a little bit far and I think she let it be known she didn't love that.""
Estelle Getty's stage fright, which affected her from the beginning of the show, grew worse as the show went on. According to McClanahan, by the end of season three, Getty had significant problems remembering her lines, which was attributed to anxiety. To aid her retention, Getty tried hypnosis, and the show hired an assistant to run lines with her before taping; neither method worked. She took to writing her lines on props at which she could glance easily, like the wicker purse Sophia always carried with her. The cast often had to stay behind after the audience had departed to redo scenes where Getty had flubbed her lines, and although this was at first met with resistance from the producers, cue cards were eventually introduced to help her. Rue McClanahan, who shared a dressing room with Getty, described the severity of Getty's stage fright: ""She'd panic. She would start getting under a dark cloud the day before tape day... You could see a big difference in her that day. She'd be walking around like Pig-Pen, under a black cloud. By tape day, she was unreachable. She was just as uptight as a human being could get. When your brain is frozen like that, you can't remember lines."" Getty died in 2008, the result of dementia with Lewy bodies. Her co-stars, in an interview, said that her disease had progressed to the point that she was not able to hold conversations with them or recognize them. Her difficulties remembering lines were later thought to be early signs of her dementia. (Getty did not have as many difficulties with this during her subsequent appearances as Sophia on The Golden Palace and Empty Nest.)
During season six, some uncertainty arose over whether Bea Arthur would commit to future seasons, or leave the show once her contract expired, to pursue other projects. Arthur felt the characters had been in every possible scenario, and wanted to end the series while it was still successful. Debbie Reynolds was brought on as a guest star in the season six episode ""There Goes the Bride: Part 2"" to test her chemistry with the other actresses as a possible replacement for Arthur, but Arthur chose to commit to a seventh and final season.


=== Exterior and interior sets ===
Blanche Devereaux's address was at 6151 Richmond Street in Miami, Florida. In reality, the exterior used for the first three and a half seasons of The Golden Girls was a residence at 245 North Saltair Avenue in Brentwood, California. In 1987, a front exterior replica was built in Bay Lake, Florida to be used for filming exterior shots for mid season three and onward. It was part of the backstage studio tour ride at Disney's Hollywood Studios. The structure was identical to the front of the North Saltair Avenue residence, with the exception of the immature landscaping. Over time it sustained hurricane damage (along with the Empty Nest home), leading to Disney's 2003 decision to bulldoze the houses of ""Residential Street"" and construct its Lights, Motors, Action!: Extreme Stunt Show attraction, later replaced by Star Wars: Galaxy's Edge. In 2020, owners of the original Brentwood home marketed the property for $3 million.
The show's designer, Ed Stephenson, took inspiration from his time living in Florida to design a ""Florida look"" for The Golden Girls house set. The wooden accents, columns, and doors were painted to mimic bald cypress wood, popular in South Florida homes, with rattan furniture and tropical-printed upholstery chosen for the furniture.
The kitchen set seen on The Golden Girls was originally used on an earlier Witt/Thomas/Harris series, It Takes Two, which aired on ABC from 1982 to 1983. However, the exterior backdrop seen through the kitchen window changed from the view of Chicago high-rises to palm trees and bushes for the Miami setting. Space was limited on the soundstage, so when the kitchen was off camera, it was usually detached from the rest of the set and the space used for something else. The doorway from the living room, with the alcove and baker's shelf just inside, was designed to give the illusion that the actors were walking into and out of the kitchen.


=== Costumes ===
Costume designer Judy Evans created distinctive looks for each of the four actresses to suit their characters' personalities and to reflect the Florida setting. According to Evans, ""I wanted a sexy, soft, and flowing look for Rue, a tailored, pulled-together look for Bea, a down-home look for Betty, and comfort for Estelle."" Anna Wyckoff of the Costume Designers Guild wrote, ""Evans took the direction from the producers to create a vibrant look for the four mature leads, and ran with it...redefining what 'dressing your age' looked like."" Many of the characters' outfits were designed by Evans and made especially, but seven to ten costume changes per episode were made between the four actresses, which entailed a great deal of off-the-rack shopping. Evans generally dressed the actresses in expensive pieces and high-quality fabrics, despite the recurring theme that the four characters were struggling with money, because, ""The main idea was to make them look good. We didn't want the show to be about four dowdy ladies.""
Bea Arthur had a preference for wearing loose-fitting clothing, like slacks and long sweaters, along with sandals, because she hated wearing shoes. She had established this signature look while playing Maude, and Evans honored it in her designs for Dorothy. Much of Arthur's wardrobe was custom-made because at the time, finding off-the-rack clothing that was flattering for a taller woman was difficult. Rue McClanahan had a special clause written into her contract allowing her to keep her costumes, which were mostly custom-made for her, utilising expensive fabrics. Eventually, McClanahan went on to create a clothing line for QVC called ""A Touch of Rue"", inspired by Blanche, but made with affordable fabrics and practical designs.


== Reception ==


=== Critical reception ===
The Golden Girls premiered to widespread acclaim, which it maintained throughout its run. On Metacritic, the series has an overall score of 82 out of 100, based on 6 reviews, indicating ""universal acclaim"".
During the NBC upfronts, the preview screening of the show got a standing ovation. The show promptly received a full order of 12 episodes. Dorothy was called ""Pussycat"" by her mother and ""Spumoni Face"" by her father. According to the episode ""Mary Has A Little Lamb"", Dorothy's childhood nickname among other children was ""Moose"". In the fourth-season episode ""Foreign Exchange,"" Dorothy discovers there is a possibility that she is the biological daughter of Dominic and Philomena Bosco, who claim they switched babies with the Petrillos at the hospital. Dorothy later dismisses this possibility, deciding the people who raised her are her real parents. Dorothy has two younger siblings, her brother Phil and her sister Gloria, nicknamed ""Kitten"" (played first by Doris Belack and later by Dena Dietrich). At an early age, Phil demonstrates that he sometimes prefers to wear feminine clothing, and Dorothy accepts this, remarking later that she sometimes borrowed her brother's outfits. While Dorothy and Phil are close and maintain affection into adulthood, Dorothy and Gloria are often at odds. Dorothy believes that Gloria unfairly judges her and resents that her mother sometimes refers to the younger sister as the ""good daughter,"" while Gloria resents Dorothy, considering her to be the favored daughter for being so responsible and intelligent. In adulthood, Dorothy becomes estranged from Gloria after the younger sister marries a wealthy man.
Throughout her childhood, Dorothy was a ""bookworm"" and became known as an ""overachiever"" in high school. Due to her height, sarcasm, obvious intelligence, and deep voice, she is sometimes mocked and becomes self-conscious. An early high school boyfriend is verbally and emotionally abusive to her, further harming her self-esteem. A boy who was supposed to be her date to high school prom is thought by Sophia to be dressed inappropriately for a formal event, so she sends him away and tells Dorothy he never arrived. Dorothy later accepts a date with Stan Zbornak (Herb Edelman) because she ""felt she couldn't do any better"". One of their dates results in Dorothy's first pregnancy. The show says this conception happened while Dorothy was drunk, which Sophia blames on Stan's actions and peer pressure. Dorothy later claims she was unconscious and wonders if Stan ""slipped"" her something in her drink. In another episode, Dorothy recalls Stan guilted her into sex by claiming he was drafted to the military and could die in combat in Korea. Learning Dorothy is pregnant, her father demands Stan marry her. The two drop out of high school soon before graduation and have a shotgun wedding. While ""One for the Money"" says the wedding occurred in May 1944, that doesn't align with Dorothy's age in season 1 (about 55) and other episodes indicating she was still in high school in 1945 and 1946. A later episode, ""An Illegitimate Concern"", sets their wedding date on June 1 of 1949. This child was their daughter Kate (originally played by Lisa Jane Persky and later by Deena Freeman, each of whom was several years younger than Kate would have been). Years later, they had a son, Michael (Scott Jacoby,) whom Dorothy would occasionally clash with due to the boy's habit of avoiding responsibility and reluctance to plan ahead.
Stan and Dorothy buy property in Miami during their honeymoon there and later make the city their home. Dorothy completes her high school education and attends college, majoring in American history. Her college roommate is Jean (former Miss America semifinalist Lois Nettleton), and the two become close friends. When Jean realizes years afterward that she is a lesbian, Dorothy accepts her (and later discovers Sophia always knew). During this time, Dorothy also teaches part-time at a school for the blind. She learns French and becomes a high school teacher, and later a substitute teacher, teaching mainly English and American History. Dorothy is a very dedicated and strong-willed teacher, earning the nickname ""Attila The Sub"" from some students. During this time, she becomes godmother to a friend's daughter, Jenny.
The Zbornak marriage involves many arguments and compromises, including years of struggle when Stan's business fails, but Dorothy later claims there were also many happy times together. After 38 years, Stan has an affair with a flight attendant named Chrissy and goes to Maui with her, having an attorney send Dorothy divorce papers rather than approaching her about it in person. Now divorced, Dorothy (keeping the surname of Zbornak) moves out of her house to rent a room in order to save more income. She meets Rose Nylund, a widow from the town of St. Olaf, and the two rent rooms in a house owned by widow Blanche Devereaux, from a wealthy family in Atlanta. By this time, Dorothy's father is dead, and her mother, Sophia, is a resident at a retirement community called Shady Pines after suffering a stroke. In the pilot episode of the series, Shady Pines burns down and Sophia moves into Blanche's remaining room so Dorothy can look after her, completing the quartet of The Golden Girls. Sophia resents that her daughter is now her caretaker, and Dorothy is likewise annoyed by Sophia's stubborn nature and biting remarks at times. After Shady Pines is rebuilt, Dorothy regularly threatens to send her mother back whenever Sophia's biting humor or reckless behavior tries her patience. In truth, she is fiercely protective of her mother, doing everything she can to protect and support the woman, often checking that Sophia is breathing when she is asleep or napping, making sure her mother regularly sees a doctor, and openly sharing her doubts and fears with the elder Petrillo.
Throughout the series, Dorothy navigates money concerns, returning to substitute teaching in order to provide for herself and Sophia, and romantic drama, searching for a new partner but often finding she is not ready or the match is not right. Dorothy also takes on other odd jobs on occasion. She teaches a night-school course for adults wishing to complete their high school equivalency, including Rose. She briefly takes a job teaching business executives but decides not to continue when they make it clear that they have no interest in learning new things. During summers, she works as a tutor for local children and, for a time, works alongside Blanche at the local museum. She briefly becomes a writer for the educational children's program The Mister Terrific Show and appears on the show as ""Mrs. School Teacher"" before quitting. At times, she pursues acting in local theatre and commercial work and briefly attempts stand-up comedy. For a brief time, Rose and Dorothy attempt to coach a children's football team. Dorothy also acts as a local event coordinator on a few occasions. When her ex-husband's uncle dies, she and Stan inherit his apartment building, and she becomes a landlady.
Family and old friends often bring drama into Dorothy's life. She deals with problematic relatives on multiple occasions, as well as her role as a mother. She gets to see both her children married, Kate to a podiatrist named Dennis, and Michael to a singer in his band named Lorraine. Dennis later cheats on Kate, but she forgives him, and they remain together. Dorothy is concerned about Michael's marriage since it is partially spurred by the fact that Lorraine is pregnant and is 44 years old, while he is in his 20s (though a later episode sets his age at several years older). However, she comes to accept the relationship and is happy to know she has a grandchild on the way. At times, Dorothy only realizes certain relationships and friendships are toxic when Blanche, Rose, and/or Sophia point it out to her (despite her occasional objections). Later in the series, Dorothy experiences the death of her brother, Phil, from heart problems.
Dorothy's ex-husband, Stan, periodically returns to her life, sometimes for the sake of a business venture, other times to reunite romantically after his relationship with Chrissy fails. At one point, Dorothy and Stan date again for months and decide to remarry, but Dorothy changes her mind when Stan insists on a prenuptial agreement minutes before the ceremony is to begin, stating that he needs the protection. The two later attend therapy together so they can have a healthier relationship and to help Stan accept that they are not reuniting. Later, Dorothy's sister Gloria, now a widow and broke after losing her money to junk bonds, comes to Miami to spend time with Sophia and ends up asking Dorothy how to live happily again and recover from depression and loneliness. Dorothy offers perspective, and the two start to reconcile, but Gloria then sleeps with Stan in Dorothy's bed. Gloria apologizes, but then does so again the same day. Learning Sophia encouraged the two of them to get together because she figured that Gloria needs someone to take care of her, Dorothy is angry at all three of them, but later reconciles with each. Gloria realizes that she hates Stan's behavior and decides not to pursue anything further with him.
At the end of the series, after living in Blanche's house for seven years, Dorothy meets and falls in love with Lucas Hollingsworth (Leslie Nielsen), Blanche's uncle (her father's baby brother). The two marry, and Dorothy moves into Lucas' home in Hollingsworth Manor in Atlanta. Sophia decides to remain with Blanche and Rose in Miami, believing she has a life there now and that Dorothy needs to explore her new relationship without her. In the sequel series The Golden Palace, the three operate a hotel together. In a two-part story, the new Mrs. Dorothy Zbornak-Hollingsworth visits to briefly reunite with her Miami family and examine the business.


== Social commentary and politics ==
The Golden Girls dealt with social issues that were considered topical and possibly controversial in the 1980s. Different episodes depict Dorothy dealing with phobias regarding hospitals and heights, first denying her fears and vulnerabilities before openly admitting them and seeking coping mechanisms. Dorothy also reveals she is a former smoker and recovering gambling addict. After briefly engaging in gambling again, she immediately falls into old habits, avoiding social situations but dismissing professional work in order to gamble more. Realizing her problem has resurfaced, she seeks help from Gamblers Anonymous and begins her recovery process anew. When Dorothy sees Blanche in a toxic relationship, the latter defends herself by saying her new boyfriend never physically assaults or hits her. Dorothy then relates her experience with verbal and emotional abuse, arguing that abuse does not need to be physical to cause harm.
During the run of the show, Dorothy repeatedly expresses liberal views but never declares her party affiliation, though she does have a Michael Dukakis bumper sticker (covering a Walter Mondale bumper sticker) on her car. When then-President George H. W. Bush visits Miami, Dorothy intends to angrily confront him regarding education, only to be rendered mute at the shock of actually meeting him. Dorothy shared many of Bea Arthur's political views, who in a 2005 interview remarked, ""that's what makes Maude and Dorothy so believable: we have the same viewpoints on how our country should be handled.""
Dorothy's strong moral principles brought her into conflict with different people throughout the series, including the school in which she worked. When she refuses to give a lazy student passing grades simply because he is a star athlete, meaning he cannot play football, the school threatens and intimidates her. When the student later plays football anyway and breaks his leg, Dorothy visits him in the hospital, determined to continue teaching him. She reads him A Tale of Two Cities. On some occasions, Dorothy's beliefs and moral judgments are challenged, forcing her to reassess. When her son Mike decides to marry a woman 21 years older than him, Dorothy is concerned about the age difference, but later concedes it is not her business to stop them from marrying. In ""Dorothy's Prized Pupil"", Dorothy expresses compassion for such as Mario (Mario Lopez), a student who is an undocumented immigrant, offering to help him. When Blanche and Rose warn her that her new friend Barbara Thorndyke seems toxic, narrow-minded and snobbish, Dorothy repeatedly defends the woman, despite her obvious condescending attitudes. However, Dorothy later realizes that her friends are right when Barbara reveals that Sophia's Jewish friend will not be accepted to a ""restricted"" (i.e. WASP-only or predominantly so) club, whose membership policy Barbara tolerates merely because ""they serve a great breakfast and the parking is free"".
Multiple episodes of The Golden Girls dealt with LGBT issues and with Dorothy's inclusive attitudes (Bea Arthur herself was openly supportive of the LGBT community). In the second season, Dorothy demonstrates a strong friendship with her friend Jean, who she knows is a lesbian. She consoles Jean following the death of the woman's romantic partner, Pat, and offers her sympathy when Jean later realizes she is developing romantic feelings for a heterosexual woman. In the same story, Dorothy, Sophia, Rose, and Blanche openly discuss homosexuality and accept it, even though some of them don't fully understand it. Likewise, Dorothy openly discusses her brother Phil Petrillo's cross-dressing without ever shaming him or feeling embarrassed that he does so. In the season 3 episode ""Strange Bedfellows"", the women are present when Gil Kessler, a man running for local office, reveals he is a trans man and had gender reassignment surgery in 1968. Rose is confused about what such surgery involves, but continues to identify Kessler as male. Dorothy is upset, not due to Kessler's revelation but because he decides to drop out of the political race following his revelation (and because she is in a fight with Blanche). Other episodes deal with Blanche coming to terms with her brother being gay and later wishing to marry his partner.
When her mother, Sophia, makes a new friend, Alvin, only for him to not recognize her one-day due to a mental condition (which is later confirmed to be Alzheimer's), Dorothy comforts her mother and they openly discuss fears regarding aging and mental health. One episode involves Sophia being asked by a friend to assist in her suicide, leading her and Dorothy to discuss the matter and whether such action is acceptable.
A two-episode story, ""Sick and Tired"" in season 5, has Dorothy suffering from extreme exhaustion and recurring illness but finding no cause from medical scans, leading one doctor to suggest it is depression and psychosomatic, while another tells her she's simply older now and must expect such problems. Dorothy persists and finally finds a doctor who diagnoses her with chronic fatigue syndrome. Susan Harris, the show's co-creator, also suffered from the then largely unrecognized condition. The story ends with Dorothy confronting one of the doctors who dismissed her, finding that the man does not recognize her. She remarks on the danger and insensitivity of doctors who do not listen to their patients and muses that she may have been taken more seriously had she been a man.


== Character casting and development ==
Dorothy Zbornak's last name was taken from Kent Zbornak, a friend and colleague of show co-creator and scriptwriter Susan Harris. Kent Zbornak wound up becoming the stage manager on The Golden Girls. From the start, Harris envisioned Dorothy as a sarcastic, authoritarian teacher who would constantly clash with her quick-witted mother. In an interview for the 2003 TV special The Golden Girls: Their Greatest Moments, Bea Arthur said, ""Dorothy Zbornak was probably the only sane person on the show. I loved her, she had great humor... She was the steady one. She was the great leveler. She was the great balloon pricker, if you will."" The producers were, by their own admission, ""picky"" about the casting for all the principal parts, deciding to take extra time if needed to find the right actors for each role so the cast would feel balanced and complementary. For Dorothy Zbornak, the show specified they wanted ""a Bea Arthur type"". Arthur herself was not asked due to an assumption she would not consider returning to a regular television series after spending years as the strongly opinionated lead character of Maude. Maude had been a recurring character on All in the Family, and her popularity in the role led to her spin-off series, which in turn had its own spin-off, Good Times. Brandon Tartikoff had rejected casting Arthur as the lead because she had a low Q Score.
In her show Elaine Stritch at Liberty, Elaine Stritch claimed to have been considered for the role at one point, but that she ""blew her audition"" by improvising colorful language and so was not cast as Dorothy. In a 2025 panel discussion, casting director Joel Thurm expressed regret toward how Stritch had been treated, noting that Harris had been dead-set on casting Arthur and as a result, the production staff were exceptionally cold, hostile and strict toward Stritch. Stritch fit the ""Bea Arthur type"" description and had actually played a version of Arthur's character Maude in Nobody's Perfect, a British adaptation of Maude broadcast in 1980 by ITV. The show ran for two years with a total of 14 episodes. Of the 14 episodes, Stritch herself adapted 13 original Maude scripts and co-star Richard Griffiths adapted one.
Following Stritch's auditions, others read for the role. Then, according to Bea Arthur herself, ""This is so funny. My agent called me and said, 'What is this? I hear you're doing a new series... Something called Golden Girls.'"" Bea Arthur and her agent investigated and discovered that several women had auditioned for a role described as ""a Bea Arthur type"", and it had led to a rumor that she was herself involved. At the time, Arthur had taken a position as the spokeswoman for Shoppers Drug Mart, a Canadian drugstore chain (a role she would continue concurrently with her role as Dorothy). Arthur then requested to see the script.
According to Arthur in an interview for The Times, ""When I was first sent the script for the pilot [of The Golden Girls], I fell in love with it — it was so bright, so witty, so adult. But it never really dawned on me it was about these older women. Apparently, it was presented to a number of producers and they turned it down — ‘Who cares about older women?’ I guess it was revolutionary because it was the first time older women were shown in an atmosphere where they were well-groomed, well dressed, had active sex lives. Prior to that, when old people were shown on television, you could almost smell them."" Despite this, Arthur hesitated to join the cast after learning that the other two leads – the sexually forward Blanche and the sheltered and sometimes naive Rose – were to be played by Rue McClanahan, who had co-starred with her as Vivian Harmon on Maude, and Betty White, known for playing flirtatious, sexually liberated Sue Ann Nivens on The Mary Tyler Moore Show, Arthur believed the show was typecasting both of them, assuming that McClanahan was portraying Rose and White would portray Blanche. The producers asked McClanahan to reach out to Arthur. When she did, Arthur said, ""Rue, I'm not interested in playing Maude and Vivian Meet Sue Ann Nivens."" McClanahan explained that while that had been the original idea, the plan had changed; she would portray ""the vamp"" Blanche and White would be playing Rose. Impressed that the producers were subverting expectation rather than type-casting, and after further discussion with McClanahan, Arthur agreed to portray Dorothy Zbornak.
Bea Arthur said that she was fortunate in being allowed to shape her characters in both Maude and The Golden Girls along with the writers. On July 7, 1995, on an episode of the British daytime talk show This Morning, she explained, ""In both sitcoms that I did do, we were given... the opportunity of saying, 'No, I don't think I'd say that'... It was really give-and-take between the writers and actors... I was blessed that we had wonderful people."" McClanahan similarly recalled that though the actors and writers were kept separate, the actors were given the opportunity to give feedback and request adjustments, something that she, White and Arthur did regularly, while the less experienced Getty largely played the script as it was given to her.
Arthur and the writers worked together to evolve Dorothy's character. Along with her sarcasm and righteous anger, Dorothy was also portrayed as a humble woman who was sometimes insecure about her appearance and whether people wanted to include her or thought of her as fun and interesting. Her divorce, along with previous negative and abusive relationships, sometimes made her insecure about new relationships. The show established that she had phobias of hospitals and heights, but that she worked to overcome these. She also showed addictive habits in regards to smoking and gambling, quitting both. While a fairly liberal woman, on occasion she would reveal conservative views or a fear of new situations and social situations she didn't have experience with before. Due to Bea Arthur's experience as a singer in theatre, Dorothy occasionally showed off her singing talent. While Dorothy could be moralistically judgmental, she also had compassion for people who were earnest in regretting mistakes and harm they had caused.
Along with being a lead on The Golden Girls, Arthur portrayed Dorothy in the spin-off series Empty Nest in an episode entitled ""Dumped"". The series Empty Nest featured a physician (a friend of Dorothy's) and his two daughters, all of whom lived in a house next door to the cast of The Golden Girls.


=== Working with Estelle Getty ===
Estelle Getty was cast as Dorothy's mother, Sophia Petrillo. Despite being over a year younger than Bea Arthur, Getty was known for being able to play older roles and was further aged for the camera thanks to make-up and a wig. Regarding working with Arthur, Estelle Getty said, ""Bea cracks me up the same way that I crack her up. She's one of the brilliant comic minds of our day, she's just that good... I love Bea Arthur like she was my own daughter... I think of Bea very often in a very maternal way.""
Arthur told David Levin, ""The characters of Dorothy and her mother, played by me and Estelle, I think was one of the great comedic duos that has ever been done. I think it ranks up there with Laurel and Hardy... The absurdity of the love/hate relationship... The difference in size... It was brilliant... The writers were so brilliant... It was a joy coming to work every day... Everyone connected with Golden Girls was not a genius but damn close to it. Including our costume designer... I remember one of my very favorite episodes was when Sophia had entered the two of us in a mother/daughter beauty contest at Shady Pines and for the talent section we did Sonny and Cher's 'I Got You Babe.' And I remember Judy Evans, this brilliant costumer, had little Estelle in it was kind of a furry jacket with a mustache and I had black hair down to my behind... It was fabulous... Every day was so meaningful."" In response to their performances as Sophia and Dorothy, both Getty and Arthur won Emmy Awards for Outstanding Lead and Support Actress in a Comedy Series. Along with All in the Family, Will & Grace, and Schitt's Creek, Golden Girls is the only other show in American television where each of the lead actors has won an Emmy.
Arthur remarked that she found it natural to learn that younger viewers were drawn to Golden Girls, particularly due to Dorothy's defiance of her mother and Sophia's defiance of Dorothy and often society. ""It was all so anti-establishment, you know, that even kids loved it... They loved the character of the mother who said the most outrageous things.""


=== Working with Betty White ===
Arthur held a well-attested unease toward Betty White offstage, a tension that occasionally worked into the show's dialogue between Dorothy and Rose, as the two had similar personalities to their characters. According to Arthur's son Matthew Saks, Arthur's acting benefited from having a legitimate real-life foil to work. White acknowledged in 2011 that Arthur often found her to be a ""pain in the neck."" Writer Marsha Posner Williams and co-star Rue McClanahan both alleged that Arthur used a much harsher word to describe White. The clearest distinction between the two was in their approaches to acting, as White was prone to interacting with the audience when tape was not rolling, a tactic that the more straightforward Arthur disliked. Sally Struthers, a friend of Arthur's who was not on good terms with White, recalled that Arthur was naturally foul-mouthed and that she and Struthers routinely gossiped about ""everyone we ever knew,"" not necessarily just White.


=== Departure ===
Bea Arthur's contract came up for review after the sixth season, and she decided that the next and seventh season would be her last on the show. She said that while she was grateful for the experience, she wanted to return to live theatre and thought it was best to leave before popularity waned or Dorothy became too predictable to audiences. ""I thought,  we've hit it, we've really done it. And why hang on... just to keep it running and to go over the same stuff again? It's never going to be as rewarding."" Rue McClanahan believed that Arthur felt she didn't have much to do to further Dorothy's development and so felt the role had become stagnant. ""I think she just wanted more to do."" It was decided that Dorothy's departure in the season finale would be marked by giving her a happy ending with a marriage to ""a nice guy"" in contrast with the many failed romances audiences had seen her in and with the fact that the show had begun with her recently divorced from a cheating husband. Leslie Nielsen portrayed her new love interest, Lucas, and played practical jokes on the set, providing comic relief to counter the high emotions surrounding Arthur's departure. Arthur admitted that even though she wanted to leave, and was happy that Dorothy would be marrying the ""gorgeous"" Leslie Nielsen, she was very sad to do so in the end and say goodbye to the cast and crew.
As season 7 began, NBC moved The Golden Girls to a new time slot and ratings suffered, with the show's ranking going from No. 10 to No. 35 that year, the first time the series has ever been outside of the ""top ten"". This, along with Bea Arthur's departure, led NBC to reconsider if the series could continue without Dorothy. The other three cast members were willing to continue, and so a spin-off sequel series was created for them for CBS, The Golden Palace. In the series, Blanche, Rose and Sophia operate a hotel together after Dorothy has married and left Florida. In the show's first season, Arthur made a guest appearance as Dorothy in a two-episode story, ""Seems Like Old Times"". The series ended soon afterward and was not picked up for a second season. Betty White said that Bea Arthur's departure was deeply felt in the spin-off. ""It became Golden Girls in the Lobby without Bea. And it just doesn't work, it's like taking a leg off a table. Table doesn't balance if you take a leg off of it, you know.""
In her 1995 interview with This Morning, Arthur was asked about her departure from The Golden Girls and her return to live theatre. ""I started doing sitcom television in 1972. July 5th to be exact... Maude... I spent most of my adult life in that little box [television] and I really felt it was time to get back to one's roots... Not that it wasn't terribly rewarding."" When asked about her character Dorothy apparently being the ""linchpin"" of the show and that her absence may have been why the sequel series The Golden Palace didn't gel for audiences, she conceded this was apparently the observation of some but that she didn't know herself why the series wasn't successful.

In 2013, TV Guide ranked The Golden Girls number 54 on its list of the 60 Best Series of All Time. In 2014, the Writers Guild of America placed the sitcom at number 69 in their list of the ""101 Best Written TV Series of All Time"". In 2023, Variety ranked The Golden Girls #18 on its list of the 100 greatest TV shows of all time. Terry Tang of the Associated Press reported that the series continues to attract new fans in the 21st century and characterized it as an example of a sitcom that has aged well.


=== Ratings ===
An instant ratings hit, The Golden Girls became an NBC staple on Saturday nights. The show was the anchor of NBC's Saturday line-up, and almost always won its time slot, as ABC and CBS struggled to find shows to compete against it, the most notable being ABC's Lucille Ball sitcom Life with Lucy in the beginning of the 1986–87 season although it aired at 8:00, an hour earlier. The Golden Girls was part of a series of Brandon Tartikoff shows that put an end to NBC's ratings slump, along with The Cosby Show, 227, Night Court, Miami Vice, and L.A. Law.
The show dealt with many controversial issues, such as coming out and same-sex marriage, elder care, homelessness, poverty, HIV/AIDS and discrimination against people with HIV/AIDS, US immigration policy, menopause, sexual harassment, teenage pregnancy, artificial insemination, adultery, bad medical care, sexism, miscegenation and interracial marriage, antisemitism, age discrimination, environmentalism, substance abuse, problem gambling, nuclear war, death, and assisted suicide.
Writer and producer Linda Bloodworth-Thomason created a sitcom with this kind of image as a ""four women"" show, which became Designing Women on CBS. Designing Women began competing against The Golden Girls.
At the request of Queen Elizabeth the Queen Mother, who was reputedly a big fan, the cast of The Golden Girls performed several skits as their characters in front of her and other members of the British royal family at the 1988 Royal Variety Performance in London.


=== NBC timeslots ===
Seasons one-six: Saturday at 9:00 pm
Season seven: Saturday at 8:00 pm


=== Controversial episodes ===
The season 3 episode ""Mixed Blessings"" was noted as controversial. In it, Dorothy's son Michael (Scott Jacoby) plans to marry a Black woman, Lorraine (Rosalind Cash). In one scene, Blanche and Rose walk out of the kitchen wearing mud masks and Rose says ""We're not black"". Streaming service Hulu pulled the episode in 2020 due to blackface concerns but, as an article in Vulture pointed out this was not an example of blackface; they were just mud masks. As of 2023, the episode is back streaming on Hulu.
The season 6 episode ""Sisters of the Bride"" featured Clayton, Blanche's gay brother, celebrating a commitment ceremony with his partner (as same-sex marriage would not be legal in the United States until the early 2000s). Writer Marc Cherry described in a 2025 episode of the Soapy podcast that ""if we weren’t the first, we were only the second show to do something about gay marriage"". Cherry told the podcast interviewers that ""they called us up to the office a few days after the episode aired, and they said, 'So you guys are getting death threats'"" and that ""they literally showed us a letter that was written 'to those f—king Jew producers of Golden Girls'"". As a result of the controversy, Cherry and his then-writing partner Jamie Wooten"" had to unlist their telephone numbers.


== Accolades ==

During its original run, The Golden Girls received 68 Emmy nominations, 11 Emmy awards, 4 Golden Globe Awards, and 2 Viewers for Quality Television awards. All the lead actresses won Emmy awards for their role on the show. The Golden Girls is one of four live-action shows, along with All in the Family, Will & Grace, and Schitt's Creek, where all the principal actors have won at least one Emmy.
As a tribute to the success of The Golden Girls, all four actresses were later named Disney Legends as part of the class of 2009.


== Distribution ==


=== Syndication ===
Beginning July 3, 1989, NBC added daytime reruns of the show, replacing long-running Wheel of Fortune (which had moved to CBS) on the NBC schedule at 11:00 am EST; it ran until September 1990. At this time, syndicated reruns began airing, distributed by Buena Vista Television (now Disney–ABC Domestic Television), the syndication arm of Disney, whose Touchstone Television division produced the series.
In March 1997, the Lifetime cable network acquired the exclusive rights to repeat the episodes of The Golden Girls in the US until March 1, 2009. Many episodes were edited to allow more commercials and for content.
Both Hallmark Channel and We TV picked-up the reruns in March 2009. As of February 2013, We TV's rights expired; Viacom purchased the rights and added the series to TV Land (which had carried White's Hot in Cleveland at the time), Logo TV, and (by 2020) CMT.
On February 18, 2026, MeTV announced that they will acquire the rights to the series, returning to broadcast TV for the first time in nearly 30 years. The show debuted on March 16, airing 2 episodes weeknights at 10:00 pm EST, 1 episode Sundays at 6:00 pm EST and in a 2-hour block Sundays from 8:00 pm to 10:00 pm EST.
In Australia, the show has aired weekends on Fox Comedy. As of 2019, every episode is available for streaming on Stan. As of December 1, 2021, every episode was made available to stream on Disney+.
In Canada, Corus Entertainment's digital specialty channel, DejaView, aired reruns of The Golden Girls until 2017. As of September 8, 2021 all 7 seasons of The Golden Girls were made available to stream on Disney+ in Canada.
In Germany, the show began being broadcast in January 1990, only months before the German reunification, by German public broadcaster ARD in the late evening program on their main channel Das Erste. The show was aired as a bilingual broadcast using a two-channel sound system (Zweikanalton). If technically supported by the home television, this system allowed their audience to watch the show either in the dubbed German version (by default) or the original English version. After reruns on different regional channels of the ARD Network, the show later aired on private channels RTL, VOX, Super RTL, Disney Channel and RTLup. While RTL initially chose to cut some scenes for time, some of the gags remain incomprehensible for their broadcast and all subsequent reruns, only to be restored partially for the release of DVD in 2005. As of September 15, 2021, every episode was made available to stream on Disney+ in Germany and Austria.
In Italy, the series aired on Rai Uno (or Rai 1) as Cuori senza età (Ageless Hearts) from 1987 until 1994.
In Israel, the show was broadcast by Israeli Educational Television on its transmission strip on Channel 1, and in 1993, it was moved to IETV's transmission strip on Channel 2 right after it went on air. In February 2024, the whole series was up on the Israeli Disney+.
In Southeast Asia, Rewind Networks began airing reruns of The Golden Girls on its HD channel, HITS, in 2013.
In New Zealand, the series aired on TVNZ and is replayed on public holidays and on Sunday afternoons. It was shown on Jones!.
In the United Kingdom, the series aired on Channel 4, Living and Disney Channel. Another brief run of the show began on 27 April 2020 till summer 2020 on Channel 5, but only showed episodes up to the season-four finale and is returning to Channel 4 starting from early 2022.
In Ireland, the series has been airing on TG4 since 2021.
Every episode of The Golden Girls was made available to stream on Hulu on February 13, 2017.


== Film ==
Forever Golden: A Celebration of The Golden Girls released in select movie theaters across North America via Fathom Events on September 14, 2021, marking the show's 36th anniversary. The film featured five episodes from the show: ""The Pilot"", ""The Flu"", ""The Way We Met"", ""Ladies of the Evening"" and ""Grab That Dough"".


== Home media ==
Buena Vista Home Entertainment has released all seven seasons, with edits, of The Golden Girls on DVD in Region 1 and Region 4 with the first four being released in Region 2. On November 9, 2010, the studio released a complete-series box set titled The Golden Girls: 25th Anniversary Complete Collection. The 21-disc collection features all 180 episodes of the series as well as all special features contained on the previously released season sets; it is encased in special collectible packaging, a replica of Sophia's purse. On November 15, 2005, Warner Home Video released The Golden Girls: A Lifetime Intimate Portrait Series on DVD which contains a separate biography of Arthur, White, McClanahan and Getty, revealing each woman's background, rise to stardom and private life, which originally aired on Lifetime network between June 2000 and January 2003.


== Continuation and spin-offs ==


=== The Golden Palace ===

After the original series ended, White, McClanahan, and Getty reprised their characters in the CBS series The Golden Palace, which featured Rose, Blanche, and Sophia selling their house to buy and run a hotel in Miami. It ran from September 1992 to May 1993 and also starred Cheech Marin and Don Cheadle. Bea Arthur was not a part of the main cast but did guest star in a double episode, reprising her role as Dorothy.
The show never approached the popularity or acclaim of the original, and ranked 57th in the annual ratings. Reportedly, a second season was approved before being cancelled the day before the network announced its 1993–94 schedule.
Lifetime, which held the rights to The Golden Girls at the time, aired reruns of The Golden Palace in the summer of 2005, and again in December of that year. This was the first time since 1993 that The Golden Palace was seen on American television. Until April 2006, Lifetime played the series as a virtual season eight, airing the series in between the conclusion of the final season and the syndicated roll-over to season one.
For White's 100th birthday on January 10, 2022, The Golden Palace began streaming on Hulu.


=== Empty Nest ===

Susan Harris developed a spin-off centering on empty nest syndrome. The initial pilot was aired as the 1987 Golden Girls episode ""Empty Nests"", and starred Paul Dooley and Rita Moreno as George and Renee Corliss, a married couple living next to the Golden Girls characters, who face empty nest syndrome after their teenaged daughter goes to college. When that idea was not well received, Harris retooled the series as a vehicle for Richard Mulligan, and the following year Empty Nest debuted, starring Mulligan as pediatrician Harry Weston, a widower whose two adult daughters moved back home.
Characters from both shows made occasional crossover guest appearances on the other show, with the four girls guesting on Empty Nest and Mulligan, Dinah Manoff, Kristy McNichol, David Leisure, and Park Overall appearing on The Golden Girls in their Empty Nest roles. After the end of The Golden Palace, Getty joined the cast of Empty Nest, making frequent appearances as Sophia in the show's final two seasons. Mulligan and Manoff were alumni from one of Susan Harris' earlier shows, Soap.


=== Nurses ===

Empty Nest launched its own spin-off in 1991 set in Miami in the same hospital where Dr. Weston worked. The series starred Stephanie Hodge and a set of other young nurses. As one of the few times in television history where three shows from the same producer, set in the same city, aired back-to-back-to-back on the same network, the three shows occasionally took advantage of their unique circumstance to create storylines carrying through all three series, such as ""Hurricane Saturday"".
Starring actress Hodge left after two seasons, David Rasche joined the cast at the start of the second season, and Loni Anderson was added as the new hospital administrator in the third.


== Adaptations ==


=== Stage ===
The Golden Girls: Live! was an off-Broadway show that opened in the summer of 2003 in New York City at Rose's Turn theater in the West Village, and ran until November of that year. The production ended because the producers failed to secure the rights and received a cease-and-desist order by the creators of the original television show. Featuring an all-male cast in drag, The Golden Girls: Live! consisted of two back-to-back episodes of the sitcom: ""Break-In"" (season one, episode eight) and ""Isn't It Romantic?"" (season two, episode five).
The Golden Girls: The Laughs Continue opened with an all-male cast in drag on December 14, 2023, in Los Angeles. The production stars Christopher Kamm, Adam Graber, Ryan Bernier, and Vince Kelley. The play was written by Robert Leleux and directed by Eric Swanson.
The cast of The Golden Girls, Sophia, Dorothy, Blanche, and Rose, have been even further immortalized in two puppet parody shows Thank You For Being A Friend and That Golden Girls Show: A Puppet Parody, both created by Australian screenwriter Thomas Duncan-Watt and producer Jonathan Rockefeller.


=== Animation ===
Golden Girls 3033 is an animated pilot created by Mike Hollingsworth. The pilot takes audio from the sitcom and sets it against a futuristic background inspired by The Jetsons.


=== Books ===
In 2025, The Golden Girls became a cozy mystery series. The first book, Murder by Cheesecake: A Golden Girls Cozy Mystery, by author Rachel Ekstrom Courage, was released April 15, 2025; it became a New York Times bestseller. A second book, Death on the Lanai, will be released on June 2, 2026.


=== International versions ===
Chile: Los años dorados: In 2015, a Chilean remake called Los Años Dorados (The Golden Years) was produced by UCVTV in agreement with Disney, starring Chilean actresses Gloria Münchmeyer, Carmen Barros, Ana Reeves, and Consuelo Holzapfel, who live their retirement in the city of Viña del Mar. It was a success for the channel and plans were made for a second season in 2016, but that was not produced.
Israel: Bnot HaZahav ran from 2011 to 2016.
Greece: In 2008, Greek broadcaster ET1 premiered a Greek remake entitled Chrysa Koritsia (Greek: Xρυσά κορίτσια, Gold[en] Girls), which features the four women in Greece. Each of the characters has been hellenized to suit the culture and modern setting. Names were only slightly changed, but more for cultural reasons, as Sophia (whose first name was unchanged, as it is Greek), Bela (Blanche), Dora (Dorothy), Fifi (Rose), and Panos (Stan). The series began airing in mid-January, and features many similar plots to the original. ET1 aired a rerun of the show in the summer of 2008 and managed to take a place in the top-10 ratings chart, presented by AGB Nielsen Media Research. The Greek edition features Mirka Papakonstantinou as Dora, Dina Konsta as Sofia, Eleni Gerasimidou as Fifi, and Ivonni Maltezou as Bela.
Netherlands: Golden Girls: A Dutch remake for the RTL 4 network stars Loes Luca as Barbara (Blanche), Beppie Melissen as Els (Dorothy), Cecile Heuer as Milly (Rose), and Pleuni Touw as Toos (Sophia). The show premiered in fall 2012, using essentially the same plots as the U.S. version, along with a Dutch-language version of the original theme song, ""Thank You for Being a Friend"".
The Philippines: 50 Carats, O Di Ba? A Philippine version of The Golden Girls aired during the early 1990s by IBC 13 starred Nida Blanca, Charito Solis, and Gloria Romero.
Russia: Bolshie Devochki: A Russian remake was broadcast on Channel One in 2006, entitled Bolshie Devochki (Russian: Большие Девочки), which in English can literally be translated to: Grown Girls. The series featured renowned Russian actresses Galina Petrova as Irina (Dorothy), Olga Ostroumova as Nadejda (Blanche), Valentina Telechkina as Margarita (Rose), and Elena Millioti as Sofya (Sophia). However, the concept never caught on with Russian viewers and the show was canceled after only 32 episodes.
Spain: Juntas, pero no revueltas/Las chicas de oro: In 1996, TVE launched a Spanish remake entitled Juntas pero no revueltas (Together, but not mixed) with Mercedes Sampietro as Julia (Dorothy), Mónica Randall as Nuri (Blanche), Kiti Manver as Rosa (Rose), and Amparo Baró as Benigna (Sophia). Low ratings made it disappear after one season. In 2010, another remake with the title Las chicas de oro (The Golden Girls) was announced, again on TVE, this time produced by José Luis Moreno and with Concha Velasco as Doroti (Dorothy), Carmen Maura as Rosa (Rose), Lola Herrera as Blanca (Blanche), and Alicia Hermida as Sofía (Sophia). The series premiered on September 13, 2010, with success. However, after only 26 episodes, the series was eventually discontinued after the end of the first season after receiving generally bad reviews and following dropping ratings.
Portugal: Queridas e Maduras: In July 1995, RTP premiered Queridas e Maduras (in English, Dear Mature Girls) a Portuguese version of the American sitcom. The show featured renowned Portuguese actresses Catarina Avelar as Edite (Dorothy), Amélia Videira as Inês (Rose), Lia Gama as Salomé (Blanche) and the veteran actress Luísa Barbosa as Aparecida (Sophia). The Portuguese version got two seasons, the first in 1995 and the second in 1996, adapting episode plots from the first two seasons of the original series.
Türkiye: Altın Kızlar. In 2009, broadcaster ATV premiered Altın Kızlar (literally translated to English as ""The Golden Girls""). It was produced by Play Prodüksiyon. Rather than residing in Miami, the women shared a condo in residential part of Beyoğlu. As in other foreign adaptations, it featured well-known local actresses. The key roles were filled by Fatma Girik as Safıye (the 'Sophia' character), Hülya Koçyiğit as İsmet ('Dorothy'), Nevra Serezli as Gönül ('Blanche') and Türkan Şoray as Inci ('Rose'). The show lasted only one episode, consisting of story lines from two of the original American series: ""The Engagement"" (Season 1, Episode 1) and ""The Triangle"" (Season 1, Episode 5).
United Kingdom: Brighton Belles: In 1993, ITV premiered Brighton Belles, a British version of the American sitcom. The show, starring Sheila Hancock, Wendy Craig, Sheila Gish, and Jean Boht, was nearly identical to Girls except for character name changes and actor portrayals. The 10-episode series was canceled after six weeks due to low ratings, with the final four episodes airing more than a year later.


== Restaurant ==
In 2017, a Golden Girls-themed eatery, Rue la Rue Cafe owned by Rue McClanahan's close friend Michael La Rue, who inherited many of the star's personal belongings and in turn decorated the restaurant with them, opened in the Washington Heights section of the New York City borough of Manhattan. The eatery closed in November 2017 after less than a year of operation.


== References ==


== Further reading ==
Colucci, Jim (2016). Golden Girls Forever: An Unauthorized Look Behind the Lanai. New York: Harper Collins. ISBN 978-0-06-242290-3.
Küpper, Thomas (2016). ""'Blanche and the Younger Man': Age Mimicry and the Ambivalence of Laughter in 'The Golden Girls'"". Serializing Age: Aging and Old Age in TV Series. (Aging Studies in Europe. Vol. 7.) Ed. Maricel Oró-Piqueras & Anita Wohlmann. Bielefeld: transcript, pp. 249–266. ISBN 978-3-8394-3276-1.
White, Betty (2010). Here We Go Again: My Life in Television. New York: Scribner. ISBN 978-1-4516-1369-8.


== External links ==

The Golden Girls at IMDb 
The Golden Girls at The Interviews: An Oral History of Television",The Golden Girls were in their 60s to 70s at the time of the show.,"The Golden Girls is an American sitcom, created by Susan Harris , that originally aired on NBC from September 13, 1985, to May 9, 1992.",0,0,supported,-0.639113713534,-0.010320572384196864,-0.227052592452331,22,,1.0000001192092896,-0.339716170605,-0.604793524354,0.0,1,-2.57650053537,0.0,0.0,0.0,1.0,0.1278076171875,0.0246429443359375,0.84765625,-0.44757885844762835,0.3899365681087585,0.42857142857142855,0.3108108108108108,0.5,abstain
Q332_209,wikiqa,what happens in chrono trigger if you lose to lavos,"Chrono Trigger is a 1995 role-playing video game developed and published by Square for the Super Nintendo Entertainment System. It is the first installment of the Chrono series. The game's plot follows a group of adventurers who travel through time to prevent a global catastrophe.
The game's development team included three designers that Square dubbed the ""Dream Team"": Hironobu Sakaguchi, creator of Square's Final Fantasy series; Yuji Horii, creator of Enix's Dragon Quest series; and Akira Toriyama, character designer of Dragon Quest and author of the Dragon Ball manga series. In addition, Takashi Tokita co-directed the game and co-wrote the scenario, Kazuhiko Aoki produced the game, while Masato Kato wrote most of the story.
Chrono Trigger was a critical and commercial success upon release, receiving multiple accolades from gaming publications, and is considered one of fourth-generation console gaming's most significant titles and one of the greatest video games ever made. Nintendo Power magazine described aspects of the game as revolutionary, including its multiple endings, plot-related side-quests focusing on character development, unique battle system, and detailed graphics. The game's soundtrack, scored by Yasunori Mitsuda with assistance from veteran Final Fantasy composer Nobuo Uematsu, has been hailed as one of the best video game soundtracks of all time. Chrono Trigger was the second best-selling game of 1995 in Japan, and the various incarnations of the game have shipped more than 5 million copies worldwide. 
The game has been re-released on several other platforms with varying differences. A port by Tose for the PlayStation was released only in Japan in 1999, which was later repackaged with a Final Fantasy IV port as Final Fantasy Chronicles (2001) exclusively in North America. A slightly enhanced Chrono Trigger, again ported by Tose, was released for the Nintendo DS in Japan and North America in 2008, and PAL regions in 2009. The game has also been ported to i-mode, the Virtual Console, the PlayStation Network, iOS, and Android. In 2018, a higher resolution version was released for Windows via Steam.


== Gameplay ==
Chrono Trigger features standard turn-based role-playing video game gameplay. The player controls the protagonist and his companions in the game's two-dimensional world, consisting of various forests, cities, and dungeons. Navigation occurs via an overworld map, depicting the landscape from a scaled-down overhead view. Areas such as forests, cities, and similar places are depicted as more realistic scaled-down maps, in which players can converse with locals to procure items and services, solve puzzles and challenges, or encounter enemies. Chrono Trigger's gameplay deviates from that of traditional Japanese RPGs in that, rather than appearing in random encounters, many enemies are openly visible on field maps or lie in wait to ambush the party. Contact with enemies on a field map initiates a battle that occurs directly on the map rather than on a separate battle screen.

Players and enemies may use physical or magical attacks to wound targets during battle, and players may use items to heal or protect themselves. Each character and enemy has a certain number of hit points; successful attacks reduce that character's hit points, which can be restored with potions and spells. When a playable character loses all hit points, they faint; if all the player's characters fall in battle, the game ends and must be restored from a previously saved chapter, except in specific storyline-related battles that allow or force the player to lose. Between battles, a player can equip their characters with weapons, armor, helmets, and accessories that provide special effects (such as increased attack power or defense against magic), and various consumable items can be used both in and out of battles. Items and equipment can be purchased in shops or found on field maps, often in treasure chests. By exploring new areas and fighting enemies, players progress through Chrono Trigger's story.
Chrono Trigger uses an ""Active Time Battle"" system—a recurring element of Square's Final Fantasy game series designed by Hiroyuki Ito for Final Fantasy IV—named ""Active Time Battle 2.0"". Each character can take action in battle once a personal timer dependent on the character's speed statistic counts to zero. Magic and special physical techniques are handled through a system called ""Techs"". Techs deplete a character's magic points (a numerical meter similar to hit points), and often have special areas of effect; some spells damage huddled monsters, while others can harm enemies spread in a line. Enemies often change positions during battle, creating opportunities for tactical Tech use. A unique feature of Chrono Trigger's Tech system is that numerous cooperative techniques exist. Each character receives eight personal Techs which can be used in conjunction with others' to create Double and Triple Techs for greater effect. For instance, Crono's sword-spinning Cyclone Tech can be combined with Lucca's Flame Toss to create Fire Whirl. When characters with compatible Techs have enough magic points available to perform their techniques, the game automatically displays the combo as an option.
Chrono Trigger features several other distinct gameplay traits, including time travel. Players have access to seven eras of the game world's history, and past actions affect future events. Throughout history, players find new allies, complete side quests, and search for keynote villains. Time travel is accomplished via portals and pillars of light called ""time gates"", as well as a time machine named Epoch. The game contains twelve unique endings (thirteen in DS, iOS, Android and Steam versions); the ending the player receives depends on when and how they reach and complete the game's final battle. The DS version of Chrono Trigger features a new ending that can be accessed from the End of Time upon completion of the final extra dungeon and optional final boss. Chrono Trigger also introduces a New Game Plus option; after completing the game, the player may begin a new game with the same character levels, techniques, and equipment, excluding money, with which they ended the previous playthrough. However, certain items central to the storyline are removed and must be found again, such as the sword Masamune. Square has employed the New Game Plus concept in later games including Chrono Cross and Final Fantasy XV among others.


== Story ==


=== Setting ===
Chrono Trigger takes place in an Earth-like world, with eras such as the prehistoric age, in which primitive humans and dinosaurs share the earth; the Middle Ages, replete with knights, monsters, and magic; and the post-apocalyptic future, where destitute humans and sentient robots struggle to survive. The characters frequently travel through time to obtain allies, gather equipment, and learn information to help them in their quest. The party also gains access to the End of Time (represented as year ∞), which serves as a hub to travel back to other time periods. The party eventually acquires a time-machine vehicle known as the Wings of Time, nicknamed the Epoch (this default name can be changed by the player when the vehicle is acquired). The vehicle is capable of time travel between any time period without first having to travel to the End of Time.


=== Characters ===

Chrono Trigger's six playable characters (plus one optional character) come from different eras of history. Chrono Trigger begins in 1000 AD with Crono, Marle, and Lucca. Crono is the silent protagonist, characterized as a fearless young man who wields a katana in battle. Marle, revealed to be Princess Nadia, lives in Guardia Castle; though sheltered, she is at heart a princess who seeks independence from her royal identity. Lucca is a childhood friend of Crono's and a mechanical genius; her home is filled with laboratory equipment and machinery. From the era of 2300 AD comes Robo, or Prometheus (designation R-66Y), a robot with a near-human personality created to assist humans. Lying dormant in the future, Robo is found and repaired by Lucca, and joins the group out of gratitude. The fiercely confident Ayla dwells in 65,000,000 BC. Unmatched in raw strength, Ayla is the chief of Ioka Village and leads her people in war against a species of humanoid reptiles known as Reptites.
The last two playable characters are Frog and Magus. Frog originated in 600 AD. He is a former squire once known as Glenn, who was turned into an anthropomorphic frog by Magus, who also killed his friend Cyrus. Chivalrous but mired in regret, Frog dedicates his life to protecting Leene, the queen of Guardia, and avenging Cyrus. Meanwhile, Guardia in 600 AD is in a state of conflict against the Mystics (known as Fiends in the US/DS port), a race of demons and intelligent animals who wage war against humanity under the leadership of Magus, a powerful sorcerer. Magus's seclusion conceals a long-lost past; he was formerly known as Janus, the young prince of the Kingdom of Zeal, which was destroyed by Lavos in 12,000 BC. The incident sent him forward through time, and as he ages, he plots revenge against Lavos and broods over the fate of his sister, Schala. Lavos, the game's main antagonist who awakens and ravages the world in 1999 AD, is an extraterrestrial, parasitic creature that harvests DNA and the Earth's energy for its own growth.


=== Plot ===
In 1000 AD, Crono and Marle watch Lucca and her father demonstrate her new teleporter at the Millennial Fair in the Kingdom of Guardia. When Marle volunteers to be teleported, her pendant interferes with the device and creates a time portal into which she is drawn.  After Crono and Lucca separately recreate the portal and find themselves in 600 AD, they locate Marle, only to see her vanish before their eyes. Lucca realizes that this time period's kingdom has mistaken Marle (who is actually Princess Nadia of Guardia) for Queen Leene, an ancestor of hers who had been kidnapped, thus putting off the recovery effort for her ancestor and creating a grandfather paradox. Crono and Lucca, with the help of Frog, restore history to normal by rescuing Leene. After the three part ways with Frog and return to the present, Crono is framed for kidnapping Marle and sentenced to death by the current chancellor of Guardia. Lucca and Marle help Crono escape prison, haphazardly using another time portal to evade their pursuers. This portal lands them in 2300 AD, where they learn that an advanced civilization has been wiped out by a giant creature known as Lavos that appeared in 1999 AD, and find the last remnants of humanity living in underground domes subsisting off of machine energy in place of food. The three vow to find a way to prevent the future destruction of their world. After meeting and repairing Robo, Crono and his friends find Gaspar, an old sage residing in an atemporal space known as the End of Time, who offers them the ability to travel through time by way of several pillars of light. (The party is able to challenge Lavos at any point after this scene, with completion of the game prior to its final chapter unlocking one of twelve different endings.)
The party discover that a powerful mage named Magus summoned Lavos into the world in 600 AD. To stop Magus, Frog requires the legendary sword, Masamune, to open the way to the mage's castle. In search of ore to re-forge the sword, the party travel to prehistoric times and meet Ayla, the chief of an ancient hunter-gatherer tribe. The subsequent battle with Magus disrupts his spell to summon Lavos, opening a temporal distortion that throws Crono and his friends to prehistory. The party assist Ayla in battling the Reptites, enemies of prehistoric humans. The battle is cut short as the party witness the true origin of Lavos, who descends from deep space and crashes into the planet before burrowing to its core. Entering a time gate created by Lavos's impact, the party arrive in the ice age of 12,000 BC. There, the utopic Kingdom of Zeal resides on islands raised above the icy surface using energy harnessed from Lavos's body beneath the earth's crust via a machine housed on the ocean floor. The party are imprisoned by the Queen of Zeal on the orders of its mysterious Prophet, and are ultimately banished, with the time gate leading to 12,000 BC sealed by the Prophet. Seeking a way to return, the party discover a time machine in 2300 AD called the Wings of Time (or Epoch), which can access any time period at will. The party return to 12,000 BC, where Zeal inadvertently awakens Lavos, leading the Prophet to reveal himself as Magus, who tries and fails to kill the creature. Lavos defeats Magus and kills Crono, before the remaining party are transported to the safety of the surface by Schala, Zeal's princess. Lavos annihilates the Kingdom of Zeal, whose fallen continent causes devastating floods that submerge most of the world's landmass.
Magus confesses to the party that he used to be Prince Janus of Zeal, Schala's brother, and that in the original timeline, he and the Gurus of Zeal were scattered across time by Lavos's awakening in 12,000 BC. Stranded as a child in 600 AD, Janus took the title of Magus and gained a cult of followers while plotting to summon and kill Lavos in revenge for the death of his sister. Magus tried once more after the party's battle in his castle returned him to Zeal, where he disguised himself as the Prophet. At this point, Magus is either killed by the party, killed in a duel with Frog, or spared and convinced to join the party. The ruined Ocean Palace then rises into the air as the Black Omen, Queen Zeal's floating fortress. The group turns to Gaspar for help, and he gives them a ""Chrono Trigger"", a device that allows the group to replace Crono just before the moment of death with an identical doppelgänger (doing so is optional, and the game's ending will change depending on the player's decision). The party then gather power by helping people across time with Gaspar's instructions. Their journeys involve defeating the remnants of the Mystics, stopping Robo's maniacal AI creator, giving Frog closure for Cyrus's death, locating and charging up the mythical Sun Stone, retrieving the legendary Rainbow Shell, unmasking Guardia's Chancellor as a saboteur, restoring a forest destroyed by a desert monster, and preventing an accident that disabled Lucca's mother. The party then enter the Black Omen and defeat Queen Zeal, after which they battle Lavos. They discover that Lavos is self-directing his evolution via absorbing DNA and energy from every living creature before razing the planet's surface in 1999 AD, so that it could spawn a new generation to destroy other worlds and continue the evolutionary cycle. The party slay Lavos, and celebrate at the final night of the Millennial Fair before returning to their own times.
If Magus joined the party, he departs to search for Schala. If Crono was resurrected before defeating Lavos, his sentence for kidnapping Marle is revoked by her father, King Guardia XXXIII, thanks to testimonies from Marle's ancestors and descendants, whom Crono had helped during his journey. Crono's mother accidentally enters the time gate at the Millennial Fair before it closes, prompting Crono, Marle, and Lucca to set out in the Epoch to find her while fireworks light up the night sky. If Crono was not resurrected, Frog, Robo, and Ayla (along with Magus if he was recruited) chase Gaspar to the Millennial Fair and back again, revealing that Gaspar knows how to resurrect Crono; Marle and Lucca then use the Epoch to travel through time to accomplish this. Alternatively, if the party used the Epoch to break Lavos's outer shell, Marle will help her father hang Nadia's bell at the festival and accidentally get carried away by several balloons. If resurrected, Crono jumps on to help her, but cannot bring them down to earth. Hanging on in each other's arms, the pair travel through the cloudy, moonlit sky.
Chrono Trigger DS added two new scenarios to the game. In the first, Crono and his friends can help a ""lost sanctum"" of Reptites, who reward powerful items and armor. The second scenario adds ties to Trigger's sequel, Chrono Cross. In a New Game Plus, the group can explore several temporal distortions to combat shadow versions of Crono, Marle, and Lucca, and to fight Dalton, who promises in defeat to raise an army in the town of Porre to destroy the Kingdom of Guardia. The group can then fight the Dream Devourer, a prototypical form of the Time Devourer—a fusion of Schala and Lavos seen in Chrono Cross. A version of Magus pleads with Schala to resist; though she recognizes him as her brother, she refuses to be helped and sends him away. Schala subsequently erases his memories and Magus awakens in a forest, determined to find what he had lost.


== Development ==
Chrono Trigger was conceived in October 1992 by Hironobu Sakaguchi, producer and creator of the Final Fantasy series; Yuji Horii, writer, game designer and creator of the Dragon Quest series; and Akira Toriyama, character designer of Dragon Quest and creator of the Dragon Ball manga series. Traveling to the United States to research computer graphics, the three, that Square dubbed the ""Dream Team"", decided to create something that ""no one had done before"". Toriyama's editor, Kazuhiko Torishima, later credited the concept to a fusion of ""Dragon Quest plus Final Fantasy"", and arranged for Enix to lend Yuji Horii to Squaresoft for development. After spending over a year considering the difficulties of developing a new game, the three received a call from Kazuhiko Aoki, who offered to produce. The four met and spent four days brainstorming ideas for the game. Square convened 50–60 developers, including scenario writer Masato Kato, whom Square designated story planner; development started in early 1993. An uncredited Square employee suggested that the team develop a time travel-themed game, which Kato initially opposed, fearing repetitive, dull gameplay. Kato and Horii then met several hours per day during the first year of development to write the game's plot; Horii desired a silent protagonist from the outset. Square intended to license the work under the Mana franchise and gave it the working title Maru Island; Hiromichi Tanaka (the future producer of Chrono Cross) monitored Toriyama's early designs. The team hoped to release it on Nintendo's planned Super Famicom Disk Drive; when Nintendo canceled the project, Square reoriented the game for release on a Super Famicom cartridge and rebranded it as Chrono Trigger. Tanaka credited the ROM cartridge platform for enabling seamless transition to battles on the field map. While Chrono Trigger had been planned for a 24-megabit cartridge, Square ultimately chose a 32-megabit platform, enabling additional graphics and music. Torishima later reflected that at least one early revision of the game had been scrapped.
Aoki ultimately produced Chrono Trigger, while director credits were attributed to Akihiko Matsui, Yoshinori Kitase and Takashi Tokita. Toriyama designed the game's aesthetic, including characters, monsters, vehicles, and the look of each era. Masato Kato also contributed character ideas and designs. Kato planned to feature Gaspar as a playable character and Toriyama sketched him, but he was cut early in development. The development staff studied the drawings of Toriyama to approximate his style. Sakaguchi and Horii supervised; Sakaguchi was responsible for the game's overall system and contributed several monster ideas. Other notable designers include Tetsuya Takahashi, the graphic director, and Yasuyuki Honne, Tetsuya Nomura, and Yusuke Naora, who worked as field graphic artists. Yasuhiko Kamata programmed graphics, and cited Ridley Scott's visual work in the film Alien as an inspiration for the game's lighting. Kamata made the game's luminosity and color choice lay between that of Secret of Mana and the Final Fantasy series. Features originally intended to be used in Secret of Mana or Final Fantasy IV, also under development at the same time, were appropriated by the Chrono Trigger team. According to Tanaka, Secret of Mana (which itself was originally intended to be Final Fantasy IV) was codenamed ""Chrono Trigger"" during development before being called Seiken Densetsu 2 (Secret of Mana), and then the name Chrono Trigger was adopted for a new project. After its release, the development team of Final Fantasy VI was folded into the Chrono Trigger team.

Yuji Horii, a fan of time travel fiction (such as the TV series The Time Tunnel), fostered a theme of time travel in his general story outline of Chrono Trigger with input from Akira Toriyama. Horii liked the scenario of the grandfather paradox surrounding Marle. Concerning story planning, Horii commented, ""If there's a fairground, I just write that there's a fairground; I don't write down any of the details. Then the staff brainstorm and come up with a variety of attractions to put in."" Horii also devised Lavos as the final boss, having wanted the final boss to be an ancient evil. Sakaguchi contributed some minor elements, including the character Gato; he liked Marle's drama and reconciliation with her father. Masato Kato subsequently edited and completed the outline by writing the majority of the game's story, including all the events of the 12,000 BC era. He took pains to avoid what he described as ""a long string of errands [...] [such as] 'do this', 'take this', 'defeat these monsters', or 'plant this flag'."" Kato and other developers held a series of meetings to ensure continuity, usually attended by around 30 personnel. Kato and Horii initially proposed Crono's death, though they intended he stay dead; the party would have retrieved an earlier, living version of him to complete the quest. Square deemed the scenario too depressing and asked that Crono be brought back to life later in the story. Kato also devised the system of multiple endings because he could not branch the story out to different paths. Yoshinori Kitase and Takashi Tokita then wrote various subplots. They also devised an ""Active Time Event Logic"" system, ""where you can move your character around during scenes, even when an NPC is talking to you"", and with players ""talking to different people and steering the conversation in different directions"", allowing each scene to ""have many permutations."" Kato became friends with composer Yasunori Mitsuda during development, and they would collaborate on several future projects. Katsuhisa Higuchi programmed the battle system, which hosted combat on the map without transition to a special battleground as most previous Square games had done. Higuchi noted extreme difficulty in loading battles properly without slow-downs or a brief, black loading screen. The game's use of animated monster sprites consumed much more memory than previous Final Fantasy games, which used static enemy graphics.
Hironobu Sakaguchi likened the development of Chrono Trigger to ""play[ing] around with Toriyama's universe,"" citing the inclusion of humorous sequences in the game that would have been ""impossible with something like Final Fantasy."" When Square suggested a non-human player character, developers created Frog by adapting one of Toriyama's sketches. The team created the End of Time to help players with hints, worrying that they might become stuck and need to consult a walkthrough. The game's testers had previously complained that Chrono Trigger was too difficult; as Horii explained, ""It's because we know too much. The developers think the game's just right; that they're being too soft. They're thinking from their own experience. The puzzles were the same. Lots of players didn't figure out things we thought they'd get easily."" Sakaguchi later cited the unusual desire of beta testers to play the game a second time or ""travel through time again"" as an affirmation of the New Game Plus feature: ""Wherever we could, we tried to make it so that a slight change in your behavior caused subtle differences in people's reactions, even down to the smallest details [...] I think the second playthrough will hold a whole new interest."" The game's reuse of locations due to time traveling made bug-fixing difficult, as corrections would cause unintended consequences in other eras.


=== Music ===

Chrono Trigger was scored primarily by Yasunori Mitsuda, with contributions from veteran Final Fantasy composer Nobuo Uematsu and one track by Noriko Matsueda. A sound programmer at the time, Mitsuda was unhappy with his pay and threatened to leave Square if he could not compose music. Hironobu Sakaguchi suggested he score Chrono Trigger, remarking, ""maybe your salary will go up."" Mitsuda composed new music and drew on a personal collection of pieces composed over the previous two years. He reflected, ""I wanted to create music that wouldn't fit into any established genre [...] music of an imaginary world. The game's director, Masato Kato, was my close friend, and so I'd always talk with him about the setting and the scene before going into writing."" Mitsuda slept in his studio several nights, and attributed certain pieces—such as the game's ending theme, ""To Far Away Times""—to inspiring dreams. He later attributed this song to an idea he was developing before Chrono Trigger, reflecting that the tune was made in dedication to ""a certain person with whom [he] wanted to share a generation"". He also tried to use leitmotifs of the Chrono Trigger main theme to create a sense of consistency in the soundtrack. Mitsuda wrote each tune to be around two minutes long before repeating, unusual for Square's games at the time. Mitsuda suffered a hard drive crash that lost around forty in-progress tracks. After Mitsuda contracted stomach ulcers, Uematsu joined the project to compose ten pieces and finish the score. Mitsuda returned to watch the ending with the staff before the game's release, crying upon seeing the finished scene.

At the time of the game's release, the number of tracks and sound effects was unprecedented—the soundtrack spanned three discs in its 1995 commercial pressing. Square also released a one-disc acid jazz arrangement called The Brink of Time by Guido that year. The Brink of Time came about because Mitsuda wanted to do something that no one else was doing, and he noted that acid jazz and its related genres were uncommon in the Japanese market. Mitsuda considers Chrono Trigger a landmark game which helped mature his talent. While Mitsuda later held that the title piece was ""rough around the edges"", he maintains that it had ""significant influence on [his] life as a composer"". In 1999, Square produced another one-disc soundtrack to complement the PlayStation release of the game, featuring orchestral tracks used in cutscenes. Tsuyoshi Sekito composed four new pieces for the game's bonus features which weren't included on the soundtrack. Some fans were displeased by Mitsuda's absence in creating the port, whose instruments sometimes aurally differed from the original game's. Mitsuda arranged versions of music from the Chrono series for Play! video game music concerts, presenting the main theme, ""Frog's Theme"", and ""To Far Away Times"". He worked with Square Enix to ensure that the music for the Nintendo DS would sound closer to the Super NES version. Mitsuda encouraged feedback about the game's soundtrack from contemporary children (who he thought would expect ""full symphonic scores blaring out of the speakers""). Fans who preordered the DS version received a special music disc containing two orchestral arrangements of the game's music directed by Natsumi Kameoka; Square Enix also held a random prize drawing for two signed copies of Chrono Trigger sheet music. Mitsuda expressed difficulty in selecting the tune for the orchestral medley, eventually picking a tune from each era and certain character themes. Mitsuda later wrote:

I feel that the way we interact with music has changed greatly in the last 13 years, even for me. For better or for worse, I think it would be extremely difficult to create something as ""powerful"" as I did 13 years ago today. But instead, all that I have learned in these 13 years allows me to compose something much more intricate. To be perfectly honest, I find it so hard to believe that songs from 13 years ago are loved this much. Keeping these feelings in mind, I hope to continue composing songs which are powerful, and yet intricate...I hope that the extras like this bonus CD will help expand the world of Chrono Trigger, especially since we did a live recording. I hope there's another opportunity to release an album of this sort one day.
Music from the game was performed live by the Tokyo Symphony Orchestra in 1996 at the Orchestral Game Concert in Tokyo, Japan. A suite of music including Chrono Trigger is a part of the symphonic world-tour with video game music Play! A Video Game Symphony, where Mitsuda was in attendance for the concert's world-premiere in Chicago on May 27, 2006. His suite of Chrono music, comprising ""Reminiscence"", ""Chrono Trigger"", ""Chrono Cross~Time's Scar"", ""Frog's Theme"", and ""To Far Away Times"" was performed. Mitsuda has also appeared with the Eminence Symphony Orchestra as a special guest. Video Games Live has also featured medleys from Chrono Trigger and Chrono Cross. A medley of Music from Chrono Trigger made of one of the four suites of the ""Symphonic Fantasies"" concerts in September 2009 which was produced by the creators of the Symphonic Game Music Concert series, conducted by Arnie Roth. Square Enix re-released the game's soundtrack, along with a video interview with Mitsuda in July 2009. ""Frog's Theme"" and ""Robo's Theme"" were among the video game music performed during the 2020 Summer Olympics opening ceremony. In 2022, the main theme continued to feature in the setlist of the 8-Bit Big Band, led by Charlie Rosen.


== Release ==
The team planned to release Chrono Trigger in late 1994, but release was pushed back to the following year. Early alpha versions of Chrono Trigger were demonstrated at the 1994 and 1995 V Jump festivals in Japan. A few months prior to the game's release, Square shipped a beta version to magazine reviewers and game stores for review. An unfinished build of the game dated November 17, 1994, it contains unused music tracks, locations, and other features changed or removed from the final release—such as a dungeon named ""Singing Mountain"" and its eponymous tune. Some names also differed; the character Soysaw (Slash in the US version) was known as Wiener, while Mayonnay (Flea in the US version) was named Ketchappa. The ROM image for this early version was eventually uploaded to the internet, prompting fans to explore and document the game's differences, including two unused world map NPC character sprites and presumed additional sprites for certain non-player characters. Around the game's release, Yuji Horii commented that Chrono Trigger ""went beyond [the development team's] expectations"", and Hironobu Sakaguchi congratulated the game's graphic artists and field designers. Sakaguchi intended to perfect the ""sense of dancing you get from exploring Toriyama's worlds"" in the event that they would make a sequel.
Chrono Trigger used a 32-megabit ROM cartridge with battery-backed RAM for saved games, lacking special on-cartridge coprocessors. The Japanese release of Chrono Trigger included art for the game's ending and running counts of items in the player's status menu. Developers created the North American version before adding these features to the original build, inadvertently leaving in vestiges of Chrono Trigger's early development (such as the piece ""Singing Mountain""). Hironobu Sakaguchi asked translator Ted Woolsey to localize Chrono Trigger for English audiences and gave him roughly thirty days to work. Lacking the help of a modern translation team, he memorized scenarios and looked at drafts of commercial player's guides to put dialogue in context. Woolsey later reflected that he would have preferred 2+1⁄2 months, and blames his rushed schedule on the prevailing attitude in Japan that games were children's toys rather than serious works. Some of his work was cut due to space constraints, though he still considered Trigger ""one of the most satisfying games [he] ever worked on or played"". Nintendo of America censored certain dialogue, including references to breastfeeding, consumption of alcohol, and religion.
The original SNES edition of Chrono Trigger was released on the Wii download service Virtual Console in Japan on April 26, 2011, in the US on May 16, 2011, and in Europe on May 20, 2011. Previously in April 2008, a Nintendo Power reader poll had identified Chrono Trigger as the third-most wanted game for the Virtual Console. The game has also been ported to i-mode,, the PlayStation Network, iOS, Android, and Windows.


=== PlayStation ===
Square released an enhanced port of Chrono Trigger developed by Tose in Japan for the Sony PlayStation in 1999. Square timed its release before that of Chrono Cross, the 1999 sequel to Chrono Trigger, to familiarize new players with the story leading up to it. This version included anime cutscenes created by original character designer Akira Toriyama's Bird Studio and animated at Toei Animation, as well as several bonus features, accessible after achieving various endings in the game. Scenarist Masato Kato attended planning meetings at Bird Studio to discuss how the ending cutscenes would illustrate subtle ties to Chrono Cross. The port was released in North America in 2001—along with a newly translated version of Final Fantasy IV—as Final Fantasy Chronicles. Reviewers criticized Chronicles for its lengthy load times and an absence of new in-game features. This same iteration was also re-released as a downloadable game on the PlayStation Network on October 4, 2011, for the PlayStation 3, PlayStation Vita, and PlayStation Portable.


=== Nintendo DS ===
On July 2, 2008, Square Enix announced that they were planning to bring Chrono Trigger to the Nintendo DS handheld platform. Composer Yasunori Mitsuda was pleased with the project, exclaiming ""finally!"" after receiving the news from Square Enix and maintaining, ""it's still a very deep, very high-quality game even when you play it today. I'm very interested in seeing what kids today think about it when they play it."" Square retained Masato Kato to oversee the port, and Tose to program it. Kato explained, ""I wanted it to be based on the original Super NES release rather than the PlayStation version. I thought we should look at the additional elements from the PlayStation version, re-examine and re-work them to make it a complete edition. That's how it struck me and I told the staff so later on."" Square Enix touted the game by displaying Akira Toriyama's original art at the 2008 Tokyo Game Show.
The DS re-release contains all of the bonus material from the PlayStation port, as well as other enhancements. The added features include a more accurate and revised translation by Tom Slattery, a dual-screen mode which clears the top screen of all menus, a self-completing map screen, and a default ""run"" option. It also features the option to choose between two control schemes: one mirroring the original SNES controls, and the other making use of the DS's touch screen. Masato Kato participated in development, overseeing the addition of the monster-battling Arena, two new areas, the Lost Sanctum and the Dimensional Vortex, and a new ending that further foreshadows the events of Chrono Cross. One of the areas within the Vortex uses the ""Singing Mountain"" song that was featured on the original Chrono Trigger soundtrack. Additionally, one of the dungeons absent from the original game was remade within the Vortex. These new dungeons met with mixed reviews; GameSpot called them ""frustrating"" and ""repetitive"", while IGN noted that ""the extra quests in the game connect extremely well."" It was a nominee for ""Best RPG for the Nintendo DS"" in IGN's 2008 video game awards. The Nintendo DS version of Chrono Trigger was the 22nd best-selling game of 2008 in Japan.


=== Mobile ===
A cellphone version was released in Japan on i-mode distribution service on August 25, 2011. An iOS version was released on December 8, 2011. This version is based on the Nintendo DS version, with graphics optimized for iOS. The game was later released for Android on October 29, 2012. An update incorporating most of the features of the Windows version—including the reintroduction of the animated cutscenes, which had been absent from the initial mobile release—was released on February 27, 2018, for both iOS and Android.


=== Windows ===
Square Enix released Chrono Trigger without an announcement for Windows via Steam on February 27, 2018. This version includes most content from the Nintendo DS port besides the arena mode, as well as the higher resolution graphics from the mobile device releases, support for mouse and keyboard controls, and autosave features, along with additional content such as wallpapers and music. The PC port initially received a negative reception due to its inferior graphical quality, additional glitches, UI adapted for touchscreens, and failure to properly adapt the control scheme for keyboards and controllers. In response, Square Enix provided various UI updates and several other improvements including adding an original graphics option based on the game's original version, fixing glitches introduced, and adding a true 16:9 widescreen presentation for the first time, to address the aforementioned complaints. In total, five major updates were released—the first on April 10, 2018, and the last on August 3, 2018—all of which have substantially improved its overall reception. On March 11, 2022, a sixth major patch was released; it added ultrawide 21:9 support and other quality of life features and improvements.


== Reception ==


=== SNES release ===
Chrono Trigger received critical acclaim upon its original SNES release. The gameplay received praise, with Nintendo Power and Next Generation considering it innovative. Both magazines and Super Play cited the visibility of enemies in the overworld map and the use of combos as reasons for their enjoyment. Both Edge and GamePro felt the game was easier than Final Fantasy VI, though GamePro enjoyed it nonetheless. The graphics and music received praise by Nintendo Power, Electronic Gaming Monthly, and Nintendo Magazine System. GamePro found them better than in prior role-playing video games such as Final Fantasy VI, and Game Informer felt the graphical upgrades shortened the quests, though Edge considered them lacking Final Fantasy VI's grandness. Evaluations of the story and characters were more mixed. The critics for Electronic Gaming Monthly generally found the storyline compelling, and Game Informer felt that the game's character arcs were well-developed. Next Generation and Super Play disagreed; they both negatively compared the character arcs to Final Fantasy VI, with Super Play finding Frog's story to be the only meaningful one.


=== Windows release ===
In contrast to the critical acclaim of Chrono Trigger's original SNES release, the 2018 Windows port of Chrono Trigger was critically panned. Grievances noted by reviewers included tiling errors on textures, the addition of aesthetically intrusive sprite filters, an unattractive GUI carried over from the 2011 mobile release, a lack of graphic customization options, and the inability to remap controls. In describing the port, Forbes commented: ""From pretty awful graphical issues, such as tiling textures and quite a painful menu system, this port really doesn't do this classic game justice."" USGamer characterized the Windows release as carrying ""all the markings of a project farmed out to the lowest bidder. It's a shrug in Square-Enix's mind, seemingly not worth the money or effort necessary for a half-decent port."" In a Twitter post detailing his experiences with the Windows version, indie developer Fred Wood derisively compared the port to ""someone's first attempt at an RPG Maker game"", a comment which was republished across numerous articles addressing the poor quality of the rerelease. Square Enix released six major updates to address the complaints, thus improving its overall reception; Alex Donaldson of VG247, commenting on the improvements, wrote that ""Square Enix took the criticism to heart and over the course of a string of hefty patches have slowly turned this into something that actually could be argued as the best version of Chrono Trigger.""


=== Sales ===
The game was a best-seller in Japan, where two million copies were sold in only two months. It ended the year as the second best-selling game of 1995 in Japan, below Dragon Quest VI: Realms of Revelation. Chrono Trigger was also met with substantial success upon release in North America, and its re-release on the PlayStation as part of the Final Fantasy Chronicles package topped the NPD TRSTS PlayStation sales charts for over six weeks. By March 2003, the game's SNES and PS1 iterations had shipped 2.65 million copies worldwide, including 2.36 million in Japan and 290,000 abroad. The PS1 version was re-released in 2003 as part of Sony's Greatest Hits line. The original SNES version had sold 2.5 million copies by 2006. Chrono Trigger DS sold 790,000 copies worldwide, as of March 2009, including 490,000 in Japan, 240,000 in North America and 60,000 in Europe. The SNES, PS1 and DS versions shipped a combined 3.44 million copies worldwide by March 2009. Excluding the PC version, the game had shipped over 3.5 million copies worldwide by February 2018. As of March 2025, all versions together have shipped more than 5 million copies worldwide.


=== Awards and accolades ===
Chrono Trigger is frequently listed among the greatest video games of all time. In 1997 Electronic Gaming Monthly ranked it the 29th best console video game of all time; while noting that it was not as good as Final Fantasy VI (which ranked 9th), they gave superlative praise to its handling of time travel and its combat engine. It has placed highly on all six of multimedia website IGN's ""top 100 games of all time"" lists—4th in 2002, 6th in early 2005, 13th in late 2005, 2nd in 2006, 18th in 2007, and 2nd in 2008. Game Informer called it its 15th favorite game in 2001. Its staff thought that it was the best non-Final Fantasy game Square had produced at the time. GameSpot included Chrono Trigger in ""The Greatest Games of All Time"" list released in April 2006, and it also appeared as 28th on an ""All Time Top 100"" list in a poll conducted by Japanese magazine Famitsu the same year. In 2004, Chrono Trigger finished runner up to Final Fantasy VII in the inaugural GameFAQs video game battle. In 2008, readers of Dengeki Online voted it the eighth best game ever made. Nintendo Power's twentieth anniversary issue named it the fifth best Super NES game. In 2009, Official Nintendo Magazine ranked the DS version of the game 31st on a list of greatest Nintendo games. In 2012, it came 32nd place on GamesRadar's ""100 best games of all time"" list, and 1st place on its ""Best JRPGs"" list. GamesRadar named Chrono Trigger the 2nd best Super NES game of all time, behind Super Metroid. In 2023, Time Extension included the game on their ""Best JRPGs of All Time"" list.


== Legacy ==


=== Add-ons ===
Chrono Trigger inspired several related releases; the first were three games released for the Satellaview on July 31, 1995. They included Chrono Trigger: Jet Bike Special, a racing video game based on a minigame from the original; Chrono Trigger: Character Library, featuring profiles on characters and monsters from the game; and Chrono Trigger: Music Library, a collection of music from the game's soundtrack. The contents of Character Library and Music Library were later included as extras in the PlayStation rerelease of Chrono Trigger. Production I.G created a 16-minute OVA, Dimensional Adventure Numa Monjar, which was shown at the Japanese V Jump festival of July 31, 1996.


=== Fangames ===
There have been two notable attempts by Chrono Trigger fans to unofficially remake parts of the game for PC with a 3D graphics engine. Chrono Resurrection, an attempt at remaking ten small interactive cutscenes from Chrono Trigger, and Chrono Trigger Remake Project, which sought to remake the entire game, were forcibly terminated by Square Enix by way of a cease and desist order. Another group of fans created a sequel via a ROM hack of Chrono Trigger called Chrono Trigger: Crimson Echoes; developed from 2004 to 2009; although feature-length and virtually finished, it also was terminated through a cease & desist letter days before its May 2009 release. The letter also forbade the dissemination of existing Chrono Trigger ROM hacks and documentation. After the cease and desist was issued, an incomplete version of the game was leaked in May 2009, though due to the early state of the game, playability was limited.
This was followed by a more complete ROM leak in January 2011, which allowed the game to be played from beginning to end.


=== Sequels ===

Square released a related Satellaview game in 1996, named Radical Dreamers. Having thought that Trigger ended with ""unfinished business"", scenarist Masato Kato wrote and directed the game. Dreamers functioned as a side story to Chrono Trigger, resolving a loose subplot from its predecessor. A short, text-based game relying on minimal graphics and atmospheric music, the game never received an official release outside Japan—though it was translated by fans to English in April 2003. Square planned to release Radical Dreamers as an easter egg in the PlayStation edition of Chrono Trigger, but Kato was unhappy with his work and halted its inclusion.
Square released Chrono Cross for the Sony PlayStation in 1999. Cross is a sequel to Chrono Trigger featuring a new setting and cast of characters. Presenting a theme of parallel worlds, the story followed the protagonist Serge—a teenage boy thrust into an alternate reality in which he died years earlier. With the help of a thief named Kid, Serge endeavors to discover the truth behind his apparent death and obtain the Frozen Flame, a mythical artifact. Regarded by writer and director Masato Kato as an effort to ""redo Radical Dreamers properly"", Chrono Cross borrowed certain themes, scenarios, characters, and settings from Dreamers. Yasunori Mitsuda also adapted certain songs from Radical Dreamers while scoring Cross. Radical Dreamers was consequently removed from the series' main continuity, considered an alternate dimension. Chrono Cross shipped 1.5 million copies and was widely praised by critics.
There are no plans as of 2025 for a new title, despite a statement from Hironobu Sakaguchi in 2001 that the developers of Chrono Cross wanted to make a new Chrono game. The same year, Square applied for a trademark for the names Chrono Break in the United States and Chrono Brake in Japan. However, the United States trademark was dropped in 2003. Director Takashi Tokita mentioned ""Chrono Trigger 2"" in a 2003 interview which has not been translated to English. Yuji Horii expressed no interest in returning to the Chrono franchise in 2005, while Hironobu Sakaguchi remarked in April 2007 that his creation Blue Dragon was an ""extension of [Chrono Trigger]."" During a Cubed³ interview on February 1, 2007, Square Enix's Senior Vice President Hiromichi Tanaka said that although no sequel is currently planned, some sort of sequel is still possible if the Chrono Cross developers can be reunited. Yasunori Mitsuda has expressed interest in scoring a new game, but warned that ""there are a lot of politics involved"" with the series. He stressed that Masato Kato should participate in development. The February 2008 issue of Game Informer ranked the Chrono series eighth among the ""Top Ten Sequels in Demand"", naming the games ""steadfast legacies in the Square Enix catalogue"" and asking, ""what's the damn holdup?!"" In Electronic Gaming Monthly's June 2008 ""Retro Issue"", writer Jeremy Parish cited Chrono as the franchise video game fans would be most thrilled to see a sequel to. In the first May Famitsu of 2009, Chrono Trigger placed 14th out of 50 in a vote of most-wanted sequels by the magazine's readers. At E3 2009, SE Senior Vice President Shinji Hashimoto remarked, ""If people want a sequel, they should buy more!""
In July 2010, Obsidian Entertainment designer Feargus Urquhart, replying to an interview question about what franchises he would like to work on, said that ""if [he] could come across everything that [he] played"", he would choose a Chrono Trigger game. At the time, Obsidian was making Dungeon Siege III for Square Enix. Urquhart said: ""You make RPGs, we make RPGs, it would be great to see what we could do together. And they really wanted to start getting into Western RPGs. And, so it kind of all ended up fitting together."" Yoshinori Kitase stated that he used the time travel mechanics of Chrono Trigger as a starting point for that of Final Fantasy XIII-2.


== Notes ==


== References ==


== External links ==

Official website
 Quotations related to Chrono Trigger at Wikiquote","If you lose to Lavos in Chrono Trigger, the game ends and you must restart from a previously saved chapter, except in specific storyline-related battles that allow or force the player to lose.",is a role-playing video game developed and published by Square (now Square Enix ) for the Super Nintendo Entertainment System in 1995.,0,0,supported,-0.625802265899,-0.011005993857156856,-0.42923376042911743,39,,1.0,-0.339716170605,-0.604793524354,0.0,1,-2.61647229708,0.0,0.0,0.0,1.0,0.1051025390625,0.013153076171875,0.8818359375,-0.4415069648318015,0.39138194833962586,0.42857142857142855,0.3108108108108108,0.5,abstain
