{
  "num_examples": 200,
  "elapsed_seconds": 26995.52336420001,
  "elapsed_minutes": 449.9253894033335,
  "examples_per_second": 0.007408635769041214,
  "mean_token_nll": 0.033538372658672724,
  "mean_self_consistency_disagreement": 0.03623651534318924,
  "mean_semantic_entropy": 0.21618728735457945,
  "mean_groundedness_score": 0.68361398935318,
  "ground_truth_label_histogram": {
    "not hallucination": 100,
    "hallucination": 100
  },
  "judge_label_histogram": {
    "0": 170,
    "1": 30
  },
  "judge_vs_dataset_label_accuracy": 0.5
}